name,party,state,h,n,angry
Adam B. Schiff,Democrat,CA,0,30,18.0
Adam B. Schiff,Democrat,CA,1,143,87.0
Adam B. Schiff,Democrat,CA,2,345,213.0
Adam B. Schiff,Democrat,CA,3,490,291.0
Adam B. Schiff,Democrat,CA,4,614,345.0
Adam B. Schiff,Democrat,CA,5,611,353.0
Adam B. Schiff,Democrat,CA,6,911,514.0
Adam B. Schiff,Democrat,CA,7,1131,610.0
Adam B. Schiff,Democrat,CA,8,1227,641.0
Adam B. Schiff,Democrat,CA,9,1292,658.0
Adam B. Schiff,Democrat,CA,10,1162,600.0
Adam B. Schiff,Democrat,CA,11,1180,633.0
Adam B. Schiff,Democrat,CA,12,1025,520.0
Adam B. Schiff,Democrat,CA,13,1007,509.0
Adam B. Schiff,Democrat,CA,14,1090,477.0
Adam B. Schiff,Democrat,CA,15,762,398.0
Adam B. Schiff,Democrat,CA,16,505,254.0
Adam B. Schiff,Democrat,CA,17,319,171.0
Adam B. Schiff,Democrat,CA,18,227,123.0
Adam B. Schiff,Democrat,CA,19,187,91.0
Adam B. Schiff,Democrat,CA,20,75,34.0
Adam B. Schiff,Democrat,CA,21,22,5.0
Adam B. Schiff,Democrat,CA,22,7,0.0
Adam B. Schiff,Democrat,CA,23,15,8.0
Adam Kinzinger R-IL,Republican,IL,0,10,3.0
Adam Kinzinger R-IL,Republican,IL,1,1,0.0
Adam Kinzinger R-IL,Republican,IL,2,2,0.0
Adam Kinzinger R-IL,Republican,IL,4,1,0.0
Adam Kinzinger R-IL,Republican,IL,5,20,2.0
Adam Kinzinger R-IL,Republican,IL,6,76,14.0
Adam Kinzinger R-IL,Republican,IL,7,188,31.0
Adam Kinzinger R-IL,Republican,IL,8,523,93.0
Adam Kinzinger R-IL,Republican,IL,9,875,140.0
Adam Kinzinger R-IL,Republican,IL,10,887,122.0
Adam Kinzinger R-IL,Republican,IL,11,812,140.0
Adam Kinzinger R-IL,Republican,IL,12,806,131.0
Adam Kinzinger R-IL,Republican,IL,13,838,136.0
Adam Kinzinger R-IL,Republican,IL,14,786,103.0
Adam Kinzinger R-IL,Republican,IL,15,782,132.0
Adam Kinzinger R-IL,Republican,IL,16,626,113.0
Adam Kinzinger R-IL,Republican,IL,17,442,86.0
Adam Kinzinger R-IL,Republican,IL,18,317,76.0
Adam Kinzinger R-IL,Republican,IL,19,198,56.0
Adam Kinzinger R-IL,Republican,IL,20,215,53.0
Adam Kinzinger R-IL,Republican,IL,21,149,39.0
Adam Kinzinger R-IL,Republican,IL,22,95,23.0
Adam Kinzinger R-IL,Republican,IL,23,17,3.0
Adam Smith,Democrat,WA,0,14,7.0
Adam Smith,Democrat,WA,1,68,28.0
Adam Smith,Democrat,WA,2,152,63.0
Adam Smith,Democrat,WA,3,203,63.0
Adam Smith,Democrat,WA,4,246,84.0
Adam Smith,Democrat,WA,5,340,98.0
Adam Smith,Democrat,WA,6,531,121.0
Adam Smith,Democrat,WA,7,676,155.0
Adam Smith,Democrat,WA,8,976,240.0
Adam Smith,Democrat,WA,9,901,207.0
Adam Smith,Democrat,WA,10,874,215.0
Adam Smith,Democrat,WA,11,971,199.0
Adam Smith,Democrat,WA,12,979,218.0
Adam Smith,Democrat,WA,13,996,249.0
Adam Smith,Democrat,WA,14,880,198.0
Adam Smith,Democrat,WA,15,550,143.0
Adam Smith,Democrat,WA,16,333,90.0
Adam Smith,Democrat,WA,17,207,56.0
Adam Smith,Democrat,WA,18,163,64.0
Adam Smith,Democrat,WA,19,89,33.0
Adam Smith,Democrat,WA,20,65,17.0
Adam Smith,Democrat,WA,21,12,1.0
Adam Smith,Democrat,WA,22,3,1.0
Adam Smith,Democrat,WA,23,7,2.0
Adrian Smith,Republican,NE,1,3,0.0
Adrian Smith,Republican,NE,2,12,1.0
Adrian Smith,Republican,NE,3,14,3.0
Adrian Smith,Republican,NE,4,59,9.0
Adrian Smith,Republican,NE,5,84,7.0
Adrian Smith,Republican,NE,6,144,14.0
Adrian Smith,Republican,NE,7,219,16.0
Adrian Smith,Republican,NE,8,456,66.0
Adrian Smith,Republican,NE,9,682,89.0
Adrian Smith,Republican,NE,10,604,87.0
Adrian Smith,Republican,NE,11,519,89.0
Adrian Smith,Republican,NE,12,577,74.0
Adrian Smith,Republican,NE,13,542,77.0
Adrian Smith,Republican,NE,14,500,75.0
Adrian Smith,Republican,NE,15,529,73.0
Adrian Smith,Republican,NE,16,345,53.0
Adrian Smith,Republican,NE,17,168,17.0
Adrian Smith,Republican,NE,18,98,14.0
Adrian Smith,Republican,NE,19,64,10.0
Adrian Smith,Republican,NE,20,41,8.0
Adrian Smith,Republican,NE,21,20,0.0
Adrian Smith,Republican,NE,22,7,0.0
Adrian Smith,Republican,NE,23,3,2.0
Adriano Espaillat,Democrat,NY,0,20,6.0
Adriano Espaillat,Democrat,NY,1,3,0.0
Adriano Espaillat,Democrat,NY,2,51,26.0
Adriano Espaillat,Democrat,NY,3,83,53.0
Adriano Espaillat,Democrat,NY,4,199,70.0
Adriano Espaillat,Democrat,NY,5,263,66.0
Adriano Espaillat,Democrat,NY,6,355,86.0
Adriano Espaillat,Democrat,NY,7,624,224.0
Adriano Espaillat,Democrat,NY,8,757,255.0
Adriano Espaillat,Democrat,NY,9,933,216.0
Adriano Espaillat,Democrat,NY,10,1289,294.0
Adriano Espaillat,Democrat,NY,11,1352,333.0
Adriano Espaillat,Democrat,NY,12,1269,294.0
Adriano Espaillat,Democrat,NY,13,1274,296.0
Adriano Espaillat,Democrat,NY,14,1272,315.0
Adriano Espaillat,Democrat,NY,15,1132,260.0
Adriano Espaillat,Democrat,NY,16,1065,242.0
Adriano Espaillat,Democrat,NY,17,756,137.0
Adriano Espaillat,Democrat,NY,18,568,118.0
Adriano Espaillat,Democrat,NY,19,474,94.0
Adriano Espaillat,Democrat,NY,20,333,72.0
Adriano Espaillat,Democrat,NY,21,376,120.0
Adriano Espaillat,Democrat,NY,22,210,42.0
Adriano Espaillat,Democrat,NY,23,81,14.0
Al Green,Democrat,TX,0,10,2.0
Al Green,Democrat,TX,1,8,1.0
Al Green,Democrat,TX,2,32,9.0
Al Green,Democrat,TX,3,64,15.0
Al Green,Democrat,TX,4,99,25.0
Al Green,Democrat,TX,5,131,42.0
Al Green,Democrat,TX,6,173,49.0
Al Green,Democrat,TX,7,244,74.0
Al Green,Democrat,TX,8,391,112.0
Al Green,Democrat,TX,9,438,121.0
Al Green,Democrat,TX,10,422,131.0
Al Green,Democrat,TX,11,453,117.0
Al Green,Democrat,TX,12,435,107.0
Al Green,Democrat,TX,13,387,105.0
Al Green,Democrat,TX,14,290,67.0
Al Green,Democrat,TX,15,341,88.0
Al Green,Democrat,TX,16,330,69.0
Al Green,Democrat,TX,17,257,58.0
Al Green,Democrat,TX,18,184,35.0
Al Green,Democrat,TX,19,102,26.0
Al Green,Democrat,TX,20,99,26.0
Al Green,Democrat,TX,21,85,33.0
Al Green,Democrat,TX,22,62,12.0
Al Green,Democrat,TX,23,49,18.0
Alan Lowenthal D-CA,Democrat,CA,1,1,0.0
Alan Lowenthal D-CA,Democrat,CA,4,17,9.0
Alan Lowenthal D-CA,Democrat,CA,5,102,31.0
Alan Lowenthal D-CA,Democrat,CA,6,562,186.0
Alan Lowenthal D-CA,Democrat,CA,7,544,208.0
Alan Lowenthal D-CA,Democrat,CA,8,541,214.0
Alan Lowenthal D-CA,Democrat,CA,9,538,186.0
Alan Lowenthal D-CA,Democrat,CA,10,627,218.0
Alan Lowenthal D-CA,Democrat,CA,11,636,231.0
Alan Lowenthal D-CA,Democrat,CA,12,698,232.0
Alan Lowenthal D-CA,Democrat,CA,13,747,246.0
Alan Lowenthal D-CA,Democrat,CA,14,786,248.0
Alan Lowenthal D-CA,Democrat,CA,15,458,146.0
Alan Lowenthal D-CA,Democrat,CA,16,244,62.0
Alan Lowenthal D-CA,Democrat,CA,17,222,35.0
Alan Lowenthal D-CA,Democrat,CA,18,144,23.0
Alan Lowenthal D-CA,Democrat,CA,19,82,14.0
Alan Lowenthal D-CA,Democrat,CA,20,54,12.0
Alan Lowenthal D-CA,Democrat,CA,21,6,3.0
Albio Sires D-NJ,Democrat,NJ,6,1,0.0
Albio Sires D-NJ,Democrat,NJ,7,2,0.0
Albio Sires D-NJ,Democrat,NJ,8,29,5.0
Albio Sires D-NJ,Democrat,NJ,9,239,48.0
Albio Sires D-NJ,Democrat,NJ,10,453,84.0
Albio Sires D-NJ,Democrat,NJ,11,546,106.0
Albio Sires D-NJ,Democrat,NJ,12,624,162.0
Albio Sires D-NJ,Democrat,NJ,13,671,136.0
Albio Sires D-NJ,Democrat,NJ,14,835,166.0
Albio Sires D-NJ,Democrat,NJ,15,722,171.0
Albio Sires D-NJ,Democrat,NJ,16,740,181.0
Albio Sires D-NJ,Democrat,NJ,17,417,92.0
Albio Sires D-NJ,Democrat,NJ,18,131,38.0
Albio Sires D-NJ,Democrat,NJ,19,67,17.0
Albio Sires D-NJ,Democrat,NJ,20,35,11.0
Albio Sires D-NJ,Democrat,NJ,21,20,3.0
Albio Sires D-NJ,Democrat,NJ,22,15,6.0
Albio Sires D-NJ,Democrat,NJ,23,11,6.0
Alex Padilla,Democrat,CA,0,6,2.0
Alex Padilla,Democrat,CA,1,21,8.0
Alex Padilla,Democrat,CA,2,91,42.0
Alex Padilla,Democrat,CA,3,181,65.0
Alex Padilla,Democrat,CA,4,376,145.0
Alex Padilla,Democrat,CA,5,461,189.0
Alex Padilla,Democrat,CA,6,475,197.0
Alex Padilla,Democrat,CA,7,698,263.0
Alex Padilla,Democrat,CA,8,796,328.0
Alex Padilla,Democrat,CA,9,804,320.0
Alex Padilla,Democrat,CA,10,744,277.0
Alex Padilla,Democrat,CA,11,752,271.0
Alex Padilla,Democrat,CA,12,807,287.0
Alex Padilla,Democrat,CA,13,763,292.0
Alex Padilla,Democrat,CA,14,705,256.0
Alex Padilla,Democrat,CA,15,646,218.0
Alex Padilla,Democrat,CA,16,350,110.0
Alex Padilla,Democrat,CA,17,240,60.0
Alex Padilla,Democrat,CA,18,125,23.0
Alex Padilla,Democrat,CA,19,78,12.0
Alex Padilla,Democrat,CA,20,19,4.0
Alex Padilla,Democrat,CA,21,15,3.0
Alex Padilla,Democrat,CA,22,1,0.0
Alex Padilla,Democrat,CA,23,5,2.0
Alexandria Ocasio-Cortez,Democrat,NY,0,6,2.0
Alexandria Ocasio-Cortez,Democrat,NY,1,8,4.0
Alexandria Ocasio-Cortez,Democrat,NY,2,14,6.0
Alexandria Ocasio-Cortez,Democrat,NY,3,68,38.0
Alexandria Ocasio-Cortez,Democrat,NY,4,200,72.0
Alexandria Ocasio-Cortez,Democrat,NY,5,346,131.0
Alexandria Ocasio-Cortez,Democrat,NY,6,465,172.0
Alexandria Ocasio-Cortez,Democrat,NY,7,608,261.0
Alexandria Ocasio-Cortez,Democrat,NY,8,749,322.0
Alexandria Ocasio-Cortez,Democrat,NY,9,773,295.0
Alexandria Ocasio-Cortez,Democrat,NY,10,777,309.0
Alexandria Ocasio-Cortez,Democrat,NY,11,707,251.0
Alexandria Ocasio-Cortez,Democrat,NY,12,642,265.0
Alexandria Ocasio-Cortez,Democrat,NY,13,698,256.0
Alexandria Ocasio-Cortez,Democrat,NY,14,659,256.0
Alexandria Ocasio-Cortez,Democrat,NY,15,695,278.0
Alexandria Ocasio-Cortez,Democrat,NY,16,617,230.0
Alexandria Ocasio-Cortez,Democrat,NY,17,628,232.0
Alexandria Ocasio-Cortez,Democrat,NY,18,479,167.0
Alexandria Ocasio-Cortez,Democrat,NY,19,266,98.0
Alexandria Ocasio-Cortez,Democrat,NY,20,144,68.0
Alexandria Ocasio-Cortez,Democrat,NY,21,47,30.0
Alexandria Ocasio-Cortez,Democrat,NY,22,21,9.0
Alexandria Ocasio-Cortez,Democrat,NY,23,10,5.0
"Allred, Colin",Democrat,TX,0,1,0.0
"Allred, Colin",Democrat,TX,5,1,0.0
"Allred, Colin",Democrat,TX,6,9,2.0
"Allred, Colin",Democrat,TX,7,30,6.0
"Allred, Colin",Democrat,TX,8,333,43.0
"Allred, Colin",Democrat,TX,9,493,45.0
"Allred, Colin",Democrat,TX,10,528,66.0
"Allred, Colin",Democrat,TX,11,387,36.0
"Allred, Colin",Democrat,TX,12,403,36.0
"Allred, Colin",Democrat,TX,13,495,52.0
"Allred, Colin",Democrat,TX,14,422,46.0
"Allred, Colin",Democrat,TX,15,432,56.0
"Allred, Colin",Democrat,TX,16,430,59.0
"Allred, Colin",Democrat,TX,17,408,43.0
"Allred, Colin",Democrat,TX,18,295,42.0
"Allred, Colin",Democrat,TX,19,113,15.0
"Allred, Colin",Democrat,TX,20,49,15.0
"Allred, Colin",Democrat,TX,21,32,7.0
"Allred, Colin",Democrat,TX,22,6,0.0
Alma S. Adams,Democrat,NC,0,17,6.0
Alma S. Adams,Democrat,NC,1,10,4.0
Alma S. Adams,Democrat,NC,2,12,2.0
Alma S. Adams,Democrat,NC,3,35,7.0
Alma S. Adams,Democrat,NC,4,86,13.0
Alma S. Adams,Democrat,NC,5,162,27.0
Alma S. Adams,Democrat,NC,6,151,37.0
Alma S. Adams,Democrat,NC,7,185,51.0
Alma S. Adams,Democrat,NC,8,261,55.0
Alma S. Adams,Democrat,NC,9,479,93.0
Alma S. Adams,Democrat,NC,10,629,133.0
Alma S. Adams,Democrat,NC,11,739,155.0
Alma S. Adams,Democrat,NC,12,1141,206.0
Alma S. Adams,Democrat,NC,13,1037,233.0
Alma S. Adams,Democrat,NC,14,812,201.0
Alma S. Adams,Democrat,NC,15,586,143.0
Alma S. Adams,Democrat,NC,16,563,123.0
Alma S. Adams,Democrat,NC,17,453,87.0
Alma S. Adams,Democrat,NC,18,303,60.0
Alma S. Adams,Democrat,NC,19,164,24.0
Alma S. Adams,Democrat,NC,20,172,31.0
Alma S. Adams,Democrat,NC,21,93,23.0
Alma S. Adams,Democrat,NC,22,60,9.0
Alma S. Adams,Democrat,NC,23,23,9.0
Ami Bera,Democrat,CA,0,4,0.0
Ami Bera,Democrat,CA,1,16,7.0
Ami Bera,Democrat,CA,2,57,12.0
Ami Bera,Democrat,CA,3,111,30.0
Ami Bera,Democrat,CA,4,121,28.0
Ami Bera,Democrat,CA,5,143,41.0
Ami Bera,Democrat,CA,6,302,69.0
Ami Bera,Democrat,CA,7,536,127.0
Ami Bera,Democrat,CA,8,596,120.0
Ami Bera,Democrat,CA,9,556,92.0
Ami Bera,Democrat,CA,10,663,141.0
Ami Bera,Democrat,CA,11,752,144.0
Ami Bera,Democrat,CA,12,704,114.0
Ami Bera,Democrat,CA,13,751,114.0
Ami Bera,Democrat,CA,14,688,130.0
Ami Bera,Democrat,CA,15,409,87.0
Ami Bera,Democrat,CA,16,225,38.0
Ami Bera,Democrat,CA,17,357,42.0
Ami Bera,Democrat,CA,18,390,56.0
Ami Bera,Democrat,CA,19,207,27.0
Ami Bera,Democrat,CA,20,51,8.0
Ami Bera,Democrat,CA,21,19,1.0
Ami Bera,Democrat,CA,22,1,0.0
Ami Bera,Democrat,CA,23,1,1.0
Amy Klobuchar,Democrat,MN,0,31,17.0
Amy Klobuchar,Democrat,MN,1,79,29.0
Amy Klobuchar,Democrat,MN,2,187,56.0
Amy Klobuchar,Democrat,MN,3,461,146.0
Amy Klobuchar,Democrat,MN,4,734,232.0
Amy Klobuchar,Democrat,MN,5,926,300.0
Amy Klobuchar,Democrat,MN,6,937,306.0
Amy Klobuchar,Democrat,MN,7,1044,322.0
Amy Klobuchar,Democrat,MN,8,1105,372.0
Amy Klobuchar,Democrat,MN,9,1225,351.0
Amy Klobuchar,Democrat,MN,10,1170,361.0
Amy Klobuchar,Democrat,MN,11,1167,367.0
Amy Klobuchar,Democrat,MN,12,1054,298.0
Amy Klobuchar,Democrat,MN,13,1000,241.0
Amy Klobuchar,Democrat,MN,14,876,242.0
Amy Klobuchar,Democrat,MN,15,812,209.0
Amy Klobuchar,Democrat,MN,16,682,167.0
Amy Klobuchar,Democrat,MN,17,487,137.0
Amy Klobuchar,Democrat,MN,18,267,77.0
Amy Klobuchar,Democrat,MN,19,176,44.0
Amy Klobuchar,Democrat,MN,20,85,17.0
Amy Klobuchar,Democrat,MN,21,27,6.0
Amy Klobuchar,Democrat,MN,22,13,3.0
Amy Klobuchar,Democrat,MN,23,12,5.0
Andrea Salinas,Democrat,OR,1,7,6.0
Andrea Salinas,Democrat,OR,2,19,7.0
Andrea Salinas,Democrat,OR,3,46,13.0
Andrea Salinas,Democrat,OR,4,84,21.0
Andrea Salinas,Democrat,OR,5,159,56.0
Andrea Salinas,Democrat,OR,6,250,81.0
Andrea Salinas,Democrat,OR,7,298,106.0
Andrea Salinas,Democrat,OR,8,391,101.0
Andrea Salinas,Democrat,OR,9,381,115.0
Andrea Salinas,Democrat,OR,10,378,113.0
Andrea Salinas,Democrat,OR,11,357,89.0
Andrea Salinas,Democrat,OR,12,287,67.0
Andrea Salinas,Democrat,OR,13,238,35.0
Andrea Salinas,Democrat,OR,14,143,25.0
Andrea Salinas,Democrat,OR,15,55,14.0
Andrea Salinas,Democrat,OR,16,20,4.0
Andrea Salinas,Democrat,OR,17,12,3.0
Andrea Salinas,Democrat,OR,18,10,0.0
Andrea Salinas,Democrat,OR,19,7,1.0
Andrea Salinas,Democrat,OR,20,2,0.0
Andrea Salinas,Democrat,OR,21,2,0.0
Andrea Salinas,Democrat,OR,23,1,1.0
Andrew Ogles,Republican,TN,0,4,1.0
Andrew Ogles,Republican,TN,1,27,15.0
Andrew Ogles,Republican,TN,2,51,25.0
Andrew Ogles,Republican,TN,3,115,70.0
Andrew Ogles,Republican,TN,4,213,122.0
Andrew Ogles,Republican,TN,5,257,139.0
Andrew Ogles,Republican,TN,6,293,168.0
Andrew Ogles,Republican,TN,7,276,150.0
Andrew Ogles,Republican,TN,8,362,197.0
Andrew Ogles,Republican,TN,9,324,197.0
Andrew Ogles,Republican,TN,10,341,200.0
Andrew Ogles,Republican,TN,11,322,178.0
Andrew Ogles,Republican,TN,12,247,130.0
Andrew Ogles,Republican,TN,13,201,118.0
Andrew Ogles,Republican,TN,14,196,110.0
Andrew Ogles,Republican,TN,15,180,93.0
Andrew Ogles,Republican,TN,16,128,67.0
Andrew Ogles,Republican,TN,17,107,55.0
Andrew Ogles,Republican,TN,18,55,14.0
Andrew Ogles,Republican,TN,19,20,9.0
Andrew Ogles,Republican,TN,20,21,15.0
Andrew Ogles,Republican,TN,21,12,11.0
Andrew Ogles,Republican,TN,22,2,0.0
André Carson,Democrat,IN,0,8,2.0
André Carson,Democrat,IN,1,5,1.0
André Carson,Democrat,IN,2,5,1.0
André Carson,Democrat,IN,3,3,0.0
André Carson,Democrat,IN,4,36,7.0
André Carson,Democrat,IN,5,110,24.0
André Carson,Democrat,IN,6,176,48.0
André Carson,Democrat,IN,7,198,56.0
André Carson,Democrat,IN,8,263,71.0
André Carson,Democrat,IN,9,444,93.0
André Carson,Democrat,IN,10,696,128.0
André Carson,Democrat,IN,11,744,164.0
André Carson,Democrat,IN,12,686,143.0
André Carson,Democrat,IN,13,659,162.0
André Carson,Democrat,IN,14,629,136.0
André Carson,Democrat,IN,15,552,98.0
André Carson,Democrat,IN,16,529,105.0
André Carson,Democrat,IN,17,464,98.0
André Carson,Democrat,IN,18,294,51.0
André Carson,Democrat,IN,19,155,29.0
André Carson,Democrat,IN,20,105,16.0
André Carson,Democrat,IN,21,80,16.0
André Carson,Democrat,IN,22,54,8.0
André Carson,Democrat,IN,23,26,4.0
Andy Barr,Republican,KY,0,5,0.0
Andy Barr,Republican,KY,1,5,1.0
Andy Barr,Republican,KY,2,12,7.0
Andy Barr,Republican,KY,3,12,3.0
Andy Barr,Republican,KY,4,22,10.0
Andy Barr,Republican,KY,5,81,29.0
Andy Barr,Republican,KY,6,133,40.0
Andy Barr,Republican,KY,7,170,53.0
Andy Barr,Republican,KY,8,338,51.0
Andy Barr,Republican,KY,9,539,115.0
Andy Barr,Republican,KY,10,680,144.0
Andy Barr,Republican,KY,11,668,172.0
Andy Barr,Republican,KY,12,682,169.0
Andy Barr,Republican,KY,13,708,159.0
Andy Barr,Republican,KY,14,632,120.0
Andy Barr,Republican,KY,15,601,136.0
Andy Barr,Republican,KY,16,602,147.0
Andy Barr,Republican,KY,17,494,141.0
Andy Barr,Republican,KY,18,348,90.0
Andy Barr,Republican,KY,19,169,34.0
Andy Barr,Republican,KY,20,120,38.0
Andy Barr,Republican,KY,21,84,21.0
Andy Barr,Republican,KY,22,46,11.0
Andy Barr,Republican,KY,23,25,0.0
Andy Biggs,Republican,AZ,0,48,24.0
Andy Biggs,Republican,AZ,1,152,77.0
Andy Biggs,Republican,AZ,2,702,417.0
Andy Biggs,Republican,AZ,3,918,540.0
Andy Biggs,Republican,AZ,4,904,464.0
Andy Biggs,Republican,AZ,5,1057,547.0
Andy Biggs,Republican,AZ,6,1600,820.0
Andy Biggs,Republican,AZ,7,2216,1139.0
Andy Biggs,Republican,AZ,8,2309,1167.0
Andy Biggs,Republican,AZ,9,2149,1092.0
Andy Biggs,Republican,AZ,10,1932,934.0
Andy Biggs,Republican,AZ,11,1981,973.0
Andy Biggs,Republican,AZ,12,1748,822.0
Andy Biggs,Republican,AZ,13,1892,873.0
Andy Biggs,Republican,AZ,14,1689,790.0
Andy Biggs,Republican,AZ,15,1391,595.0
Andy Biggs,Republican,AZ,16,1163,472.0
Andy Biggs,Republican,AZ,17,931,397.0
Andy Biggs,Republican,AZ,18,816,360.0
Andy Biggs,Republican,AZ,19,916,336.0
Andy Biggs,Republican,AZ,20,477,188.0
Andy Biggs,Republican,AZ,21,206,83.0
Andy Biggs,Republican,AZ,22,79,20.0
Andy Biggs,Republican,AZ,23,33,9.0
Andy Harris,Republican,MD,0,5,3.0
Andy Harris,Republican,MD,1,8,2.0
Andy Harris,Republican,MD,2,33,7.0
Andy Harris,Republican,MD,3,93,48.0
Andy Harris,Republican,MD,4,130,56.0
Andy Harris,Republican,MD,5,97,42.0
Andy Harris,Republican,MD,6,188,67.0
Andy Harris,Republican,MD,7,254,96.0
Andy Harris,Republican,MD,8,290,97.0
Andy Harris,Republican,MD,9,414,98.0
Andy Harris,Republican,MD,10,533,137.0
Andy Harris,Republican,MD,11,536,153.0
Andy Harris,Republican,MD,12,497,135.0
Andy Harris,Republican,MD,13,409,108.0
Andy Harris,Republican,MD,14,378,99.0
Andy Harris,Republican,MD,15,366,96.0
Andy Harris,Republican,MD,16,361,105.0
Andy Harris,Republican,MD,17,260,68.0
Andy Harris,Republican,MD,18,157,48.0
Andy Harris,Republican,MD,19,96,25.0
Andy Harris,Republican,MD,20,96,25.0
Andy Harris,Republican,MD,21,86,26.0
Andy Harris,Republican,MD,22,54,16.0
Andy Harris,Republican,MD,23,13,1.0
Andy Kim,Democrat,NJ,0,3,1.0
Andy Kim,Democrat,NJ,1,5,1.0
Andy Kim,Democrat,NJ,2,31,4.0
Andy Kim,Democrat,NJ,3,60,23.0
Andy Kim,Democrat,NJ,4,152,39.0
Andy Kim,Democrat,NJ,5,212,45.0
Andy Kim,Democrat,NJ,6,319,71.0
Andy Kim,Democrat,NJ,7,247,69.0
Andy Kim,Democrat,NJ,8,368,82.0
Andy Kim,Democrat,NJ,9,567,109.0
Andy Kim,Democrat,NJ,10,507,55.0
Andy Kim,Democrat,NJ,11,613,86.0
Andy Kim,Democrat,NJ,12,530,64.0
Andy Kim,Democrat,NJ,13,473,78.0
Andy Kim,Democrat,NJ,14,485,61.0
Andy Kim,Democrat,NJ,15,535,70.0
Andy Kim,Democrat,NJ,16,481,55.0
Andy Kim,Democrat,NJ,17,360,49.0
Andy Kim,Democrat,NJ,18,256,26.0
Andy Kim,Democrat,NJ,19,215,21.0
Andy Kim,Democrat,NJ,20,160,11.0
Andy Kim,Democrat,NJ,21,72,16.0
Andy Kim,Democrat,NJ,22,31,3.0
Andy Kim,Democrat,NJ,23,14,4.0
Andy Levin D-MI,Democrat,MI,0,3,2.0
Andy Levin D-MI,Democrat,MI,5,1,0.0
Andy Levin D-MI,Democrat,MI,6,1,0.0
Andy Levin D-MI,Democrat,MI,7,24,4.0
Andy Levin D-MI,Democrat,MI,8,63,17.0
Andy Levin D-MI,Democrat,MI,9,258,75.0
Andy Levin D-MI,Democrat,MI,10,336,112.0
Andy Levin D-MI,Democrat,MI,11,432,112.0
Andy Levin D-MI,Democrat,MI,12,491,156.0
Andy Levin D-MI,Democrat,MI,13,567,203.0
Andy Levin D-MI,Democrat,MI,14,547,164.0
Andy Levin D-MI,Democrat,MI,15,599,175.0
Andy Levin D-MI,Democrat,MI,16,556,188.0
Andy Levin D-MI,Democrat,MI,17,481,159.0
Andy Levin D-MI,Democrat,MI,18,316,110.0
Andy Levin D-MI,Democrat,MI,19,258,73.0
Andy Levin D-MI,Democrat,MI,20,157,52.0
Andy Levin D-MI,Democrat,MI,21,162,41.0
Andy Levin D-MI,Democrat,MI,22,70,23.0
Andy Levin D-MI,Democrat,MI,23,27,8.0
Angie Craig,Democrat,MN,1,3,1.0
Angie Craig,Democrat,MN,2,20,7.0
Angie Craig,Democrat,MN,3,62,13.0
Angie Craig,Democrat,MN,4,234,71.0
Angie Craig,Democrat,MN,5,466,146.0
Angie Craig,Democrat,MN,6,487,190.0
Angie Craig,Democrat,MN,7,506,178.0
Angie Craig,Democrat,MN,8,626,162.0
Angie Craig,Democrat,MN,9,798,190.0
Angie Craig,Democrat,MN,10,846,194.0
Angie Craig,Democrat,MN,11,923,216.0
Angie Craig,Democrat,MN,12,836,170.0
Angie Craig,Democrat,MN,13,781,136.0
Angie Craig,Democrat,MN,14,710,105.0
Angie Craig,Democrat,MN,15,632,72.0
Angie Craig,Democrat,MN,16,579,76.0
Angie Craig,Democrat,MN,17,396,48.0
Angie Craig,Democrat,MN,18,252,23.0
Angie Craig,Democrat,MN,19,149,16.0
Angie Craig,Democrat,MN,20,89,7.0
Angie Craig,Democrat,MN,21,33,8.0
Angie Craig,Democrat,MN,22,6,1.0
"Angus S. King, Jr.",Independent,ME,0,2,0.0
"Angus S. King, Jr.",Independent,ME,1,1,0.0
"Angus S. King, Jr.",Independent,ME,2,6,1.0
"Angus S. King, Jr.",Independent,ME,3,19,1.0
"Angus S. King, Jr.",Independent,ME,4,72,13.0
"Angus S. King, Jr.",Independent,ME,5,92,16.0
"Angus S. King, Jr.",Independent,ME,6,82,11.0
"Angus S. King, Jr.",Independent,ME,7,177,21.0
"Angus S. King, Jr.",Independent,ME,8,234,36.0
"Angus S. King, Jr.",Independent,ME,9,605,71.0
"Angus S. King, Jr.",Independent,ME,10,597,58.0
"Angus S. King, Jr.",Independent,ME,11,684,75.0
"Angus S. King, Jr.",Independent,ME,12,686,103.0
"Angus S. King, Jr.",Independent,ME,13,553,63.0
"Angus S. King, Jr.",Independent,ME,14,542,58.0
"Angus S. King, Jr.",Independent,ME,15,521,43.0
"Angus S. King, Jr.",Independent,ME,16,545,64.0
"Angus S. King, Jr.",Independent,ME,17,551,65.0
"Angus S. King, Jr.",Independent,ME,18,368,37.0
"Angus S. King, Jr.",Independent,ME,19,212,26.0
"Angus S. King, Jr.",Independent,ME,20,83,15.0
"Angus S. King, Jr.",Independent,ME,21,33,5.0
"Angus S. King, Jr.",Independent,ME,22,31,4.0
"Angus S. King, Jr.",Independent,ME,23,22,2.0
Ann Wagner,Republican,MO,0,1,1.0
Ann Wagner,Republican,MO,1,1,0.0
Ann Wagner,Republican,MO,2,4,1.0
Ann Wagner,Republican,MO,3,10,3.0
Ann Wagner,Republican,MO,4,43,12.0
Ann Wagner,Republican,MO,5,60,18.0
Ann Wagner,Republican,MO,6,72,10.0
Ann Wagner,Republican,MO,7,132,23.0
Ann Wagner,Republican,MO,8,285,54.0
Ann Wagner,Republican,MO,9,436,81.0
Ann Wagner,Republican,MO,10,519,120.0
Ann Wagner,Republican,MO,11,554,131.0
Ann Wagner,Republican,MO,12,514,94.0
Ann Wagner,Republican,MO,13,536,102.0
Ann Wagner,Republican,MO,14,580,135.0
Ann Wagner,Republican,MO,15,601,150.0
Ann Wagner,Republican,MO,16,486,107.0
Ann Wagner,Republican,MO,17,350,79.0
Ann Wagner,Republican,MO,18,209,33.0
Ann Wagner,Republican,MO,19,137,18.0
Ann Wagner,Republican,MO,20,103,14.0
Ann Wagner,Republican,MO,21,76,17.0
Ann Wagner,Republican,MO,22,30,7.0
Ann Wagner,Republican,MO,23,5,1.0
Anna Paulina Luna,Republican,FL,0,12,8.0
Anna Paulina Luna,Republican,FL,1,7,3.0
Anna Paulina Luna,Republican,FL,2,38,11.0
Anna Paulina Luna,Republican,FL,3,117,43.0
Anna Paulina Luna,Republican,FL,4,328,126.0
Anna Paulina Luna,Republican,FL,5,518,210.0
Anna Paulina Luna,Republican,FL,6,604,245.0
Anna Paulina Luna,Republican,FL,7,675,294.0
Anna Paulina Luna,Republican,FL,8,745,311.0
Anna Paulina Luna,Republican,FL,9,747,318.0
Anna Paulina Luna,Republican,FL,10,791,333.0
Anna Paulina Luna,Republican,FL,11,766,333.0
Anna Paulina Luna,Republican,FL,12,698,279.0
Anna Paulina Luna,Republican,FL,13,667,260.0
Anna Paulina Luna,Republican,FL,14,654,253.0
Anna Paulina Luna,Republican,FL,15,640,229.0
Anna Paulina Luna,Republican,FL,16,749,298.0
Anna Paulina Luna,Republican,FL,17,811,320.0
Anna Paulina Luna,Republican,FL,18,661,221.0
Anna Paulina Luna,Republican,FL,19,519,182.0
Anna Paulina Luna,Republican,FL,20,276,101.0
Anna Paulina Luna,Republican,FL,21,133,58.0
Anna Paulina Luna,Republican,FL,22,51,25.0
Anna Paulina Luna,Republican,FL,23,29,14.0
Anthony Brown D-MD,Democrat,MD,0,4,0.0
Anthony Brown D-MD,Democrat,MD,2,1,0.0
Anthony Brown D-MD,Democrat,MD,7,11,4.0
Anthony Brown D-MD,Democrat,MD,8,62,21.0
Anthony Brown D-MD,Democrat,MD,9,198,50.0
Anthony Brown D-MD,Democrat,MD,10,216,91.0
Anthony Brown D-MD,Democrat,MD,11,284,125.0
Anthony Brown D-MD,Democrat,MD,12,326,132.0
Anthony Brown D-MD,Democrat,MD,13,280,118.0
Anthony Brown D-MD,Democrat,MD,14,334,140.0
Anthony Brown D-MD,Democrat,MD,15,411,146.0
Anthony Brown D-MD,Democrat,MD,16,347,122.0
Anthony Brown D-MD,Democrat,MD,17,313,94.0
Anthony Brown D-MD,Democrat,MD,18,189,78.0
Anthony Brown D-MD,Democrat,MD,19,121,27.0
Anthony Brown D-MD,Democrat,MD,20,53,20.0
Anthony Brown D-MD,Democrat,MD,21,37,19.0
Anthony Brown D-MD,Democrat,MD,22,35,18.0
Anthony Brown D-MD,Democrat,MD,23,9,4.0
Antonio Delgado D-NY,Democrat,NY,0,5,0.0
Antonio Delgado D-NY,Democrat,NY,7,1,0.0
Antonio Delgado D-NY,Democrat,NY,8,19,1.0
Antonio Delgado D-NY,Democrat,NY,9,142,5.0
Antonio Delgado D-NY,Democrat,NY,10,638,29.0
Antonio Delgado D-NY,Democrat,NY,11,360,10.0
Antonio Delgado D-NY,Democrat,NY,12,294,10.0
Antonio Delgado D-NY,Democrat,NY,13,331,13.0
Antonio Delgado D-NY,Democrat,NY,14,579,30.0
Antonio Delgado D-NY,Democrat,NY,15,307,8.0
Antonio Delgado D-NY,Democrat,NY,16,322,17.0
Antonio Delgado D-NY,Democrat,NY,17,532,20.0
Antonio Delgado D-NY,Democrat,NY,18,228,24.0
Antonio Delgado D-NY,Democrat,NY,19,129,7.0
Antonio Delgado D-NY,Democrat,NY,20,68,0.0
Antonio Delgado D-NY,Democrat,NY,21,32,0.0
Antonio Delgado D-NY,Democrat,NY,22,16,2.0
Antonio Delgado D-NY,Democrat,NY,23,4,0.0
"Armstrong, Kelly",Republican,ND,0,11,1.0
"Armstrong, Kelly",Republican,ND,1,1,0.0
"Armstrong, Kelly",Republican,ND,2,2,0.0
"Armstrong, Kelly",Republican,ND,4,1,0.0
"Armstrong, Kelly",Republican,ND,5,3,0.0
"Armstrong, Kelly",Republican,ND,6,35,6.0
"Armstrong, Kelly",Republican,ND,7,138,25.0
"Armstrong, Kelly",Republican,ND,8,310,53.0
"Armstrong, Kelly",Republican,ND,9,399,98.0
"Armstrong, Kelly",Republican,ND,10,443,110.0
"Armstrong, Kelly",Republican,ND,11,509,95.0
"Armstrong, Kelly",Republican,ND,12,396,105.0
"Armstrong, Kelly",Republican,ND,13,369,93.0
"Armstrong, Kelly",Republican,ND,14,399,101.0
"Armstrong, Kelly",Republican,ND,15,389,80.0
"Armstrong, Kelly",Republican,ND,16,324,75.0
"Armstrong, Kelly",Republican,ND,17,250,62.0
"Armstrong, Kelly",Republican,ND,18,196,59.0
"Armstrong, Kelly",Republican,ND,19,146,47.0
"Armstrong, Kelly",Republican,ND,20,84,23.0
"Armstrong, Kelly",Republican,ND,21,94,24.0
"Armstrong, Kelly",Republican,ND,22,50,21.0
"Armstrong, Kelly",Republican,ND,23,28,6.0
Ashley Hinson,Republican,IA,0,2,2.0
Ashley Hinson,Republican,IA,1,11,3.0
Ashley Hinson,Republican,IA,2,57,25.0
Ashley Hinson,Republican,IA,3,164,53.0
Ashley Hinson,Republican,IA,4,299,107.0
Ashley Hinson,Republican,IA,5,412,143.0
Ashley Hinson,Republican,IA,6,421,150.0
Ashley Hinson,Republican,IA,7,423,138.0
Ashley Hinson,Republican,IA,8,544,199.0
Ashley Hinson,Republican,IA,9,658,219.0
Ashley Hinson,Republican,IA,10,682,231.0
Ashley Hinson,Republican,IA,11,661,241.0
Ashley Hinson,Republican,IA,12,645,196.0
Ashley Hinson,Republican,IA,13,647,232.0
Ashley Hinson,Republican,IA,14,569,193.0
Ashley Hinson,Republican,IA,15,553,205.0
Ashley Hinson,Republican,IA,16,477,161.0
Ashley Hinson,Republican,IA,17,285,85.0
Ashley Hinson,Republican,IA,18,226,80.0
Ashley Hinson,Republican,IA,19,143,46.0
Ashley Hinson,Republican,IA,20,152,46.0
Ashley Hinson,Republican,IA,21,43,15.0
Ashley Hinson,Republican,IA,22,13,5.0
Ashley Hinson,Republican,IA,23,6,4.0
August Pfluger,Republican,TX,0,9,6.0
August Pfluger,Republican,TX,1,10,3.0
August Pfluger,Republican,TX,2,21,5.0
August Pfluger,Republican,TX,3,94,26.0
August Pfluger,Republican,TX,4,208,70.0
August Pfluger,Republican,TX,5,263,72.0
August Pfluger,Republican,TX,6,221,81.0
August Pfluger,Republican,TX,7,303,126.0
August Pfluger,Republican,TX,8,450,187.0
August Pfluger,Republican,TX,9,550,235.0
August Pfluger,Republican,TX,10,602,257.0
August Pfluger,Republican,TX,11,538,218.0
August Pfluger,Republican,TX,12,476,226.0
August Pfluger,Republican,TX,13,437,179.0
August Pfluger,Republican,TX,14,363,166.0
August Pfluger,Republican,TX,15,351,168.0
August Pfluger,Republican,TX,16,251,115.0
August Pfluger,Republican,TX,17,172,86.0
August Pfluger,Republican,TX,18,67,26.0
August Pfluger,Republican,TX,19,68,32.0
August Pfluger,Republican,TX,20,86,49.0
August Pfluger,Republican,TX,21,60,30.0
August Pfluger,Republican,TX,22,30,13.0
August Pfluger,Republican,TX,23,9,3.0
Ayanna Pressley,Democrat,MA,0,13,5.0
Ayanna Pressley,Democrat,MA,1,21,3.0
Ayanna Pressley,Democrat,MA,2,35,5.0
Ayanna Pressley,Democrat,MA,3,92,24.0
Ayanna Pressley,Democrat,MA,4,188,57.0
Ayanna Pressley,Democrat,MA,5,369,116.0
Ayanna Pressley,Democrat,MA,6,591,251.0
Ayanna Pressley,Democrat,MA,7,543,219.0
Ayanna Pressley,Democrat,MA,8,775,272.0
Ayanna Pressley,Democrat,MA,9,937,318.0
Ayanna Pressley,Democrat,MA,10,1236,441.0
Ayanna Pressley,Democrat,MA,11,1175,420.0
Ayanna Pressley,Democrat,MA,12,1364,482.0
Ayanna Pressley,Democrat,MA,13,1266,486.0
Ayanna Pressley,Democrat,MA,14,1249,478.0
Ayanna Pressley,Democrat,MA,15,1093,360.0
Ayanna Pressley,Democrat,MA,16,979,336.0
Ayanna Pressley,Democrat,MA,17,866,285.0
Ayanna Pressley,Democrat,MA,18,650,203.0
Ayanna Pressley,Democrat,MA,19,388,108.0
Ayanna Pressley,Democrat,MA,20,238,92.0
Ayanna Pressley,Democrat,MA,21,166,55.0
Ayanna Pressley,Democrat,MA,22,104,39.0
Ayanna Pressley,Democrat,MA,23,62,14.0
"Banks, Jim",Republican,IN,0,13,2.0
"Banks, Jim",Republican,IN,1,6,2.0
"Banks, Jim",Republican,IN,2,4,2.0
"Banks, Jim",Republican,IN,3,1,0.0
"Banks, Jim",Republican,IN,4,2,2.0
"Banks, Jim",Republican,IN,5,15,1.0
"Banks, Jim",Republican,IN,6,42,17.0
"Banks, Jim",Republican,IN,7,163,72.0
"Banks, Jim",Republican,IN,8,331,156.0
"Banks, Jim",Republican,IN,9,567,287.0
"Banks, Jim",Republican,IN,10,830,463.0
"Banks, Jim",Republican,IN,11,947,550.0
"Banks, Jim",Republican,IN,12,748,408.0
"Banks, Jim",Republican,IN,13,792,449.0
"Banks, Jim",Republican,IN,14,779,459.0
"Banks, Jim",Republican,IN,15,778,414.0
"Banks, Jim",Republican,IN,16,657,340.0
"Banks, Jim",Republican,IN,17,564,289.0
"Banks, Jim",Republican,IN,18,368,175.0
"Banks, Jim",Republican,IN,19,281,132.0
"Banks, Jim",Republican,IN,20,265,138.0
"Banks, Jim",Republican,IN,21,268,137.0
"Banks, Jim",Republican,IN,22,177,95.0
"Banks, Jim",Republican,IN,23,48,18.0
Barbara Mikulski D-MD,Democrat,MD,0,4,0.0
Barbara Mikulski D-MD,Democrat,MD,1,2,0.0
Barbara Mikulski D-MD,Democrat,MD,6,1,0.0
Barbara Mikulski D-MD,Democrat,MD,7,17,2.0
Barbara Mikulski D-MD,Democrat,MD,8,66,3.0
Barbara Mikulski D-MD,Democrat,MD,9,159,10.0
Barbara Mikulski D-MD,Democrat,MD,10,338,43.0
Barbara Mikulski D-MD,Democrat,MD,11,293,48.0
Barbara Mikulski D-MD,Democrat,MD,12,323,43.0
Barbara Mikulski D-MD,Democrat,MD,13,355,57.0
Barbara Mikulski D-MD,Democrat,MD,14,297,53.0
Barbara Mikulski D-MD,Democrat,MD,15,379,49.0
Barbara Mikulski D-MD,Democrat,MD,16,328,59.0
Barbara Mikulski D-MD,Democrat,MD,17,339,55.0
Barbara Mikulski D-MD,Democrat,MD,18,209,32.0
Barbara Mikulski D-MD,Democrat,MD,19,63,9.0
Barbara Mikulski D-MD,Democrat,MD,20,35,6.0
Barbara Mikulski D-MD,Democrat,MD,21,24,6.0
Barbara Mikulski D-MD,Democrat,MD,22,14,1.0
Barbara Mikulski D-MD,Democrat,MD,23,9,1.0
Barry Loudermilk,Republican,GA,0,5,0.0
Barry Loudermilk,Republican,GA,1,5,2.0
Barry Loudermilk,Republican,GA,2,69,13.0
Barry Loudermilk,Republican,GA,3,103,23.0
Barry Loudermilk,Republican,GA,4,55,25.0
Barry Loudermilk,Republican,GA,5,89,43.0
Barry Loudermilk,Republican,GA,6,137,51.0
Barry Loudermilk,Republican,GA,7,437,78.0
Barry Loudermilk,Republican,GA,8,273,63.0
Barry Loudermilk,Republican,GA,9,290,80.0
Barry Loudermilk,Republican,GA,10,350,104.0
Barry Loudermilk,Republican,GA,11,344,117.0
Barry Loudermilk,Republican,GA,12,263,75.0
Barry Loudermilk,Republican,GA,13,238,63.0
Barry Loudermilk,Republican,GA,14,244,60.0
Barry Loudermilk,Republican,GA,15,270,61.0
Barry Loudermilk,Republican,GA,16,211,58.0
Barry Loudermilk,Republican,GA,17,175,52.0
Barry Loudermilk,Republican,GA,18,96,27.0
Barry Loudermilk,Republican,GA,19,80,18.0
Barry Loudermilk,Republican,GA,20,46,13.0
Barry Loudermilk,Republican,GA,21,116,38.0
Barry Loudermilk,Republican,GA,22,70,27.0
Barry Loudermilk,Republican,GA,23,10,4.0
Barry Moore,Republican,AL,1,1,0.0
Barry Moore,Republican,AL,2,8,4.0
Barry Moore,Republican,AL,3,40,18.0
Barry Moore,Republican,AL,4,91,51.0
Barry Moore,Republican,AL,5,133,61.0
Barry Moore,Republican,AL,6,114,65.0
Barry Moore,Republican,AL,7,160,88.0
Barry Moore,Republican,AL,8,316,131.0
Barry Moore,Republican,AL,9,405,200.0
Barry Moore,Republican,AL,10,428,208.0
Barry Moore,Republican,AL,11,395,212.0
Barry Moore,Republican,AL,12,359,206.0
Barry Moore,Republican,AL,13,322,179.0
Barry Moore,Republican,AL,14,299,152.0
Barry Moore,Republican,AL,15,280,140.0
Barry Moore,Republican,AL,16,195,91.0
Barry Moore,Republican,AL,17,74,30.0
Barry Moore,Republican,AL,18,49,28.0
Barry Moore,Republican,AL,19,25,14.0
Barry Moore,Republican,AL,20,39,16.0
Barry Moore,Republican,AL,21,22,15.0
Barry Moore,Republican,AL,22,4,1.0
Barry Moore,Republican,AL,23,1,0.0
Ben Cline,Republican,VA,0,2,0.0
Ben Cline,Republican,VA,1,3,1.0
Ben Cline,Republican,VA,2,21,1.0
Ben Cline,Republican,VA,3,75,27.0
Ben Cline,Republican,VA,4,160,65.0
Ben Cline,Republican,VA,5,226,108.0
Ben Cline,Republican,VA,6,321,158.0
Ben Cline,Republican,VA,7,284,143.0
Ben Cline,Republican,VA,8,294,153.0
Ben Cline,Republican,VA,9,481,189.0
Ben Cline,Republican,VA,10,445,200.0
Ben Cline,Republican,VA,11,534,248.0
Ben Cline,Republican,VA,12,448,191.0
Ben Cline,Republican,VA,13,399,170.0
Ben Cline,Republican,VA,14,358,141.0
Ben Cline,Republican,VA,15,322,137.0
Ben Cline,Republican,VA,16,293,98.0
Ben Cline,Republican,VA,17,222,70.0
Ben Cline,Republican,VA,18,133,51.0
Ben Cline,Republican,VA,19,60,24.0
Ben Cline,Republican,VA,20,28,14.0
Ben Cline,Republican,VA,21,22,2.0
Ben Cline,Republican,VA,22,11,4.0
Ben Cline,Republican,VA,23,9,5.0
Ben Ray Luján,Democrat,NM,0,2,1.0
Ben Ray Luján,Democrat,NM,1,7,4.0
Ben Ray Luján,Democrat,NM,2,23,11.0
Ben Ray Luján,Democrat,NM,3,97,38.0
Ben Ray Luján,Democrat,NM,4,152,45.0
Ben Ray Luján,Democrat,NM,5,213,62.0
Ben Ray Luján,Democrat,NM,6,290,103.0
Ben Ray Luján,Democrat,NM,7,608,215.0
Ben Ray Luján,Democrat,NM,8,785,272.0
Ben Ray Luján,Democrat,NM,9,950,277.0
Ben Ray Luján,Democrat,NM,10,996,289.0
Ben Ray Luján,Democrat,NM,11,1024,314.0
Ben Ray Luján,Democrat,NM,12,929,255.0
Ben Ray Luján,Democrat,NM,13,891,213.0
Ben Ray Luján,Democrat,NM,14,918,194.0
Ben Ray Luján,Democrat,NM,15,811,180.0
Ben Ray Luján,Democrat,NM,16,523,133.0
Ben Ray Luján,Democrat,NM,17,390,84.0
Ben Ray Luján,Democrat,NM,18,234,55.0
Ben Ray Luján,Democrat,NM,19,190,53.0
Ben Ray Luján,Democrat,NM,20,106,32.0
Ben Ray Luján,Democrat,NM,21,35,12.0
Ben Ray Luján,Democrat,NM,22,8,0.0
Ben Ray Luján,Democrat,NM,23,3,0.0
Bernard Sanders,Independent,VT,0,14,6.0
Bernard Sanders,Independent,VT,1,10,3.0
Bernard Sanders,Independent,VT,2,94,28.0
Bernard Sanders,Independent,VT,3,217,66.0
Bernard Sanders,Independent,VT,4,613,187.0
Bernard Sanders,Independent,VT,5,1240,484.0
Bernard Sanders,Independent,VT,6,1682,717.0
Bernard Sanders,Independent,VT,7,2049,907.0
Bernard Sanders,Independent,VT,8,2478,1072.0
Bernard Sanders,Independent,VT,9,3809,1511.0
Bernard Sanders,Independent,VT,10,3645,1568.0
Bernard Sanders,Independent,VT,11,3936,1741.0
Bernard Sanders,Independent,VT,12,3664,1634.0
Bernard Sanders,Independent,VT,13,3325,1504.0
Bernard Sanders,Independent,VT,14,3231,1413.0
Bernard Sanders,Independent,VT,15,2970,1266.0
Bernard Sanders,Independent,VT,16,2805,1216.0
Bernard Sanders,Independent,VT,17,2217,960.0
Bernard Sanders,Independent,VT,18,1507,638.0
Bernard Sanders,Independent,VT,19,951,374.0
Bernard Sanders,Independent,VT,20,628,246.0
Bernard Sanders,Independent,VT,21,459,219.0
Bernard Sanders,Independent,VT,22,183,78.0
Bernard Sanders,Independent,VT,23,83,45.0
Beth Van Duyne,Republican,TX,0,10,5.0
Beth Van Duyne,Republican,TX,1,4,2.0
Beth Van Duyne,Republican,TX,2,15,8.0
Beth Van Duyne,Republican,TX,3,66,35.0
Beth Van Duyne,Republican,TX,4,151,74.0
Beth Van Duyne,Republican,TX,5,222,108.0
Beth Van Duyne,Republican,TX,6,257,142.0
Beth Van Duyne,Republican,TX,7,334,187.0
Beth Van Duyne,Republican,TX,8,519,233.0
Beth Van Duyne,Republican,TX,9,572,257.0
Beth Van Duyne,Republican,TX,10,742,336.0
Beth Van Duyne,Republican,TX,11,610,236.0
Beth Van Duyne,Republican,TX,12,665,291.0
Beth Van Duyne,Republican,TX,13,680,267.0
Beth Van Duyne,Republican,TX,14,666,280.0
Beth Van Duyne,Republican,TX,15,577,230.0
Beth Van Duyne,Republican,TX,16,419,158.0
Beth Van Duyne,Republican,TX,17,291,109.0
Beth Van Duyne,Republican,TX,18,169,57.0
Beth Van Duyne,Republican,TX,19,100,34.0
Beth Van Duyne,Republican,TX,20,55,23.0
Beth Van Duyne,Republican,TX,21,33,15.0
Beth Van Duyne,Republican,TX,22,10,1.0
Beth Van Duyne,Republican,TX,23,5,1.0
Beto O'Rourke D-TX,Democrat,TX,0,4,0.0
Beto O'Rourke D-TX,Democrat,TX,1,4,0.0
Beto O'Rourke D-TX,Democrat,TX,2,2,0.0
Beto O'Rourke D-TX,Democrat,TX,3,1,0.0
Beto O'Rourke D-TX,Democrat,TX,4,10,2.0
Beto O'Rourke D-TX,Democrat,TX,5,19,2.0
Beto O'Rourke D-TX,Democrat,TX,6,30,1.0
Beto O'Rourke D-TX,Democrat,TX,7,207,13.0
Beto O'Rourke D-TX,Democrat,TX,8,230,16.0
Beto O'Rourke D-TX,Democrat,TX,9,299,24.0
Beto O'Rourke D-TX,Democrat,TX,10,348,20.0
Beto O'Rourke D-TX,Democrat,TX,11,251,17.0
Beto O'Rourke D-TX,Democrat,TX,12,260,17.0
Beto O'Rourke D-TX,Democrat,TX,13,282,19.0
Beto O'Rourke D-TX,Democrat,TX,14,237,18.0
Beto O'Rourke D-TX,Democrat,TX,15,269,20.0
Beto O'Rourke D-TX,Democrat,TX,16,256,31.0
Beto O'Rourke D-TX,Democrat,TX,17,124,18.0
Beto O'Rourke D-TX,Democrat,TX,18,97,8.0
Beto O'Rourke D-TX,Democrat,TX,19,98,8.0
Beto O'Rourke D-TX,Democrat,TX,20,64,5.0
Beto O'Rourke D-TX,Democrat,TX,21,29,4.0
Beto O'Rourke D-TX,Democrat,TX,22,17,2.0
Beto O'Rourke D-TX,Democrat,TX,23,12,3.0
Betty McCollum,Democrat,MN,2,12,0.0
Betty McCollum,Democrat,MN,3,62,17.0
Betty McCollum,Democrat,MN,4,166,40.0
Betty McCollum,Democrat,MN,5,349,104.0
Betty McCollum,Democrat,MN,6,364,116.0
Betty McCollum,Democrat,MN,7,360,133.0
Betty McCollum,Democrat,MN,8,382,109.0
Betty McCollum,Democrat,MN,9,460,144.0
Betty McCollum,Democrat,MN,10,510,164.0
Betty McCollum,Democrat,MN,11,375,156.0
Betty McCollum,Democrat,MN,12,345,108.0
Betty McCollum,Democrat,MN,13,235,44.0
Betty McCollum,Democrat,MN,14,202,49.0
Betty McCollum,Democrat,MN,15,197,45.0
Betty McCollum,Democrat,MN,16,118,29.0
Betty McCollum,Democrat,MN,17,95,16.0
Betty McCollum,Democrat,MN,18,41,7.0
Betty McCollum,Democrat,MN,19,20,2.0
Betty McCollum,Democrat,MN,20,14,4.0
Betty McCollum,Democrat,MN,21,10,2.0
Betty McCollum,Democrat,MN,22,3,2.0
Bill Cassidy,Republican,LA,0,4,0.0
Bill Cassidy,Republican,LA,1,14,4.0
Bill Cassidy,Republican,LA,2,110,16.0
Bill Cassidy,Republican,LA,3,347,64.0
Bill Cassidy,Republican,LA,4,631,203.0
Bill Cassidy,Republican,LA,5,570,203.0
Bill Cassidy,Republican,LA,6,618,201.0
Bill Cassidy,Republican,LA,7,783,232.0
Bill Cassidy,Republican,LA,8,1216,358.0
Bill Cassidy,Republican,LA,9,1164,357.0
Bill Cassidy,Republican,LA,10,1197,332.0
Bill Cassidy,Republican,LA,11,1176,365.0
Bill Cassidy,Republican,LA,12,1049,332.0
Bill Cassidy,Republican,LA,13,959,291.0
Bill Cassidy,Republican,LA,14,907,240.0
Bill Cassidy,Republican,LA,15,834,225.0
Bill Cassidy,Republican,LA,16,600,170.0
Bill Cassidy,Republican,LA,17,366,86.0
Bill Cassidy,Republican,LA,18,215,55.0
Bill Cassidy,Republican,LA,19,149,24.0
Bill Cassidy,Republican,LA,20,166,28.0
Bill Cassidy,Republican,LA,21,102,13.0
Bill Cassidy,Republican,LA,22,29,4.0
Bill Cassidy,Republican,LA,23,11,1.0
Bill Flores R-TX,Republican,TX,0,90,25.0
Bill Flores R-TX,Republican,TX,1,29,10.0
Bill Flores R-TX,Republican,TX,2,33,8.0
Bill Flores R-TX,Republican,TX,3,7,2.0
Bill Flores R-TX,Republican,TX,4,36,12.0
Bill Flores R-TX,Republican,TX,5,67,20.0
Bill Flores R-TX,Republican,TX,6,419,29.0
Bill Flores R-TX,Republican,TX,7,524,47.0
Bill Flores R-TX,Republican,TX,8,541,148.0
Bill Flores R-TX,Republican,TX,9,731,130.0
Bill Flores R-TX,Republican,TX,10,695,132.0
Bill Flores R-TX,Republican,TX,11,798,217.0
Bill Flores R-TX,Republican,TX,12,766,192.0
Bill Flores R-TX,Republican,TX,13,806,188.0
Bill Flores R-TX,Republican,TX,14,879,200.0
Bill Flores R-TX,Republican,TX,15,797,178.0
Bill Flores R-TX,Republican,TX,16,836,209.0
Bill Flores R-TX,Republican,TX,17,638,137.0
Bill Flores R-TX,Republican,TX,18,441,99.0
Bill Flores R-TX,Republican,TX,19,358,100.0
Bill Flores R-TX,Republican,TX,20,455,141.0
Bill Flores R-TX,Republican,TX,21,452,127.0
Bill Flores R-TX,Republican,TX,22,390,126.0
Bill Flores R-TX,Republican,TX,23,267,85.0
Bill Foster,Democrat,IL,0,3,0.0
Bill Foster,Democrat,IL,1,3,0.0
Bill Foster,Democrat,IL,2,10,2.0
Bill Foster,Democrat,IL,3,43,12.0
Bill Foster,Democrat,IL,4,118,34.0
Bill Foster,Democrat,IL,5,201,67.0
Bill Foster,Democrat,IL,6,225,64.0
Bill Foster,Democrat,IL,7,312,101.0
Bill Foster,Democrat,IL,8,539,152.0
Bill Foster,Democrat,IL,9,873,207.0
Bill Foster,Democrat,IL,10,1035,239.0
Bill Foster,Democrat,IL,11,1050,275.0
Bill Foster,Democrat,IL,12,910,197.0
Bill Foster,Democrat,IL,13,944,231.0
Bill Foster,Democrat,IL,14,746,153.0
Bill Foster,Democrat,IL,15,600,121.0
Bill Foster,Democrat,IL,16,462,81.0
Bill Foster,Democrat,IL,17,205,40.0
Bill Foster,Democrat,IL,18,162,53.0
Bill Foster,Democrat,IL,19,136,35.0
Bill Foster,Democrat,IL,20,171,45.0
Bill Foster,Democrat,IL,21,85,30.0
Bill Foster,Democrat,IL,22,36,18.0
Bill Foster,Democrat,IL,23,12,3.0
Bill Hagerty,Republican,TN,0,10,4.0
Bill Hagerty,Republican,TN,1,29,3.0
Bill Hagerty,Republican,TN,2,61,5.0
Bill Hagerty,Republican,TN,3,102,17.0
Bill Hagerty,Republican,TN,4,241,59.0
Bill Hagerty,Republican,TN,5,313,108.0
Bill Hagerty,Republican,TN,6,425,172.0
Bill Hagerty,Republican,TN,7,447,207.0
Bill Hagerty,Republican,TN,8,497,245.0
Bill Hagerty,Republican,TN,9,795,384.0
Bill Hagerty,Republican,TN,10,896,435.0
Bill Hagerty,Republican,TN,11,943,477.0
Bill Hagerty,Republican,TN,12,830,454.0
Bill Hagerty,Republican,TN,13,773,465.0
Bill Hagerty,Republican,TN,14,756,411.0
Bill Hagerty,Republican,TN,15,706,392.0
Bill Hagerty,Republican,TN,16,619,346.0
Bill Hagerty,Republican,TN,17,498,249.0
Bill Hagerty,Republican,TN,18,453,262.0
Bill Hagerty,Republican,TN,19,448,252.0
Bill Hagerty,Republican,TN,20,314,151.0
Bill Hagerty,Republican,TN,21,207,92.0
Bill Hagerty,Republican,TN,22,99,39.0
Bill Hagerty,Republican,TN,23,31,9.0
Bill Huizenga,Republican,MI,0,52,15.0
Bill Huizenga,Republican,MI,1,15,2.0
Bill Huizenga,Republican,MI,2,16,6.0
Bill Huizenga,Republican,MI,3,47,13.0
Bill Huizenga,Republican,MI,4,115,31.0
Bill Huizenga,Republican,MI,5,127,31.0
Bill Huizenga,Republican,MI,6,178,48.0
Bill Huizenga,Republican,MI,7,265,71.0
Bill Huizenga,Republican,MI,8,451,108.0
Bill Huizenga,Republican,MI,9,820,202.0
Bill Huizenga,Republican,MI,10,950,228.0
Bill Huizenga,Republican,MI,11,863,216.0
Bill Huizenga,Republican,MI,12,684,176.0
Bill Huizenga,Republican,MI,13,679,188.0
Bill Huizenga,Republican,MI,14,781,194.0
Bill Huizenga,Republican,MI,15,770,181.0
Bill Huizenga,Republican,MI,16,755,183.0
Bill Huizenga,Republican,MI,17,581,132.0
Bill Huizenga,Republican,MI,18,368,96.0
Bill Huizenga,Republican,MI,19,261,47.0
Bill Huizenga,Republican,MI,20,266,70.0
Bill Huizenga,Republican,MI,21,275,69.0
Bill Huizenga,Republican,MI,22,244,51.0
Bill Huizenga,Republican,MI,23,141,38.0
Billy Long R-MO,Republican,MO,0,4,0.0
Billy Long R-MO,Republican,MO,4,2,0.0
Billy Long R-MO,Republican,MO,5,7,0.0
Billy Long R-MO,Republican,MO,6,492,62.0
Billy Long R-MO,Republican,MO,7,394,80.0
Billy Long R-MO,Republican,MO,8,1053,293.0
Billy Long R-MO,Republican,MO,9,1359,395.0
Billy Long R-MO,Republican,MO,10,1330,418.0
Billy Long R-MO,Republican,MO,11,1110,337.0
Billy Long R-MO,Republican,MO,12,1201,356.0
Billy Long R-MO,Republican,MO,13,1262,358.0
Billy Long R-MO,Republican,MO,14,1089,310.0
Billy Long R-MO,Republican,MO,15,977,272.0
Billy Long R-MO,Republican,MO,16,701,161.0
Billy Long R-MO,Republican,MO,17,274,50.0
Billy Long R-MO,Republican,MO,18,145,29.0
Billy Long R-MO,Republican,MO,19,82,15.0
Billy Long R-MO,Republican,MO,20,92,18.0
Billy Long R-MO,Republican,MO,21,54,7.0
Billy Long R-MO,Republican,MO,22,19,6.0
Billy Long R-MO,Republican,MO,23,4,1.0
"Bishop, Dan",Republican,NC,0,11,7.0
"Bishop, Dan",Republican,NC,1,6,4.0
"Bishop, Dan",Republican,NC,2,1,0.0
"Bishop, Dan",Republican,NC,4,1,0.0
"Bishop, Dan",Republican,NC,5,5,1.0
"Bishop, Dan",Republican,NC,6,18,7.0
"Bishop, Dan",Republican,NC,7,21,12.0
"Bishop, Dan",Republican,NC,8,80,44.0
"Bishop, Dan",Republican,NC,9,248,135.0
"Bishop, Dan",Republican,NC,10,370,196.0
"Bishop, Dan",Republican,NC,11,438,268.0
"Bishop, Dan",Republican,NC,12,386,230.0
"Bishop, Dan",Republican,NC,13,381,211.0
"Bishop, Dan",Republican,NC,14,372,194.0
"Bishop, Dan",Republican,NC,15,354,175.0
"Bishop, Dan",Republican,NC,16,290,162.0
"Bishop, Dan",Republican,NC,17,248,127.0
"Bishop, Dan",Republican,NC,18,179,91.0
"Bishop, Dan",Republican,NC,19,159,90.0
"Bishop, Dan",Republican,NC,20,139,81.0
"Bishop, Dan",Republican,NC,21,143,90.0
"Bishop, Dan",Republican,NC,22,114,64.0
"Bishop, Dan",Republican,NC,23,38,21.0
Bob Corker R-TN,Republican,TN,0,1,0.0
Bob Corker R-TN,Republican,TN,1,1,0.0
Bob Corker R-TN,Republican,TN,4,3,0.0
Bob Corker R-TN,Republican,TN,5,23,3.0
Bob Corker R-TN,Republican,TN,6,95,3.0
Bob Corker R-TN,Republican,TN,7,197,10.0
Bob Corker R-TN,Republican,TN,8,395,43.0
Bob Corker R-TN,Republican,TN,9,355,55.0
Bob Corker R-TN,Republican,TN,10,330,71.0
Bob Corker R-TN,Republican,TN,11,301,41.0
Bob Corker R-TN,Republican,TN,12,291,41.0
Bob Corker R-TN,Republican,TN,13,344,49.0
Bob Corker R-TN,Republican,TN,14,312,50.0
Bob Corker R-TN,Republican,TN,15,324,47.0
Bob Corker R-TN,Republican,TN,16,311,53.0
Bob Corker R-TN,Republican,TN,17,285,46.0
Bob Corker R-TN,Republican,TN,18,146,33.0
Bob Corker R-TN,Republican,TN,19,108,16.0
Bob Corker R-TN,Republican,TN,20,68,10.0
Bob Corker R-TN,Republican,TN,21,51,6.0
Bob Corker R-TN,Republican,TN,22,6,0.0
Bob Corker R-TN,Republican,TN,23,1,0.0
Bob Gibbs R-OH,Republican,OH,0,2,2.0
Bob Gibbs R-OH,Republican,OH,6,1,1.0
Bob Gibbs R-OH,Republican,OH,7,7,3.0
Bob Gibbs R-OH,Republican,OH,8,81,26.0
Bob Gibbs R-OH,Republican,OH,9,397,103.0
Bob Gibbs R-OH,Republican,OH,10,591,102.0
Bob Gibbs R-OH,Republican,OH,11,435,117.0
Bob Gibbs R-OH,Republican,OH,12,329,86.0
Bob Gibbs R-OH,Republican,OH,13,296,86.0
Bob Gibbs R-OH,Republican,OH,14,402,139.0
Bob Gibbs R-OH,Republican,OH,15,412,113.0
Bob Gibbs R-OH,Republican,OH,16,357,87.0
Bob Gibbs R-OH,Republican,OH,17,147,38.0
Bob Gibbs R-OH,Republican,OH,18,79,13.0
Bob Gibbs R-OH,Republican,OH,19,41,8.0
Bob Gibbs R-OH,Republican,OH,20,36,14.0
Bob Gibbs R-OH,Republican,OH,21,84,33.0
Bob Gibbs R-OH,Republican,OH,22,39,16.0
Bob Gibbs R-OH,Republican,OH,23,10,1.0
Bobby Rush D-IL,Democrat,IL,0,6,0.0
Bobby Rush D-IL,Democrat,IL,1,3,0.0
Bobby Rush D-IL,Democrat,IL,2,8,0.0
Bobby Rush D-IL,Democrat,IL,3,2,0.0
Bobby Rush D-IL,Democrat,IL,4,5,1.0
Bobby Rush D-IL,Democrat,IL,5,10,4.0
Bobby Rush D-IL,Democrat,IL,6,26,10.0
Bobby Rush D-IL,Democrat,IL,7,78,38.0
Bobby Rush D-IL,Democrat,IL,8,290,85.0
Bobby Rush D-IL,Democrat,IL,9,543,215.0
Bobby Rush D-IL,Democrat,IL,10,701,264.0
Bobby Rush D-IL,Democrat,IL,11,637,236.0
Bobby Rush D-IL,Democrat,IL,12,610,232.0
Bobby Rush D-IL,Democrat,IL,13,633,247.0
Bobby Rush D-IL,Democrat,IL,14,585,207.0
Bobby Rush D-IL,Democrat,IL,15,598,200.0
Bobby Rush D-IL,Democrat,IL,16,538,179.0
Bobby Rush D-IL,Democrat,IL,17,385,128.0
Bobby Rush D-IL,Democrat,IL,18,210,89.0
Bobby Rush D-IL,Democrat,IL,19,110,40.0
Bobby Rush D-IL,Democrat,IL,20,144,68.0
Bobby Rush D-IL,Democrat,IL,21,54,21.0
Bobby Rush D-IL,Democrat,IL,22,46,16.0
Bobby Rush D-IL,Democrat,IL,23,23,9.0
Bonnie Watson Coleman,Democrat,NJ,0,5,0.0
Bonnie Watson Coleman,Democrat,NJ,1,3,1.0
Bonnie Watson Coleman,Democrat,NJ,2,13,5.0
Bonnie Watson Coleman,Democrat,NJ,3,37,8.0
Bonnie Watson Coleman,Democrat,NJ,4,103,38.0
Bonnie Watson Coleman,Democrat,NJ,5,225,95.0
Bonnie Watson Coleman,Democrat,NJ,6,239,121.0
Bonnie Watson Coleman,Democrat,NJ,7,289,117.0
Bonnie Watson Coleman,Democrat,NJ,8,442,203.0
Bonnie Watson Coleman,Democrat,NJ,9,793,335.0
Bonnie Watson Coleman,Democrat,NJ,10,904,343.0
Bonnie Watson Coleman,Democrat,NJ,11,967,342.0
Bonnie Watson Coleman,Democrat,NJ,12,973,364.0
Bonnie Watson Coleman,Democrat,NJ,13,734,268.0
Bonnie Watson Coleman,Democrat,NJ,14,748,249.0
Bonnie Watson Coleman,Democrat,NJ,15,790,299.0
Bonnie Watson Coleman,Democrat,NJ,16,616,192.0
Bonnie Watson Coleman,Democrat,NJ,17,401,149.0
Bonnie Watson Coleman,Democrat,NJ,18,281,112.0
Bonnie Watson Coleman,Democrat,NJ,19,175,51.0
Bonnie Watson Coleman,Democrat,NJ,20,121,50.0
Bonnie Watson Coleman,Democrat,NJ,21,99,48.0
Bonnie Watson Coleman,Democrat,NJ,22,62,24.0
Bonnie Watson Coleman,Democrat,NJ,23,25,8.0
"Bowman, Jamaal",Democrat,NY,0,1,0.0
"Bowman, Jamaal",Democrat,NY,5,1,0.0
"Bowman, Jamaal",Democrat,NY,6,1,0.0
"Bowman, Jamaal",Democrat,NY,7,9,1.0
"Bowman, Jamaal",Democrat,NY,8,70,28.0
"Bowman, Jamaal",Democrat,NY,9,193,55.0
"Bowman, Jamaal",Democrat,NY,10,315,73.0
"Bowman, Jamaal",Democrat,NY,11,325,82.0
"Bowman, Jamaal",Democrat,NY,12,353,77.0
"Bowman, Jamaal",Democrat,NY,13,355,92.0
"Bowman, Jamaal",Democrat,NY,14,393,81.0
"Bowman, Jamaal",Democrat,NY,15,379,92.0
"Bowman, Jamaal",Democrat,NY,16,313,76.0
"Bowman, Jamaal",Democrat,NY,17,263,75.0
"Bowman, Jamaal",Democrat,NY,18,163,33.0
"Bowman, Jamaal",Democrat,NY,19,102,19.0
"Bowman, Jamaal",Democrat,NY,20,45,10.0
"Bowman, Jamaal",Democrat,NY,21,36,16.0
"Bowman, Jamaal",Democrat,NY,22,14,3.0
"Bowman, Jamaal",Democrat,NY,23,4,3.0
Brad Sherman,Democrat,CA,0,4,0.0
Brad Sherman,Democrat,CA,1,11,4.0
Brad Sherman,Democrat,CA,2,55,13.0
Brad Sherman,Democrat,CA,3,110,41.0
Brad Sherman,Democrat,CA,4,145,46.0
Brad Sherman,Democrat,CA,5,155,51.0
Brad Sherman,Democrat,CA,6,201,81.0
Brad Sherman,Democrat,CA,7,218,84.0
Brad Sherman,Democrat,CA,8,302,117.0
Brad Sherman,Democrat,CA,9,340,125.0
Brad Sherman,Democrat,CA,10,374,138.0
Brad Sherman,Democrat,CA,11,282,96.0
Brad Sherman,Democrat,CA,12,255,99.0
Brad Sherman,Democrat,CA,13,201,75.0
Brad Sherman,Democrat,CA,14,258,91.0
Brad Sherman,Democrat,CA,15,172,68.0
Brad Sherman,Democrat,CA,16,122,47.0
Brad Sherman,Democrat,CA,17,99,50.0
Brad Sherman,Democrat,CA,18,46,16.0
Brad Sherman,Democrat,CA,19,50,13.0
Brad Sherman,Democrat,CA,20,22,3.0
Brad Sherman,Democrat,CA,21,17,6.0
Brad Sherman,Democrat,CA,22,16,6.0
Bradley Byrne R-AL,Republican,AL,0,4,0.0
Bradley Byrne R-AL,Republican,AL,4,1,0.0
Bradley Byrne R-AL,Republican,AL,5,15,1.0
Bradley Byrne R-AL,Republican,AL,6,98,12.0
Bradley Byrne R-AL,Republican,AL,7,358,28.0
Bradley Byrne R-AL,Republican,AL,8,886,112.0
Bradley Byrne R-AL,Republican,AL,9,1124,167.0
Bradley Byrne R-AL,Republican,AL,10,1216,182.0
Bradley Byrne R-AL,Republican,AL,11,1017,169.0
Bradley Byrne R-AL,Republican,AL,12,1045,128.0
Bradley Byrne R-AL,Republican,AL,13,1118,158.0
Bradley Byrne R-AL,Republican,AL,14,1086,182.0
Bradley Byrne R-AL,Republican,AL,15,1092,162.0
Bradley Byrne R-AL,Republican,AL,16,1006,148.0
Bradley Byrne R-AL,Republican,AL,17,692,117.0
Bradley Byrne R-AL,Republican,AL,18,307,50.0
Bradley Byrne R-AL,Republican,AL,19,213,35.0
Bradley Byrne R-AL,Republican,AL,20,280,57.0
Bradley Byrne R-AL,Republican,AL,21,133,23.0
Bradley Byrne R-AL,Republican,AL,22,48,10.0
Bradley Byrne R-AL,Republican,AL,23,23,6.0
Bradley Scott Schneider,Democrat,IL,0,4,4.0
Bradley Scott Schneider,Democrat,IL,1,2,0.0
Bradley Scott Schneider,Democrat,IL,2,17,2.0
Bradley Scott Schneider,Democrat,IL,3,74,23.0
Bradley Scott Schneider,Democrat,IL,4,162,48.0
Bradley Scott Schneider,Democrat,IL,5,260,94.0
Bradley Scott Schneider,Democrat,IL,6,271,83.0
Bradley Scott Schneider,Democrat,IL,7,376,101.0
Bradley Scott Schneider,Democrat,IL,8,653,172.0
Bradley Scott Schneider,Democrat,IL,9,794,194.0
Bradley Scott Schneider,Democrat,IL,10,887,228.0
Bradley Scott Schneider,Democrat,IL,11,829,213.0
Bradley Scott Schneider,Democrat,IL,12,693,170.0
Bradley Scott Schneider,Democrat,IL,13,692,155.0
Bradley Scott Schneider,Democrat,IL,14,736,163.0
Bradley Scott Schneider,Democrat,IL,15,670,148.0
Bradley Scott Schneider,Democrat,IL,16,634,111.0
Bradley Scott Schneider,Democrat,IL,17,371,85.0
Bradley Scott Schneider,Democrat,IL,18,184,38.0
Bradley Scott Schneider,Democrat,IL,19,150,36.0
Bradley Scott Schneider,Democrat,IL,20,130,30.0
Bradley Scott Schneider,Democrat,IL,21,64,19.0
Bradley Scott Schneider,Democrat,IL,22,37,16.0
Bradley Scott Schneider,Democrat,IL,23,13,1.0
Brandon Gill,Republican,TX,0,1,1.0
Brandon Gill,Republican,TX,1,22,11.0
Brandon Gill,Republican,TX,2,53,38.0
Brandon Gill,Republican,TX,3,84,51.0
Brandon Gill,Republican,TX,4,159,103.0
Brandon Gill,Republican,TX,5,242,149.0
Brandon Gill,Republican,TX,6,239,149.0
Brandon Gill,Republican,TX,7,244,145.0
Brandon Gill,Republican,TX,8,253,139.0
Brandon Gill,Republican,TX,9,313,177.0
Brandon Gill,Republican,TX,10,257,146.0
Brandon Gill,Republican,TX,11,229,140.0
Brandon Gill,Republican,TX,12,200,115.0
Brandon Gill,Republican,TX,13,172,105.0
Brandon Gill,Republican,TX,14,167,102.0
Brandon Gill,Republican,TX,15,169,86.0
Brandon Gill,Republican,TX,16,161,84.0
Brandon Gill,Republican,TX,17,129,73.0
Brandon Gill,Republican,TX,18,44,23.0
Brandon Gill,Republican,TX,19,22,15.0
Brandon Gill,Republican,TX,20,1,0.0
Brandon Gill,Republican,TX,23,2,0.0
"Braun, Mike",Republican,IN,0,10,1.0
"Braun, Mike",Republican,IN,1,1,0.0
"Braun, Mike",Republican,IN,3,1,1.0
"Braun, Mike",Republican,IN,4,2,1.0
"Braun, Mike",Republican,IN,5,3,1.0
"Braun, Mike",Republican,IN,6,4,1.0
"Braun, Mike",Republican,IN,7,46,12.0
"Braun, Mike",Republican,IN,8,172,58.0
"Braun, Mike",Republican,IN,9,391,113.0
"Braun, Mike",Republican,IN,10,377,155.0
"Braun, Mike",Republican,IN,11,445,162.0
"Braun, Mike",Republican,IN,12,426,157.0
"Braun, Mike",Republican,IN,13,384,159.0
"Braun, Mike",Republican,IN,14,453,173.0
"Braun, Mike",Republican,IN,15,416,146.0
"Braun, Mike",Republican,IN,16,413,174.0
"Braun, Mike",Republican,IN,17,338,120.0
"Braun, Mike",Republican,IN,18,204,84.0
"Braun, Mike",Republican,IN,19,106,33.0
"Braun, Mike",Republican,IN,20,91,34.0
"Braun, Mike",Republican,IN,21,86,33.0
"Braun, Mike",Republican,IN,22,82,39.0
"Braun, Mike",Republican,IN,23,29,7.0
Brenda Lawrence D-MI,Democrat,MI,0,5,1.0
Brenda Lawrence D-MI,Democrat,MI,1,1,0.0
Brenda Lawrence D-MI,Democrat,MI,2,1,0.0
Brenda Lawrence D-MI,Democrat,MI,5,5,0.0
Brenda Lawrence D-MI,Democrat,MI,6,45,7.0
Brenda Lawrence D-MI,Democrat,MI,7,83,22.0
Brenda Lawrence D-MI,Democrat,MI,8,189,35.0
Brenda Lawrence D-MI,Democrat,MI,9,489,152.0
Brenda Lawrence D-MI,Democrat,MI,10,500,132.0
Brenda Lawrence D-MI,Democrat,MI,11,434,111.0
Brenda Lawrence D-MI,Democrat,MI,12,408,104.0
Brenda Lawrence D-MI,Democrat,MI,13,433,135.0
Brenda Lawrence D-MI,Democrat,MI,14,441,122.0
Brenda Lawrence D-MI,Democrat,MI,15,389,100.0
Brenda Lawrence D-MI,Democrat,MI,16,349,106.0
Brenda Lawrence D-MI,Democrat,MI,17,196,49.0
Brenda Lawrence D-MI,Democrat,MI,18,195,41.0
Brenda Lawrence D-MI,Democrat,MI,19,137,24.0
Brenda Lawrence D-MI,Democrat,MI,20,92,17.0
Brenda Lawrence D-MI,Democrat,MI,21,110,38.0
Brenda Lawrence D-MI,Democrat,MI,22,44,9.0
Brenda Lawrence D-MI,Democrat,MI,23,12,2.0
Brendan F. Boyle,Democrat,PA,0,120,44.0
Brendan F. Boyle,Democrat,PA,1,39,11.0
Brendan F. Boyle,Democrat,PA,2,36,10.0
Brendan F. Boyle,Democrat,PA,3,96,28.0
Brendan F. Boyle,Democrat,PA,4,182,68.0
Brendan F. Boyle,Democrat,PA,5,280,96.0
Brendan F. Boyle,Democrat,PA,6,379,137.0
Brendan F. Boyle,Democrat,PA,7,433,169.0
Brendan F. Boyle,Democrat,PA,8,658,218.0
Brendan F. Boyle,Democrat,PA,9,911,296.0
Brendan F. Boyle,Democrat,PA,10,923,288.0
Brendan F. Boyle,Democrat,PA,11,948,266.0
Brendan F. Boyle,Democrat,PA,12,936,285.0
Brendan F. Boyle,Democrat,PA,13,898,265.0
Brendan F. Boyle,Democrat,PA,14,857,252.0
Brendan F. Boyle,Democrat,PA,15,856,221.0
Brendan F. Boyle,Democrat,PA,16,931,267.0
Brendan F. Boyle,Democrat,PA,17,791,238.0
Brendan F. Boyle,Democrat,PA,18,750,208.0
Brendan F. Boyle,Democrat,PA,19,719,197.0
Brendan F. Boyle,Democrat,PA,20,657,191.0
Brendan F. Boyle,Democrat,PA,21,814,261.0
Brendan F. Boyle,Democrat,PA,22,825,258.0
Brendan F. Boyle,Democrat,PA,23,476,157.0
Brett Guthrie,Republican,KY,0,1,1.0
Brett Guthrie,Republican,KY,2,7,1.0
Brett Guthrie,Republican,KY,3,29,4.0
Brett Guthrie,Republican,KY,4,73,11.0
Brett Guthrie,Republican,KY,5,130,19.0
Brett Guthrie,Republican,KY,6,183,38.0
Brett Guthrie,Republican,KY,7,152,42.0
Brett Guthrie,Republican,KY,8,193,41.0
Brett Guthrie,Republican,KY,9,285,37.0
Brett Guthrie,Republican,KY,10,428,65.0
Brett Guthrie,Republican,KY,11,380,66.0
Brett Guthrie,Republican,KY,12,374,57.0
Brett Guthrie,Republican,KY,13,421,72.0
Brett Guthrie,Republican,KY,14,285,64.0
Brett Guthrie,Republican,KY,15,299,60.0
Brett Guthrie,Republican,KY,16,328,63.0
Brett Guthrie,Republican,KY,17,313,53.0
Brett Guthrie,Republican,KY,18,167,39.0
Brett Guthrie,Republican,KY,19,157,31.0
Brett Guthrie,Republican,KY,20,58,18.0
Brett Guthrie,Republican,KY,21,40,5.0
Brett Guthrie,Republican,KY,22,16,3.0
Brett Guthrie,Republican,KY,23,3,0.0
Brian Babin,Republican,TX,1,4,1.0
Brian Babin,Republican,TX,2,19,12.0
Brian Babin,Republican,TX,3,54,24.0
Brian Babin,Republican,TX,4,133,68.0
Brian Babin,Republican,TX,5,208,113.0
Brian Babin,Republican,TX,6,238,119.0
Brian Babin,Republican,TX,7,330,147.0
Brian Babin,Republican,TX,8,569,193.0
Brian Babin,Republican,TX,9,626,261.0
Brian Babin,Republican,TX,10,661,284.0
Brian Babin,Republican,TX,11,557,289.0
Brian Babin,Republican,TX,12,597,272.0
Brian Babin,Republican,TX,13,492,242.0
Brian Babin,Republican,TX,14,448,211.0
Brian Babin,Republican,TX,15,462,197.0
Brian Babin,Republican,TX,16,392,182.0
Brian Babin,Republican,TX,17,246,129.0
Brian Babin,Republican,TX,18,139,69.0
Brian Babin,Republican,TX,19,105,50.0
Brian Babin,Republican,TX,20,89,46.0
Brian Babin,Republican,TX,21,38,19.0
Brian Babin,Republican,TX,22,12,3.0
Brian Babin,Republican,TX,23,1,1.0
Brian J. Mast,Republican,FL,0,7,4.0
Brian J. Mast,Republican,FL,1,3,2.0
Brian J. Mast,Republican,FL,2,38,8.0
Brian J. Mast,Republican,FL,3,121,40.0
Brian J. Mast,Republican,FL,4,590,179.0
Brian J. Mast,Republican,FL,5,734,205.0
Brian J. Mast,Republican,FL,6,412,160.0
Brian J. Mast,Republican,FL,7,485,205.0
Brian J. Mast,Republican,FL,8,635,231.0
Brian J. Mast,Republican,FL,9,861,336.0
Brian J. Mast,Republican,FL,10,974,354.0
Brian J. Mast,Republican,FL,11,1055,358.0
Brian J. Mast,Republican,FL,12,831,321.0
Brian J. Mast,Republican,FL,13,935,359.0
Brian J. Mast,Republican,FL,14,787,300.0
Brian J. Mast,Republican,FL,15,822,321.0
Brian J. Mast,Republican,FL,16,617,212.0
Brian J. Mast,Republican,FL,17,624,262.0
Brian J. Mast,Republican,FL,18,434,186.0
Brian J. Mast,Republican,FL,19,411,212.0
Brian J. Mast,Republican,FL,20,214,96.0
Brian J. Mast,Republican,FL,21,119,56.0
Brian J. Mast,Republican,FL,22,44,16.0
Brian J. Mast,Republican,FL,23,11,7.0
Brian K. Fitzpatrick,Republican,PA,1,2,0.0
Brian K. Fitzpatrick,Republican,PA,2,10,5.0
Brian K. Fitzpatrick,Republican,PA,3,43,10.0
Brian K. Fitzpatrick,Republican,PA,4,111,18.0
Brian K. Fitzpatrick,Republican,PA,5,245,25.0
Brian K. Fitzpatrick,Republican,PA,6,204,26.0
Brian K. Fitzpatrick,Republican,PA,7,295,42.0
Brian K. Fitzpatrick,Republican,PA,8,563,67.0
Brian K. Fitzpatrick,Republican,PA,9,694,69.0
Brian K. Fitzpatrick,Republican,PA,10,629,75.0
Brian K. Fitzpatrick,Republican,PA,11,613,91.0
Brian K. Fitzpatrick,Republican,PA,12,968,87.0
Brian K. Fitzpatrick,Republican,PA,13,546,59.0
Brian K. Fitzpatrick,Republican,PA,14,586,54.0
Brian K. Fitzpatrick,Republican,PA,15,469,54.0
Brian K. Fitzpatrick,Republican,PA,16,596,58.0
Brian K. Fitzpatrick,Republican,PA,17,369,57.0
Brian K. Fitzpatrick,Republican,PA,18,336,38.0
Brian K. Fitzpatrick,Republican,PA,19,129,14.0
Brian K. Fitzpatrick,Republican,PA,20,76,8.0
Brian K. Fitzpatrick,Republican,PA,21,40,5.0
Brian K. Fitzpatrick,Republican,PA,22,29,8.0
Brian K. Fitzpatrick,Republican,PA,23,5,1.0
Brian Schatz,Democrat,HI,0,246,101.0
Brian Schatz,Democrat,HI,1,313,121.0
Brian Schatz,Democrat,HI,2,353,174.0
Brian Schatz,Democrat,HI,3,510,221.0
Brian Schatz,Democrat,HI,4,555,197.0
Brian Schatz,Democrat,HI,5,765,263.0
Brian Schatz,Democrat,HI,6,542,209.0
Brian Schatz,Democrat,HI,7,613,232.0
Brian Schatz,Democrat,HI,8,642,236.0
Brian Schatz,Democrat,HI,9,677,213.0
Brian Schatz,Democrat,HI,10,742,210.0
Brian Schatz,Democrat,HI,11,1034,340.0
Brian Schatz,Democrat,HI,12,690,246.0
Brian Schatz,Democrat,HI,13,553,201.0
Brian Schatz,Democrat,HI,14,289,72.0
Brian Schatz,Democrat,HI,15,213,41.0
Brian Schatz,Democrat,HI,16,105,23.0
Brian Schatz,Democrat,HI,17,74,17.0
Brian Schatz,Democrat,HI,18,46,10.0
Brian Schatz,Democrat,HI,19,18,5.0
Brian Schatz,Democrat,HI,20,14,7.0
Brian Schatz,Democrat,HI,21,71,34.0
Brian Schatz,Democrat,HI,22,125,63.0
Brian Schatz,Democrat,HI,23,173,81.0
"Brown, Sherrod",Democrat,OH,0,9,1.0
"Brown, Sherrod",Democrat,OH,1,4,2.0
"Brown, Sherrod",Democrat,OH,2,3,1.0
"Brown, Sherrod",Democrat,OH,5,2,0.0
"Brown, Sherrod",Democrat,OH,6,8,0.0
"Brown, Sherrod",Democrat,OH,7,37,12.0
"Brown, Sherrod",Democrat,OH,8,95,15.0
"Brown, Sherrod",Democrat,OH,9,616,157.0
"Brown, Sherrod",Democrat,OH,10,944,249.0
"Brown, Sherrod",Democrat,OH,11,899,241.0
"Brown, Sherrod",Democrat,OH,12,906,257.0
"Brown, Sherrod",Democrat,OH,13,861,265.0
"Brown, Sherrod",Democrat,OH,14,988,268.0
"Brown, Sherrod",Democrat,OH,15,985,279.0
"Brown, Sherrod",Democrat,OH,16,926,290.0
"Brown, Sherrod",Democrat,OH,17,735,211.0
"Brown, Sherrod",Democrat,OH,18,620,185.0
"Brown, Sherrod",Democrat,OH,19,353,98.0
"Brown, Sherrod",Democrat,OH,20,206,68.0
"Brown, Sherrod",Democrat,OH,21,156,43.0
"Brown, Sherrod",Democrat,OH,22,92,30.0
"Brown, Sherrod",Democrat,OH,23,37,6.0
Bruce Westerman,Republican,AR,0,1,0.0
Bruce Westerman,Republican,AR,1,3,0.0
Bruce Westerman,Republican,AR,2,9,0.0
Bruce Westerman,Republican,AR,3,50,4.0
Bruce Westerman,Republican,AR,4,109,9.0
Bruce Westerman,Republican,AR,5,104,11.0
Bruce Westerman,Republican,AR,6,127,15.0
Bruce Westerman,Republican,AR,7,191,13.0
Bruce Westerman,Republican,AR,8,454,35.0
Bruce Westerman,Republican,AR,9,627,59.0
Bruce Westerman,Republican,AR,10,547,51.0
Bruce Westerman,Republican,AR,11,469,59.0
Bruce Westerman,Republican,AR,12,477,44.0
Bruce Westerman,Republican,AR,13,498,58.0
Bruce Westerman,Republican,AR,14,426,49.0
Bruce Westerman,Republican,AR,15,455,43.0
Bruce Westerman,Republican,AR,16,421,40.0
Bruce Westerman,Republican,AR,17,206,26.0
Bruce Westerman,Republican,AR,18,149,17.0
Bruce Westerman,Republican,AR,19,93,14.0
Bruce Westerman,Republican,AR,20,98,14.0
Bruce Westerman,Republican,AR,21,51,10.0
Bruce Westerman,Republican,AR,22,18,2.0
Bruce Westerman,Republican,AR,23,7,0.0
Bryan Steil,Republican,WI,0,4,1.0
Bryan Steil,Republican,WI,1,5,2.0
Bryan Steil,Republican,WI,2,13,3.0
Bryan Steil,Republican,WI,3,102,30.0
Bryan Steil,Republican,WI,4,166,47.0
Bryan Steil,Republican,WI,5,251,62.0
Bryan Steil,Republican,WI,6,309,69.0
Bryan Steil,Republican,WI,7,325,57.0
Bryan Steil,Republican,WI,8,711,168.0
Bryan Steil,Republican,WI,9,683,132.0
Bryan Steil,Republican,WI,10,707,150.0
Bryan Steil,Republican,WI,11,594,125.0
Bryan Steil,Republican,WI,12,566,114.0
Bryan Steil,Republican,WI,13,510,102.0
Bryan Steil,Republican,WI,14,517,102.0
Bryan Steil,Republican,WI,15,488,91.0
Bryan Steil,Republican,WI,16,317,69.0
Bryan Steil,Republican,WI,17,252,48.0
Bryan Steil,Republican,WI,18,252,39.0
Bryan Steil,Republican,WI,19,218,34.0
Bryan Steil,Republican,WI,20,87,17.0
Bryan Steil,Republican,WI,21,27,2.0
Bryan Steil,Republican,WI,22,12,4.0
"Bucshon, Larry",Republican,IN,0,14,8.0
"Bucshon, Larry",Republican,IN,1,3,1.0
"Bucshon, Larry",Republican,IN,3,1,0.0
"Bucshon, Larry",Republican,IN,5,1,0.0
"Bucshon, Larry",Republican,IN,6,1,0.0
"Bucshon, Larry",Republican,IN,7,24,3.0
"Bucshon, Larry",Republican,IN,8,225,18.0
"Bucshon, Larry",Republican,IN,9,531,71.0
"Bucshon, Larry",Republican,IN,10,739,85.0
"Bucshon, Larry",Republican,IN,11,756,107.0
"Bucshon, Larry",Republican,IN,12,630,119.0
"Bucshon, Larry",Republican,IN,13,597,106.0
"Bucshon, Larry",Republican,IN,14,589,98.0
"Bucshon, Larry",Republican,IN,15,656,109.0
"Bucshon, Larry",Republican,IN,16,645,118.0
"Bucshon, Larry",Republican,IN,17,588,105.0
"Bucshon, Larry",Republican,IN,18,324,54.0
"Bucshon, Larry",Republican,IN,19,129,32.0
"Bucshon, Larry",Republican,IN,20,101,36.0
"Bucshon, Larry",Republican,IN,21,124,40.0
"Bucshon, Larry",Republican,IN,22,101,32.0
"Bucshon, Larry",Republican,IN,23,53,21.0
"Budd, Ted",Republican,NC,1,1,1.0
"Budd, Ted",Republican,NC,3,1,0.0
"Budd, Ted",Republican,NC,4,1,0.0
"Budd, Ted",Republican,NC,6,1,0.0
"Budd, Ted",Republican,NC,7,30,6.0
"Budd, Ted",Republican,NC,8,107,26.0
"Budd, Ted",Republican,NC,9,423,109.0
"Budd, Ted",Republican,NC,10,590,153.0
"Budd, Ted",Republican,NC,11,531,152.0
"Budd, Ted",Republican,NC,12,467,143.0
"Budd, Ted",Republican,NC,13,411,141.0
"Budd, Ted",Republican,NC,14,418,127.0
"Budd, Ted",Republican,NC,15,364,82.0
"Budd, Ted",Republican,NC,16,341,70.0
"Budd, Ted",Republican,NC,17,226,81.0
"Budd, Ted",Republican,NC,18,93,35.0
"Budd, Ted",Republican,NC,19,76,13.0
"Budd, Ted",Republican,NC,20,76,18.0
"Budd, Ted",Republican,NC,21,60,17.0
"Budd, Ted",Republican,NC,22,36,13.0
"Budd, Ted",Republican,NC,23,13,8.0
Burgess Owens,Republican,UT,0,10,3.0
Burgess Owens,Republican,UT,1,29,11.0
Burgess Owens,Republican,UT,2,113,39.0
Burgess Owens,Republican,UT,3,268,101.0
Burgess Owens,Republican,UT,4,459,164.0
Burgess Owens,Republican,UT,5,500,186.0
Burgess Owens,Republican,UT,6,520,191.0
Burgess Owens,Republican,UT,7,498,186.0
Burgess Owens,Republican,UT,8,676,246.0
Burgess Owens,Republican,UT,9,606,216.0
Burgess Owens,Republican,UT,10,533,196.0
Burgess Owens,Republican,UT,11,493,193.0
Burgess Owens,Republican,UT,12,501,191.0
Burgess Owens,Republican,UT,13,423,174.0
Burgess Owens,Republican,UT,14,381,151.0
Burgess Owens,Republican,UT,15,269,119.0
Burgess Owens,Republican,UT,16,174,51.0
Burgess Owens,Republican,UT,17,162,56.0
Burgess Owens,Republican,UT,18,96,26.0
Burgess Owens,Republican,UT,19,66,20.0
Burgess Owens,Republican,UT,20,33,7.0
Burgess Owens,Republican,UT,21,15,4.0
Burgess Owens,Republican,UT,22,17,7.0
Burgess Owens,Republican,UT,23,7,4.0
Byron Donalds,Republican,FL,1,3,0.0
Byron Donalds,Republican,FL,2,35,13.0
Byron Donalds,Republican,FL,3,75,28.0
Byron Donalds,Republican,FL,4,165,82.0
Byron Donalds,Republican,FL,5,265,109.0
Byron Donalds,Republican,FL,6,375,172.0
Byron Donalds,Republican,FL,7,373,177.0
Byron Donalds,Republican,FL,8,353,160.0
Byron Donalds,Republican,FL,9,381,177.0
Byron Donalds,Republican,FL,10,422,206.0
Byron Donalds,Republican,FL,11,450,200.0
Byron Donalds,Republican,FL,12,393,176.0
Byron Donalds,Republican,FL,13,314,132.0
Byron Donalds,Republican,FL,14,234,108.0
Byron Donalds,Republican,FL,15,187,86.0
Byron Donalds,Republican,FL,16,145,65.0
Byron Donalds,Republican,FL,17,115,59.0
Byron Donalds,Republican,FL,18,77,36.0
Byron Donalds,Republican,FL,19,46,20.0
Byron Donalds,Republican,FL,20,17,12.0
Byron Donalds,Republican,FL,21,13,4.0
Byron Donalds,Republican,FL,22,8,7.0
Byron Donalds,Republican,FL,23,3,0.0
"Cardenas, Tony",Democrat,CA,0,1,0.0
"Cardenas, Tony",Democrat,CA,1,1,0.0
"Cardenas, Tony",Democrat,CA,2,1,1.0
"Cardenas, Tony",Democrat,CA,3,4,2.0
"Cardenas, Tony",Democrat,CA,4,20,6.0
"Cardenas, Tony",Democrat,CA,5,87,18.0
"Cardenas, Tony",Democrat,CA,6,633,109.0
"Cardenas, Tony",Democrat,CA,7,673,136.0
"Cardenas, Tony",Democrat,CA,8,870,187.0
"Cardenas, Tony",Democrat,CA,9,1023,216.0
"Cardenas, Tony",Democrat,CA,10,889,213.0
"Cardenas, Tony",Democrat,CA,11,1098,214.0
"Cardenas, Tony",Democrat,CA,12,1070,213.0
"Cardenas, Tony",Democrat,CA,13,959,209.0
"Cardenas, Tony",Democrat,CA,14,932,177.0
"Cardenas, Tony",Democrat,CA,15,585,95.0
"Cardenas, Tony",Democrat,CA,16,387,103.0
"Cardenas, Tony",Democrat,CA,17,405,91.0
"Cardenas, Tony",Democrat,CA,18,306,63.0
"Cardenas, Tony",Democrat,CA,19,137,35.0
"Cardenas, Tony",Democrat,CA,20,101,17.0
"Cardenas, Tony",Democrat,CA,21,68,6.0
"Cardenas, Tony",Democrat,CA,22,9,3.0
"Cardenas, Tony",Democrat,CA,23,3,1.0
"Cardin, Benjamin",Democrat,MD,0,23,7.0
"Cardin, Benjamin",Democrat,MD,1,8,3.0
"Cardin, Benjamin",Democrat,MD,2,9,2.0
"Cardin, Benjamin",Democrat,MD,3,4,0.0
"Cardin, Benjamin",Democrat,MD,4,4,1.0
"Cardin, Benjamin",Democrat,MD,5,16,3.0
"Cardin, Benjamin",Democrat,MD,6,25,3.0
"Cardin, Benjamin",Democrat,MD,7,90,9.0
"Cardin, Benjamin",Democrat,MD,8,268,39.0
"Cardin, Benjamin",Democrat,MD,9,762,116.0
"Cardin, Benjamin",Democrat,MD,10,1330,256.0
"Cardin, Benjamin",Democrat,MD,11,1478,305.0
"Cardin, Benjamin",Democrat,MD,12,1574,344.0
"Cardin, Benjamin",Democrat,MD,13,1169,262.0
"Cardin, Benjamin",Democrat,MD,14,1318,325.0
"Cardin, Benjamin",Democrat,MD,15,1451,376.0
"Cardin, Benjamin",Democrat,MD,16,1377,370.0
"Cardin, Benjamin",Democrat,MD,17,1280,350.0
"Cardin, Benjamin",Democrat,MD,18,714,205.0
"Cardin, Benjamin",Democrat,MD,19,400,102.0
"Cardin, Benjamin",Democrat,MD,20,222,50.0
"Cardin, Benjamin",Democrat,MD,21,258,67.0
"Cardin, Benjamin",Democrat,MD,22,160,45.0
"Cardin, Benjamin",Democrat,MD,23,94,26.0
Carlos A. Gimenez,Republican,FL,0,22,5.0
Carlos A. Gimenez,Republican,FL,1,23,8.0
Carlos A. Gimenez,Republican,FL,2,50,9.0
Carlos A. Gimenez,Republican,FL,3,123,33.0
Carlos A. Gimenez,Republican,FL,4,250,70.0
Carlos A. Gimenez,Republican,FL,5,396,132.0
Carlos A. Gimenez,Republican,FL,6,474,165.0
Carlos A. Gimenez,Republican,FL,7,509,164.0
Carlos A. Gimenez,Republican,FL,8,479,176.0
Carlos A. Gimenez,Republican,FL,9,570,202.0
Carlos A. Gimenez,Republican,FL,10,666,219.0
Carlos A. Gimenez,Republican,FL,11,629,237.0
Carlos A. Gimenez,Republican,FL,12,568,194.0
Carlos A. Gimenez,Republican,FL,13,484,178.0
Carlos A. Gimenez,Republican,FL,14,476,163.0
Carlos A. Gimenez,Republican,FL,15,465,179.0
Carlos A. Gimenez,Republican,FL,16,411,137.0
Carlos A. Gimenez,Republican,FL,17,332,113.0
Carlos A. Gimenez,Republican,FL,18,269,82.0
Carlos A. Gimenez,Republican,FL,19,167,47.0
Carlos A. Gimenez,Republican,FL,20,113,47.0
Carlos A. Gimenez,Republican,FL,21,88,39.0
Carlos A. Gimenez,Republican,FL,22,52,21.0
Carlos A. Gimenez,Republican,FL,23,28,7.0
Carlos Curbelo R-FL,Republican,FL,0,9,1.0
Carlos Curbelo R-FL,Republican,FL,1,2,0.0
Carlos Curbelo R-FL,Republican,FL,4,1,0.0
Carlos Curbelo R-FL,Republican,FL,5,1,0.0
Carlos Curbelo R-FL,Republican,FL,6,14,1.0
Carlos Curbelo R-FL,Republican,FL,7,35,2.0
Carlos Curbelo R-FL,Republican,FL,8,85,5.0
Carlos Curbelo R-FL,Republican,FL,9,273,23.0
Carlos Curbelo R-FL,Republican,FL,10,322,31.0
Carlos Curbelo R-FL,Republican,FL,11,365,33.0
Carlos Curbelo R-FL,Republican,FL,12,329,36.0
Carlos Curbelo R-FL,Republican,FL,13,276,19.0
Carlos Curbelo R-FL,Republican,FL,14,341,34.0
Carlos Curbelo R-FL,Republican,FL,15,297,32.0
Carlos Curbelo R-FL,Republican,FL,16,294,27.0
Carlos Curbelo R-FL,Republican,FL,17,304,31.0
Carlos Curbelo R-FL,Republican,FL,18,227,38.0
Carlos Curbelo R-FL,Republican,FL,19,148,13.0
Carlos Curbelo R-FL,Republican,FL,20,117,16.0
Carlos Curbelo R-FL,Republican,FL,21,68,10.0
Carlos Curbelo R-FL,Republican,FL,22,38,9.0
Carlos Curbelo R-FL,Republican,FL,23,24,4.0
Carol D. Miller,Republican,WV,0,3,2.0
Carol D. Miller,Republican,WV,1,1,0.0
Carol D. Miller,Republican,WV,2,3,0.0
Carol D. Miller,Republican,WV,3,3,0.0
Carol D. Miller,Republican,WV,4,25,4.0
Carol D. Miller,Republican,WV,5,59,11.0
Carol D. Miller,Republican,WV,6,78,15.0
Carol D. Miller,Republican,WV,7,113,27.0
Carol D. Miller,Republican,WV,8,95,18.0
Carol D. Miller,Republican,WV,9,268,48.0
Carol D. Miller,Republican,WV,10,423,81.0
Carol D. Miller,Republican,WV,11,459,90.0
Carol D. Miller,Republican,WV,12,349,87.0
Carol D. Miller,Republican,WV,13,322,77.0
Carol D. Miller,Republican,WV,14,376,90.0
Carol D. Miller,Republican,WV,15,366,62.0
Carol D. Miller,Republican,WV,16,324,56.0
Carol D. Miller,Republican,WV,17,169,39.0
Carol D. Miller,Republican,WV,18,72,17.0
Carol D. Miller,Republican,WV,19,46,9.0
Carol D. Miller,Republican,WV,20,39,12.0
Carol D. Miller,Republican,WV,21,30,6.0
Carol D. Miller,Republican,WV,22,19,5.0
Carol D. Miller,Republican,WV,23,5,2.0
Carolyn Maloney D-NY,Democrat,NY,0,8,2.0
Carolyn Maloney D-NY,Democrat,NY,3,2,1.0
Carolyn Maloney D-NY,Democrat,NY,5,3,1.0
Carolyn Maloney D-NY,Democrat,NY,6,10,1.0
Carolyn Maloney D-NY,Democrat,NY,7,25,4.0
Carolyn Maloney D-NY,Democrat,NY,8,182,64.0
Carolyn Maloney D-NY,Democrat,NY,9,714,202.0
Carolyn Maloney D-NY,Democrat,NY,10,1025,250.0
Carolyn Maloney D-NY,Democrat,NY,11,1278,372.0
Carolyn Maloney D-NY,Democrat,NY,12,1298,369.0
Carolyn Maloney D-NY,Democrat,NY,13,1448,460.0
Carolyn Maloney D-NY,Democrat,NY,14,1722,512.0
Carolyn Maloney D-NY,Democrat,NY,15,2032,525.0
Carolyn Maloney D-NY,Democrat,NY,16,1836,523.0
Carolyn Maloney D-NY,Democrat,NY,17,1524,436.0
Carolyn Maloney D-NY,Democrat,NY,18,1005,262.0
Carolyn Maloney D-NY,Democrat,NY,19,632,144.0
Carolyn Maloney D-NY,Democrat,NY,20,402,88.0
Carolyn Maloney D-NY,Democrat,NY,21,221,55.0
Carolyn Maloney D-NY,Democrat,NY,22,83,22.0
Carolyn Maloney D-NY,Democrat,NY,23,22,7.0
"Carper, Thomas ",Democrat,DE,0,24,3.0
"Carper, Thomas ",Democrat,DE,1,13,1.0
"Carper, Thomas ",Democrat,DE,2,3,1.0
"Carper, Thomas ",Democrat,DE,3,1,1.0
"Carper, Thomas ",Democrat,DE,5,2,1.0
"Carper, Thomas ",Democrat,DE,6,5,1.0
"Carper, Thomas ",Democrat,DE,7,28,4.0
"Carper, Thomas ",Democrat,DE,8,161,25.0
"Carper, Thomas ",Democrat,DE,9,700,97.0
"Carper, Thomas ",Democrat,DE,10,1201,207.0
"Carper, Thomas ",Democrat,DE,11,1285,231.0
"Carper, Thomas ",Democrat,DE,12,1176,204.0
"Carper, Thomas ",Democrat,DE,13,1105,224.0
"Carper, Thomas ",Democrat,DE,14,1289,239.0
"Carper, Thomas ",Democrat,DE,15,1229,184.0
"Carper, Thomas ",Democrat,DE,16,1253,250.0
"Carper, Thomas ",Democrat,DE,17,1171,205.0
"Carper, Thomas ",Democrat,DE,18,820,175.0
"Carper, Thomas ",Democrat,DE,19,432,119.0
"Carper, Thomas ",Democrat,DE,20,286,66.0
"Carper, Thomas ",Democrat,DE,21,215,49.0
"Carper, Thomas ",Democrat,DE,22,101,30.0
"Carper, Thomas ",Democrat,DE,23,83,12.0
"Cartwright, Matt",Democrat,PA,0,3,2.0
"Cartwright, Matt",Democrat,PA,1,19,2.0
"Cartwright, Matt",Democrat,PA,2,1,0.0
"Cartwright, Matt",Democrat,PA,3,2,1.0
"Cartwright, Matt",Democrat,PA,5,1,0.0
"Cartwright, Matt",Democrat,PA,6,5,1.0
"Cartwright, Matt",Democrat,PA,7,13,3.0
"Cartwright, Matt",Democrat,PA,8,64,7.0
"Cartwright, Matt",Democrat,PA,9,313,66.0
"Cartwright, Matt",Democrat,PA,10,446,63.0
"Cartwright, Matt",Democrat,PA,11,484,100.0
"Cartwright, Matt",Democrat,PA,12,462,69.0
"Cartwright, Matt",Democrat,PA,13,439,81.0
"Cartwright, Matt",Democrat,PA,14,502,69.0
"Cartwright, Matt",Democrat,PA,15,357,62.0
"Cartwright, Matt",Democrat,PA,16,335,48.0
"Cartwright, Matt",Democrat,PA,17,289,59.0
"Cartwright, Matt",Democrat,PA,18,178,53.0
"Cartwright, Matt",Democrat,PA,19,75,16.0
"Cartwright, Matt",Democrat,PA,20,62,14.0
"Cartwright, Matt",Democrat,PA,21,63,13.0
"Cartwright, Matt",Democrat,PA,22,41,4.0
"Cartwright, Matt",Democrat,PA,23,20,2.0
"Casey, Robert Jr.",Democrat,PA,0,30,14.0
"Casey, Robert Jr.",Democrat,PA,1,17,8.0
"Casey, Robert Jr.",Democrat,PA,2,3,0.0
"Casey, Robert Jr.",Democrat,PA,3,1,0.0
"Casey, Robert Jr.",Democrat,PA,5,2,1.0
"Casey, Robert Jr.",Democrat,PA,6,6,2.0
"Casey, Robert Jr.",Democrat,PA,7,31,7.0
"Casey, Robert Jr.",Democrat,PA,8,215,28.0
"Casey, Robert Jr.",Democrat,PA,9,1052,270.0
"Casey, Robert Jr.",Democrat,PA,10,1370,367.0
"Casey, Robert Jr.",Democrat,PA,11,1595,456.0
"Casey, Robert Jr.",Democrat,PA,12,1499,401.0
"Casey, Robert Jr.",Democrat,PA,13,1563,479.0
"Casey, Robert Jr.",Democrat,PA,14,1513,391.0
"Casey, Robert Jr.",Democrat,PA,15,1471,458.0
"Casey, Robert Jr.",Democrat,PA,16,1317,449.0
"Casey, Robert Jr.",Democrat,PA,17,1266,391.0
"Casey, Robert Jr.",Democrat,PA,18,799,242.0
"Casey, Robert Jr.",Democrat,PA,19,489,147.0
"Casey, Robert Jr.",Democrat,PA,20,383,144.0
"Casey, Robert Jr.",Democrat,PA,21,271,91.0
"Casey, Robert Jr.",Democrat,PA,22,178,72.0
"Casey, Robert Jr.",Democrat,PA,23,83,26.0
Catherine Cortez Masto,Democrat,NV,0,5,0.0
Catherine Cortez Masto,Democrat,NV,1,46,17.0
Catherine Cortez Masto,Democrat,NV,2,220,84.0
Catherine Cortez Masto,Democrat,NV,3,446,174.0
Catherine Cortez Masto,Democrat,NV,4,362,117.0
Catherine Cortez Masto,Democrat,NV,5,491,165.0
Catherine Cortez Masto,Democrat,NV,6,736,229.0
Catherine Cortez Masto,Democrat,NV,7,1249,355.0
Catherine Cortez Masto,Democrat,NV,8,1300,345.0
Catherine Cortez Masto,Democrat,NV,9,1327,357.0
Catherine Cortez Masto,Democrat,NV,10,1226,333.0
Catherine Cortez Masto,Democrat,NV,11,1258,311.0
Catherine Cortez Masto,Democrat,NV,12,1240,337.0
Catherine Cortez Masto,Democrat,NV,13,1256,295.0
Catherine Cortez Masto,Democrat,NV,14,1336,355.0
Catherine Cortez Masto,Democrat,NV,15,1105,304.0
Catherine Cortez Masto,Democrat,NV,16,774,163.0
Catherine Cortez Masto,Democrat,NV,17,543,107.0
Catherine Cortez Masto,Democrat,NV,18,451,79.0
Catherine Cortez Masto,Democrat,NV,19,277,74.0
Catherine Cortez Masto,Democrat,NV,20,94,23.0
Catherine Cortez Masto,Democrat,NV,21,21,6.0
Catherine Cortez Masto,Democrat,NV,22,7,2.0
Catherine Cortez Masto,Democrat,NV,23,4,1.0
Charles E. Schumer,Democrat,NY,0,75,24.0
Charles E. Schumer,Democrat,NY,1,30,16.0
Charles E. Schumer,Democrat,NY,2,17,6.0
Charles E. Schumer,Democrat,NY,3,47,20.0
Charles E. Schumer,Democrat,NY,4,165,82.0
Charles E. Schumer,Democrat,NY,5,302,138.0
Charles E. Schumer,Democrat,NY,6,518,259.0
Charles E. Schumer,Democrat,NY,7,851,371.0
Charles E. Schumer,Democrat,NY,8,1337,644.0
Charles E. Schumer,Democrat,NY,9,1863,873.0
Charles E. Schumer,Democrat,NY,10,2536,1148.0
Charles E. Schumer,Democrat,NY,11,2686,1136.0
Charles E. Schumer,Democrat,NY,12,3025,1232.0
Charles E. Schumer,Democrat,NY,13,2866,1169.0
Charles E. Schumer,Democrat,NY,14,2787,1105.0
Charles E. Schumer,Democrat,NY,15,2631,1049.0
Charles E. Schumer,Democrat,NY,16,2283,848.0
Charles E. Schumer,Democrat,NY,17,2108,752.0
Charles E. Schumer,Democrat,NY,18,1760,677.0
Charles E. Schumer,Democrat,NY,19,1385,481.0
Charles E. Schumer,Democrat,NY,20,1090,385.0
Charles E. Schumer,Democrat,NY,21,851,268.0
Charles E. Schumer,Democrat,NY,22,654,187.0
Charles E. Schumer,Democrat,NY,23,414,88.0
"Charles J. ""Chuck"" Fleischmann",Republican,TN,0,2,1.0
"Charles J. ""Chuck"" Fleischmann",Republican,TN,1,4,1.0
"Charles J. ""Chuck"" Fleischmann",Republican,TN,2,14,1.0
"Charles J. ""Chuck"" Fleischmann",Republican,TN,3,45,11.0
"Charles J. ""Chuck"" Fleischmann",Republican,TN,4,82,28.0
"Charles J. ""Chuck"" Fleischmann",Republican,TN,5,159,58.0
"Charles J. ""Chuck"" Fleischmann",Republican,TN,6,253,67.0
"Charles J. ""Chuck"" Fleischmann",Republican,TN,7,350,105.0
"Charles J. ""Chuck"" Fleischmann",Republican,TN,8,535,145.0
"Charles J. ""Chuck"" Fleischmann",Republican,TN,9,672,185.0
"Charles J. ""Chuck"" Fleischmann",Republican,TN,10,798,218.0
"Charles J. ""Chuck"" Fleischmann",Republican,TN,11,647,148.0
"Charles J. ""Chuck"" Fleischmann",Republican,TN,12,582,142.0
"Charles J. ""Chuck"" Fleischmann",Republican,TN,13,606,167.0
"Charles J. ""Chuck"" Fleischmann",Republican,TN,14,576,159.0
"Charles J. ""Chuck"" Fleischmann",Republican,TN,15,537,127.0
"Charles J. ""Chuck"" Fleischmann",Republican,TN,16,454,90.0
"Charles J. ""Chuck"" Fleischmann",Republican,TN,17,278,48.0
"Charles J. ""Chuck"" Fleischmann",Republican,TN,18,213,38.0
"Charles J. ""Chuck"" Fleischmann",Republican,TN,19,89,14.0
"Charles J. ""Chuck"" Fleischmann",Republican,TN,20,67,12.0
"Charles J. ""Chuck"" Fleischmann",Republican,TN,21,43,8.0
"Charles J. ""Chuck"" Fleischmann",Republican,TN,22,19,3.0
"Charles J. ""Chuck"" Fleischmann",Republican,TN,23,13,6.0
Cheri Bustos D-IL,Democrat,IL,4,4,0.0
Cheri Bustos D-IL,Democrat,IL,5,4,0.0
Cheri Bustos D-IL,Democrat,IL,6,25,9.0
Cheri Bustos D-IL,Democrat,IL,7,82,14.0
Cheri Bustos D-IL,Democrat,IL,8,396,60.0
Cheri Bustos D-IL,Democrat,IL,9,507,56.0
Cheri Bustos D-IL,Democrat,IL,10,561,75.0
Cheri Bustos D-IL,Democrat,IL,11,663,82.0
Cheri Bustos D-IL,Democrat,IL,12,662,83.0
Cheri Bustos D-IL,Democrat,IL,13,710,120.0
Cheri Bustos D-IL,Democrat,IL,14,651,92.0
Cheri Bustos D-IL,Democrat,IL,15,683,109.0
Cheri Bustos D-IL,Democrat,IL,16,595,93.0
Cheri Bustos D-IL,Democrat,IL,17,455,70.0
Cheri Bustos D-IL,Democrat,IL,18,314,50.0
Cheri Bustos D-IL,Democrat,IL,19,239,38.0
Cheri Bustos D-IL,Democrat,IL,20,113,13.0
Cheri Bustos D-IL,Democrat,IL,21,67,21.0
Cheri Bustos D-IL,Democrat,IL,22,38,11.0
Cheri Bustos D-IL,Democrat,IL,23,9,2.0
Chip Roy,Republican,TX,0,25,7.0
Chip Roy,Republican,TX,1,53,14.0
Chip Roy,Republican,TX,2,121,41.0
Chip Roy,Republican,TX,3,232,115.0
Chip Roy,Republican,TX,4,529,320.0
Chip Roy,Republican,TX,5,588,343.0
Chip Roy,Republican,TX,6,579,329.0
Chip Roy,Republican,TX,7,716,370.0
Chip Roy,Republican,TX,8,1230,641.0
Chip Roy,Republican,TX,9,1355,691.0
Chip Roy,Republican,TX,10,1275,683.0
Chip Roy,Republican,TX,11,1035,543.0
Chip Roy,Republican,TX,12,979,495.0
Chip Roy,Republican,TX,13,927,491.0
Chip Roy,Republican,TX,14,836,434.0
Chip Roy,Republican,TX,15,733,357.0
Chip Roy,Republican,TX,16,599,296.0
Chip Roy,Republican,TX,17,269,115.0
Chip Roy,Republican,TX,18,193,94.0
Chip Roy,Republican,TX,19,164,74.0
Chip Roy,Republican,TX,20,175,84.0
Chip Roy,Republican,TX,21,172,78.0
Chip Roy,Republican,TX,22,34,12.0
Chip Roy,Republican,TX,23,11,5.0
Chris Pappas,Democrat,NH,0,1,0.0
Chris Pappas,Democrat,NH,1,3,0.0
Chris Pappas,Democrat,NH,2,12,2.0
Chris Pappas,Democrat,NH,3,24,1.0
Chris Pappas,Democrat,NH,4,79,14.0
Chris Pappas,Democrat,NH,5,219,77.0
Chris Pappas,Democrat,NH,6,288,99.0
Chris Pappas,Democrat,NH,7,261,91.0
Chris Pappas,Democrat,NH,8,334,118.0
Chris Pappas,Democrat,NH,9,570,128.0
Chris Pappas,Democrat,NH,10,561,135.0
Chris Pappas,Democrat,NH,11,660,157.0
Chris Pappas,Democrat,NH,12,695,158.0
Chris Pappas,Democrat,NH,13,596,127.0
Chris Pappas,Democrat,NH,14,519,103.0
Chris Pappas,Democrat,NH,15,524,77.0
Chris Pappas,Democrat,NH,16,509,69.0
Chris Pappas,Democrat,NH,17,495,77.0
Chris Pappas,Democrat,NH,18,247,37.0
Chris Pappas,Democrat,NH,19,142,28.0
Chris Pappas,Democrat,NH,20,72,8.0
Chris Pappas,Democrat,NH,21,43,9.0
Chris Pappas,Democrat,NH,22,24,3.0
Chris Pappas,Democrat,NH,23,15,3.0
Chris Stewart R-UT,Republican,UT,0,1,0.0
Chris Stewart R-UT,Republican,UT,4,3,0.0
Chris Stewart R-UT,Republican,UT,5,21,1.0
Chris Stewart R-UT,Republican,UT,6,70,11.0
Chris Stewart R-UT,Republican,UT,7,360,66.0
Chris Stewart R-UT,Republican,UT,8,438,96.0
Chris Stewart R-UT,Republican,UT,9,483,126.0
Chris Stewart R-UT,Republican,UT,10,379,99.0
Chris Stewart R-UT,Republican,UT,11,418,93.0
Chris Stewart R-UT,Republican,UT,12,448,120.0
Chris Stewart R-UT,Republican,UT,13,388,97.0
Chris Stewart R-UT,Republican,UT,14,373,76.0
Chris Stewart R-UT,Republican,UT,15,255,58.0
Chris Stewart R-UT,Republican,UT,16,193,44.0
Chris Stewart R-UT,Republican,UT,17,101,30.0
Chris Stewart R-UT,Republican,UT,18,90,22.0
Chris Stewart R-UT,Republican,UT,19,96,19.0
Chris Stewart R-UT,Republican,UT,20,79,12.0
Chris Stewart R-UT,Republican,UT,21,41,5.0
Chris Stewart R-UT,Republican,UT,22,8,1.0
Chris Stewart R-UT,Republican,UT,23,1,1.0
Chris Van Hollen,Democrat,MD,0,3,2.0
Chris Van Hollen,Democrat,MD,1,2,1.0
Chris Van Hollen,Democrat,MD,2,9,4.0
Chris Van Hollen,Democrat,MD,3,41,20.0
Chris Van Hollen,Democrat,MD,4,233,116.0
Chris Van Hollen,Democrat,MD,5,459,240.0
Chris Van Hollen,Democrat,MD,6,560,288.0
Chris Van Hollen,Democrat,MD,7,692,378.0
Chris Van Hollen,Democrat,MD,8,859,457.0
Chris Van Hollen,Democrat,MD,9,898,488.0
Chris Van Hollen,Democrat,MD,10,965,538.0
Chris Van Hollen,Democrat,MD,11,982,531.0
Chris Van Hollen,Democrat,MD,12,935,497.0
Chris Van Hollen,Democrat,MD,13,956,540.0
Chris Van Hollen,Democrat,MD,14,842,484.0
Chris Van Hollen,Democrat,MD,15,665,354.0
Chris Van Hollen,Democrat,MD,16,559,322.0
Chris Van Hollen,Democrat,MD,17,380,216.0
Chris Van Hollen,Democrat,MD,18,257,152.0
Chris Van Hollen,Democrat,MD,19,152,84.0
Chris Van Hollen,Democrat,MD,20,139,77.0
Chris Van Hollen,Democrat,MD,21,75,43.0
Chris Van Hollen,Democrat,MD,22,33,15.0
Chris Van Hollen,Democrat,MD,23,10,6.0
Chrissy Houlahan,Democrat,PA,0,7,1.0
Chrissy Houlahan,Democrat,PA,1,2,0.0
Chrissy Houlahan,Democrat,PA,2,3,1.0
Chrissy Houlahan,Democrat,PA,3,19,2.0
Chrissy Houlahan,Democrat,PA,4,84,14.0
Chrissy Houlahan,Democrat,PA,5,149,39.0
Chrissy Houlahan,Democrat,PA,6,188,50.0
Chrissy Houlahan,Democrat,PA,7,204,47.0
Chrissy Houlahan,Democrat,PA,8,301,62.0
Chrissy Houlahan,Democrat,PA,9,475,77.0
Chrissy Houlahan,Democrat,PA,10,658,96.0
Chrissy Houlahan,Democrat,PA,11,671,80.0
Chrissy Houlahan,Democrat,PA,12,708,84.0
Chrissy Houlahan,Democrat,PA,13,626,96.0
Chrissy Houlahan,Democrat,PA,14,509,54.0
Chrissy Houlahan,Democrat,PA,15,553,42.0
Chrissy Houlahan,Democrat,PA,16,511,46.0
Chrissy Houlahan,Democrat,PA,17,481,55.0
Chrissy Houlahan,Democrat,PA,18,262,35.0
Chrissy Houlahan,Democrat,PA,19,178,23.0
Chrissy Houlahan,Democrat,PA,20,115,25.0
Chrissy Houlahan,Democrat,PA,21,105,17.0
Chrissy Houlahan,Democrat,PA,22,38,4.0
Chrissy Houlahan,Democrat,PA,23,28,2.0
Christopher A. Coons,Democrat,DE,0,1,0.0
Christopher A. Coons,Democrat,DE,1,7,0.0
Christopher A. Coons,Democrat,DE,2,15,5.0
Christopher A. Coons,Democrat,DE,3,31,11.0
Christopher A. Coons,Democrat,DE,4,111,33.0
Christopher A. Coons,Democrat,DE,5,229,82.0
Christopher A. Coons,Democrat,DE,6,328,132.0
Christopher A. Coons,Democrat,DE,7,388,140.0
Christopher A. Coons,Democrat,DE,8,354,134.0
Christopher A. Coons,Democrat,DE,9,491,153.0
Christopher A. Coons,Democrat,DE,10,649,190.0
Christopher A. Coons,Democrat,DE,11,745,193.0
Christopher A. Coons,Democrat,DE,12,593,153.0
Christopher A. Coons,Democrat,DE,13,574,138.0
Christopher A. Coons,Democrat,DE,14,521,95.0
Christopher A. Coons,Democrat,DE,15,516,91.0
Christopher A. Coons,Democrat,DE,16,502,95.0
Christopher A. Coons,Democrat,DE,17,382,74.0
Christopher A. Coons,Democrat,DE,18,219,34.0
Christopher A. Coons,Democrat,DE,19,73,18.0
Christopher A. Coons,Democrat,DE,20,60,6.0
Christopher A. Coons,Democrat,DE,21,31,3.0
Christopher A. Coons,Democrat,DE,22,31,5.0
Christopher A. Coons,Democrat,DE,23,16,0.0
Christopher Murphy,Democrat,CT,0,20,6.0
Christopher Murphy,Democrat,CT,1,26,15.0
Christopher Murphy,Democrat,CT,2,109,64.0
Christopher Murphy,Democrat,CT,3,324,178.0
Christopher Murphy,Democrat,CT,4,676,414.0
Christopher Murphy,Democrat,CT,5,869,531.0
Christopher Murphy,Democrat,CT,6,881,495.0
Christopher Murphy,Democrat,CT,7,768,390.0
Christopher Murphy,Democrat,CT,8,815,413.0
Christopher Murphy,Democrat,CT,9,846,430.0
Christopher Murphy,Democrat,CT,10,849,416.0
Christopher Murphy,Democrat,CT,11,824,390.0
Christopher Murphy,Democrat,CT,12,730,382.0
Christopher Murphy,Democrat,CT,13,715,335.0
Christopher Murphy,Democrat,CT,14,612,301.0
Christopher Murphy,Democrat,CT,15,489,233.0
Christopher Murphy,Democrat,CT,16,562,317.0
Christopher Murphy,Democrat,CT,17,510,287.0
Christopher Murphy,Democrat,CT,18,452,218.0
Christopher Murphy,Democrat,CT,19,266,130.0
Christopher Murphy,Democrat,CT,20,109,50.0
Christopher Murphy,Democrat,CT,21,95,57.0
Christopher Murphy,Democrat,CT,22,75,47.0
Christopher Murphy,Democrat,CT,23,45,24.0
Chuck Grassley,Republican,IA,0,11,8.0
Chuck Grassley,Republican,IA,1,44,18.0
Chuck Grassley,Republican,IA,2,130,35.0
Chuck Grassley,Republican,IA,3,269,85.0
Chuck Grassley,Republican,IA,4,341,124.0
Chuck Grassley,Republican,IA,5,364,115.0
Chuck Grassley,Republican,IA,6,451,164.0
Chuck Grassley,Republican,IA,7,461,169.0
Chuck Grassley,Republican,IA,8,521,163.0
Chuck Grassley,Republican,IA,9,517,174.0
Chuck Grassley,Republican,IA,10,608,193.0
Chuck Grassley,Republican,IA,11,640,210.0
Chuck Grassley,Republican,IA,12,668,196.0
Chuck Grassley,Republican,IA,13,668,190.0
Chuck Grassley,Republican,IA,14,488,143.0
Chuck Grassley,Republican,IA,15,447,115.0
Chuck Grassley,Republican,IA,16,325,80.0
Chuck Grassley,Republican,IA,17,211,56.0
Chuck Grassley,Republican,IA,18,102,25.0
Chuck Grassley,Republican,IA,19,75,18.0
Chuck Grassley,Republican,IA,20,27,8.0
Chuck Grassley,Republican,IA,21,6,2.0
Chuck Grassley,Republican,IA,22,3,1.0
Chuck Grassley,Republican,IA,23,4,1.0
Cindy Axne D-IA,Democrat,IA,1,2,1.0
Cindy Axne D-IA,Democrat,IA,6,3,2.0
Cindy Axne D-IA,Democrat,IA,7,39,4.0
Cindy Axne D-IA,Democrat,IA,8,210,35.0
Cindy Axne D-IA,Democrat,IA,9,318,33.0
Cindy Axne D-IA,Democrat,IA,10,412,51.0
Cindy Axne D-IA,Democrat,IA,11,352,49.0
Cindy Axne D-IA,Democrat,IA,12,378,52.0
Cindy Axne D-IA,Democrat,IA,13,351,43.0
Cindy Axne D-IA,Democrat,IA,14,344,40.0
Cindy Axne D-IA,Democrat,IA,15,352,44.0
Cindy Axne D-IA,Democrat,IA,16,371,43.0
Cindy Axne D-IA,Democrat,IA,17,238,37.0
Cindy Axne D-IA,Democrat,IA,18,141,17.0
Cindy Axne D-IA,Democrat,IA,19,70,11.0
Cindy Axne D-IA,Democrat,IA,20,31,4.0
Cindy Axne D-IA,Democrat,IA,21,19,1.0
Cindy Axne D-IA,Democrat,IA,22,9,3.0
Cindy Axne D-IA,Democrat,IA,23,3,1.0
Cindy Hyde-Smith,Republican,MS,1,5,2.0
Cindy Hyde-Smith,Republican,MS,2,51,3.0
Cindy Hyde-Smith,Republican,MS,3,106,5.0
Cindy Hyde-Smith,Republican,MS,4,136,21.0
Cindy Hyde-Smith,Republican,MS,5,269,68.0
Cindy Hyde-Smith,Republican,MS,6,286,51.0
Cindy Hyde-Smith,Republican,MS,7,508,83.0
Cindy Hyde-Smith,Republican,MS,8,520,116.0
Cindy Hyde-Smith,Republican,MS,9,647,137.0
Cindy Hyde-Smith,Republican,MS,10,639,141.0
Cindy Hyde-Smith,Republican,MS,11,637,147.0
Cindy Hyde-Smith,Republican,MS,12,537,124.0
Cindy Hyde-Smith,Republican,MS,13,494,125.0
Cindy Hyde-Smith,Republican,MS,14,481,124.0
Cindy Hyde-Smith,Republican,MS,15,501,118.0
Cindy Hyde-Smith,Republican,MS,16,339,70.0
Cindy Hyde-Smith,Republican,MS,17,195,38.0
Cindy Hyde-Smith,Republican,MS,18,88,16.0
Cindy Hyde-Smith,Republican,MS,19,42,9.0
Cindy Hyde-Smith,Republican,MS,20,31,6.0
Cindy Hyde-Smith,Republican,MS,21,21,4.0
Cindy Hyde-Smith,Republican,MS,22,12,2.0
Cindy Hyde-Smith,Republican,MS,23,1,0.0
Claudia Tenney,Republican,NY,0,26,14.0
Claudia Tenney,Republican,NY,1,28,12.0
Claudia Tenney,Republican,NY,2,107,54.0
Claudia Tenney,Republican,NY,3,202,100.0
Claudia Tenney,Republican,NY,4,319,168.0
Claudia Tenney,Republican,NY,5,474,286.0
Claudia Tenney,Republican,NY,6,585,342.0
Claudia Tenney,Republican,NY,7,672,343.0
Claudia Tenney,Republican,NY,8,660,359.0
Claudia Tenney,Republican,NY,9,955,462.0
Claudia Tenney,Republican,NY,10,1101,518.0
Claudia Tenney,Republican,NY,11,1123,505.0
Claudia Tenney,Republican,NY,12,1019,491.0
Claudia Tenney,Republican,NY,13,937,438.0
Claudia Tenney,Republican,NY,14,921,413.0
Claudia Tenney,Republican,NY,15,867,379.0
Claudia Tenney,Republican,NY,16,851,386.0
Claudia Tenney,Republican,NY,17,674,273.0
Claudia Tenney,Republican,NY,18,598,259.0
Claudia Tenney,Republican,NY,19,439,185.0
Claudia Tenney,Republican,NY,20,227,81.0
Claudia Tenney,Republican,NY,21,136,62.0
Claudia Tenney,Republican,NY,22,118,59.0
Claudia Tenney,Republican,NY,23,59,24.0
Clay Higgins,Republican,LA,0,3,1.0
Clay Higgins,Republican,LA,1,3,1.0
Clay Higgins,Republican,LA,2,6,3.0
Clay Higgins,Republican,LA,3,31,16.0
Clay Higgins,Republican,LA,4,73,25.0
Clay Higgins,Republican,LA,5,75,23.0
Clay Higgins,Republican,LA,6,94,37.0
Clay Higgins,Republican,LA,7,117,35.0
Clay Higgins,Republican,LA,8,212,78.0
Clay Higgins,Republican,LA,9,276,103.0
Clay Higgins,Republican,LA,10,268,101.0
Clay Higgins,Republican,LA,11,286,90.0
Clay Higgins,Republican,LA,12,233,91.0
Clay Higgins,Republican,LA,13,239,90.0
Clay Higgins,Republican,LA,14,217,91.0
Clay Higgins,Republican,LA,15,230,97.0
Clay Higgins,Republican,LA,16,178,67.0
Clay Higgins,Republican,LA,17,134,57.0
Clay Higgins,Republican,LA,18,68,27.0
Clay Higgins,Republican,LA,19,75,36.0
Clay Higgins,Republican,LA,20,92,39.0
Clay Higgins,Republican,LA,21,69,24.0
Clay Higgins,Republican,LA,22,21,5.0
Clay Higgins,Republican,LA,23,5,0.0
Cory A. Booker,Democrat,NJ,0,73,7.0
Cory A. Booker,Democrat,NJ,1,208,16.0
Cory A. Booker,Democrat,NJ,2,692,55.0
Cory A. Booker,Democrat,NJ,3,1315,130.0
Cory A. Booker,Democrat,NJ,4,1886,254.0
Cory A. Booker,Democrat,NJ,5,1966,332.0
Cory A. Booker,Democrat,NJ,6,2353,421.0
Cory A. Booker,Democrat,NJ,7,2312,412.0
Cory A. Booker,Democrat,NJ,8,2341,483.0
Cory A. Booker,Democrat,NJ,9,2623,485.0
Cory A. Booker,Democrat,NJ,10,2941,620.0
Cory A. Booker,Democrat,NJ,11,3019,578.0
Cory A. Booker,Democrat,NJ,12,2818,582.0
Cory A. Booker,Democrat,NJ,13,2373,431.0
Cory A. Booker,Democrat,NJ,14,2229,529.0
Cory A. Booker,Democrat,NJ,15,2243,471.0
Cory A. Booker,Democrat,NJ,16,1987,365.0
Cory A. Booker,Democrat,NJ,17,1997,368.0
Cory A. Booker,Democrat,NJ,18,1818,324.0
Cory A. Booker,Democrat,NJ,19,1192,156.0
Cory A. Booker,Democrat,NJ,20,667,92.0
Cory A. Booker,Democrat,NJ,21,337,78.0
Cory A. Booker,Democrat,NJ,22,181,45.0
Cory A. Booker,Democrat,NJ,23,83,27.0
Cory Gardner R-CO,Republican,CO,1,1,0.0
Cory Gardner R-CO,Republican,CO,4,5,0.0
Cory Gardner R-CO,Republican,CO,5,5,0.0
Cory Gardner R-CO,Republican,CO,6,29,4.0
Cory Gardner R-CO,Republican,CO,7,140,28.0
Cory Gardner R-CO,Republican,CO,8,238,35.0
Cory Gardner R-CO,Republican,CO,9,323,57.0
Cory Gardner R-CO,Republican,CO,10,348,63.0
Cory Gardner R-CO,Republican,CO,11,319,51.0
Cory Gardner R-CO,Republican,CO,12,384,65.0
Cory Gardner R-CO,Republican,CO,13,375,67.0
Cory Gardner R-CO,Republican,CO,14,341,56.0
Cory Gardner R-CO,Republican,CO,15,367,39.0
Cory Gardner R-CO,Republican,CO,16,216,39.0
Cory Gardner R-CO,Republican,CO,17,125,20.0
Cory Gardner R-CO,Republican,CO,18,87,10.0
Cory Gardner R-CO,Republican,CO,19,70,18.0
Cory Gardner R-CO,Republican,CO,20,56,15.0
Cory Gardner R-CO,Republican,CO,21,10,2.0
Cory Gardner R-CO,Republican,CO,22,3,0.0
Cory Mills,Republican,FL,0,8,0.0
Cory Mills,Republican,FL,1,6,1.0
Cory Mills,Republican,FL,2,40,6.0
Cory Mills,Republican,FL,3,117,28.0
Cory Mills,Republican,FL,4,167,29.0
Cory Mills,Republican,FL,5,308,98.0
Cory Mills,Republican,FL,6,325,111.0
Cory Mills,Republican,FL,7,378,121.0
Cory Mills,Republican,FL,8,419,128.0
Cory Mills,Republican,FL,9,400,128.0
Cory Mills,Republican,FL,10,394,148.0
Cory Mills,Republican,FL,11,383,112.0
Cory Mills,Republican,FL,12,315,97.0
Cory Mills,Republican,FL,13,292,89.0
Cory Mills,Republican,FL,14,269,92.0
Cory Mills,Republican,FL,15,270,91.0
Cory Mills,Republican,FL,16,225,79.0
Cory Mills,Republican,FL,17,209,76.0
Cory Mills,Republican,FL,18,164,55.0
Cory Mills,Republican,FL,19,76,26.0
Cory Mills,Republican,FL,20,43,16.0
Cory Mills,Republican,FL,21,18,7.0
Cory Mills,Republican,FL,22,25,8.0
Cory Mills,Republican,FL,23,7,2.0
"Curtis, John ",Republican,UT,0,3,0.0
"Curtis, John ",Republican,UT,1,2,0.0
"Curtis, John ",Republican,UT,2,1,0.0
"Curtis, John ",Republican,UT,3,1,0.0
"Curtis, John ",Republican,UT,4,3,0.0
"Curtis, John ",Republican,UT,5,15,3.0
"Curtis, John ",Republican,UT,6,52,5.0
"Curtis, John ",Republican,UT,7,172,19.0
"Curtis, John ",Republican,UT,8,387,44.0
"Curtis, John ",Republican,UT,9,465,62.0
"Curtis, John ",Republican,UT,10,458,50.0
"Curtis, John ",Republican,UT,11,476,56.0
"Curtis, John ",Republican,UT,12,440,52.0
"Curtis, John ",Republican,UT,13,410,38.0
"Curtis, John ",Republican,UT,14,454,55.0
"Curtis, John ",Republican,UT,15,457,64.0
"Curtis, John ",Republican,UT,16,362,53.0
"Curtis, John ",Republican,UT,17,167,19.0
"Curtis, John ",Republican,UT,18,157,19.0
"Curtis, John ",Republican,UT,19,129,12.0
"Curtis, John ",Republican,UT,20,66,5.0
"Curtis, John ",Republican,UT,21,50,3.0
"Curtis, John ",Republican,UT,22,24,3.0
"Curtis, John ",Republican,UT,23,12,1.0
Cynthia M. Lummis,Republican,WY,0,13,3.0
Cynthia M. Lummis,Republican,WY,1,58,13.0
Cynthia M. Lummis,Republican,WY,2,232,45.0
Cynthia M. Lummis,Republican,WY,3,394,106.0
Cynthia M. Lummis,Republican,WY,4,488,140.0
Cynthia M. Lummis,Republican,WY,5,424,114.0
Cynthia M. Lummis,Republican,WY,6,420,87.0
Cynthia M. Lummis,Republican,WY,7,602,170.0
Cynthia M. Lummis,Republican,WY,8,742,213.0
Cynthia M. Lummis,Republican,WY,9,684,232.0
Cynthia M. Lummis,Republican,WY,10,597,176.0
Cynthia M. Lummis,Republican,WY,11,458,150.0
Cynthia M. Lummis,Republican,WY,12,530,174.0
Cynthia M. Lummis,Republican,WY,13,481,168.0
Cynthia M. Lummis,Republican,WY,14,481,178.0
Cynthia M. Lummis,Republican,WY,15,329,83.0
Cynthia M. Lummis,Republican,WY,16,179,50.0
Cynthia M. Lummis,Republican,WY,17,116,28.0
Cynthia M. Lummis,Republican,WY,18,64,19.0
Cynthia M. Lummis,Republican,WY,19,60,24.0
Cynthia M. Lummis,Republican,WY,20,22,9.0
Cynthia M. Lummis,Republican,WY,21,5,1.0
Cynthia M. Lummis,Republican,WY,22,7,3.0
Cynthia M. Lummis,Republican,WY,23,9,3.0
Dan Coats R-IN,Republican,IN,0,1,0.0
Dan Coats R-IN,Republican,IN,2,1,1.0
Dan Coats R-IN,Republican,IN,4,1,1.0
Dan Coats R-IN,Republican,IN,5,3,0.0
Dan Coats R-IN,Republican,IN,6,31,5.0
Dan Coats R-IN,Republican,IN,7,179,17.0
Dan Coats R-IN,Republican,IN,8,276,29.0
Dan Coats R-IN,Republican,IN,9,454,77.0
Dan Coats R-IN,Republican,IN,10,411,67.0
Dan Coats R-IN,Republican,IN,11,400,74.0
Dan Coats R-IN,Republican,IN,12,269,63.0
Dan Coats R-IN,Republican,IN,13,288,63.0
Dan Coats R-IN,Republican,IN,14,305,55.0
Dan Coats R-IN,Republican,IN,15,290,52.0
Dan Coats R-IN,Republican,IN,16,319,51.0
Dan Coats R-IN,Republican,IN,17,247,53.0
Dan Coats R-IN,Republican,IN,18,82,18.0
Dan Coats R-IN,Republican,IN,19,23,2.0
Dan Coats R-IN,Republican,IN,20,51,8.0
Dan Coats R-IN,Republican,IN,21,53,9.0
Dan Coats R-IN,Republican,IN,22,22,4.0
Dan Coats R-IN,Republican,IN,23,9,1.0
Dan Crenshaw,Republican,TX,0,6,3.0
Dan Crenshaw,Republican,TX,1,13,8.0
Dan Crenshaw,Republican,TX,2,43,23.0
Dan Crenshaw,Republican,TX,3,158,83.0
Dan Crenshaw,Republican,TX,4,277,165.0
Dan Crenshaw,Republican,TX,5,513,254.0
Dan Crenshaw,Republican,TX,6,504,242.0
Dan Crenshaw,Republican,TX,7,577,321.0
Dan Crenshaw,Republican,TX,8,650,346.0
Dan Crenshaw,Republican,TX,9,841,390.0
Dan Crenshaw,Republican,TX,10,850,402.0
Dan Crenshaw,Republican,TX,11,826,395.0
Dan Crenshaw,Republican,TX,12,696,344.0
Dan Crenshaw,Republican,TX,13,686,318.0
Dan Crenshaw,Republican,TX,14,601,319.0
Dan Crenshaw,Republican,TX,15,606,291.0
Dan Crenshaw,Republican,TX,16,490,218.0
Dan Crenshaw,Republican,TX,17,330,162.0
Dan Crenshaw,Republican,TX,18,207,104.0
Dan Crenshaw,Republican,TX,19,107,64.0
Dan Crenshaw,Republican,TX,20,79,38.0
Dan Crenshaw,Republican,TX,21,49,16.0
Dan Crenshaw,Republican,TX,22,21,10.0
Dan Crenshaw,Republican,TX,23,12,5.0
Dan Lipinski D-IL,Democrat,IL,0,9,3.0
Dan Lipinski D-IL,Democrat,IL,5,2,0.0
Dan Lipinski D-IL,Democrat,IL,6,12,3.0
Dan Lipinski D-IL,Democrat,IL,7,27,3.0
Dan Lipinski D-IL,Democrat,IL,8,78,5.0
Dan Lipinski D-IL,Democrat,IL,9,214,28.0
Dan Lipinski D-IL,Democrat,IL,10,327,36.0
Dan Lipinski D-IL,Democrat,IL,11,326,36.0
Dan Lipinski D-IL,Democrat,IL,12,269,33.0
Dan Lipinski D-IL,Democrat,IL,13,383,41.0
Dan Lipinski D-IL,Democrat,IL,14,333,54.0
Dan Lipinski D-IL,Democrat,IL,15,412,46.0
Dan Lipinski D-IL,Democrat,IL,16,338,43.0
Dan Lipinski D-IL,Democrat,IL,17,292,37.0
Dan Lipinski D-IL,Democrat,IL,18,185,26.0
Dan Lipinski D-IL,Democrat,IL,19,130,20.0
Dan Lipinski D-IL,Democrat,IL,20,124,15.0
Dan Lipinski D-IL,Democrat,IL,21,110,13.0
Dan Lipinski D-IL,Democrat,IL,22,55,8.0
Dan Lipinski D-IL,Democrat,IL,23,18,0.0
Dan Newhouse,Republican,WA,0,7,1.0
Dan Newhouse,Republican,WA,1,30,10.0
Dan Newhouse,Republican,WA,2,63,13.0
Dan Newhouse,Republican,WA,3,99,19.0
Dan Newhouse,Republican,WA,4,156,33.0
Dan Newhouse,Republican,WA,5,214,59.0
Dan Newhouse,Republican,WA,6,374,66.0
Dan Newhouse,Republican,WA,7,470,82.0
Dan Newhouse,Republican,WA,8,434,73.0
Dan Newhouse,Republican,WA,9,386,69.0
Dan Newhouse,Republican,WA,10,369,69.0
Dan Newhouse,Republican,WA,11,386,65.0
Dan Newhouse,Republican,WA,12,336,67.0
Dan Newhouse,Republican,WA,13,253,30.0
Dan Newhouse,Republican,WA,14,231,43.0
Dan Newhouse,Republican,WA,15,153,24.0
Dan Newhouse,Republican,WA,16,108,20.0
Dan Newhouse,Republican,WA,17,78,16.0
Dan Newhouse,Republican,WA,18,43,12.0
Dan Newhouse,Republican,WA,19,18,3.0
Dan Newhouse,Republican,WA,20,21,2.0
Dan Newhouse,Republican,WA,21,1,0.0
Dan Sullivan,Republican,AK,0,9,5.0
Dan Sullivan,Republican,AK,1,18,5.0
Dan Sullivan,Republican,AK,2,69,23.0
Dan Sullivan,Republican,AK,3,105,50.0
Dan Sullivan,Republican,AK,4,140,51.0
Dan Sullivan,Republican,AK,5,196,62.0
Dan Sullivan,Republican,AK,6,309,87.0
Dan Sullivan,Republican,AK,7,330,82.0
Dan Sullivan,Republican,AK,8,398,121.0
Dan Sullivan,Republican,AK,9,430,106.0
Dan Sullivan,Republican,AK,10,416,105.0
Dan Sullivan,Republican,AK,11,511,124.0
Dan Sullivan,Republican,AK,12,503,103.0
Dan Sullivan,Republican,AK,13,514,108.0
Dan Sullivan,Republican,AK,14,542,117.0
Dan Sullivan,Republican,AK,15,359,83.0
Dan Sullivan,Republican,AK,16,236,48.0
Dan Sullivan,Republican,AK,17,169,28.0
Dan Sullivan,Republican,AK,18,78,13.0
Dan Sullivan,Republican,AK,19,60,9.0
Dan Sullivan,Republican,AK,20,19,4.0
Dan Sullivan,Republican,AK,21,10,4.0
Dan Sullivan,Republican,AK,22,8,4.0
Dan Sullivan,Republican,AK,23,4,2.0
Daniel Meuser,Republican,PA,0,12,3.0
Daniel Meuser,Republican,PA,1,32,6.0
Daniel Meuser,Republican,PA,2,51,9.0
Daniel Meuser,Republican,PA,3,81,16.0
Daniel Meuser,Republican,PA,4,111,27.0
Daniel Meuser,Republican,PA,5,180,44.0
Daniel Meuser,Republican,PA,6,242,71.0
Daniel Meuser,Republican,PA,7,267,75.0
Daniel Meuser,Republican,PA,8,299,94.0
Daniel Meuser,Republican,PA,9,395,111.0
Daniel Meuser,Republican,PA,10,438,127.0
Daniel Meuser,Republican,PA,11,430,142.0
Daniel Meuser,Republican,PA,12,397,137.0
Daniel Meuser,Republican,PA,13,417,128.0
Daniel Meuser,Republican,PA,14,344,97.0
Daniel Meuser,Republican,PA,15,335,113.0
Daniel Meuser,Republican,PA,16,337,96.0
Daniel Meuser,Republican,PA,17,267,74.0
Daniel Meuser,Republican,PA,18,172,49.0
Daniel Meuser,Republican,PA,19,73,22.0
Daniel Meuser,Republican,PA,20,55,16.0
Daniel Meuser,Republican,PA,21,32,10.0
Daniel Meuser,Republican,PA,22,12,4.0
Daniel Meuser,Republican,PA,23,7,3.0
Daniel S. Goldman,Democrat,NY,0,5,5.0
Daniel S. Goldman,Democrat,NY,1,8,6.0
Daniel S. Goldman,Democrat,NY,2,15,10.0
Daniel S. Goldman,Democrat,NY,3,63,37.0
Daniel S. Goldman,Democrat,NY,4,112,72.0
Daniel S. Goldman,Democrat,NY,5,207,135.0
Daniel S. Goldman,Democrat,NY,6,283,158.0
Daniel S. Goldman,Democrat,NY,7,339,206.0
Daniel S. Goldman,Democrat,NY,8,383,241.0
Daniel S. Goldman,Democrat,NY,9,393,238.0
Daniel S. Goldman,Democrat,NY,10,458,252.0
Daniel S. Goldman,Democrat,NY,11,423,242.0
Daniel S. Goldman,Democrat,NY,12,487,286.0
Daniel S. Goldman,Democrat,NY,13,406,214.0
Daniel S. Goldman,Democrat,NY,14,317,180.0
Daniel S. Goldman,Democrat,NY,15,301,155.0
Daniel S. Goldman,Democrat,NY,16,292,147.0
Daniel S. Goldman,Democrat,NY,17,195,103.0
Daniel S. Goldman,Democrat,NY,18,116,57.0
Daniel S. Goldman,Democrat,NY,19,76,39.0
Daniel S. Goldman,Democrat,NY,20,30,14.0
Daniel S. Goldman,Democrat,NY,21,20,12.0
Daniel S. Goldman,Democrat,NY,22,9,5.0
Daniel S. Goldman,Democrat,NY,23,8,5.0
Daniel Webster,Republican,FL,0,2,1.0
Daniel Webster,Republican,FL,1,1,1.0
Daniel Webster,Republican,FL,2,6,2.0
Daniel Webster,Republican,FL,3,9,1.0
Daniel Webster,Republican,FL,4,28,5.0
Daniel Webster,Republican,FL,5,83,21.0
Daniel Webster,Republican,FL,6,72,16.0
Daniel Webster,Republican,FL,7,101,11.0
Daniel Webster,Republican,FL,8,169,23.0
Daniel Webster,Republican,FL,9,455,79.0
Daniel Webster,Republican,FL,10,557,94.0
Daniel Webster,Republican,FL,11,554,107.0
Daniel Webster,Republican,FL,12,457,75.0
Daniel Webster,Republican,FL,13,528,99.0
Daniel Webster,Republican,FL,14,549,95.0
Daniel Webster,Republican,FL,15,515,93.0
Daniel Webster,Republican,FL,16,510,68.0
Daniel Webster,Republican,FL,17,438,86.0
Daniel Webster,Republican,FL,18,271,51.0
Daniel Webster,Republican,FL,19,142,18.0
Daniel Webster,Republican,FL,20,85,15.0
Daniel Webster,Republican,FL,21,83,22.0
Daniel Webster,Republican,FL,22,45,10.0
Daniel Webster,Republican,FL,23,10,2.0
Danny K. Davis,Democrat,IL,0,9,4.0
Danny K. Davis,Democrat,IL,2,4,2.0
Danny K. Davis,Democrat,IL,3,7,2.0
Danny K. Davis,Democrat,IL,4,4,1.0
Danny K. Davis,Democrat,IL,5,23,9.0
Danny K. Davis,Democrat,IL,6,56,18.0
Danny K. Davis,Democrat,IL,7,108,27.0
Danny K. Davis,Democrat,IL,8,283,57.0
Danny K. Davis,Democrat,IL,9,476,70.0
Danny K. Davis,Democrat,IL,10,460,73.0
Danny K. Davis,Democrat,IL,11,461,91.0
Danny K. Davis,Democrat,IL,12,407,99.0
Danny K. Davis,Democrat,IL,13,383,72.0
Danny K. Davis,Democrat,IL,14,328,62.0
Danny K. Davis,Democrat,IL,15,356,77.0
Danny K. Davis,Democrat,IL,16,341,64.0
Danny K. Davis,Democrat,IL,17,275,41.0
Danny K. Davis,Democrat,IL,18,192,44.0
Danny K. Davis,Democrat,IL,19,155,38.0
Danny K. Davis,Democrat,IL,20,99,27.0
Danny K. Davis,Democrat,IL,21,83,19.0
Danny K. Davis,Democrat,IL,22,48,5.0
Danny K. Davis,Democrat,IL,23,30,6.0
Darin LaHood,Republican,IL,0,3,1.0
Darin LaHood,Republican,IL,1,2,1.0
Darin LaHood,Republican,IL,2,11,2.0
Darin LaHood,Republican,IL,3,41,11.0
Darin LaHood,Republican,IL,4,76,8.0
Darin LaHood,Republican,IL,5,105,22.0
Darin LaHood,Republican,IL,6,141,25.0
Darin LaHood,Republican,IL,7,170,36.0
Darin LaHood,Republican,IL,8,333,54.0
Darin LaHood,Republican,IL,9,436,69.0
Darin LaHood,Republican,IL,10,475,84.0
Darin LaHood,Republican,IL,11,425,77.0
Darin LaHood,Republican,IL,12,379,56.0
Darin LaHood,Republican,IL,13,393,52.0
Darin LaHood,Republican,IL,14,349,62.0
Darin LaHood,Republican,IL,15,378,66.0
Darin LaHood,Republican,IL,16,291,47.0
Darin LaHood,Republican,IL,17,165,28.0
Darin LaHood,Republican,IL,18,110,21.0
Darin LaHood,Republican,IL,19,74,12.0
Darin LaHood,Republican,IL,20,84,17.0
Darin LaHood,Republican,IL,21,54,10.0
Darin LaHood,Republican,IL,22,22,2.0
Darin LaHood,Republican,IL,23,3,0.0
Darrell Issa,Republican,CA,0,57,34.0
Darrell Issa,Republican,CA,1,101,59.0
Darrell Issa,Republican,CA,2,166,99.0
Darrell Issa,Republican,CA,3,160,94.0
Darrell Issa,Republican,CA,4,212,125.0
Darrell Issa,Republican,CA,5,259,152.0
Darrell Issa,Republican,CA,6,306,192.0
Darrell Issa,Republican,CA,7,290,163.0
Darrell Issa,Republican,CA,8,251,174.0
Darrell Issa,Republican,CA,9,273,172.0
Darrell Issa,Republican,CA,10,242,150.0
Darrell Issa,Republican,CA,11,243,138.0
Darrell Issa,Republican,CA,12,221,135.0
Darrell Issa,Republican,CA,13,262,142.0
Darrell Issa,Republican,CA,14,289,178.0
Darrell Issa,Republican,CA,15,203,118.0
Darrell Issa,Republican,CA,16,93,57.0
Darrell Issa,Republican,CA,17,91,65.0
Darrell Issa,Republican,CA,18,64,48.0
Darrell Issa,Republican,CA,19,61,42.0
Darrell Issa,Republican,CA,20,35,26.0
Darrell Issa,Republican,CA,21,17,10.0
Darrell Issa,Republican,CA,22,11,7.0
Darrell Issa,Republican,CA,23,23,7.0
Darren Soto,Democrat,FL,0,8,4.0
Darren Soto,Democrat,FL,1,5,4.0
Darren Soto,Democrat,FL,2,6,2.0
Darren Soto,Democrat,FL,3,54,17.0
Darren Soto,Democrat,FL,4,306,96.0
Darren Soto,Democrat,FL,5,602,201.0
Darren Soto,Democrat,FL,6,380,148.0
Darren Soto,Democrat,FL,7,340,132.0
Darren Soto,Democrat,FL,8,404,116.0
Darren Soto,Democrat,FL,9,1022,198.0
Darren Soto,Democrat,FL,10,1004,183.0
Darren Soto,Democrat,FL,11,934,190.0
Darren Soto,Democrat,FL,12,785,145.0
Darren Soto,Democrat,FL,13,715,115.0
Darren Soto,Democrat,FL,14,736,106.0
Darren Soto,Democrat,FL,15,591,89.0
Darren Soto,Democrat,FL,16,658,102.0
Darren Soto,Democrat,FL,17,562,75.0
Darren Soto,Democrat,FL,18,354,54.0
Darren Soto,Democrat,FL,19,227,30.0
Darren Soto,Democrat,FL,20,195,27.0
Darren Soto,Democrat,FL,21,153,27.0
Darren Soto,Democrat,FL,22,123,22.0
Darren Soto,Democrat,FL,23,42,10.0
David G. Valadao,Republican,CA,1,2,1.0
David G. Valadao,Republican,CA,2,19,4.0
David G. Valadao,Republican,CA,3,34,6.0
David G. Valadao,Republican,CA,4,77,15.0
David G. Valadao,Republican,CA,5,97,7.0
David G. Valadao,Republican,CA,6,178,22.0
David G. Valadao,Republican,CA,7,282,24.0
David G. Valadao,Republican,CA,8,346,44.0
David G. Valadao,Republican,CA,9,330,37.0
David G. Valadao,Republican,CA,10,309,31.0
David G. Valadao,Republican,CA,11,339,43.0
David G. Valadao,Republican,CA,12,331,49.0
David G. Valadao,Republican,CA,13,342,38.0
David G. Valadao,Republican,CA,14,212,19.0
David G. Valadao,Republican,CA,15,187,24.0
David G. Valadao,Republican,CA,16,129,13.0
David G. Valadao,Republican,CA,17,79,8.0
David G. Valadao,Republican,CA,18,73,11.0
David G. Valadao,Republican,CA,19,51,2.0
David G. Valadao,Republican,CA,20,15,2.0
David G. Valadao,Republican,CA,21,7,0.0
David G. Valadao,Republican,CA,22,2,0.0
David G. Valadao,Republican,CA,23,1,0.0
David Kustoff,Republican,TN,0,2,1.0
David Kustoff,Republican,TN,1,2,0.0
David Kustoff,Republican,TN,2,19,1.0
David Kustoff,Republican,TN,3,30,4.0
David Kustoff,Republican,TN,4,59,15.0
David Kustoff,Republican,TN,5,81,25.0
David Kustoff,Republican,TN,6,89,31.0
David Kustoff,Republican,TN,7,137,32.0
David Kustoff,Republican,TN,8,267,54.0
David Kustoff,Republican,TN,9,351,79.0
David Kustoff,Republican,TN,10,431,92.0
David Kustoff,Republican,TN,11,451,95.0
David Kustoff,Republican,TN,12,474,98.0
David Kustoff,Republican,TN,13,476,99.0
David Kustoff,Republican,TN,14,391,63.0
David Kustoff,Republican,TN,15,379,66.0
David Kustoff,Republican,TN,16,322,47.0
David Kustoff,Republican,TN,17,173,27.0
David Kustoff,Republican,TN,18,110,18.0
David Kustoff,Republican,TN,19,55,7.0
David Kustoff,Republican,TN,20,38,13.0
David Kustoff,Republican,TN,21,18,6.0
David Kustoff,Republican,TN,22,7,3.0
David Kustoff,Republican,TN,23,1,0.0
David McKinley R-WV,Republican,WV,0,6,1.0
David McKinley R-WV,Republican,WV,3,1,0.0
David McKinley R-WV,Republican,WV,5,2,0.0
David McKinley R-WV,Republican,WV,6,9,1.0
David McKinley R-WV,Republican,WV,7,41,0.0
David McKinley R-WV,Republican,WV,8,405,52.0
David McKinley R-WV,Republican,WV,9,755,143.0
David McKinley R-WV,Republican,WV,10,985,145.0
David McKinley R-WV,Republican,WV,11,861,150.0
David McKinley R-WV,Republican,WV,12,700,111.0
David McKinley R-WV,Republican,WV,13,727,135.0
David McKinley R-WV,Republican,WV,14,727,138.0
David McKinley R-WV,Republican,WV,15,752,118.0
David McKinley R-WV,Republican,WV,16,788,146.0
David McKinley R-WV,Republican,WV,17,525,89.0
David McKinley R-WV,Republican,WV,18,281,56.0
David McKinley R-WV,Republican,WV,19,134,21.0
David McKinley R-WV,Republican,WV,20,66,13.0
David McKinley R-WV,Republican,WV,21,101,21.0
David McKinley R-WV,Republican,WV,22,48,5.0
David McKinley R-WV,Republican,WV,23,20,3.0
David P. Joyce,Republican,OH,0,3,1.0
David P. Joyce,Republican,OH,1,2,1.0
David P. Joyce,Republican,OH,2,8,2.0
David P. Joyce,Republican,OH,3,22,3.0
David P. Joyce,Republican,OH,4,60,7.0
David P. Joyce,Republican,OH,5,100,21.0
David P. Joyce,Republican,OH,6,106,15.0
David P. Joyce,Republican,OH,7,123,20.0
David P. Joyce,Republican,OH,8,232,26.0
David P. Joyce,Republican,OH,9,693,72.0
David P. Joyce,Republican,OH,10,815,99.0
David P. Joyce,Republican,OH,11,770,93.0
David P. Joyce,Republican,OH,12,658,92.0
David P. Joyce,Republican,OH,13,637,70.0
David P. Joyce,Republican,OH,14,604,74.0
David P. Joyce,Republican,OH,15,561,57.0
David P. Joyce,Republican,OH,16,561,73.0
David P. Joyce,Republican,OH,17,359,43.0
David P. Joyce,Republican,OH,18,175,17.0
David P. Joyce,Republican,OH,19,112,23.0
David P. Joyce,Republican,OH,20,83,16.0
David P. Joyce,Republican,OH,21,91,10.0
David P. Joyce,Republican,OH,22,37,4.0
David P. Joyce,Republican,OH,23,18,2.0
David Perdue R-GA,Republican,GA,0,5,1.0
David Perdue R-GA,Republican,GA,1,1,1.0
David Perdue R-GA,Republican,GA,2,1,0.0
David Perdue R-GA,Republican,GA,3,2,1.0
David Perdue R-GA,Republican,GA,4,3,1.0
David Perdue R-GA,Republican,GA,5,1,0.0
David Perdue R-GA,Republican,GA,6,16,2.0
David Perdue R-GA,Republican,GA,7,84,8.0
David Perdue R-GA,Republican,GA,8,153,13.0
David Perdue R-GA,Republican,GA,9,191,28.0
David Perdue R-GA,Republican,GA,10,306,45.0
David Perdue R-GA,Republican,GA,11,322,55.0
David Perdue R-GA,Republican,GA,12,312,46.0
David Perdue R-GA,Republican,GA,13,266,42.0
David Perdue R-GA,Republican,GA,14,294,55.0
David Perdue R-GA,Republican,GA,15,315,58.0
David Perdue R-GA,Republican,GA,16,312,43.0
David Perdue R-GA,Republican,GA,17,260,60.0
David Perdue R-GA,Republican,GA,18,274,60.0
David Perdue R-GA,Republican,GA,19,146,28.0
David Perdue R-GA,Republican,GA,20,106,18.0
David Perdue R-GA,Republican,GA,21,130,30.0
David Perdue R-GA,Republican,GA,22,98,20.0
David Perdue R-GA,Republican,GA,23,35,7.0
David Price D-NC,Democrat,NC,0,4,4.0
David Price D-NC,Democrat,NC,6,8,2.0
David Price D-NC,Democrat,NC,7,18,5.0
David Price D-NC,Democrat,NC,8,111,27.0
David Price D-NC,Democrat,NC,9,468,106.0
David Price D-NC,Democrat,NC,10,561,129.0
David Price D-NC,Democrat,NC,11,593,148.0
David Price D-NC,Democrat,NC,12,598,150.0
David Price D-NC,Democrat,NC,13,614,148.0
David Price D-NC,Democrat,NC,14,615,139.0
David Price D-NC,Democrat,NC,15,541,113.0
David Price D-NC,Democrat,NC,16,612,143.0
David Price D-NC,Democrat,NC,17,475,125.0
David Price D-NC,Democrat,NC,18,228,68.0
David Price D-NC,Democrat,NC,19,107,21.0
David Price D-NC,Democrat,NC,20,61,20.0
David Price D-NC,Democrat,NC,21,60,23.0
David Price D-NC,Democrat,NC,22,46,23.0
David Price D-NC,Democrat,NC,23,6,3.0
David Rouzer,Republican,NC,0,2,0.0
David Rouzer,Republican,NC,1,3,0.0
David Rouzer,Republican,NC,2,7,1.0
David Rouzer,Republican,NC,3,20,7.0
David Rouzer,Republican,NC,4,54,4.0
David Rouzer,Republican,NC,5,59,11.0
David Rouzer,Republican,NC,6,83,9.0
David Rouzer,Republican,NC,7,95,7.0
David Rouzer,Republican,NC,8,223,31.0
David Rouzer,Republican,NC,9,426,84.0
David Rouzer,Republican,NC,10,378,56.0
David Rouzer,Republican,NC,11,372,72.0
David Rouzer,Republican,NC,12,318,54.0
David Rouzer,Republican,NC,13,271,49.0
David Rouzer,Republican,NC,14,279,50.0
David Rouzer,Republican,NC,15,284,66.0
David Rouzer,Republican,NC,16,254,59.0
David Rouzer,Republican,NC,17,225,32.0
David Rouzer,Republican,NC,18,119,16.0
David Rouzer,Republican,NC,19,74,10.0
David Rouzer,Republican,NC,20,38,6.0
David Rouzer,Republican,NC,21,40,7.0
David Rouzer,Republican,NC,22,28,5.0
David Rouzer,Republican,NC,23,11,0.0
David Schweikert,Republican,AZ,0,1,0.0
David Schweikert,Republican,AZ,1,5,2.0
David Schweikert,Republican,AZ,2,78,16.0
David Schweikert,Republican,AZ,3,132,31.0
David Schweikert,Republican,AZ,4,150,36.0
David Schweikert,Republican,AZ,5,207,47.0
David Schweikert,Republican,AZ,6,423,73.0
David Schweikert,Republican,AZ,7,672,142.0
David Schweikert,Republican,AZ,8,870,134.0
David Schweikert,Republican,AZ,9,831,143.0
David Schweikert,Republican,AZ,10,751,130.0
David Schweikert,Republican,AZ,11,735,128.0
David Schweikert,Republican,AZ,12,677,124.0
David Schweikert,Republican,AZ,13,661,121.0
David Schweikert,Republican,AZ,14,546,92.0
David Schweikert,Republican,AZ,15,335,47.0
David Schweikert,Republican,AZ,16,233,31.0
David Schweikert,Republican,AZ,17,145,11.0
David Schweikert,Republican,AZ,18,144,12.0
David Schweikert,Republican,AZ,19,89,19.0
David Schweikert,Republican,AZ,20,55,8.0
David Schweikert,Republican,AZ,21,31,4.0
David Schweikert,Republican,AZ,22,7,0.0
David Schweikert,Republican,AZ,23,4,0.0
David Young R-IA,Republican,IA,0,1,0.0
David Young R-IA,Republican,IA,5,3,0.0
David Young R-IA,Republican,IA,6,110,2.0
David Young R-IA,Republican,IA,7,247,13.0
David Young R-IA,Republican,IA,8,267,22.0
David Young R-IA,Republican,IA,9,316,11.0
David Young R-IA,Republican,IA,10,440,24.0
David Young R-IA,Republican,IA,11,401,20.0
David Young R-IA,Republican,IA,12,323,12.0
David Young R-IA,Republican,IA,13,325,16.0
David Young R-IA,Republican,IA,14,340,20.0
David Young R-IA,Republican,IA,15,405,29.0
David Young R-IA,Republican,IA,16,323,16.0
David Young R-IA,Republican,IA,17,254,12.0
David Young R-IA,Republican,IA,18,137,9.0
David Young R-IA,Republican,IA,19,123,17.0
David Young R-IA,Republican,IA,20,42,6.0
David Young R-IA,Republican,IA,21,17,1.0
David Young R-IA,Republican,IA,22,8,0.0
David Young R-IA,Republican,IA,23,8,2.0
Dean Heller R-NV,Republican,NV,0,2,0.0
Dean Heller R-NV,Republican,NV,1,3,0.0
Dean Heller R-NV,Republican,NV,3,3,1.0
Dean Heller R-NV,Republican,NV,4,7,1.0
Dean Heller R-NV,Republican,NV,5,15,0.0
Dean Heller R-NV,Republican,NV,6,130,13.0
Dean Heller R-NV,Republican,NV,7,354,25.0
Dean Heller R-NV,Republican,NV,8,498,53.0
Dean Heller R-NV,Republican,NV,9,572,52.0
Dean Heller R-NV,Republican,NV,10,626,55.0
Dean Heller R-NV,Republican,NV,11,614,51.0
Dean Heller R-NV,Republican,NV,12,696,70.0
Dean Heller R-NV,Republican,NV,13,636,53.0
Dean Heller R-NV,Republican,NV,14,481,42.0
Dean Heller R-NV,Republican,NV,15,283,15.0
Dean Heller R-NV,Republican,NV,16,128,7.0
Dean Heller R-NV,Republican,NV,17,126,7.0
Dean Heller R-NV,Republican,NV,18,139,6.0
Dean Heller R-NV,Republican,NV,19,69,7.0
Dean Heller R-NV,Republican,NV,20,46,2.0
Dean Heller R-NV,Republican,NV,21,15,0.0
Dean Heller R-NV,Republican,NV,22,8,0.0
Dean Heller R-NV,Republican,NV,23,3,0.0
Deb Fischer,Republican,NE,0,6,0.0
Deb Fischer,Republican,NE,1,3,0.0
Deb Fischer,Republican,NE,2,21,4.0
Deb Fischer,Republican,NE,3,103,9.0
Deb Fischer,Republican,NE,4,231,16.0
Deb Fischer,Republican,NE,5,232,22.0
Deb Fischer,Republican,NE,6,196,26.0
Deb Fischer,Republican,NE,7,378,45.0
Deb Fischer,Republican,NE,8,870,108.0
Deb Fischer,Republican,NE,9,949,133.0
Deb Fischer,Republican,NE,10,929,138.0
Deb Fischer,Republican,NE,11,820,110.0
Deb Fischer,Republican,NE,12,784,137.0
Deb Fischer,Republican,NE,13,843,111.0
Deb Fischer,Republican,NE,14,823,121.0
Deb Fischer,Republican,NE,15,849,123.0
Deb Fischer,Republican,NE,16,750,109.0
Deb Fischer,Republican,NE,17,391,51.0
Deb Fischer,Republican,NE,18,147,22.0
Deb Fischer,Republican,NE,19,135,25.0
Deb Fischer,Republican,NE,20,65,7.0
Deb Fischer,Republican,NE,21,52,9.0
Deb Fischer,Republican,NE,22,23,8.0
Deb Fischer,Republican,NE,23,9,2.0
Deb Haaland D-NM,Democrat,NM,0,2,0.0
Deb Haaland D-NM,Democrat,NM,1,4,1.0
Deb Haaland D-NM,Democrat,NM,4,1,0.0
Deb Haaland D-NM,Democrat,NM,5,10,1.0
Deb Haaland D-NM,Democrat,NM,6,68,12.0
Deb Haaland D-NM,Democrat,NM,7,189,30.0
Deb Haaland D-NM,Democrat,NM,8,307,50.0
Deb Haaland D-NM,Democrat,NM,9,308,53.0
Deb Haaland D-NM,Democrat,NM,10,399,87.0
Deb Haaland D-NM,Democrat,NM,11,402,90.0
Deb Haaland D-NM,Democrat,NM,12,374,73.0
Deb Haaland D-NM,Democrat,NM,13,392,60.0
Deb Haaland D-NM,Democrat,NM,14,361,58.0
Deb Haaland D-NM,Democrat,NM,15,336,70.0
Deb Haaland D-NM,Democrat,NM,16,346,54.0
Deb Haaland D-NM,Democrat,NM,17,227,45.0
Deb Haaland D-NM,Democrat,NM,18,265,38.0
Deb Haaland D-NM,Democrat,NM,19,178,33.0
Deb Haaland D-NM,Democrat,NM,20,183,25.0
Deb Haaland D-NM,Democrat,NM,21,124,20.0
Deb Haaland D-NM,Democrat,NM,22,59,9.0
Deb Haaland D-NM,Democrat,NM,23,17,3.0
Debbie Dingell,Democrat,MI,0,3,1.0
Debbie Dingell,Democrat,MI,2,8,1.0
Debbie Dingell,Democrat,MI,3,31,9.0
Debbie Dingell,Democrat,MI,4,105,18.0
Debbie Dingell,Democrat,MI,5,205,46.0
Debbie Dingell,Democrat,MI,6,173,45.0
Debbie Dingell,Democrat,MI,7,225,58.0
Debbie Dingell,Democrat,MI,8,328,76.0
Debbie Dingell,Democrat,MI,9,550,99.0
Debbie Dingell,Democrat,MI,10,591,115.0
Debbie Dingell,Democrat,MI,11,675,151.0
Debbie Dingell,Democrat,MI,12,643,150.0
Debbie Dingell,Democrat,MI,13,601,129.0
Debbie Dingell,Democrat,MI,14,547,106.0
Debbie Dingell,Democrat,MI,15,517,101.0
Debbie Dingell,Democrat,MI,16,452,80.0
Debbie Dingell,Democrat,MI,17,401,77.0
Debbie Dingell,Democrat,MI,18,335,75.0
Debbie Dingell,Democrat,MI,19,181,22.0
Debbie Dingell,Democrat,MI,20,155,23.0
Debbie Dingell,Democrat,MI,21,100,15.0
Debbie Dingell,Democrat,MI,22,41,3.0
Debbie Dingell,Democrat,MI,23,15,0.0
Debbie Mucarsel-Powell D-FL,Democrat,FL,0,4,2.0
Debbie Mucarsel-Powell D-FL,Democrat,FL,1,4,1.0
Debbie Mucarsel-Powell D-FL,Democrat,FL,3,1,1.0
Debbie Mucarsel-Powell D-FL,Democrat,FL,6,4,1.0
Debbie Mucarsel-Powell D-FL,Democrat,FL,7,64,20.0
Debbie Mucarsel-Powell D-FL,Democrat,FL,8,86,24.0
Debbie Mucarsel-Powell D-FL,Democrat,FL,9,251,83.0
Debbie Mucarsel-Powell D-FL,Democrat,FL,10,351,96.0
Debbie Mucarsel-Powell D-FL,Democrat,FL,11,402,135.0
Debbie Mucarsel-Powell D-FL,Democrat,FL,12,400,130.0
Debbie Mucarsel-Powell D-FL,Democrat,FL,13,341,99.0
Debbie Mucarsel-Powell D-FL,Democrat,FL,14,356,110.0
Debbie Mucarsel-Powell D-FL,Democrat,FL,15,330,85.0
Debbie Mucarsel-Powell D-FL,Democrat,FL,16,327,82.0
Debbie Mucarsel-Powell D-FL,Democrat,FL,17,404,124.0
Debbie Mucarsel-Powell D-FL,Democrat,FL,18,460,146.0
Debbie Mucarsel-Powell D-FL,Democrat,FL,19,266,92.0
Debbie Mucarsel-Powell D-FL,Democrat,FL,20,215,63.0
Debbie Mucarsel-Powell D-FL,Democrat,FL,21,179,54.0
Debbie Mucarsel-Powell D-FL,Democrat,FL,22,119,38.0
Debbie Mucarsel-Powell D-FL,Democrat,FL,23,76,29.0
Debbie Wasserman Schultz,Democrat,FL,0,10,5.0
Debbie Wasserman Schultz,Democrat,FL,1,2,1.0
Debbie Wasserman Schultz,Democrat,FL,2,16,4.0
Debbie Wasserman Schultz,Democrat,FL,3,61,19.0
Debbie Wasserman Schultz,Democrat,FL,4,301,150.0
Debbie Wasserman Schultz,Democrat,FL,5,659,375.0
Debbie Wasserman Schultz,Democrat,FL,6,577,296.0
Debbie Wasserman Schultz,Democrat,FL,7,588,313.0
Debbie Wasserman Schultz,Democrat,FL,8,760,322.0
Debbie Wasserman Schultz,Democrat,FL,9,1174,471.0
Debbie Wasserman Schultz,Democrat,FL,10,1276,517.0
Debbie Wasserman Schultz,Democrat,FL,11,1331,539.0
Debbie Wasserman Schultz,Democrat,FL,12,1353,600.0
Debbie Wasserman Schultz,Democrat,FL,13,1119,469.0
Debbie Wasserman Schultz,Democrat,FL,14,999,408.0
Debbie Wasserman Schultz,Democrat,FL,15,833,303.0
Debbie Wasserman Schultz,Democrat,FL,16,628,219.0
Debbie Wasserman Schultz,Democrat,FL,17,523,181.0
Debbie Wasserman Schultz,Democrat,FL,18,362,132.0
Debbie Wasserman Schultz,Democrat,FL,19,217,68.0
Debbie Wasserman Schultz,Democrat,FL,20,128,48.0
Debbie Wasserman Schultz,Democrat,FL,21,99,36.0
Debbie Wasserman Schultz,Democrat,FL,22,50,22.0
Debbie Wasserman Schultz,Democrat,FL,23,29,13.0
Deborah K. Ross,Democrat,NC,0,1,0.0
Deborah K. Ross,Democrat,NC,3,21,3.0
Deborah K. Ross,Democrat,NC,4,91,28.0
Deborah K. Ross,Democrat,NC,5,223,83.0
Deborah K. Ross,Democrat,NC,6,241,79.0
Deborah K. Ross,Democrat,NC,7,260,90.0
Deborah K. Ross,Democrat,NC,8,360,131.0
Deborah K. Ross,Democrat,NC,9,533,163.0
Deborah K. Ross,Democrat,NC,10,594,175.0
Deborah K. Ross,Democrat,NC,11,614,181.0
Deborah K. Ross,Democrat,NC,12,673,191.0
Deborah K. Ross,Democrat,NC,13,540,134.0
Deborah K. Ross,Democrat,NC,14,466,107.0
Deborah K. Ross,Democrat,NC,15,382,89.0
Deborah K. Ross,Democrat,NC,16,401,91.0
Deborah K. Ross,Democrat,NC,17,302,53.0
Deborah K. Ross,Democrat,NC,18,137,26.0
Deborah K. Ross,Democrat,NC,19,60,15.0
Deborah K. Ross,Democrat,NC,20,34,7.0
Deborah K. Ross,Democrat,NC,21,17,3.0
Deborah K. Ross,Democrat,NC,22,15,4.0
Deborah K. Ross,Democrat,NC,23,7,2.0
Delia C. Ramirez,Democrat,IL,0,1,1.0
Delia C. Ramirez,Democrat,IL,1,4,2.0
Delia C. Ramirez,Democrat,IL,2,11,7.0
Delia C. Ramirez,Democrat,IL,3,43,24.0
Delia C. Ramirez,Democrat,IL,4,119,74.0
Delia C. Ramirez,Democrat,IL,5,157,91.0
Delia C. Ramirez,Democrat,IL,6,206,113.0
Delia C. Ramirez,Democrat,IL,7,221,129.0
Delia C. Ramirez,Democrat,IL,8,227,132.0
Delia C. Ramirez,Democrat,IL,9,258,136.0
Delia C. Ramirez,Democrat,IL,10,295,154.0
Delia C. Ramirez,Democrat,IL,11,286,172.0
Delia C. Ramirez,Democrat,IL,12,279,144.0
Delia C. Ramirez,Democrat,IL,13,286,155.0
Delia C. Ramirez,Democrat,IL,14,231,117.0
Delia C. Ramirez,Democrat,IL,15,211,100.0
Delia C. Ramirez,Democrat,IL,16,153,67.0
Delia C. Ramirez,Democrat,IL,17,177,59.0
Delia C. Ramirez,Democrat,IL,18,100,26.0
Delia C. Ramirez,Democrat,IL,19,74,21.0
Delia C. Ramirez,Democrat,IL,20,67,19.0
Delia C. Ramirez,Democrat,IL,21,37,14.0
Delia C. Ramirez,Democrat,IL,22,5,3.0
Delia C. Ramirez,Democrat,IL,23,3,3.0
Dennis Ross R-FL,Republican,FL,0,143,44.0
Dennis Ross R-FL,Republican,FL,1,22,0.0
Dennis Ross R-FL,Republican,FL,2,5,0.0
Dennis Ross R-FL,Republican,FL,4,1,0.0
Dennis Ross R-FL,Republican,FL,5,3,0.0
Dennis Ross R-FL,Republican,FL,6,28,4.0
Dennis Ross R-FL,Republican,FL,7,86,7.0
Dennis Ross R-FL,Republican,FL,8,232,45.0
Dennis Ross R-FL,Republican,FL,9,442,103.0
Dennis Ross R-FL,Republican,FL,10,849,264.0
Dennis Ross R-FL,Republican,FL,11,803,243.0
Dennis Ross R-FL,Republican,FL,12,812,237.0
Dennis Ross R-FL,Republican,FL,13,710,216.0
Dennis Ross R-FL,Republican,FL,14,808,250.0
Dennis Ross R-FL,Republican,FL,15,828,269.0
Dennis Ross R-FL,Republican,FL,16,760,203.0
Dennis Ross R-FL,Republican,FL,17,656,192.0
Dennis Ross R-FL,Republican,FL,18,539,156.0
Dennis Ross R-FL,Republican,FL,19,477,140.0
Dennis Ross R-FL,Republican,FL,20,403,107.0
Dennis Ross R-FL,Republican,FL,21,470,145.0
Dennis Ross R-FL,Republican,FL,22,477,137.0
Dennis Ross R-FL,Republican,FL,23,320,91.0
Denny Heck D-WA,Democrat,WA,3,1,0.0
Denny Heck D-WA,Democrat,WA,4,6,1.0
Denny Heck D-WA,Democrat,WA,5,25,8.0
Denny Heck D-WA,Democrat,WA,6,110,18.0
Denny Heck D-WA,Democrat,WA,7,236,37.0
Denny Heck D-WA,Democrat,WA,8,334,55.0
Denny Heck D-WA,Democrat,WA,9,356,45.0
Denny Heck D-WA,Democrat,WA,10,368,71.0
Denny Heck D-WA,Democrat,WA,11,378,53.0
Denny Heck D-WA,Democrat,WA,12,452,78.0
Denny Heck D-WA,Democrat,WA,13,425,56.0
Denny Heck D-WA,Democrat,WA,14,374,44.0
Denny Heck D-WA,Democrat,WA,15,294,43.0
Denny Heck D-WA,Democrat,WA,16,241,32.0
Denny Heck D-WA,Democrat,WA,17,173,17.0
Denny Heck D-WA,Democrat,WA,18,141,18.0
Denny Heck D-WA,Democrat,WA,19,138,24.0
Denny Heck D-WA,Democrat,WA,20,53,7.0
Denny Heck D-WA,Democrat,WA,21,27,11.0
Denny Heck D-WA,Democrat,WA,22,7,1.0
Denny Heck D-WA,Democrat,WA,23,1,0.0
Derrick Van Orden,Republican,WI,0,65,23.0
Derrick Van Orden,Republican,WI,1,231,97.0
Derrick Van Orden,Republican,WI,2,405,174.0
Derrick Van Orden,Republican,WI,3,467,201.0
Derrick Van Orden,Republican,WI,4,506,227.0
Derrick Van Orden,Republican,WI,5,531,227.0
Derrick Van Orden,Republican,WI,6,540,233.0
Derrick Van Orden,Republican,WI,7,560,246.0
Derrick Van Orden,Republican,WI,8,568,235.0
Derrick Van Orden,Republican,WI,9,586,219.0
Derrick Van Orden,Republican,WI,10,647,253.0
Derrick Van Orden,Republican,WI,11,601,237.0
Derrick Van Orden,Republican,WI,12,598,254.0
Derrick Van Orden,Republican,WI,13,625,237.0
Derrick Van Orden,Republican,WI,14,556,230.0
Derrick Van Orden,Republican,WI,15,579,261.0
Derrick Van Orden,Republican,WI,16,567,263.0
Derrick Van Orden,Republican,WI,17,404,167.0
Derrick Van Orden,Republican,WI,18,226,94.0
Derrick Van Orden,Republican,WI,19,106,56.0
Derrick Van Orden,Republican,WI,20,57,27.0
Derrick Van Orden,Republican,WI,21,27,16.0
Derrick Van Orden,Republican,WI,22,27,10.0
Derrick Van Orden,Republican,WI,23,43,17.0
Diana DeGette,Democrat,CO,0,4,0.0
Diana DeGette,Democrat,CO,1,6,3.0
Diana DeGette,Democrat,CO,2,39,14.0
Diana DeGette,Democrat,CO,3,97,41.0
Diana DeGette,Democrat,CO,4,155,75.0
Diana DeGette,Democrat,CO,5,161,68.0
Diana DeGette,Democrat,CO,6,201,75.0
Diana DeGette,Democrat,CO,7,488,169.0
Diana DeGette,Democrat,CO,8,747,257.0
Diana DeGette,Democrat,CO,9,877,296.0
Diana DeGette,Democrat,CO,10,850,254.0
Diana DeGette,Democrat,CO,11,771,231.0
Diana DeGette,Democrat,CO,12,855,281.0
Diana DeGette,Democrat,CO,13,767,240.0
Diana DeGette,Democrat,CO,14,758,256.0
Diana DeGette,Democrat,CO,15,687,245.0
Diana DeGette,Democrat,CO,16,400,138.0
Diana DeGette,Democrat,CO,17,226,64.0
Diana DeGette,Democrat,CO,18,156,44.0
Diana DeGette,Democrat,CO,19,131,43.0
Diana DeGette,Democrat,CO,20,77,29.0
Diana DeGette,Democrat,CO,21,45,11.0
Diana DeGette,Democrat,CO,22,7,4.0
Diana DeGette,Democrat,CO,23,16,3.0
Diana Harshbarger,Republican,TN,0,1,1.0
Diana Harshbarger,Republican,TN,1,1,0.0
Diana Harshbarger,Republican,TN,2,9,3.0
Diana Harshbarger,Republican,TN,3,53,19.0
Diana Harshbarger,Republican,TN,4,149,55.0
Diana Harshbarger,Republican,TN,5,193,70.0
Diana Harshbarger,Republican,TN,6,162,61.0
Diana Harshbarger,Republican,TN,7,173,75.0
Diana Harshbarger,Republican,TN,8,365,143.0
Diana Harshbarger,Republican,TN,9,492,247.0
Diana Harshbarger,Republican,TN,10,372,167.0
Diana Harshbarger,Republican,TN,11,336,139.0
Diana Harshbarger,Republican,TN,12,294,133.0
Diana Harshbarger,Republican,TN,13,310,143.0
Diana Harshbarger,Republican,TN,14,217,96.0
Diana Harshbarger,Republican,TN,15,273,117.0
Diana Harshbarger,Republican,TN,16,183,74.0
Diana Harshbarger,Republican,TN,17,74,31.0
Diana Harshbarger,Republican,TN,18,45,16.0
Diana Harshbarger,Republican,TN,19,32,14.0
Diana Harshbarger,Republican,TN,20,15,8.0
Diana Harshbarger,Republican,TN,21,11,5.0
Diana Harshbarger,Republican,TN,22,3,1.0
Diana Harshbarger,Republican,TN,23,1,0.0
Diane Black R-TN,Republican,TN,4,1,0.0
Diane Black R-TN,Republican,TN,5,10,1.0
Diane Black R-TN,Republican,TN,6,76,27.0
Diane Black R-TN,Republican,TN,7,173,84.0
Diane Black R-TN,Republican,TN,8,558,132.0
Diane Black R-TN,Republican,TN,9,655,167.0
Diane Black R-TN,Republican,TN,10,586,152.0
Diane Black R-TN,Republican,TN,11,519,148.0
Diane Black R-TN,Republican,TN,12,460,115.0
Diane Black R-TN,Republican,TN,13,430,144.0
Diane Black R-TN,Republican,TN,14,433,114.0
Diane Black R-TN,Republican,TN,15,434,114.0
Diane Black R-TN,Republican,TN,16,405,97.0
Diane Black R-TN,Republican,TN,17,231,69.0
Diane Black R-TN,Republican,TN,18,141,43.0
Diane Black R-TN,Republican,TN,19,95,43.0
Diane Black R-TN,Republican,TN,20,61,19.0
Diane Black R-TN,Republican,TN,21,51,14.0
Diane Black R-TN,Republican,TN,22,15,3.0
Diane Black R-TN,Republican,TN,23,8,3.0
Dianne Feinstein D-CA,Democrat,CA,0,1,0.0
Dianne Feinstein D-CA,Democrat,CA,4,1,0.0
Dianne Feinstein D-CA,Democrat,CA,5,17,4.0
Dianne Feinstein D-CA,Democrat,CA,6,104,34.0
Dianne Feinstein D-CA,Democrat,CA,7,438,137.0
Dianne Feinstein D-CA,Democrat,CA,8,860,211.0
Dianne Feinstein D-CA,Democrat,CA,9,968,226.0
Dianne Feinstein D-CA,Democrat,CA,10,1054,277.0
Dianne Feinstein D-CA,Democrat,CA,11,1288,327.0
Dianne Feinstein D-CA,Democrat,CA,12,1306,330.0
Dianne Feinstein D-CA,Democrat,CA,13,1471,418.0
Dianne Feinstein D-CA,Democrat,CA,14,1302,355.0
Dianne Feinstein D-CA,Democrat,CA,15,609,195.0
Dianne Feinstein D-CA,Democrat,CA,16,285,126.0
Dianne Feinstein D-CA,Democrat,CA,17,203,98.0
Dianne Feinstein D-CA,Democrat,CA,18,136,69.0
Dianne Feinstein D-CA,Democrat,CA,19,54,15.0
Dianne Feinstein D-CA,Democrat,CA,20,13,1.0
Dianne Feinstein D-CA,Democrat,CA,21,6,1.0
Dianne Feinstein D-CA,Democrat,CA,22,5,3.0
Dina Titus,Democrat,NV,0,21,6.0
Dina Titus,Democrat,NV,1,28,7.0
Dina Titus,Democrat,NV,2,66,30.0
Dina Titus,Democrat,NV,3,150,52.0
Dina Titus,Democrat,NV,4,344,100.0
Dina Titus,Democrat,NV,5,455,139.0
Dina Titus,Democrat,NV,6,633,196.0
Dina Titus,Democrat,NV,7,1052,293.0
Dina Titus,Democrat,NV,8,1376,303.0
Dina Titus,Democrat,NV,9,1637,350.0
Dina Titus,Democrat,NV,10,1735,336.0
Dina Titus,Democrat,NV,11,1680,321.0
Dina Titus,Democrat,NV,12,1576,264.0
Dina Titus,Democrat,NV,13,1434,283.0
Dina Titus,Democrat,NV,14,1330,242.0
Dina Titus,Democrat,NV,15,1138,197.0
Dina Titus,Democrat,NV,16,911,116.0
Dina Titus,Democrat,NV,17,728,106.0
Dina Titus,Democrat,NV,18,601,78.0
Dina Titus,Democrat,NV,19,491,45.0
Dina Titus,Democrat,NV,20,319,31.0
Dina Titus,Democrat,NV,21,151,9.0
Dina Titus,Democrat,NV,22,76,7.0
Dina Titus,Democrat,NV,23,35,6.0
Don Bacon,Republican,NE,0,110,45.0
Don Bacon,Republican,NE,1,156,84.0
Don Bacon,Republican,NE,2,229,131.0
Don Bacon,Republican,NE,3,464,227.0
Don Bacon,Republican,NE,4,698,309.0
Don Bacon,Republican,NE,5,821,322.0
Don Bacon,Republican,NE,6,852,360.0
Don Bacon,Republican,NE,7,1016,336.0
Don Bacon,Republican,NE,8,1432,388.0
Don Bacon,Republican,NE,9,1959,490.0
Don Bacon,Republican,NE,10,1896,480.0
Don Bacon,Republican,NE,11,1572,442.0
Don Bacon,Republican,NE,12,1744,455.0
Don Bacon,Republican,NE,13,1485,391.0
Don Bacon,Republican,NE,14,1404,378.0
Don Bacon,Republican,NE,15,1476,389.0
Don Bacon,Republican,NE,16,1466,417.0
Don Bacon,Republican,NE,17,1267,407.0
Don Bacon,Republican,NE,18,1136,325.0
Don Bacon,Republican,NE,19,810,226.0
Don Bacon,Republican,NE,20,551,167.0
Don Bacon,Republican,NE,21,468,114.0
Don Bacon,Republican,NE,22,555,173.0
Don Bacon,Republican,NE,23,264,89.0
Don Young R-AK,Republican,AK,0,1,0.0
Don Young R-AK,Republican,AK,4,20,1.0
Don Young R-AK,Republican,AK,5,39,3.0
Don Young R-AK,Republican,AK,6,111,7.0
Don Young R-AK,Republican,AK,7,255,23.0
Don Young R-AK,Republican,AK,8,283,19.0
Don Young R-AK,Republican,AK,9,295,33.0
Don Young R-AK,Republican,AK,10,351,41.0
Don Young R-AK,Republican,AK,11,338,50.0
Don Young R-AK,Republican,AK,12,354,33.0
Don Young R-AK,Republican,AK,13,358,39.0
Don Young R-AK,Republican,AK,14,359,50.0
Don Young R-AK,Republican,AK,15,288,41.0
Don Young R-AK,Republican,AK,16,195,36.0
Don Young R-AK,Republican,AK,17,110,8.0
Don Young R-AK,Republican,AK,18,72,11.0
Don Young R-AK,Republican,AK,19,38,3.0
Don Young R-AK,Republican,AK,20,17,0.0
Don Young R-AK,Republican,AK,21,9,1.0
Don Young R-AK,Republican,AK,22,5,1.0
Don Young R-AK,Republican,AK,23,9,0.0
Donald G. Davis,Democrat,NC,0,7,0.0
Donald G. Davis,Democrat,NC,1,6,0.0
Donald G. Davis,Democrat,NC,2,17,0.0
Donald G. Davis,Democrat,NC,3,42,0.0
Donald G. Davis,Democrat,NC,4,81,2.0
Donald G. Davis,Democrat,NC,5,119,2.0
Donald G. Davis,Democrat,NC,6,164,4.0
Donald G. Davis,Democrat,NC,7,128,3.0
Donald G. Davis,Democrat,NC,8,158,3.0
Donald G. Davis,Democrat,NC,9,206,5.0
Donald G. Davis,Democrat,NC,10,214,9.0
Donald G. Davis,Democrat,NC,11,221,11.0
Donald G. Davis,Democrat,NC,12,249,11.0
Donald G. Davis,Democrat,NC,13,254,7.0
Donald G. Davis,Democrat,NC,14,248,13.0
Donald G. Davis,Democrat,NC,15,259,7.0
Donald G. Davis,Democrat,NC,16,245,4.0
Donald G. Davis,Democrat,NC,17,218,5.0
Donald G. Davis,Democrat,NC,18,180,6.0
Donald G. Davis,Democrat,NC,19,117,4.0
Donald G. Davis,Democrat,NC,20,56,0.0
Donald G. Davis,Democrat,NC,21,17,0.0
Donald G. Davis,Democrat,NC,22,14,2.0
Donald G. Davis,Democrat,NC,23,5,0.0
Donald McEachin D-VA,Democrat,VA,0,2,1.0
Donald McEachin D-VA,Democrat,VA,4,1,0.0
Donald McEachin D-VA,Democrat,VA,6,1,1.0
Donald McEachin D-VA,Democrat,VA,7,15,1.0
Donald McEachin D-VA,Democrat,VA,8,57,8.0
Donald McEachin D-VA,Democrat,VA,9,221,25.0
Donald McEachin D-VA,Democrat,VA,10,242,27.0
Donald McEachin D-VA,Democrat,VA,11,317,61.0
Donald McEachin D-VA,Democrat,VA,12,303,60.0
Donald McEachin D-VA,Democrat,VA,13,326,68.0
Donald McEachin D-VA,Democrat,VA,14,427,62.0
Donald McEachin D-VA,Democrat,VA,15,388,72.0
Donald McEachin D-VA,Democrat,VA,16,362,67.0
Donald McEachin D-VA,Democrat,VA,17,283,50.0
Donald McEachin D-VA,Democrat,VA,18,177,31.0
Donald McEachin D-VA,Democrat,VA,19,72,16.0
Donald McEachin D-VA,Democrat,VA,20,66,18.0
Donald McEachin D-VA,Democrat,VA,21,79,17.0
Donald McEachin D-VA,Democrat,VA,22,36,9.0
Donald McEachin D-VA,Democrat,VA,23,16,6.0
"Donald S. Beyer, Jr.",Democrat,VA,0,13,6.0
"Donald S. Beyer, Jr.",Democrat,VA,1,1,1.0
"Donald S. Beyer, Jr.",Democrat,VA,2,15,4.0
"Donald S. Beyer, Jr.",Democrat,VA,3,81,37.0
"Donald S. Beyer, Jr.",Democrat,VA,4,208,105.0
"Donald S. Beyer, Jr.",Democrat,VA,5,314,175.0
"Donald S. Beyer, Jr.",Democrat,VA,6,421,238.0
"Donald S. Beyer, Jr.",Democrat,VA,7,828,506.0
"Donald S. Beyer, Jr.",Democrat,VA,8,1052,546.0
"Donald S. Beyer, Jr.",Democrat,VA,9,1414,711.0
"Donald S. Beyer, Jr.",Democrat,VA,10,1556,770.0
"Donald S. Beyer, Jr.",Democrat,VA,11,1638,765.0
"Donald S. Beyer, Jr.",Democrat,VA,12,1599,791.0
"Donald S. Beyer, Jr.",Democrat,VA,13,1560,753.0
"Donald S. Beyer, Jr.",Democrat,VA,14,1547,751.0
"Donald S. Beyer, Jr.",Democrat,VA,15,1415,668.0
"Donald S. Beyer, Jr.",Democrat,VA,16,1391,608.0
"Donald S. Beyer, Jr.",Democrat,VA,17,1063,540.0
"Donald S. Beyer, Jr.",Democrat,VA,18,762,356.0
"Donald S. Beyer, Jr.",Democrat,VA,19,472,210.0
"Donald S. Beyer, Jr.",Democrat,VA,20,304,123.0
"Donald S. Beyer, Jr.",Democrat,VA,21,264,120.0
"Donald S. Beyer, Jr.",Democrat,VA,22,102,48.0
"Donald S. Beyer, Jr.",Democrat,VA,23,16,8.0
Donna Edwards D-MD,Democrat,MD,0,22,5.0
Donna Edwards D-MD,Democrat,MD,1,9,3.0
Donna Edwards D-MD,Democrat,MD,2,8,2.0
Donna Edwards D-MD,Democrat,MD,3,4,3.0
Donna Edwards D-MD,Democrat,MD,4,1,0.0
Donna Edwards D-MD,Democrat,MD,5,14,2.0
Donna Edwards D-MD,Democrat,MD,6,59,14.0
Donna Edwards D-MD,Democrat,MD,7,143,18.0
Donna Edwards D-MD,Democrat,MD,8,179,36.0
Donna Edwards D-MD,Democrat,MD,9,285,68.0
Donna Edwards D-MD,Democrat,MD,10,270,56.0
Donna Edwards D-MD,Democrat,MD,11,335,71.0
Donna Edwards D-MD,Democrat,MD,12,289,71.0
Donna Edwards D-MD,Democrat,MD,13,342,93.0
Donna Edwards D-MD,Democrat,MD,14,327,80.0
Donna Edwards D-MD,Democrat,MD,15,329,65.0
Donna Edwards D-MD,Democrat,MD,16,318,51.0
Donna Edwards D-MD,Democrat,MD,17,212,43.0
Donna Edwards D-MD,Democrat,MD,18,193,34.0
Donna Edwards D-MD,Democrat,MD,19,134,38.0
Donna Edwards D-MD,Democrat,MD,20,109,16.0
Donna Edwards D-MD,Democrat,MD,21,106,14.0
Donna Edwards D-MD,Democrat,MD,22,80,16.0
Donna Edwards D-MD,Democrat,MD,23,45,13.0
Doug Collins,Republican,GA,0,2,1.0
Doug Collins,Republican,GA,1,2,0.0
Doug Collins,Republican,GA,2,8,4.0
Doug Collins,Republican,GA,3,19,9.0
Doug Collins,Republican,GA,4,55,28.0
Doug Collins,Republican,GA,5,61,33.0
Doug Collins,Republican,GA,6,84,54.0
Doug Collins,Republican,GA,7,130,50.0
Doug Collins,Republican,GA,8,221,87.0
Doug Collins,Republican,GA,9,464,150.0
Doug Collins,Republican,GA,10,520,197.0
Doug Collins,Republican,GA,11,507,182.0
Doug Collins,Republican,GA,12,474,154.0
Doug Collins,Republican,GA,13,468,172.0
Doug Collins,Republican,GA,14,417,136.0
Doug Collins,Republican,GA,15,410,133.0
Doug Collins,Republican,GA,16,402,123.0
Doug Collins,Republican,GA,17,347,120.0
Doug Collins,Republican,GA,18,227,94.0
Doug Collins,Republican,GA,19,150,60.0
Doug Collins,Republican,GA,20,117,58.0
Doug Collins,Republican,GA,21,112,33.0
Doug Collins,Republican,GA,22,77,23.0
Doug Collins,Republican,GA,23,16,3.0
"Duncan, Jeff",Republican,SC,0,26,5.0
"Duncan, Jeff",Republican,SC,1,3,0.0
"Duncan, Jeff",Republican,SC,5,12,6.0
"Duncan, Jeff",Republican,SC,6,117,32.0
"Duncan, Jeff",Republican,SC,7,531,196.0
"Duncan, Jeff",Republican,SC,8,871,301.0
"Duncan, Jeff",Republican,SC,9,1091,357.0
"Duncan, Jeff",Republican,SC,10,1101,419.0
"Duncan, Jeff",Republican,SC,11,940,313.0
"Duncan, Jeff",Republican,SC,12,930,346.0
"Duncan, Jeff",Republican,SC,13,1014,402.0
"Duncan, Jeff",Republican,SC,14,1025,383.0
"Duncan, Jeff",Republican,SC,15,907,341.0
"Duncan, Jeff",Republican,SC,16,975,368.0
"Duncan, Jeff",Republican,SC,17,714,277.0
"Duncan, Jeff",Republican,SC,18,479,173.0
"Duncan, Jeff",Republican,SC,19,369,140.0
"Duncan, Jeff",Republican,SC,20,388,133.0
"Duncan, Jeff",Republican,SC,21,330,105.0
"Duncan, Jeff",Republican,SC,22,306,121.0
"Duncan, Jeff",Republican,SC,23,110,37.0
Dusty Johnson,Republican,SD,1,1,0.0
Dusty Johnson,Republican,SD,2,11,3.0
Dusty Johnson,Republican,SD,3,22,3.0
Dusty Johnson,Republican,SD,4,89,18.0
Dusty Johnson,Republican,SD,5,167,25.0
Dusty Johnson,Republican,SD,6,152,22.0
Dusty Johnson,Republican,SD,7,235,47.0
Dusty Johnson,Republican,SD,8,266,49.0
Dusty Johnson,Republican,SD,9,291,45.0
Dusty Johnson,Republican,SD,10,382,43.0
Dusty Johnson,Republican,SD,11,353,59.0
Dusty Johnson,Republican,SD,12,363,55.0
Dusty Johnson,Republican,SD,13,315,47.0
Dusty Johnson,Republican,SD,14,302,52.0
Dusty Johnson,Republican,SD,15,320,50.0
Dusty Johnson,Republican,SD,16,298,46.0
Dusty Johnson,Republican,SD,17,214,30.0
Dusty Johnson,Republican,SD,18,138,25.0
Dusty Johnson,Republican,SD,19,116,19.0
Dusty Johnson,Republican,SD,20,97,5.0
Dusty Johnson,Republican,SD,21,50,7.0
Dusty Johnson,Republican,SD,22,39,3.0
Dusty Johnson,Republican,SD,23,6,1.0
Dwight Evans,Democrat,PA,0,48,19.0
Dwight Evans,Democrat,PA,1,16,9.0
Dwight Evans,Democrat,PA,2,6,3.0
Dwight Evans,Democrat,PA,3,6,2.0
Dwight Evans,Democrat,PA,4,24,9.0
Dwight Evans,Democrat,PA,5,90,35.0
Dwight Evans,Democrat,PA,6,200,77.0
Dwight Evans,Democrat,PA,7,369,143.0
Dwight Evans,Democrat,PA,8,729,217.0
Dwight Evans,Democrat,PA,9,1091,292.0
Dwight Evans,Democrat,PA,10,1657,312.0
Dwight Evans,Democrat,PA,11,1827,431.0
Dwight Evans,Democrat,PA,12,1909,569.0
Dwight Evans,Democrat,PA,13,1926,518.0
Dwight Evans,Democrat,PA,14,1854,445.0
Dwight Evans,Democrat,PA,15,2140,445.0
Dwight Evans,Democrat,PA,16,2579,511.0
Dwight Evans,Democrat,PA,17,2637,518.0
Dwight Evans,Democrat,PA,18,1714,396.0
Dwight Evans,Democrat,PA,19,1009,234.0
Dwight Evans,Democrat,PA,20,773,229.0
Dwight Evans,Democrat,PA,21,451,122.0
Dwight Evans,Democrat,PA,22,190,53.0
Dwight Evans,Democrat,PA,23,106,34.0
E.B. Johnson D-TX,Democrat,TX,1,6,0.0
E.B. Johnson D-TX,Democrat,TX,2,6,1.0
E.B. Johnson D-TX,Democrat,TX,3,5,0.0
E.B. Johnson D-TX,Democrat,TX,4,1,0.0
E.B. Johnson D-TX,Democrat,TX,5,2,0.0
E.B. Johnson D-TX,Democrat,TX,6,14,0.0
E.B. Johnson D-TX,Democrat,TX,7,77,4.0
E.B. Johnson D-TX,Democrat,TX,8,722,52.0
E.B. Johnson D-TX,Democrat,TX,9,1060,139.0
E.B. Johnson D-TX,Democrat,TX,10,1174,160.0
E.B. Johnson D-TX,Democrat,TX,11,1135,173.0
E.B. Johnson D-TX,Democrat,TX,12,952,139.0
E.B. Johnson D-TX,Democrat,TX,13,840,158.0
E.B. Johnson D-TX,Democrat,TX,14,787,105.0
E.B. Johnson D-TX,Democrat,TX,15,731,93.0
E.B. Johnson D-TX,Democrat,TX,16,665,72.0
E.B. Johnson D-TX,Democrat,TX,17,384,35.0
E.B. Johnson D-TX,Democrat,TX,18,141,20.0
E.B. Johnson D-TX,Democrat,TX,19,106,12.0
E.B. Johnson D-TX,Democrat,TX,20,130,15.0
E.B. Johnson D-TX,Democrat,TX,21,57,4.0
E.B. Johnson D-TX,Democrat,TX,22,19,2.0
E.B. Johnson D-TX,Democrat,TX,23,12,2.0
"Earl L. ""Buddy"" Carter",Republican,GA,0,3,0.0
"Earl L. ""Buddy"" Carter",Republican,GA,2,5,0.0
"Earl L. ""Buddy"" Carter",Republican,GA,3,17,8.0
"Earl L. ""Buddy"" Carter",Republican,GA,4,82,26.0
"Earl L. ""Buddy"" Carter",Republican,GA,5,189,59.0
"Earl L. ""Buddy"" Carter",Republican,GA,6,216,89.0
"Earl L. ""Buddy"" Carter",Republican,GA,7,217,103.0
"Earl L. ""Buddy"" Carter",Republican,GA,8,227,87.0
"Earl L. ""Buddy"" Carter",Republican,GA,9,337,82.0
"Earl L. ""Buddy"" Carter",Republican,GA,10,507,139.0
"Earl L. ""Buddy"" Carter",Republican,GA,11,542,158.0
"Earl L. ""Buddy"" Carter",Republican,GA,12,372,110.0
"Earl L. ""Buddy"" Carter",Republican,GA,13,308,102.0
"Earl L. ""Buddy"" Carter",Republican,GA,14,305,59.0
"Earl L. ""Buddy"" Carter",Republican,GA,15,314,56.0
"Earl L. ""Buddy"" Carter",Republican,GA,16,346,52.0
"Earl L. ""Buddy"" Carter",Republican,GA,17,274,53.0
"Earl L. ""Buddy"" Carter",Republican,GA,18,148,22.0
"Earl L. ""Buddy"" Carter",Republican,GA,19,55,9.0
"Earl L. ""Buddy"" Carter",Republican,GA,20,32,5.0
"Earl L. ""Buddy"" Carter",Republican,GA,21,22,5.0
"Earl L. ""Buddy"" Carter",Republican,GA,22,11,2.0
"Earl L. ""Buddy"" Carter",Republican,GA,23,11,0.0
Ed Case,Democrat,HI,0,16,2.0
Ed Case,Democrat,HI,1,11,1.0
Ed Case,Democrat,HI,2,28,3.0
Ed Case,Democrat,HI,3,180,16.0
Ed Case,Democrat,HI,4,303,48.0
Ed Case,Democrat,HI,5,134,14.0
Ed Case,Democrat,HI,6,167,8.0
Ed Case,Democrat,HI,7,256,25.0
Ed Case,Democrat,HI,8,468,37.0
Ed Case,Democrat,HI,9,353,22.0
Ed Case,Democrat,HI,10,323,29.0
Ed Case,Democrat,HI,11,354,21.0
Ed Case,Democrat,HI,12,347,24.0
Ed Case,Democrat,HI,13,232,19.0
Ed Case,Democrat,HI,14,240,6.0
Ed Case,Democrat,HI,15,189,11.0
Ed Case,Democrat,HI,16,183,10.0
Ed Case,Democrat,HI,17,110,5.0
Ed Case,Democrat,HI,18,69,6.0
Ed Case,Democrat,HI,19,38,2.0
Ed Case,Democrat,HI,20,16,3.0
Ed Case,Democrat,HI,21,1,1.0
Ed Case,Democrat,HI,22,3,1.0
Ed Case,Democrat,HI,23,2,0.0
Ed Perlmutter D-CO,Democrat,CO,0,4,0.0
Ed Perlmutter D-CO,Democrat,CO,3,3,0.0
Ed Perlmutter D-CO,Democrat,CO,4,1,0.0
Ed Perlmutter D-CO,Democrat,CO,5,3,2.0
Ed Perlmutter D-CO,Democrat,CO,6,14,3.0
Ed Perlmutter D-CO,Democrat,CO,7,45,7.0
Ed Perlmutter D-CO,Democrat,CO,8,232,42.0
Ed Perlmutter D-CO,Democrat,CO,9,753,142.0
Ed Perlmutter D-CO,Democrat,CO,10,796,134.0
Ed Perlmutter D-CO,Democrat,CO,11,818,166.0
Ed Perlmutter D-CO,Democrat,CO,12,729,115.0
Ed Perlmutter D-CO,Democrat,CO,13,708,154.0
Ed Perlmutter D-CO,Democrat,CO,14,791,159.0
Ed Perlmutter D-CO,Democrat,CO,15,794,126.0
Ed Perlmutter D-CO,Democrat,CO,16,767,121.0
Ed Perlmutter D-CO,Democrat,CO,17,371,56.0
Ed Perlmutter D-CO,Democrat,CO,18,260,44.0
Ed Perlmutter D-CO,Democrat,CO,19,344,51.0
Ed Perlmutter D-CO,Democrat,CO,20,295,42.0
Ed Perlmutter D-CO,Democrat,CO,21,71,9.0
Ed Perlmutter D-CO,Democrat,CO,22,12,2.0
Ed Perlmutter D-CO,Democrat,CO,23,2,0.0
Edward J. Markey,Democrat,MA,0,14,5.0
Edward J. Markey,Democrat,MA,1,5,3.0
Edward J. Markey,Democrat,MA,2,8,6.0
Edward J. Markey,Democrat,MA,3,17,9.0
Edward J. Markey,Democrat,MA,4,99,43.0
Edward J. Markey,Democrat,MA,5,207,106.0
Edward J. Markey,Democrat,MA,6,288,135.0
Edward J. Markey,Democrat,MA,7,445,212.0
Edward J. Markey,Democrat,MA,8,612,234.0
Edward J. Markey,Democrat,MA,9,951,368.0
Edward J. Markey,Democrat,MA,10,1668,630.0
Edward J. Markey,Democrat,MA,11,2021,803.0
Edward J. Markey,Democrat,MA,12,2043,824.0
Edward J. Markey,Democrat,MA,13,1847,728.0
Edward J. Markey,Democrat,MA,14,1762,704.0
Edward J. Markey,Democrat,MA,15,1779,674.0
Edward J. Markey,Democrat,MA,16,1745,708.0
Edward J. Markey,Democrat,MA,17,1493,634.0
Edward J. Markey,Democrat,MA,18,931,368.0
Edward J. Markey,Democrat,MA,19,563,210.0
Edward J. Markey,Democrat,MA,20,400,158.0
Edward J. Markey,Democrat,MA,21,245,95.0
Edward J. Markey,Democrat,MA,22,146,65.0
Edward J. Markey,Democrat,MA,23,40,28.0
Elaine Luria D-VA,Democrat,VA,0,2,1.0
Elaine Luria D-VA,Democrat,VA,2,9,1.0
Elaine Luria D-VA,Democrat,VA,6,3,0.0
Elaine Luria D-VA,Democrat,VA,7,18,3.0
Elaine Luria D-VA,Democrat,VA,8,82,6.0
Elaine Luria D-VA,Democrat,VA,9,388,36.0
Elaine Luria D-VA,Democrat,VA,10,445,42.0
Elaine Luria D-VA,Democrat,VA,11,430,41.0
Elaine Luria D-VA,Democrat,VA,12,392,43.0
Elaine Luria D-VA,Democrat,VA,13,398,45.0
Elaine Luria D-VA,Democrat,VA,14,373,35.0
Elaine Luria D-VA,Democrat,VA,15,341,35.0
Elaine Luria D-VA,Democrat,VA,16,364,33.0
Elaine Luria D-VA,Democrat,VA,17,381,38.0
Elaine Luria D-VA,Democrat,VA,18,299,35.0
Elaine Luria D-VA,Democrat,VA,19,165,22.0
Elaine Luria D-VA,Democrat,VA,20,89,15.0
Elaine Luria D-VA,Democrat,VA,21,62,18.0
Elaine Luria D-VA,Democrat,VA,22,30,12.0
Elaine Luria D-VA,Democrat,VA,23,7,2.0
Elijah Crane,Republican,AZ,0,24,13.0
Elijah Crane,Republican,AZ,1,224,104.0
Elijah Crane,Republican,AZ,2,319,148.0
Elijah Crane,Republican,AZ,3,404,148.0
Elijah Crane,Republican,AZ,4,463,179.0
Elijah Crane,Republican,AZ,5,390,149.0
Elijah Crane,Republican,AZ,6,370,146.0
Elijah Crane,Republican,AZ,7,444,176.0
Elijah Crane,Republican,AZ,8,423,159.0
Elijah Crane,Republican,AZ,9,432,170.0
Elijah Crane,Republican,AZ,10,354,137.0
Elijah Crane,Republican,AZ,11,327,142.0
Elijah Crane,Republican,AZ,12,344,141.0
Elijah Crane,Republican,AZ,13,301,120.0
Elijah Crane,Republican,AZ,14,221,88.0
Elijah Crane,Republican,AZ,15,177,77.0
Elijah Crane,Republican,AZ,16,90,31.0
Elijah Crane,Republican,AZ,17,48,23.0
Elijah Crane,Republican,AZ,18,38,16.0
Elijah Crane,Republican,AZ,19,48,21.0
Elijah Crane,Republican,AZ,20,33,14.0
Elijah Crane,Republican,AZ,21,9,2.0
Elijah Crane,Republican,AZ,22,2,1.0
Elijah Crane,Republican,AZ,23,15,8.0
Elijah Cummings D-MD,Democrat,MD,0,15,4.0
Elijah Cummings D-MD,Democrat,MD,1,6,0.0
Elijah Cummings D-MD,Democrat,MD,2,12,2.0
Elijah Cummings D-MD,Democrat,MD,3,1,0.0
Elijah Cummings D-MD,Democrat,MD,4,15,5.0
Elijah Cummings D-MD,Democrat,MD,5,10,2.0
Elijah Cummings D-MD,Democrat,MD,6,54,8.0
Elijah Cummings D-MD,Democrat,MD,7,151,39.0
Elijah Cummings D-MD,Democrat,MD,8,202,78.0
Elijah Cummings D-MD,Democrat,MD,9,473,149.0
Elijah Cummings D-MD,Democrat,MD,10,778,233.0
Elijah Cummings D-MD,Democrat,MD,11,488,129.0
Elijah Cummings D-MD,Democrat,MD,12,411,101.0
Elijah Cummings D-MD,Democrat,MD,13,419,117.0
Elijah Cummings D-MD,Democrat,MD,14,395,106.0
Elijah Cummings D-MD,Democrat,MD,15,323,70.0
Elijah Cummings D-MD,Democrat,MD,16,302,69.0
Elijah Cummings D-MD,Democrat,MD,17,275,98.0
Elijah Cummings D-MD,Democrat,MD,18,155,47.0
Elijah Cummings D-MD,Democrat,MD,19,101,33.0
Elijah Cummings D-MD,Democrat,MD,20,74,22.0
Elijah Cummings D-MD,Democrat,MD,21,86,21.0
Elijah Cummings D-MD,Democrat,MD,22,51,17.0
Elijah Cummings D-MD,Democrat,MD,23,25,7.0
Eliot Engel D-NY,Democrat,NY,0,11,3.0
Eliot Engel D-NY,Democrat,NY,1,5,0.0
Eliot Engel D-NY,Democrat,NY,2,2,0.0
Eliot Engel D-NY,Democrat,NY,3,2,0.0
Eliot Engel D-NY,Democrat,NY,4,4,1.0
Eliot Engel D-NY,Democrat,NY,5,3,1.0
Eliot Engel D-NY,Democrat,NY,6,4,0.0
Eliot Engel D-NY,Democrat,NY,7,15,5.0
Eliot Engel D-NY,Democrat,NY,8,77,22.0
Eliot Engel D-NY,Democrat,NY,9,331,125.0
Eliot Engel D-NY,Democrat,NY,10,363,123.0
Eliot Engel D-NY,Democrat,NY,11,396,144.0
Eliot Engel D-NY,Democrat,NY,12,387,140.0
Eliot Engel D-NY,Democrat,NY,13,401,142.0
Eliot Engel D-NY,Democrat,NY,14,407,117.0
Eliot Engel D-NY,Democrat,NY,15,351,112.0
Eliot Engel D-NY,Democrat,NY,16,388,131.0
Eliot Engel D-NY,Democrat,NY,17,303,94.0
Eliot Engel D-NY,Democrat,NY,18,159,53.0
Eliot Engel D-NY,Democrat,NY,19,151,42.0
Eliot Engel D-NY,Democrat,NY,20,150,43.0
Eliot Engel D-NY,Democrat,NY,21,131,34.0
Eliot Engel D-NY,Democrat,NY,22,87,32.0
Eliot Engel D-NY,Democrat,NY,23,48,10.0
Elise M. Stefanik,Republican,NY,0,11,3.0
Elise M. Stefanik,Republican,NY,1,74,27.0
Elise M. Stefanik,Republican,NY,2,326,135.0
Elise M. Stefanik,Republican,NY,3,709,290.0
Elise M. Stefanik,Republican,NY,4,959,381.0
Elise M. Stefanik,Republican,NY,5,1190,579.0
Elise M. Stefanik,Republican,NY,6,1431,714.0
Elise M. Stefanik,Republican,NY,7,1511,809.0
Elise M. Stefanik,Republican,NY,8,1547,787.0
Elise M. Stefanik,Republican,NY,9,1780,784.0
Elise M. Stefanik,Republican,NY,10,2080,907.0
Elise M. Stefanik,Republican,NY,11,1917,822.0
Elise M. Stefanik,Republican,NY,12,1979,888.0
Elise M. Stefanik,Republican,NY,13,1785,800.0
Elise M. Stefanik,Republican,NY,14,1509,609.0
Elise M. Stefanik,Republican,NY,15,1372,542.0
Elise M. Stefanik,Republican,NY,16,1113,373.0
Elise M. Stefanik,Republican,NY,17,826,260.0
Elise M. Stefanik,Republican,NY,18,348,105.0
Elise M. Stefanik,Republican,NY,19,197,64.0
Elise M. Stefanik,Republican,NY,20,113,44.0
Elise M. Stefanik,Republican,NY,21,46,16.0
Elise M. Stefanik,Republican,NY,22,19,7.0
Elise M. Stefanik,Republican,NY,23,8,6.0
Elissa Slotkin,Democrat,MI,0,11,0.0
Elissa Slotkin,Democrat,MI,1,4,0.0
Elissa Slotkin,Democrat,MI,2,7,4.0
Elissa Slotkin,Democrat,MI,3,30,5.0
Elissa Slotkin,Democrat,MI,4,102,20.0
Elissa Slotkin,Democrat,MI,5,158,23.0
Elissa Slotkin,Democrat,MI,6,203,34.0
Elissa Slotkin,Democrat,MI,7,225,30.0
Elissa Slotkin,Democrat,MI,8,225,25.0
Elissa Slotkin,Democrat,MI,9,294,55.0
Elissa Slotkin,Democrat,MI,10,404,64.0
Elissa Slotkin,Democrat,MI,11,421,73.0
Elissa Slotkin,Democrat,MI,12,450,84.0
Elissa Slotkin,Democrat,MI,13,449,88.0
Elissa Slotkin,Democrat,MI,14,467,92.0
Elissa Slotkin,Democrat,MI,15,422,97.0
Elissa Slotkin,Democrat,MI,16,461,103.0
Elissa Slotkin,Democrat,MI,17,391,80.0
Elissa Slotkin,Democrat,MI,18,238,57.0
Elissa Slotkin,Democrat,MI,19,252,70.0
Elissa Slotkin,Democrat,MI,20,168,40.0
Elissa Slotkin,Democrat,MI,21,122,33.0
Elissa Slotkin,Democrat,MI,22,65,14.0
Elissa Slotkin,Democrat,MI,23,51,16.0
Elizabeth Esty D-CT,Democrat,CT,0,4,2.0
Elizabeth Esty D-CT,Democrat,CT,1,1,0.0
Elizabeth Esty D-CT,Democrat,CT,4,1,0.0
Elizabeth Esty D-CT,Democrat,CT,5,2,1.0
Elizabeth Esty D-CT,Democrat,CT,6,4,0.0
Elizabeth Esty D-CT,Democrat,CT,7,17,2.0
Elizabeth Esty D-CT,Democrat,CT,8,65,8.0
Elizabeth Esty D-CT,Democrat,CT,9,261,30.0
Elizabeth Esty D-CT,Democrat,CT,10,376,42.0
Elizabeth Esty D-CT,Democrat,CT,11,409,56.0
Elizabeth Esty D-CT,Democrat,CT,12,507,62.0
Elizabeth Esty D-CT,Democrat,CT,13,503,75.0
Elizabeth Esty D-CT,Democrat,CT,14,577,70.0
Elizabeth Esty D-CT,Democrat,CT,15,438,43.0
Elizabeth Esty D-CT,Democrat,CT,16,452,76.0
Elizabeth Esty D-CT,Democrat,CT,17,382,49.0
Elizabeth Esty D-CT,Democrat,CT,18,206,33.0
Elizabeth Esty D-CT,Democrat,CT,19,132,22.0
Elizabeth Esty D-CT,Democrat,CT,20,52,1.0
Elizabeth Esty D-CT,Democrat,CT,21,66,10.0
Elizabeth Esty D-CT,Democrat,CT,22,33,7.0
Elizabeth Esty D-CT,Democrat,CT,23,9,0.0
Elizabeth Warren,Democrat,MA,0,16,13.0
Elizabeth Warren,Democrat,MA,1,8,6.0
Elizabeth Warren,Democrat,MA,2,30,10.0
Elizabeth Warren,Democrat,MA,3,126,37.0
Elizabeth Warren,Democrat,MA,4,860,407.0
Elizabeth Warren,Democrat,MA,5,1716,808.0
Elizabeth Warren,Democrat,MA,6,2061,1047.0
Elizabeth Warren,Democrat,MA,7,1831,902.0
Elizabeth Warren,Democrat,MA,8,1931,970.0
Elizabeth Warren,Democrat,MA,9,2647,1356.0
Elizabeth Warren,Democrat,MA,10,2919,1477.0
Elizabeth Warren,Democrat,MA,11,2811,1488.0
Elizabeth Warren,Democrat,MA,12,2794,1442.0
Elizabeth Warren,Democrat,MA,13,2694,1397.0
Elizabeth Warren,Democrat,MA,14,2447,1228.0
Elizabeth Warren,Democrat,MA,15,2362,1130.0
Elizabeth Warren,Democrat,MA,16,2141,1088.0
Elizabeth Warren,Democrat,MA,17,1610,763.0
Elizabeth Warren,Democrat,MA,18,1054,490.0
Elizabeth Warren,Democrat,MA,19,911,447.0
Elizabeth Warren,Democrat,MA,20,570,275.0
Elizabeth Warren,Democrat,MA,21,277,141.0
Elizabeth Warren,Democrat,MA,22,75,35.0
Elizabeth Warren,Democrat,MA,23,27,19.0
Emanuel Cleaver,Democrat,MO,0,2,0.0
Emanuel Cleaver,Democrat,MO,1,2,1.0
Emanuel Cleaver,Democrat,MO,2,2,0.0
Emanuel Cleaver,Democrat,MO,3,20,8.0
Emanuel Cleaver,Democrat,MO,4,86,44.0
Emanuel Cleaver,Democrat,MO,5,195,81.0
Emanuel Cleaver,Democrat,MO,6,424,185.0
Emanuel Cleaver,Democrat,MO,7,551,260.0
Emanuel Cleaver,Democrat,MO,8,841,308.0
Emanuel Cleaver,Democrat,MO,9,1044,364.0
Emanuel Cleaver,Democrat,MO,10,1570,494.0
Emanuel Cleaver,Democrat,MO,11,1991,595.0
Emanuel Cleaver,Democrat,MO,12,1654,512.0
Emanuel Cleaver,Democrat,MO,13,1583,410.0
Emanuel Cleaver,Democrat,MO,14,1506,359.0
Emanuel Cleaver,Democrat,MO,15,1291,279.0
Emanuel Cleaver,Democrat,MO,16,722,148.0
Emanuel Cleaver,Democrat,MO,17,309,49.0
Emanuel Cleaver,Democrat,MO,18,138,29.0
Emanuel Cleaver,Democrat,MO,19,140,13.0
Emanuel Cleaver,Democrat,MO,20,211,41.0
Emanuel Cleaver,Democrat,MO,21,121,16.0
Emanuel Cleaver,Democrat,MO,22,54,6.0
Emanuel Cleaver,Democrat,MO,23,14,1.0
"Eric A. ""Rick"" Crawford",Republican,AR,0,7,0.0
"Eric A. ""Rick"" Crawford",Republican,AR,1,8,5.0
"Eric A. ""Rick"" Crawford",Republican,AR,2,11,6.0
"Eric A. ""Rick"" Crawford",Republican,AR,3,24,5.0
"Eric A. ""Rick"" Crawford",Republican,AR,4,75,27.0
"Eric A. ""Rick"" Crawford",Republican,AR,5,114,35.0
"Eric A. ""Rick"" Crawford",Republican,AR,6,157,38.0
"Eric A. ""Rick"" Crawford",Republican,AR,7,242,62.0
"Eric A. ""Rick"" Crawford",Republican,AR,8,641,125.0
"Eric A. ""Rick"" Crawford",Republican,AR,9,869,182.0
"Eric A. ""Rick"" Crawford",Republican,AR,10,793,150.0
"Eric A. ""Rick"" Crawford",Republican,AR,11,738,113.0
"Eric A. ""Rick"" Crawford",Republican,AR,12,713,148.0
"Eric A. ""Rick"" Crawford",Republican,AR,13,699,156.0
"Eric A. ""Rick"" Crawford",Republican,AR,14,692,123.0
"Eric A. ""Rick"" Crawford",Republican,AR,15,724,149.0
"Eric A. ""Rick"" Crawford",Republican,AR,16,507,103.0
"Eric A. ""Rick"" Crawford",Republican,AR,17,281,63.0
"Eric A. ""Rick"" Crawford",Republican,AR,18,250,61.0
"Eric A. ""Rick"" Crawford",Republican,AR,19,258,52.0
"Eric A. ""Rick"" Crawford",Republican,AR,20,245,73.0
"Eric A. ""Rick"" Crawford",Republican,AR,21,169,33.0
"Eric A. ""Rick"" Crawford",Republican,AR,22,61,6.0
"Eric A. ""Rick"" Crawford",Republican,AR,23,16,5.0
Eric Burlison,Republican,MO,0,14,4.0
Eric Burlison,Republican,MO,1,23,13.0
Eric Burlison,Republican,MO,2,45,17.0
Eric Burlison,Republican,MO,3,145,55.0
Eric Burlison,Republican,MO,4,337,189.0
Eric Burlison,Republican,MO,5,359,180.0
Eric Burlison,Republican,MO,6,401,228.0
Eric Burlison,Republican,MO,7,291,141.0
Eric Burlison,Republican,MO,8,362,189.0
Eric Burlison,Republican,MO,9,446,258.0
Eric Burlison,Republican,MO,10,394,219.0
Eric Burlison,Republican,MO,11,409,242.0
Eric Burlison,Republican,MO,12,406,255.0
Eric Burlison,Republican,MO,13,403,275.0
Eric Burlison,Republican,MO,14,371,248.0
Eric Burlison,Republican,MO,15,339,206.0
Eric Burlison,Republican,MO,16,318,194.0
Eric Burlison,Republican,MO,17,229,149.0
Eric Burlison,Republican,MO,18,52,26.0
Eric Burlison,Republican,MO,19,149,103.0
Eric Burlison,Republican,MO,20,19,6.0
Eric Burlison,Republican,MO,21,10,8.0
Eric Burlison,Republican,MO,22,6,4.0
Eric Burlison,Republican,MO,23,3,2.0
Eric Schmitt,Republican,MO,0,9,6.0
Eric Schmitt,Republican,MO,1,28,14.0
Eric Schmitt,Republican,MO,2,77,30.0
Eric Schmitt,Republican,MO,3,157,78.0
Eric Schmitt,Republican,MO,4,405,211.0
Eric Schmitt,Republican,MO,5,605,313.0
Eric Schmitt,Republican,MO,6,599,322.0
Eric Schmitt,Republican,MO,7,574,331.0
Eric Schmitt,Republican,MO,8,572,346.0
Eric Schmitt,Republican,MO,9,689,398.0
Eric Schmitt,Republican,MO,10,595,318.0
Eric Schmitt,Republican,MO,11,671,366.0
Eric Schmitt,Republican,MO,12,592,298.0
Eric Schmitt,Republican,MO,13,522,238.0
Eric Schmitt,Republican,MO,14,399,193.0
Eric Schmitt,Republican,MO,15,403,206.0
Eric Schmitt,Republican,MO,16,342,153.0
Eric Schmitt,Republican,MO,17,227,100.0
Eric Schmitt,Republican,MO,18,112,47.0
Eric Schmitt,Republican,MO,19,73,27.0
Eric Schmitt,Republican,MO,20,26,10.0
Eric Schmitt,Republican,MO,21,21,10.0
Eric Schmitt,Republican,MO,22,4,2.0
Eric Schmitt,Republican,MO,23,1,0.0
Erik Paulsen R-MN,Republican,MN,5,1,0.0
Erik Paulsen R-MN,Republican,MN,6,6,1.0
Erik Paulsen R-MN,Republican,MN,7,23,0.0
Erik Paulsen R-MN,Republican,MN,8,164,10.0
Erik Paulsen R-MN,Republican,MN,9,284,36.0
Erik Paulsen R-MN,Republican,MN,10,308,28.0
Erik Paulsen R-MN,Republican,MN,11,299,36.0
Erik Paulsen R-MN,Republican,MN,12,293,21.0
Erik Paulsen R-MN,Republican,MN,13,292,30.0
Erik Paulsen R-MN,Republican,MN,14,308,31.0
Erik Paulsen R-MN,Republican,MN,15,339,15.0
Erik Paulsen R-MN,Republican,MN,16,348,34.0
Erik Paulsen R-MN,Republican,MN,17,227,14.0
Erik Paulsen R-MN,Republican,MN,18,107,7.0
Erik Paulsen R-MN,Republican,MN,19,61,11.0
Erik Paulsen R-MN,Republican,MN,20,42,2.0
Erik Paulsen R-MN,Republican,MN,21,26,2.0
Erik Paulsen R-MN,Republican,MN,22,15,0.0
Erik Paulsen R-MN,Republican,MN,23,7,3.0
"Eshoo, Anna ",Democrat,CA,0,2,1.0
"Eshoo, Anna ",Democrat,CA,1,1,0.0
"Eshoo, Anna ",Democrat,CA,3,2,0.0
"Eshoo, Anna ",Democrat,CA,4,7,1.0
"Eshoo, Anna ",Democrat,CA,5,34,12.0
"Eshoo, Anna ",Democrat,CA,6,177,32.0
"Eshoo, Anna ",Democrat,CA,7,285,49.0
"Eshoo, Anna ",Democrat,CA,8,419,101.0
"Eshoo, Anna ",Democrat,CA,9,399,89.0
"Eshoo, Anna ",Democrat,CA,10,420,102.0
"Eshoo, Anna ",Democrat,CA,11,483,99.0
"Eshoo, Anna ",Democrat,CA,12,369,86.0
"Eshoo, Anna ",Democrat,CA,13,382,84.0
"Eshoo, Anna ",Democrat,CA,14,353,85.0
"Eshoo, Anna ",Democrat,CA,15,226,55.0
"Eshoo, Anna ",Democrat,CA,16,163,44.0
"Eshoo, Anna ",Democrat,CA,17,85,16.0
"Eshoo, Anna ",Democrat,CA,18,75,17.0
"Eshoo, Anna ",Democrat,CA,19,47,16.0
"Eshoo, Anna ",Democrat,CA,20,44,9.0
"Eshoo, Anna ",Democrat,CA,21,10,1.0
"Eshoo, Anna ",Democrat,CA,22,3,0.0
"Eshoo, Anna ",Democrat,CA,23,5,1.0
Frank D. Lucas,Republican,OK,0,1,0.0
Frank D. Lucas,Republican,OK,1,1,0.0
Frank D. Lucas,Republican,OK,2,3,0.0
Frank D. Lucas,Republican,OK,3,13,2.0
Frank D. Lucas,Republican,OK,4,35,0.0
Frank D. Lucas,Republican,OK,5,56,9.0
Frank D. Lucas,Republican,OK,6,65,4.0
Frank D. Lucas,Republican,OK,7,80,8.0
Frank D. Lucas,Republican,OK,8,202,16.0
Frank D. Lucas,Republican,OK,9,412,68.0
Frank D. Lucas,Republican,OK,10,389,56.0
Frank D. Lucas,Republican,OK,11,276,28.0
Frank D. Lucas,Republican,OK,12,261,36.0
Frank D. Lucas,Republican,OK,13,304,29.0
Frank D. Lucas,Republican,OK,14,290,39.0
Frank D. Lucas,Republican,OK,15,321,30.0
Frank D. Lucas,Republican,OK,16,243,24.0
Frank D. Lucas,Republican,OK,17,181,25.0
Frank D. Lucas,Republican,OK,18,65,8.0
Frank D. Lucas,Republican,OK,19,41,9.0
Frank D. Lucas,Republican,OK,20,21,4.0
Frank D. Lucas,Republican,OK,21,22,3.0
Frank D. Lucas,Republican,OK,22,11,2.0
Frank D. Lucas,Republican,OK,23,3,0.0
Frank LoBiondo R-NJ,Republican,NJ,0,1,0.0
Frank LoBiondo R-NJ,Republican,NJ,5,1,0.0
Frank LoBiondo R-NJ,Republican,NJ,6,37,3.0
Frank LoBiondo R-NJ,Republican,NJ,7,126,17.0
Frank LoBiondo R-NJ,Republican,NJ,8,168,17.0
Frank LoBiondo R-NJ,Republican,NJ,9,306,23.0
Frank LoBiondo R-NJ,Republican,NJ,10,366,30.0
Frank LoBiondo R-NJ,Republican,NJ,11,395,40.0
Frank LoBiondo R-NJ,Republican,NJ,12,428,48.0
Frank LoBiondo R-NJ,Republican,NJ,13,340,32.0
Frank LoBiondo R-NJ,Republican,NJ,14,366,40.0
Frank LoBiondo R-NJ,Republican,NJ,15,369,54.0
Frank LoBiondo R-NJ,Republican,NJ,16,360,53.0
Frank LoBiondo R-NJ,Republican,NJ,17,273,34.0
Frank LoBiondo R-NJ,Republican,NJ,18,117,12.0
Frank LoBiondo R-NJ,Republican,NJ,19,73,11.0
Frank LoBiondo R-NJ,Republican,NJ,20,47,5.0
Frank LoBiondo R-NJ,Republican,NJ,21,23,4.0
Frank LoBiondo R-NJ,Republican,NJ,22,17,2.0
Frank LoBiondo R-NJ,Republican,NJ,23,14,2.0
"Frank Pallone, Jr.",Democrat,NJ,2,9,3.0
"Frank Pallone, Jr.",Democrat,NJ,3,32,20.0
"Frank Pallone, Jr.",Democrat,NJ,4,143,72.0
"Frank Pallone, Jr.",Democrat,NJ,5,307,184.0
"Frank Pallone, Jr.",Democrat,NJ,6,386,231.0
"Frank Pallone, Jr.",Democrat,NJ,7,438,232.0
"Frank Pallone, Jr.",Democrat,NJ,8,477,274.0
"Frank Pallone, Jr.",Democrat,NJ,9,467,262.0
"Frank Pallone, Jr.",Democrat,NJ,10,480,260.0
"Frank Pallone, Jr.",Democrat,NJ,11,561,296.0
"Frank Pallone, Jr.",Democrat,NJ,12,567,268.0
"Frank Pallone, Jr.",Democrat,NJ,13,453,213.0
"Frank Pallone, Jr.",Democrat,NJ,14,415,181.0
"Frank Pallone, Jr.",Democrat,NJ,15,437,159.0
"Frank Pallone, Jr.",Democrat,NJ,16,298,129.0
"Frank Pallone, Jr.",Democrat,NJ,17,181,74.0
"Frank Pallone, Jr.",Democrat,NJ,18,107,54.0
"Frank Pallone, Jr.",Democrat,NJ,19,90,29.0
"Frank Pallone, Jr.",Democrat,NJ,20,63,31.0
"Frank Pallone, Jr.",Democrat,NJ,21,29,12.0
"Frank Pallone, Jr.",Democrat,NJ,22,21,8.0
"Frank Pallone, Jr.",Democrat,NJ,23,1,1.0
Fred Keller R-PA,Republican,PA,0,1,0.0
Fred Keller R-PA,Republican,PA,1,1,0.0
Fred Keller R-PA,Republican,PA,3,2,0.0
Fred Keller R-PA,Republican,PA,4,7,1.0
Fred Keller R-PA,Republican,PA,5,2,1.0
Fred Keller R-PA,Republican,PA,6,11,1.0
Fred Keller R-PA,Republican,PA,7,50,3.0
Fred Keller R-PA,Republican,PA,8,84,17.0
Fred Keller R-PA,Republican,PA,9,249,78.0
Fred Keller R-PA,Republican,PA,10,391,137.0
Fred Keller R-PA,Republican,PA,11,395,153.0
Fred Keller R-PA,Republican,PA,12,386,140.0
Fred Keller R-PA,Republican,PA,13,420,140.0
Fred Keller R-PA,Republican,PA,14,373,134.0
Fred Keller R-PA,Republican,PA,15,373,117.0
Fred Keller R-PA,Republican,PA,16,332,103.0
Fred Keller R-PA,Republican,PA,17,275,93.0
Fred Keller R-PA,Republican,PA,18,155,48.0
Fred Keller R-PA,Republican,PA,19,123,43.0
Fred Keller R-PA,Republican,PA,20,64,21.0
Fred Keller R-PA,Republican,PA,21,53,17.0
Fred Keller R-PA,Republican,PA,22,30,11.0
Fred Keller R-PA,Republican,PA,23,8,2.0
Fred Upton R-MI,Republican,MI,0,7,1.0
Fred Upton R-MI,Republican,MI,1,1,0.0
Fred Upton R-MI,Republican,MI,5,4,0.0
Fred Upton R-MI,Republican,MI,6,39,1.0
Fred Upton R-MI,Republican,MI,7,147,3.0
Fred Upton R-MI,Republican,MI,8,276,8.0
Fred Upton R-MI,Republican,MI,9,608,38.0
Fred Upton R-MI,Republican,MI,10,843,40.0
Fred Upton R-MI,Republican,MI,11,735,58.0
Fred Upton R-MI,Republican,MI,12,689,68.0
Fred Upton R-MI,Republican,MI,13,665,60.0
Fred Upton R-MI,Republican,MI,14,771,70.0
Fred Upton R-MI,Republican,MI,15,711,63.0
Fred Upton R-MI,Republican,MI,16,672,40.0
Fred Upton R-MI,Republican,MI,17,535,41.0
Fred Upton R-MI,Republican,MI,18,338,30.0
Fred Upton R-MI,Republican,MI,19,223,21.0
Fred Upton R-MI,Republican,MI,20,151,12.0
Fred Upton R-MI,Republican,MI,21,124,8.0
Fred Upton R-MI,Republican,MI,22,63,8.0
Fred Upton R-MI,Republican,MI,23,33,8.0
Frederica S. Wilson,Democrat,FL,0,34,10.0
Frederica S. Wilson,Democrat,FL,1,18,3.0
Frederica S. Wilson,Democrat,FL,2,26,1.0
Frederica S. Wilson,Democrat,FL,3,50,16.0
Frederica S. Wilson,Democrat,FL,4,89,21.0
Frederica S. Wilson,Democrat,FL,5,178,36.0
Frederica S. Wilson,Democrat,FL,6,200,51.0
Frederica S. Wilson,Democrat,FL,7,256,48.0
Frederica S. Wilson,Democrat,FL,8,646,102.0
Frederica S. Wilson,Democrat,FL,9,2464,369.0
Frederica S. Wilson,Democrat,FL,10,1901,442.0
Frederica S. Wilson,Democrat,FL,11,1877,395.0
Frederica S. Wilson,Democrat,FL,12,1804,412.0
Frederica S. Wilson,Democrat,FL,13,1426,343.0
Frederica S. Wilson,Democrat,FL,14,1539,390.0
Frederica S. Wilson,Democrat,FL,15,1443,344.0
Frederica S. Wilson,Democrat,FL,16,1455,333.0
Frederica S. Wilson,Democrat,FL,17,1314,247.0
Frederica S. Wilson,Democrat,FL,18,865,125.0
Frederica S. Wilson,Democrat,FL,19,586,126.0
Frederica S. Wilson,Democrat,FL,20,385,53.0
Frederica S. Wilson,Democrat,FL,21,256,51.0
Frederica S. Wilson,Democrat,FL,22,149,21.0
Frederica S. Wilson,Democrat,FL,23,81,8.0
"Gaetz, Matt",Republican,FL,0,19,10.0
"Gaetz, Matt",Republican,FL,1,3,2.0
"Gaetz, Matt",Republican,FL,2,4,3.0
"Gaetz, Matt",Republican,FL,3,1,0.0
"Gaetz, Matt",Republican,FL,4,2,0.0
"Gaetz, Matt",Republican,FL,5,3,0.0
"Gaetz, Matt",Republican,FL,6,7,1.0
"Gaetz, Matt",Republican,FL,7,17,3.0
"Gaetz, Matt",Republican,FL,8,83,35.0
"Gaetz, Matt",Republican,FL,9,444,230.0
"Gaetz, Matt",Republican,FL,10,644,356.0
"Gaetz, Matt",Republican,FL,11,687,382.0
"Gaetz, Matt",Republican,FL,12,657,348.0
"Gaetz, Matt",Republican,FL,13,665,358.0
"Gaetz, Matt",Republican,FL,14,702,355.0
"Gaetz, Matt",Republican,FL,15,689,350.0
"Gaetz, Matt",Republican,FL,16,588,280.0
"Gaetz, Matt",Republican,FL,17,532,229.0
"Gaetz, Matt",Republican,FL,18,432,189.0
"Gaetz, Matt",Republican,FL,19,440,169.0
"Gaetz, Matt",Republican,FL,20,291,126.0
"Gaetz, Matt",Republican,FL,21,313,152.0
"Gaetz, Matt",Republican,FL,22,188,98.0
"Gaetz, Matt",Republican,FL,23,77,41.0
"Gallagher, Mike",Republican,WI,1,2,1.0
"Gallagher, Mike",Republican,WI,2,1,0.0
"Gallagher, Mike",Republican,WI,4,1,0.0
"Gallagher, Mike",Republican,WI,5,3,0.0
"Gallagher, Mike",Republican,WI,6,44,12.0
"Gallagher, Mike",Republican,WI,7,72,18.0
"Gallagher, Mike",Republican,WI,8,258,79.0
"Gallagher, Mike",Republican,WI,9,307,80.0
"Gallagher, Mike",Republican,WI,10,353,73.0
"Gallagher, Mike",Republican,WI,11,342,81.0
"Gallagher, Mike",Republican,WI,12,354,92.0
"Gallagher, Mike",Republican,WI,13,287,71.0
"Gallagher, Mike",Republican,WI,14,335,82.0
"Gallagher, Mike",Republican,WI,15,313,88.0
"Gallagher, Mike",Republican,WI,16,271,73.0
"Gallagher, Mike",Republican,WI,17,220,61.0
"Gallagher, Mike",Republican,WI,18,145,39.0
"Gallagher, Mike",Republican,WI,19,117,36.0
"Gallagher, Mike",Republican,WI,20,86,29.0
"Gallagher, Mike",Republican,WI,21,19,9.0
"Gallagher, Mike",Republican,WI,22,7,1.0
Gary C. Peters,Democrat,MI,0,6,0.0
Gary C. Peters,Democrat,MI,1,6,2.0
Gary C. Peters,Democrat,MI,2,6,0.0
Gary C. Peters,Democrat,MI,3,22,5.0
Gary C. Peters,Democrat,MI,4,102,25.0
Gary C. Peters,Democrat,MI,5,158,32.0
Gary C. Peters,Democrat,MI,6,196,41.0
Gary C. Peters,Democrat,MI,7,267,58.0
Gary C. Peters,Democrat,MI,8,362,59.0
Gary C. Peters,Democrat,MI,9,624,111.0
Gary C. Peters,Democrat,MI,10,726,141.0
Gary C. Peters,Democrat,MI,11,904,158.0
Gary C. Peters,Democrat,MI,12,1114,167.0
Gary C. Peters,Democrat,MI,13,1180,199.0
Gary C. Peters,Democrat,MI,14,1219,182.0
Gary C. Peters,Democrat,MI,15,1177,179.0
Gary C. Peters,Democrat,MI,16,1258,171.0
Gary C. Peters,Democrat,MI,17,1116,173.0
Gary C. Peters,Democrat,MI,18,706,111.0
Gary C. Peters,Democrat,MI,19,465,61.0
Gary C. Peters,Democrat,MI,20,260,40.0
Gary C. Peters,Democrat,MI,21,180,26.0
Gary C. Peters,Democrat,MI,22,99,14.0
Gary C. Peters,Democrat,MI,23,22,4.0
Gary J. Palmer,Republican,AL,0,2,0.0
Gary J. Palmer,Republican,AL,1,1,1.0
Gary J. Palmer,Republican,AL,2,8,2.0
Gary J. Palmer,Republican,AL,3,44,6.0
Gary J. Palmer,Republican,AL,4,83,26.0
Gary J. Palmer,Republican,AL,5,142,39.0
Gary J. Palmer,Republican,AL,6,151,44.0
Gary J. Palmer,Republican,AL,7,254,61.0
Gary J. Palmer,Republican,AL,8,371,93.0
Gary J. Palmer,Republican,AL,9,373,76.0
Gary J. Palmer,Republican,AL,10,352,111.0
Gary J. Palmer,Republican,AL,11,366,101.0
Gary J. Palmer,Republican,AL,12,267,73.0
Gary J. Palmer,Republican,AL,13,292,62.0
Gary J. Palmer,Republican,AL,14,252,75.0
Gary J. Palmer,Republican,AL,15,262,62.0
Gary J. Palmer,Republican,AL,16,259,64.0
Gary J. Palmer,Republican,AL,17,178,57.0
Gary J. Palmer,Republican,AL,18,81,24.0
Gary J. Palmer,Republican,AL,19,55,15.0
Gary J. Palmer,Republican,AL,20,27,10.0
Gary J. Palmer,Republican,AL,21,30,10.0
Gary J. Palmer,Republican,AL,22,6,1.0
Gary J. Palmer,Republican,AL,23,7,2.0
"Gilbert Ray Cisneros, Jr.",Democrat,CA,1,3,0.0
"Gilbert Ray Cisneros, Jr.",Democrat,CA,2,22,14.0
"Gilbert Ray Cisneros, Jr.",Democrat,CA,3,29,15.0
"Gilbert Ray Cisneros, Jr.",Democrat,CA,4,57,25.0
"Gilbert Ray Cisneros, Jr.",Democrat,CA,5,99,37.0
"Gilbert Ray Cisneros, Jr.",Democrat,CA,6,155,45.0
"Gilbert Ray Cisneros, Jr.",Democrat,CA,7,190,61.0
"Gilbert Ray Cisneros, Jr.",Democrat,CA,8,472,88.0
"Gilbert Ray Cisneros, Jr.",Democrat,CA,9,321,75.0
"Gilbert Ray Cisneros, Jr.",Democrat,CA,10,362,85.0
"Gilbert Ray Cisneros, Jr.",Democrat,CA,11,390,76.0
"Gilbert Ray Cisneros, Jr.",Democrat,CA,12,303,75.0
"Gilbert Ray Cisneros, Jr.",Democrat,CA,13,286,60.0
"Gilbert Ray Cisneros, Jr.",Democrat,CA,14,282,72.0
"Gilbert Ray Cisneros, Jr.",Democrat,CA,15,240,49.0
"Gilbert Ray Cisneros, Jr.",Democrat,CA,16,194,38.0
"Gilbert Ray Cisneros, Jr.",Democrat,CA,17,126,20.0
"Gilbert Ray Cisneros, Jr.",Democrat,CA,18,96,14.0
"Gilbert Ray Cisneros, Jr.",Democrat,CA,19,68,17.0
"Gilbert Ray Cisneros, Jr.",Democrat,CA,20,19,3.0
"Gilbert Ray Cisneros, Jr.",Democrat,CA,21,7,1.0
"Gilbert Ray Cisneros, Jr.",Democrat,CA,22,1,0.0
"Gilbert Ray Cisneros, Jr.",Democrat,CA,23,1,1.0
Glenn Grothman,Republican,WI,0,1,0.0
Glenn Grothman,Republican,WI,2,4,0.0
Glenn Grothman,Republican,WI,3,34,11.0
Glenn Grothman,Republican,WI,4,119,27.0
Glenn Grothman,Republican,WI,5,137,28.0
Glenn Grothman,Republican,WI,6,119,28.0
Glenn Grothman,Republican,WI,7,158,32.0
Glenn Grothman,Republican,WI,8,364,67.0
Glenn Grothman,Republican,WI,9,477,68.0
Glenn Grothman,Republican,WI,10,498,67.0
Glenn Grothman,Republican,WI,11,444,65.0
Glenn Grothman,Republican,WI,12,380,65.0
Glenn Grothman,Republican,WI,13,413,55.0
Glenn Grothman,Republican,WI,14,381,37.0
Glenn Grothman,Republican,WI,15,337,47.0
Glenn Grothman,Republican,WI,16,253,31.0
Glenn Grothman,Republican,WI,17,141,23.0
Glenn Grothman,Republican,WI,18,55,4.0
Glenn Grothman,Republican,WI,19,33,6.0
Glenn Grothman,Republican,WI,20,32,3.0
Glenn Grothman,Republican,WI,21,7,2.0
Glenn Grothman,Republican,WI,22,3,0.0
Glenn Grothman,Republican,WI,23,2,0.0
Grace Meng,Democrat,NY,0,49,9.0
Grace Meng,Democrat,NY,1,17,1.0
Grace Meng,Democrat,NY,2,47,10.0
Grace Meng,Democrat,NY,3,97,19.0
Grace Meng,Democrat,NY,4,182,34.0
Grace Meng,Democrat,NY,5,351,78.0
Grace Meng,Democrat,NY,6,370,76.0
Grace Meng,Democrat,NY,7,476,108.0
Grace Meng,Democrat,NY,8,513,132.0
Grace Meng,Democrat,NY,9,913,217.0
Grace Meng,Democrat,NY,10,1061,221.0
Grace Meng,Democrat,NY,11,1181,254.0
Grace Meng,Democrat,NY,12,1234,286.0
Grace Meng,Democrat,NY,13,1108,261.0
Grace Meng,Democrat,NY,14,1068,257.0
Grace Meng,Democrat,NY,15,1013,246.0
Grace Meng,Democrat,NY,16,1010,240.0
Grace Meng,Democrat,NY,17,838,175.0
Grace Meng,Democrat,NY,18,625,155.0
Grace Meng,Democrat,NY,19,403,95.0
Grace Meng,Democrat,NY,20,329,64.0
Grace Meng,Democrat,NY,21,262,38.0
Grace Meng,Democrat,NY,22,217,28.0
Grace Meng,Democrat,NY,23,118,25.0
"Granger, Kay",Republican,TX,0,2,0.0
"Granger, Kay",Republican,TX,1,2,2.0
"Granger, Kay",Republican,TX,2,1,0.0
"Granger, Kay",Republican,TX,3,1,1.0
"Granger, Kay",Republican,TX,4,19,5.0
"Granger, Kay",Republican,TX,5,172,43.0
"Granger, Kay",Republican,TX,6,238,43.0
"Granger, Kay",Republican,TX,7,272,70.0
"Granger, Kay",Republican,TX,8,539,59.0
"Granger, Kay",Republican,TX,9,327,23.0
"Granger, Kay",Republican,TX,10,245,23.0
"Granger, Kay",Republican,TX,11,237,17.0
"Granger, Kay",Republican,TX,12,259,21.0
"Granger, Kay",Republican,TX,13,321,24.0
"Granger, Kay",Republican,TX,14,288,26.0
"Granger, Kay",Republican,TX,15,330,25.0
"Granger, Kay",Republican,TX,16,305,31.0
"Granger, Kay",Republican,TX,17,227,11.0
"Granger, Kay",Republican,TX,18,100,7.0
"Granger, Kay",Republican,TX,19,70,5.0
"Granger, Kay",Republican,TX,20,43,5.0
"Granger, Kay",Republican,TX,21,24,2.0
"Granger, Kay",Republican,TX,22,12,1.0
"Granger, Kay",Republican,TX,23,3,1.0
"Graves, Garret",Republican,LA,0,3,0.0
"Graves, Garret",Republican,LA,1,1,0.0
"Graves, Garret",Republican,LA,4,1,0.0
"Graves, Garret",Republican,LA,5,15,1.0
"Graves, Garret",Republican,LA,6,132,10.0
"Graves, Garret",Republican,LA,7,179,18.0
"Graves, Garret",Republican,LA,8,306,24.0
"Graves, Garret",Republican,LA,9,322,32.0
"Graves, Garret",Republican,LA,10,324,38.0
"Graves, Garret",Republican,LA,11,348,46.0
"Graves, Garret",Republican,LA,12,365,60.0
"Graves, Garret",Republican,LA,13,321,36.0
"Graves, Garret",Republican,LA,14,348,45.0
"Graves, Garret",Republican,LA,15,339,38.0
"Graves, Garret",Republican,LA,16,287,42.0
"Graves, Garret",Republican,LA,17,219,26.0
"Graves, Garret",Republican,LA,18,189,18.0
"Graves, Garret",Republican,LA,19,162,14.0
"Graves, Garret",Republican,LA,20,123,11.0
"Graves, Garret",Republican,LA,21,126,5.0
"Graves, Garret",Republican,LA,22,109,5.0
"Graves, Garret",Republican,LA,23,13,0.0
"Green, Mark",Republican,TN,0,2,2.0
"Green, Mark",Republican,TN,4,3,0.0
"Green, Mark",Republican,TN,5,13,4.0
"Green, Mark",Republican,TN,6,26,12.0
"Green, Mark",Republican,TN,7,127,51.0
"Green, Mark",Republican,TN,8,383,175.0
"Green, Mark",Republican,TN,9,499,261.0
"Green, Mark",Republican,TN,10,670,358.0
"Green, Mark",Republican,TN,11,715,380.0
"Green, Mark",Republican,TN,12,735,394.0
"Green, Mark",Republican,TN,13,806,427.0
"Green, Mark",Republican,TN,14,805,433.0
"Green, Mark",Republican,TN,15,769,399.0
"Green, Mark",Republican,TN,16,617,309.0
"Green, Mark",Republican,TN,17,305,164.0
"Green, Mark",Republican,TN,18,181,88.0
"Green, Mark",Republican,TN,19,97,42.0
"Green, Mark",Republican,TN,20,70,36.0
"Green, Mark",Republican,TN,21,61,28.0
"Green, Mark",Republican,TN,22,28,16.0
"Green, Mark",Republican,TN,23,8,3.0
Greg Landsman,Democrat,OH,0,5,4.0
Greg Landsman,Democrat,OH,1,1,0.0
Greg Landsman,Democrat,OH,2,1,1.0
Greg Landsman,Democrat,OH,3,15,5.0
Greg Landsman,Democrat,OH,4,69,34.0
Greg Landsman,Democrat,OH,5,170,69.0
Greg Landsman,Democrat,OH,6,217,110.0
Greg Landsman,Democrat,OH,7,252,96.0
Greg Landsman,Democrat,OH,8,236,101.0
Greg Landsman,Democrat,OH,9,302,118.0
Greg Landsman,Democrat,OH,10,299,112.0
Greg Landsman,Democrat,OH,11,374,141.0
Greg Landsman,Democrat,OH,12,295,106.0
Greg Landsman,Democrat,OH,13,303,116.0
Greg Landsman,Democrat,OH,14,228,77.0
Greg Landsman,Democrat,OH,15,158,61.0
Greg Landsman,Democrat,OH,16,188,56.0
Greg Landsman,Democrat,OH,17,125,48.0
Greg Landsman,Democrat,OH,18,67,31.0
Greg Landsman,Democrat,OH,19,55,28.0
Greg Landsman,Democrat,OH,20,16,3.0
Greg Landsman,Democrat,OH,21,18,9.0
Greg Landsman,Democrat,OH,22,1,1.0
Greg Landsman,Democrat,OH,23,1,1.0
Greg Stanton,Democrat,AZ,0,8,3.0
Greg Stanton,Democrat,AZ,1,4,0.0
Greg Stanton,Democrat,AZ,2,34,7.0
Greg Stanton,Democrat,AZ,3,92,27.0
Greg Stanton,Democrat,AZ,4,160,70.0
Greg Stanton,Democrat,AZ,5,237,93.0
Greg Stanton,Democrat,AZ,6,294,94.0
Greg Stanton,Democrat,AZ,7,362,95.0
Greg Stanton,Democrat,AZ,8,446,120.0
Greg Stanton,Democrat,AZ,9,571,135.0
Greg Stanton,Democrat,AZ,10,551,137.0
Greg Stanton,Democrat,AZ,11,562,139.0
Greg Stanton,Democrat,AZ,12,624,151.0
Greg Stanton,Democrat,AZ,13,620,147.0
Greg Stanton,Democrat,AZ,14,655,160.0
Greg Stanton,Democrat,AZ,15,541,105.0
Greg Stanton,Democrat,AZ,16,388,75.0
Greg Stanton,Democrat,AZ,17,267,45.0
Greg Stanton,Democrat,AZ,18,152,25.0
Greg Stanton,Democrat,AZ,19,72,13.0
Greg Stanton,Democrat,AZ,20,31,8.0
Greg Stanton,Democrat,AZ,21,9,1.0
Greg Stanton,Democrat,AZ,22,3,1.0
Greg Stanton,Democrat,AZ,23,1,0.0
Greg Walden R-OR,Republican,OR,0,1,0.0
Greg Walden R-OR,Republican,OR,1,1,0.0
Greg Walden R-OR,Republican,OR,3,1,0.0
Greg Walden R-OR,Republican,OR,4,6,0.0
Greg Walden R-OR,Republican,OR,5,26,4.0
Greg Walden R-OR,Republican,OR,6,110,9.0
Greg Walden R-OR,Republican,OR,7,263,21.0
Greg Walden R-OR,Republican,OR,8,284,43.0
Greg Walden R-OR,Republican,OR,9,285,39.0
Greg Walden R-OR,Republican,OR,10,270,17.0
Greg Walden R-OR,Republican,OR,11,345,18.0
Greg Walden R-OR,Republican,OR,12,327,22.0
Greg Walden R-OR,Republican,OR,13,335,29.0
Greg Walden R-OR,Republican,OR,14,301,24.0
Greg Walden R-OR,Republican,OR,15,173,7.0
Greg Walden R-OR,Republican,OR,16,114,10.0
Greg Walden R-OR,Republican,OR,17,81,8.0
Greg Walden R-OR,Republican,OR,18,62,6.0
Greg Walden R-OR,Republican,OR,19,35,2.0
Greg Walden R-OR,Republican,OR,20,17,3.0
Greg Walden R-OR,Republican,OR,21,4,0.0
Greg Walden R-OR,Republican,OR,22,5,1.0
Greg Walden R-OR,Republican,OR,23,1,0.0
Gregory F. Murphy,Republican,NC,0,10,4.0
Gregory F. Murphy,Republican,NC,1,15,3.0
Gregory F. Murphy,Republican,NC,2,56,19.0
Gregory F. Murphy,Republican,NC,3,103,44.0
Gregory F. Murphy,Republican,NC,4,136,54.0
Gregory F. Murphy,Republican,NC,5,238,94.0
Gregory F. Murphy,Republican,NC,6,250,80.0
Gregory F. Murphy,Republican,NC,7,266,91.0
Gregory F. Murphy,Republican,NC,8,345,124.0
Gregory F. Murphy,Republican,NC,9,485,172.0
Gregory F. Murphy,Republican,NC,10,446,179.0
Gregory F. Murphy,Republican,NC,11,461,194.0
Gregory F. Murphy,Republican,NC,12,428,160.0
Gregory F. Murphy,Republican,NC,13,416,154.0
Gregory F. Murphy,Republican,NC,14,372,178.0
Gregory F. Murphy,Republican,NC,15,359,128.0
Gregory F. Murphy,Republican,NC,16,327,124.0
Gregory F. Murphy,Republican,NC,17,257,113.0
Gregory F. Murphy,Republican,NC,18,173,80.0
Gregory F. Murphy,Republican,NC,19,128,65.0
Gregory F. Murphy,Republican,NC,20,116,54.0
Gregory F. Murphy,Republican,NC,21,77,43.0
Gregory F. Murphy,Republican,NC,22,54,25.0
Gregory F. Murphy,Republican,NC,23,18,7.0
Gregory W. Meeks,Democrat,NY,0,27,10.0
Gregory W. Meeks,Democrat,NY,1,13,8.0
Gregory W. Meeks,Democrat,NY,2,10,7.0
Gregory W. Meeks,Democrat,NY,3,32,12.0
Gregory W. Meeks,Democrat,NY,4,57,21.0
Gregory W. Meeks,Democrat,NY,5,97,28.0
Gregory W. Meeks,Democrat,NY,6,129,51.0
Gregory W. Meeks,Democrat,NY,7,204,73.0
Gregory W. Meeks,Democrat,NY,8,265,103.0
Gregory W. Meeks,Democrat,NY,9,516,197.0
Gregory W. Meeks,Democrat,NY,10,737,303.0
Gregory W. Meeks,Democrat,NY,11,768,307.0
Gregory W. Meeks,Democrat,NY,12,782,312.0
Gregory W. Meeks,Democrat,NY,13,764,300.0
Gregory W. Meeks,Democrat,NY,14,723,295.0
Gregory W. Meeks,Democrat,NY,15,618,238.0
Gregory W. Meeks,Democrat,NY,16,611,216.0
Gregory W. Meeks,Democrat,NY,17,560,200.0
Gregory W. Meeks,Democrat,NY,18,360,144.0
Gregory W. Meeks,Democrat,NY,19,238,94.0
Gregory W. Meeks,Democrat,NY,20,202,74.0
Gregory W. Meeks,Democrat,NY,21,178,74.0
Gregory W. Meeks,Democrat,NY,22,134,55.0
Gregory W. Meeks,Democrat,NY,23,92,40.0
"Grijalva, Raul",Democrat,AZ,0,2,0.0
"Grijalva, Raul",Democrat,AZ,2,2,0.0
"Grijalva, Raul",Democrat,AZ,4,6,2.0
"Grijalva, Raul",Democrat,AZ,5,39,18.0
"Grijalva, Raul",Democrat,AZ,6,186,64.0
"Grijalva, Raul",Democrat,AZ,7,514,225.0
"Grijalva, Raul",Democrat,AZ,8,744,326.0
"Grijalva, Raul",Democrat,AZ,9,911,414.0
"Grijalva, Raul",Democrat,AZ,10,909,391.0
"Grijalva, Raul",Democrat,AZ,11,931,433.0
"Grijalva, Raul",Democrat,AZ,12,1076,455.0
"Grijalva, Raul",Democrat,AZ,13,934,422.0
"Grijalva, Raul",Democrat,AZ,14,729,325.0
"Grijalva, Raul",Democrat,AZ,15,601,286.0
"Grijalva, Raul",Democrat,AZ,16,326,171.0
"Grijalva, Raul",Democrat,AZ,17,181,83.0
"Grijalva, Raul",Democrat,AZ,18,123,38.0
"Grijalva, Raul",Democrat,AZ,19,120,62.0
"Grijalva, Raul",Democrat,AZ,20,60,29.0
"Grijalva, Raul",Democrat,AZ,21,29,12.0
"Grijalva, Raul",Democrat,AZ,22,7,3.0
"Grijalva, Raul",Democrat,AZ,23,1,0.0
Gus M. Bilirakis,Republican,FL,0,8,2.0
Gus M. Bilirakis,Republican,FL,1,4,1.0
Gus M. Bilirakis,Republican,FL,2,17,2.0
Gus M. Bilirakis,Republican,FL,3,128,17.0
Gus M. Bilirakis,Republican,FL,4,320,64.0
Gus M. Bilirakis,Republican,FL,5,141,36.0
Gus M. Bilirakis,Republican,FL,6,104,37.0
Gus M. Bilirakis,Republican,FL,7,161,47.0
Gus M. Bilirakis,Republican,FL,8,599,150.0
Gus M. Bilirakis,Republican,FL,9,792,140.0
Gus M. Bilirakis,Republican,FL,10,957,145.0
Gus M. Bilirakis,Republican,FL,11,1123,216.0
Gus M. Bilirakis,Republican,FL,12,928,169.0
Gus M. Bilirakis,Republican,FL,13,564,77.0
Gus M. Bilirakis,Republican,FL,14,825,144.0
Gus M. Bilirakis,Republican,FL,15,995,199.0
Gus M. Bilirakis,Republican,FL,16,568,75.0
Gus M. Bilirakis,Republican,FL,17,449,65.0
Gus M. Bilirakis,Republican,FL,18,240,21.0
Gus M. Bilirakis,Republican,FL,19,106,16.0
Gus M. Bilirakis,Republican,FL,20,82,9.0
Gus M. Bilirakis,Republican,FL,21,45,5.0
Gus M. Bilirakis,Republican,FL,22,32,8.0
Gus M. Bilirakis,Republican,FL,23,26,3.0
Gwen Moore,Democrat,WI,0,15,5.0
Gwen Moore,Democrat,WI,1,4,2.0
Gwen Moore,Democrat,WI,2,16,3.0
Gwen Moore,Democrat,WI,3,33,11.0
Gwen Moore,Democrat,WI,4,85,31.0
Gwen Moore,Democrat,WI,5,197,105.0
Gwen Moore,Democrat,WI,6,295,157.0
Gwen Moore,Democrat,WI,7,404,196.0
Gwen Moore,Democrat,WI,8,623,242.0
Gwen Moore,Democrat,WI,9,1065,359.0
Gwen Moore,Democrat,WI,10,1276,430.0
Gwen Moore,Democrat,WI,11,1263,430.0
Gwen Moore,Democrat,WI,12,1285,426.0
Gwen Moore,Democrat,WI,13,1208,376.0
Gwen Moore,Democrat,WI,14,1112,330.0
Gwen Moore,Democrat,WI,15,1104,314.0
Gwen Moore,Democrat,WI,16,1073,295.0
Gwen Moore,Democrat,WI,17,841,267.0
Gwen Moore,Democrat,WI,18,484,157.0
Gwen Moore,Democrat,WI,19,379,95.0
Gwen Moore,Democrat,WI,20,195,58.0
Gwen Moore,Democrat,WI,21,134,29.0
Gwen Moore,Democrat,WI,22,71,15.0
Gwen Moore,Democrat,WI,23,20,4.0
H. Morgan Griffith,Republican,VA,0,7,1.0
H. Morgan Griffith,Republican,VA,1,1,0.0
H. Morgan Griffith,Republican,VA,2,11,2.0
H. Morgan Griffith,Republican,VA,3,38,6.0
H. Morgan Griffith,Republican,VA,4,87,20.0
H. Morgan Griffith,Republican,VA,5,101,17.0
H. Morgan Griffith,Republican,VA,6,100,24.0
H. Morgan Griffith,Republican,VA,7,79,15.0
H. Morgan Griffith,Republican,VA,8,160,22.0
H. Morgan Griffith,Republican,VA,9,270,50.0
H. Morgan Griffith,Republican,VA,10,481,88.0
H. Morgan Griffith,Republican,VA,11,408,75.0
H. Morgan Griffith,Republican,VA,12,382,68.0
H. Morgan Griffith,Republican,VA,13,285,50.0
H. Morgan Griffith,Republican,VA,14,372,63.0
H. Morgan Griffith,Republican,VA,15,313,52.0
H. Morgan Griffith,Republican,VA,16,345,62.0
H. Morgan Griffith,Republican,VA,17,250,45.0
H. Morgan Griffith,Republican,VA,18,184,20.0
H. Morgan Griffith,Republican,VA,19,105,19.0
H. Morgan Griffith,Republican,VA,20,46,6.0
H. Morgan Griffith,Republican,VA,21,21,5.0
H. Morgan Griffith,Republican,VA,22,19,4.0
H. Morgan Griffith,Republican,VA,23,8,1.0
Hakeem S. Jeffries,Democrat,NY,0,172,107.0
Hakeem S. Jeffries,Democrat,NY,1,5,1.0
Hakeem S. Jeffries,Democrat,NY,2,43,28.0
Hakeem S. Jeffries,Democrat,NY,3,142,97.0
Hakeem S. Jeffries,Democrat,NY,4,244,158.0
Hakeem S. Jeffries,Democrat,NY,5,270,170.0
Hakeem S. Jeffries,Democrat,NY,6,219,137.0
Hakeem S. Jeffries,Democrat,NY,7,383,237.0
Hakeem S. Jeffries,Democrat,NY,8,639,408.0
Hakeem S. Jeffries,Democrat,NY,9,879,481.0
Hakeem S. Jeffries,Democrat,NY,10,652,336.0
Hakeem S. Jeffries,Democrat,NY,11,437,254.0
Hakeem S. Jeffries,Democrat,NY,12,417,243.0
Hakeem S. Jeffries,Democrat,NY,13,385,221.0
Hakeem S. Jeffries,Democrat,NY,14,326,158.0
Hakeem S. Jeffries,Democrat,NY,15,303,170.0
Hakeem S. Jeffries,Democrat,NY,16,276,147.0
Hakeem S. Jeffries,Democrat,NY,17,252,140.0
Hakeem S. Jeffries,Democrat,NY,18,271,142.0
Hakeem S. Jeffries,Democrat,NY,19,200,108.0
Hakeem S. Jeffries,Democrat,NY,20,176,81.0
Hakeem S. Jeffries,Democrat,NY,21,136,63.0
Hakeem S. Jeffries,Democrat,NY,22,104,55.0
Hakeem S. Jeffries,Democrat,NY,23,38,24.0
Haley M. Stevens,Democrat,MI,0,3,0.0
Haley M. Stevens,Democrat,MI,3,16,2.0
Haley M. Stevens,Democrat,MI,4,53,14.0
Haley M. Stevens,Democrat,MI,5,88,19.0
Haley M. Stevens,Democrat,MI,6,181,50.0
Haley M. Stevens,Democrat,MI,7,249,60.0
Haley M. Stevens,Democrat,MI,8,290,64.0
Haley M. Stevens,Democrat,MI,9,492,91.0
Haley M. Stevens,Democrat,MI,10,661,118.0
Haley M. Stevens,Democrat,MI,11,859,162.0
Haley M. Stevens,Democrat,MI,12,915,123.0
Haley M. Stevens,Democrat,MI,13,824,124.0
Haley M. Stevens,Democrat,MI,14,822,105.0
Haley M. Stevens,Democrat,MI,15,670,84.0
Haley M. Stevens,Democrat,MI,16,685,115.0
Haley M. Stevens,Democrat,MI,17,464,70.0
Haley M. Stevens,Democrat,MI,18,288,40.0
Haley M. Stevens,Democrat,MI,19,196,29.0
Haley M. Stevens,Democrat,MI,20,115,16.0
Haley M. Stevens,Democrat,MI,21,67,8.0
Haley M. Stevens,Democrat,MI,22,37,6.0
Haley M. Stevens,Democrat,MI,23,16,0.0
Harold Rogers,Republican,KY,0,11,0.0
Harold Rogers,Republican,KY,1,2,0.0
Harold Rogers,Republican,KY,2,3,0.0
Harold Rogers,Republican,KY,3,9,0.0
Harold Rogers,Republican,KY,4,7,0.0
Harold Rogers,Republican,KY,5,21,1.0
Harold Rogers,Republican,KY,6,47,4.0
Harold Rogers,Republican,KY,7,81,7.0
Harold Rogers,Republican,KY,8,103,7.0
Harold Rogers,Republican,KY,9,353,30.0
Harold Rogers,Republican,KY,10,548,71.0
Harold Rogers,Republican,KY,11,518,44.0
Harold Rogers,Republican,KY,12,285,21.0
Harold Rogers,Republican,KY,13,337,38.0
Harold Rogers,Republican,KY,14,368,20.0
Harold Rogers,Republican,KY,15,320,20.0
Harold Rogers,Republican,KY,16,333,26.0
Harold Rogers,Republican,KY,17,231,24.0
Harold Rogers,Republican,KY,18,92,6.0
Harold Rogers,Republican,KY,19,79,9.0
Harold Rogers,Republican,KY,20,42,9.0
Harold Rogers,Republican,KY,21,41,4.0
Harold Rogers,Republican,KY,22,48,4.0
Harold Rogers,Republican,KY,23,23,0.0
Heidi Heitkamp D-ND,Democrat,ND,0,1,0.0
Heidi Heitkamp D-ND,Democrat,ND,1,10,5.0
Heidi Heitkamp D-ND,Democrat,ND,5,1,0.0
Heidi Heitkamp D-ND,Democrat,ND,6,5,0.0
Heidi Heitkamp D-ND,Democrat,ND,7,40,0.0
Heidi Heitkamp D-ND,Democrat,ND,8,252,14.0
Heidi Heitkamp D-ND,Democrat,ND,9,591,37.0
Heidi Heitkamp D-ND,Democrat,ND,10,682,54.0
Heidi Heitkamp D-ND,Democrat,ND,11,742,63.0
Heidi Heitkamp D-ND,Democrat,ND,12,759,61.0
Heidi Heitkamp D-ND,Democrat,ND,13,825,60.0
Heidi Heitkamp D-ND,Democrat,ND,14,833,67.0
Heidi Heitkamp D-ND,Democrat,ND,15,1024,91.0
Heidi Heitkamp D-ND,Democrat,ND,16,942,68.0
Heidi Heitkamp D-ND,Democrat,ND,17,702,63.0
Heidi Heitkamp D-ND,Democrat,ND,18,453,51.0
Heidi Heitkamp D-ND,Democrat,ND,19,285,28.0
Heidi Heitkamp D-ND,Democrat,ND,20,151,7.0
Heidi Heitkamp D-ND,Democrat,ND,21,81,10.0
Heidi Heitkamp D-ND,Democrat,ND,22,69,10.0
Heidi Heitkamp D-ND,Democrat,ND,23,7,0.0
Henry Cuellar,Democrat,TX,0,7,0.0
Henry Cuellar,Democrat,TX,1,4,0.0
Henry Cuellar,Democrat,TX,2,14,1.0
Henry Cuellar,Democrat,TX,3,35,1.0
Henry Cuellar,Democrat,TX,4,106,9.0
Henry Cuellar,Democrat,TX,5,151,16.0
Henry Cuellar,Democrat,TX,6,162,13.0
Henry Cuellar,Democrat,TX,7,431,29.0
Henry Cuellar,Democrat,TX,8,766,46.0
Henry Cuellar,Democrat,TX,9,810,61.0
Henry Cuellar,Democrat,TX,10,939,66.0
Henry Cuellar,Democrat,TX,11,929,78.0
Henry Cuellar,Democrat,TX,12,841,62.0
Henry Cuellar,Democrat,TX,13,828,61.0
Henry Cuellar,Democrat,TX,14,858,53.0
Henry Cuellar,Democrat,TX,15,747,47.0
Henry Cuellar,Democrat,TX,16,751,46.0
Henry Cuellar,Democrat,TX,17,630,42.0
Henry Cuellar,Democrat,TX,18,326,17.0
Henry Cuellar,Democrat,TX,19,191,13.0
Henry Cuellar,Democrat,TX,20,148,12.0
Henry Cuellar,Democrat,TX,21,83,5.0
Henry Cuellar,Democrat,TX,22,55,7.0
Henry Cuellar,Democrat,TX,23,15,0.0
Hillary J. Scholten,Democrat,MI,2,11,4.0
Hillary J. Scholten,Democrat,MI,3,17,5.0
Hillary J. Scholten,Democrat,MI,4,71,14.0
Hillary J. Scholten,Democrat,MI,5,182,40.0
Hillary J. Scholten,Democrat,MI,6,210,40.0
Hillary J. Scholten,Democrat,MI,7,198,38.0
Hillary J. Scholten,Democrat,MI,8,202,62.0
Hillary J. Scholten,Democrat,MI,9,274,58.0
Hillary J. Scholten,Democrat,MI,10,335,70.0
Hillary J. Scholten,Democrat,MI,11,314,55.0
Hillary J. Scholten,Democrat,MI,12,382,58.0
Hillary J. Scholten,Democrat,MI,13,336,62.0
Hillary J. Scholten,Democrat,MI,14,308,56.0
Hillary J. Scholten,Democrat,MI,15,317,56.0
Hillary J. Scholten,Democrat,MI,16,314,46.0
Hillary J. Scholten,Democrat,MI,17,215,36.0
Hillary J. Scholten,Democrat,MI,18,118,12.0
Hillary J. Scholten,Democrat,MI,19,82,16.0
Hillary J. Scholten,Democrat,MI,20,47,5.0
Hillary J. Scholten,Democrat,MI,21,30,2.0
Hillary J. Scholten,Democrat,MI,22,3,0.0
Hillary J. Scholten,Democrat,MI,23,2,0.0
Ilhan Omar,Democrat,MN,0,2,0.0
Ilhan Omar,Democrat,MN,1,14,6.0
Ilhan Omar,Democrat,MN,2,70,34.0
Ilhan Omar,Democrat,MN,3,251,107.0
Ilhan Omar,Democrat,MN,4,496,208.0
Ilhan Omar,Democrat,MN,5,601,265.0
Ilhan Omar,Democrat,MN,6,875,391.0
Ilhan Omar,Democrat,MN,7,879,410.0
Ilhan Omar,Democrat,MN,8,1261,551.0
Ilhan Omar,Democrat,MN,9,1295,552.0
Ilhan Omar,Democrat,MN,10,1350,595.0
Ilhan Omar,Democrat,MN,11,1384,619.0
Ilhan Omar,Democrat,MN,12,1486,647.0
Ilhan Omar,Democrat,MN,13,1208,502.0
Ilhan Omar,Democrat,MN,14,1130,484.0
Ilhan Omar,Democrat,MN,15,1066,419.0
Ilhan Omar,Democrat,MN,16,988,390.0
Ilhan Omar,Democrat,MN,17,769,319.0
Ilhan Omar,Democrat,MN,18,448,156.0
Ilhan Omar,Democrat,MN,19,220,77.0
Ilhan Omar,Democrat,MN,20,89,22.0
Ilhan Omar,Democrat,MN,21,59,20.0
Ilhan Omar,Democrat,MN,22,27,5.0
Ilhan Omar,Democrat,MN,23,2,1.0
J. French Hill,Republican,AR,0,2,1.0
J. French Hill,Republican,AR,1,8,1.0
J. French Hill,Republican,AR,2,29,6.0
J. French Hill,Republican,AR,3,72,22.0
J. French Hill,Republican,AR,4,157,23.0
J. French Hill,Republican,AR,5,180,29.0
J. French Hill,Republican,AR,6,215,39.0
J. French Hill,Republican,AR,7,237,44.0
J. French Hill,Republican,AR,8,390,62.0
J. French Hill,Republican,AR,9,436,66.0
J. French Hill,Republican,AR,10,467,91.0
J. French Hill,Republican,AR,11,453,77.0
J. French Hill,Republican,AR,12,475,74.0
J. French Hill,Republican,AR,13,434,78.0
J. French Hill,Republican,AR,14,449,75.0
J. French Hill,Republican,AR,15,397,57.0
J. French Hill,Republican,AR,16,443,59.0
J. French Hill,Republican,AR,17,261,46.0
J. French Hill,Republican,AR,18,127,22.0
J. French Hill,Republican,AR,19,100,10.0
J. French Hill,Republican,AR,20,82,8.0
J. French Hill,Republican,AR,21,58,4.0
J. French Hill,Republican,AR,22,25,4.0
J. French Hill,Republican,AR,23,3,0.0
Jack Reed,Democrat,RI,0,10,6.0
Jack Reed,Democrat,RI,1,3,0.0
Jack Reed,Democrat,RI,2,8,1.0
Jack Reed,Democrat,RI,3,32,7.0
Jack Reed,Democrat,RI,4,50,6.0
Jack Reed,Democrat,RI,5,101,18.0
Jack Reed,Democrat,RI,6,148,44.0
Jack Reed,Democrat,RI,7,222,43.0
Jack Reed,Democrat,RI,8,322,73.0
Jack Reed,Democrat,RI,9,499,75.0
Jack Reed,Democrat,RI,10,743,115.0
Jack Reed,Democrat,RI,11,874,157.0
Jack Reed,Democrat,RI,12,922,163.0
Jack Reed,Democrat,RI,13,855,176.0
Jack Reed,Democrat,RI,14,791,144.0
Jack Reed,Democrat,RI,15,833,125.0
Jack Reed,Democrat,RI,16,819,133.0
Jack Reed,Democrat,RI,17,638,123.0
Jack Reed,Democrat,RI,18,423,87.0
Jack Reed,Democrat,RI,19,194,50.0
Jack Reed,Democrat,RI,20,157,27.0
Jack Reed,Democrat,RI,21,127,28.0
Jack Reed,Democrat,RI,22,62,15.0
Jack Reed,Democrat,RI,23,32,12.0
Jackie Speier D-CA,Democrat,CA,0,9,4.0
Jackie Speier D-CA,Democrat,CA,2,3,1.0
Jackie Speier D-CA,Democrat,CA,3,29,13.0
Jackie Speier D-CA,Democrat,CA,4,32,12.0
Jackie Speier D-CA,Democrat,CA,5,107,57.0
Jackie Speier D-CA,Democrat,CA,6,386,194.0
Jackie Speier D-CA,Democrat,CA,7,608,286.0
Jackie Speier D-CA,Democrat,CA,8,751,344.0
Jackie Speier D-CA,Democrat,CA,9,746,345.0
Jackie Speier D-CA,Democrat,CA,10,723,281.0
Jackie Speier D-CA,Democrat,CA,11,830,364.0
Jackie Speier D-CA,Democrat,CA,12,805,337.0
Jackie Speier D-CA,Democrat,CA,13,638,294.0
Jackie Speier D-CA,Democrat,CA,14,721,335.0
Jackie Speier D-CA,Democrat,CA,15,540,261.0
Jackie Speier D-CA,Democrat,CA,16,427,197.0
Jackie Speier D-CA,Democrat,CA,17,340,150.0
Jackie Speier D-CA,Democrat,CA,18,267,116.0
Jackie Speier D-CA,Democrat,CA,19,161,79.0
Jackie Speier D-CA,Democrat,CA,20,101,38.0
Jackie Speier D-CA,Democrat,CA,21,52,19.0
Jackie Speier D-CA,Democrat,CA,22,43,14.0
Jackie Speier D-CA,Democrat,CA,23,20,11.0
Jackie Walorski R-IN,Republican,IN,0,9,7.0
Jackie Walorski R-IN,Republican,IN,1,5,2.0
Jackie Walorski R-IN,Republican,IN,2,1,1.0
Jackie Walorski R-IN,Republican,IN,4,2,0.0
Jackie Walorski R-IN,Republican,IN,5,2,0.0
Jackie Walorski R-IN,Republican,IN,6,12,2.0
Jackie Walorski R-IN,Republican,IN,7,65,3.0
Jackie Walorski R-IN,Republican,IN,8,187,20.0
Jackie Walorski R-IN,Republican,IN,9,504,80.0
Jackie Walorski R-IN,Republican,IN,10,508,65.0
Jackie Walorski R-IN,Republican,IN,11,488,78.0
Jackie Walorski R-IN,Republican,IN,12,476,69.0
Jackie Walorski R-IN,Republican,IN,13,436,72.0
Jackie Walorski R-IN,Republican,IN,14,491,95.0
Jackie Walorski R-IN,Republican,IN,15,443,81.0
Jackie Walorski R-IN,Republican,IN,16,487,106.0
Jackie Walorski R-IN,Republican,IN,17,472,95.0
Jackie Walorski R-IN,Republican,IN,18,338,64.0
Jackie Walorski R-IN,Republican,IN,19,232,38.0
Jackie Walorski R-IN,Republican,IN,20,95,17.0
Jackie Walorski R-IN,Republican,IN,21,118,35.0
Jackie Walorski R-IN,Republican,IN,22,65,12.0
Jackie Walorski R-IN,Republican,IN,23,25,6.0
Jacky Rosen,Democrat,NV,0,12,3.0
Jacky Rosen,Democrat,NV,1,23,6.0
Jacky Rosen,Democrat,NV,2,119,37.0
Jacky Rosen,Democrat,NV,3,253,87.0
Jacky Rosen,Democrat,NV,4,371,142.0
Jacky Rosen,Democrat,NV,5,445,146.0
Jacky Rosen,Democrat,NV,6,805,187.0
Jacky Rosen,Democrat,NV,7,986,232.0
Jacky Rosen,Democrat,NV,8,1065,213.0
Jacky Rosen,Democrat,NV,9,1188,257.0
Jacky Rosen,Democrat,NV,10,1154,242.0
Jacky Rosen,Democrat,NV,11,1001,225.0
Jacky Rosen,Democrat,NV,12,1030,202.0
Jacky Rosen,Democrat,NV,13,1086,219.0
Jacky Rosen,Democrat,NV,14,873,167.0
Jacky Rosen,Democrat,NV,15,773,137.0
Jacky Rosen,Democrat,NV,16,643,111.0
Jacky Rosen,Democrat,NV,17,559,90.0
Jacky Rosen,Democrat,NV,18,412,73.0
Jacky Rosen,Democrat,NV,19,218,24.0
Jacky Rosen,Democrat,NV,20,65,8.0
Jacky Rosen,Democrat,NV,21,10,1.0
Jacky Rosen,Democrat,NV,22,2,1.0
Jacky Rosen,Democrat,NV,23,4,0.0
Jahana Hayes,Democrat,CT,0,11,3.0
Jahana Hayes,Democrat,CT,1,3,0.0
Jahana Hayes,Democrat,CT,2,31,3.0
Jahana Hayes,Democrat,CT,3,74,6.0
Jahana Hayes,Democrat,CT,4,215,13.0
Jahana Hayes,Democrat,CT,5,280,26.0
Jahana Hayes,Democrat,CT,6,316,42.0
Jahana Hayes,Democrat,CT,7,413,40.0
Jahana Hayes,Democrat,CT,8,492,59.0
Jahana Hayes,Democrat,CT,9,828,68.0
Jahana Hayes,Democrat,CT,10,939,75.0
Jahana Hayes,Democrat,CT,11,910,74.0
Jahana Hayes,Democrat,CT,12,867,73.0
Jahana Hayes,Democrat,CT,13,780,76.0
Jahana Hayes,Democrat,CT,14,662,81.0
Jahana Hayes,Democrat,CT,15,640,58.0
Jahana Hayes,Democrat,CT,16,511,44.0
Jahana Hayes,Democrat,CT,17,359,38.0
Jahana Hayes,Democrat,CT,18,246,33.0
Jahana Hayes,Democrat,CT,19,193,25.0
Jahana Hayes,Democrat,CT,20,161,14.0
Jahana Hayes,Democrat,CT,21,113,12.0
Jahana Hayes,Democrat,CT,22,72,7.0
Jahana Hayes,Democrat,CT,23,27,2.0
James Comer,Republican,KY,0,3,1.0
James Comer,Republican,KY,1,7,4.0
James Comer,Republican,KY,2,21,13.0
James Comer,Republican,KY,3,64,24.0
James Comer,Republican,KY,4,156,91.0
James Comer,Republican,KY,5,207,137.0
James Comer,Republican,KY,6,313,188.0
James Comer,Republican,KY,7,262,179.0
James Comer,Republican,KY,8,270,162.0
James Comer,Republican,KY,9,371,207.0
James Comer,Republican,KY,10,395,221.0
James Comer,Republican,KY,11,337,207.0
James Comer,Republican,KY,12,311,178.0
James Comer,Republican,KY,13,281,143.0
James Comer,Republican,KY,14,281,139.0
James Comer,Republican,KY,15,269,137.0
James Comer,Republican,KY,16,248,129.0
James Comer,Republican,KY,17,161,78.0
James Comer,Republican,KY,18,113,66.0
James Comer,Republican,KY,19,73,36.0
James Comer,Republican,KY,20,90,46.0
James Comer,Republican,KY,21,43,25.0
James Comer,Republican,KY,22,25,12.0
James Comer,Republican,KY,23,5,4.0
James E. Risch,Republican,ID,1,4,2.0
James E. Risch,Republican,ID,2,48,8.0
James E. Risch,Republican,ID,3,137,25.0
James E. Risch,Republican,ID,4,176,27.0
James E. Risch,Republican,ID,5,212,56.0
James E. Risch,Republican,ID,6,245,67.0
James E. Risch,Republican,ID,7,418,81.0
James E. Risch,Republican,ID,8,571,111.0
James E. Risch,Republican,ID,9,718,189.0
James E. Risch,Republican,ID,10,707,195.0
James E. Risch,Republican,ID,11,705,198.0
James E. Risch,Republican,ID,12,579,162.0
James E. Risch,Republican,ID,13,541,110.0
James E. Risch,Republican,ID,14,416,101.0
James E. Risch,Republican,ID,15,375,74.0
James E. Risch,Republican,ID,16,196,26.0
James E. Risch,Republican,ID,17,101,10.0
James E. Risch,Republican,ID,18,81,11.0
James E. Risch,Republican,ID,19,44,7.0
James E. Risch,Republican,ID,20,23,7.0
James E. Risch,Republican,ID,21,13,1.0
James E. Risch,Republican,ID,22,7,1.0
James Lankford,Republican,OK,0,5,2.0
James Lankford,Republican,OK,1,37,13.0
James Lankford,Republican,OK,2,80,27.0
James Lankford,Republican,OK,3,130,42.0
James Lankford,Republican,OK,4,301,101.0
James Lankford,Republican,OK,5,464,174.0
James Lankford,Republican,OK,6,476,183.0
James Lankford,Republican,OK,7,512,191.0
James Lankford,Republican,OK,8,693,272.0
James Lankford,Republican,OK,9,842,325.0
James Lankford,Republican,OK,10,819,338.0
James Lankford,Republican,OK,11,875,362.0
James Lankford,Republican,OK,12,678,288.0
James Lankford,Republican,OK,13,615,244.0
James Lankford,Republican,OK,14,613,259.0
James Lankford,Republican,OK,15,640,266.0
James Lankford,Republican,OK,16,503,196.0
James Lankford,Republican,OK,17,299,128.0
James Lankford,Republican,OK,18,234,98.0
James Lankford,Republican,OK,19,279,145.0
James Lankford,Republican,OK,20,102,40.0
James Lankford,Republican,OK,21,119,36.0
James Lankford,Republican,OK,22,42,9.0
James Lankford,Republican,OK,23,19,6.0
James P. McGovern,Democrat,MA,0,141,58.0
James P. McGovern,Democrat,MA,1,28,7.0
James P. McGovern,Democrat,MA,2,38,12.0
James P. McGovern,Democrat,MA,3,54,24.0
James P. McGovern,Democrat,MA,4,92,50.0
James P. McGovern,Democrat,MA,5,192,109.0
James P. McGovern,Democrat,MA,6,356,172.0
James P. McGovern,Democrat,MA,7,547,272.0
James P. McGovern,Democrat,MA,8,676,296.0
James P. McGovern,Democrat,MA,9,1179,504.0
James P. McGovern,Democrat,MA,10,1524,581.0
James P. McGovern,Democrat,MA,11,1526,574.0
James P. McGovern,Democrat,MA,12,1446,602.0
James P. McGovern,Democrat,MA,13,1435,565.0
James P. McGovern,Democrat,MA,14,1499,583.0
James P. McGovern,Democrat,MA,15,1360,489.0
James P. McGovern,Democrat,MA,16,1398,534.0
James P. McGovern,Democrat,MA,17,1166,411.0
James P. McGovern,Democrat,MA,18,735,237.0
James P. McGovern,Democrat,MA,19,625,260.0
James P. McGovern,Democrat,MA,20,584,206.0
James P. McGovern,Democrat,MA,21,570,253.0
James P. McGovern,Democrat,MA,22,514,229.0
James P. McGovern,Democrat,MA,23,303,149.0
Jamie Raskin,Democrat,MD,0,10,4.0
Jamie Raskin,Democrat,MD,1,6,4.0
Jamie Raskin,Democrat,MD,2,2,1.0
Jamie Raskin,Democrat,MD,3,29,14.0
Jamie Raskin,Democrat,MD,4,82,39.0
Jamie Raskin,Democrat,MD,5,217,111.0
Jamie Raskin,Democrat,MD,6,195,103.0
Jamie Raskin,Democrat,MD,7,213,107.0
Jamie Raskin,Democrat,MD,8,391,185.0
Jamie Raskin,Democrat,MD,9,788,268.0
Jamie Raskin,Democrat,MD,10,941,297.0
Jamie Raskin,Democrat,MD,11,866,297.0
Jamie Raskin,Democrat,MD,12,865,293.0
Jamie Raskin,Democrat,MD,13,764,254.0
Jamie Raskin,Democrat,MD,14,775,257.0
Jamie Raskin,Democrat,MD,15,695,213.0
Jamie Raskin,Democrat,MD,16,590,185.0
Jamie Raskin,Democrat,MD,17,504,185.0
Jamie Raskin,Democrat,MD,18,370,123.0
Jamie Raskin,Democrat,MD,19,280,77.0
Jamie Raskin,Democrat,MD,20,210,66.0
Jamie Raskin,Democrat,MD,21,160,56.0
Jamie Raskin,Democrat,MD,22,111,33.0
Jamie Raskin,Democrat,MD,23,45,17.0
Janice D. Schakowsky,Democrat,IL,0,13,2.0
Janice D. Schakowsky,Democrat,IL,1,9,4.0
Janice D. Schakowsky,Democrat,IL,2,7,2.0
Janice D. Schakowsky,Democrat,IL,3,51,23.0
Janice D. Schakowsky,Democrat,IL,4,124,56.0
Janice D. Schakowsky,Democrat,IL,5,139,64.0
Janice D. Schakowsky,Democrat,IL,6,194,80.0
Janice D. Schakowsky,Democrat,IL,7,237,98.0
Janice D. Schakowsky,Democrat,IL,8,300,124.0
Janice D. Schakowsky,Democrat,IL,9,322,125.0
Janice D. Schakowsky,Democrat,IL,10,394,159.0
Janice D. Schakowsky,Democrat,IL,11,543,196.0
Janice D. Schakowsky,Democrat,IL,12,560,207.0
Janice D. Schakowsky,Democrat,IL,13,400,134.0
Janice D. Schakowsky,Democrat,IL,14,413,142.0
Janice D. Schakowsky,Democrat,IL,15,354,137.0
Janice D. Schakowsky,Democrat,IL,16,316,126.0
Janice D. Schakowsky,Democrat,IL,17,222,77.0
Janice D. Schakowsky,Democrat,IL,18,143,58.0
Janice D. Schakowsky,Democrat,IL,19,153,49.0
Janice D. Schakowsky,Democrat,IL,20,134,47.0
Janice D. Schakowsky,Democrat,IL,21,93,31.0
Janice D. Schakowsky,Democrat,IL,22,84,27.0
Janice D. Schakowsky,Democrat,IL,23,54,18.0
Jared F. Golden,Democrat,ME,0,4,3.0
Jared F. Golden,Democrat,ME,2,6,0.0
Jared F. Golden,Democrat,ME,3,30,10.0
Jared F. Golden,Democrat,ME,4,40,8.0
Jared F. Golden,Democrat,ME,5,116,26.0
Jared F. Golden,Democrat,ME,6,95,18.0
Jared F. Golden,Democrat,ME,7,132,22.0
Jared F. Golden,Democrat,ME,8,182,38.0
Jared F. Golden,Democrat,ME,9,280,39.0
Jared F. Golden,Democrat,ME,10,289,61.0
Jared F. Golden,Democrat,ME,11,319,56.0
Jared F. Golden,Democrat,ME,12,381,75.0
Jared F. Golden,Democrat,ME,13,288,58.0
Jared F. Golden,Democrat,ME,14,220,49.0
Jared F. Golden,Democrat,ME,15,345,82.0
Jared F. Golden,Democrat,ME,16,320,54.0
Jared F. Golden,Democrat,ME,17,230,38.0
Jared F. Golden,Democrat,ME,18,170,31.0
Jared F. Golden,Democrat,ME,19,95,28.0
Jared F. Golden,Democrat,ME,20,31,6.0
Jared F. Golden,Democrat,ME,21,23,2.0
Jared F. Golden,Democrat,ME,22,4,2.0
Jared F. Golden,Democrat,ME,23,1,0.0
Jared Huffman,Democrat,CA,0,2,1.0
Jared Huffman,Democrat,CA,1,14,6.0
Jared Huffman,Democrat,CA,2,48,25.0
Jared Huffman,Democrat,CA,3,113,49.0
Jared Huffman,Democrat,CA,4,119,47.0
Jared Huffman,Democrat,CA,5,141,63.0
Jared Huffman,Democrat,CA,6,363,140.0
Jared Huffman,Democrat,CA,7,585,205.0
Jared Huffman,Democrat,CA,8,734,260.0
Jared Huffman,Democrat,CA,9,731,228.0
Jared Huffman,Democrat,CA,10,738,250.0
Jared Huffman,Democrat,CA,11,814,252.0
Jared Huffman,Democrat,CA,12,713,212.0
Jared Huffman,Democrat,CA,13,694,192.0
Jared Huffman,Democrat,CA,14,535,142.0
Jared Huffman,Democrat,CA,15,345,96.0
Jared Huffman,Democrat,CA,16,177,47.0
Jared Huffman,Democrat,CA,17,119,29.0
Jared Huffman,Democrat,CA,18,99,19.0
Jared Huffman,Democrat,CA,19,39,10.0
Jared Huffman,Democrat,CA,20,32,8.0
Jared Huffman,Democrat,CA,21,13,6.0
Jared Huffman,Democrat,CA,22,3,0.0
Jasmine Crockett,Democrat,TX,0,20,13.0
Jasmine Crockett,Democrat,TX,1,17,10.0
Jasmine Crockett,Democrat,TX,2,86,40.0
Jasmine Crockett,Democrat,TX,3,130,52.0
Jasmine Crockett,Democrat,TX,4,198,79.0
Jasmine Crockett,Democrat,TX,5,220,110.0
Jasmine Crockett,Democrat,TX,6,189,94.0
Jasmine Crockett,Democrat,TX,7,269,144.0
Jasmine Crockett,Democrat,TX,8,244,127.0
Jasmine Crockett,Democrat,TX,9,286,134.0
Jasmine Crockett,Democrat,TX,10,354,165.0
Jasmine Crockett,Democrat,TX,11,309,165.0
Jasmine Crockett,Democrat,TX,12,364,176.0
Jasmine Crockett,Democrat,TX,13,313,149.0
Jasmine Crockett,Democrat,TX,14,247,112.0
Jasmine Crockett,Democrat,TX,15,244,113.0
Jasmine Crockett,Democrat,TX,16,254,107.0
Jasmine Crockett,Democrat,TX,17,173,66.0
Jasmine Crockett,Democrat,TX,18,153,75.0
Jasmine Crockett,Democrat,TX,19,90,45.0
Jasmine Crockett,Democrat,TX,20,53,25.0
Jasmine Crockett,Democrat,TX,21,28,12.0
Jasmine Crockett,Democrat,TX,22,7,5.0
Jasmine Crockett,Democrat,TX,23,11,5.0
Jason Crow,Democrat,CO,0,7,3.0
Jason Crow,Democrat,CO,1,21,15.0
Jason Crow,Democrat,CO,2,103,67.0
Jason Crow,Democrat,CO,3,288,141.0
Jason Crow,Democrat,CO,4,280,123.0
Jason Crow,Democrat,CO,5,295,163.0
Jason Crow,Democrat,CO,6,312,147.0
Jason Crow,Democrat,CO,7,493,148.0
Jason Crow,Democrat,CO,8,624,191.0
Jason Crow,Democrat,CO,9,649,194.0
Jason Crow,Democrat,CO,10,632,184.0
Jason Crow,Democrat,CO,11,632,204.0
Jason Crow,Democrat,CO,12,611,187.0
Jason Crow,Democrat,CO,13,567,140.0
Jason Crow,Democrat,CO,14,492,129.0
Jason Crow,Democrat,CO,15,492,126.0
Jason Crow,Democrat,CO,16,362,71.0
Jason Crow,Democrat,CO,17,217,42.0
Jason Crow,Democrat,CO,18,136,25.0
Jason Crow,Democrat,CO,19,126,32.0
Jason Crow,Democrat,CO,20,63,14.0
Jason Crow,Democrat,CO,21,39,12.0
Jason Crow,Democrat,CO,22,10,2.0
Jason Crow,Democrat,CO,23,6,1.0
Jason Smith,Republican,MO,0,9,2.0
Jason Smith,Republican,MO,1,17,6.0
Jason Smith,Republican,MO,2,61,16.0
Jason Smith,Republican,MO,3,168,68.0
Jason Smith,Republican,MO,4,308,150.0
Jason Smith,Republican,MO,5,349,169.0
Jason Smith,Republican,MO,6,367,178.0
Jason Smith,Republican,MO,7,414,198.0
Jason Smith,Republican,MO,8,677,323.0
Jason Smith,Republican,MO,9,753,346.0
Jason Smith,Republican,MO,10,786,347.0
Jason Smith,Republican,MO,11,717,330.0
Jason Smith,Republican,MO,12,647,290.0
Jason Smith,Republican,MO,13,665,280.0
Jason Smith,Republican,MO,14,635,237.0
Jason Smith,Republican,MO,15,628,269.0
Jason Smith,Republican,MO,16,448,181.0
Jason Smith,Republican,MO,17,338,111.0
Jason Smith,Republican,MO,18,235,94.0
Jason Smith,Republican,MO,19,152,51.0
Jason Smith,Republican,MO,20,164,63.0
Jason Smith,Republican,MO,21,84,25.0
Jason Smith,Republican,MO,22,36,12.0
Jason Smith,Republican,MO,23,22,7.0
Jeanne Shaheen,Democrat,NH,0,11,2.0
Jeanne Shaheen,Democrat,NH,1,6,0.0
Jeanne Shaheen,Democrat,NH,2,4,1.0
Jeanne Shaheen,Democrat,NH,3,24,2.0
Jeanne Shaheen,Democrat,NH,4,87,23.0
Jeanne Shaheen,Democrat,NH,5,234,56.0
Jeanne Shaheen,Democrat,NH,6,338,119.0
Jeanne Shaheen,Democrat,NH,7,378,122.0
Jeanne Shaheen,Democrat,NH,8,487,147.0
Jeanne Shaheen,Democrat,NH,9,915,211.0
Jeanne Shaheen,Democrat,NH,10,1330,301.0
Jeanne Shaheen,Democrat,NH,11,1651,397.0
Jeanne Shaheen,Democrat,NH,12,1566,389.0
Jeanne Shaheen,Democrat,NH,13,1576,369.0
Jeanne Shaheen,Democrat,NH,14,1476,334.0
Jeanne Shaheen,Democrat,NH,15,1406,291.0
Jeanne Shaheen,Democrat,NH,16,1573,329.0
Jeanne Shaheen,Democrat,NH,17,1441,279.0
Jeanne Shaheen,Democrat,NH,18,922,211.0
Jeanne Shaheen,Democrat,NH,19,351,70.0
Jeanne Shaheen,Democrat,NH,20,167,39.0
Jeanne Shaheen,Democrat,NH,21,92,24.0
Jeanne Shaheen,Democrat,NH,22,71,16.0
Jeanne Shaheen,Democrat,NH,23,33,10.0
Jeff Merkley,Democrat,OR,0,17,11.0
Jeff Merkley,Democrat,OR,1,121,59.0
Jeff Merkley,Democrat,OR,2,337,193.0
Jeff Merkley,Democrat,OR,3,432,243.0
Jeff Merkley,Democrat,OR,4,478,282.0
Jeff Merkley,Democrat,OR,5,497,262.0
Jeff Merkley,Democrat,OR,6,1028,488.0
Jeff Merkley,Democrat,OR,7,1453,653.0
Jeff Merkley,Democrat,OR,8,1664,787.0
Jeff Merkley,Democrat,OR,9,1745,817.0
Jeff Merkley,Democrat,OR,10,2095,826.0
Jeff Merkley,Democrat,OR,11,1690,722.0
Jeff Merkley,Democrat,OR,12,1811,761.0
Jeff Merkley,Democrat,OR,13,1674,751.0
Jeff Merkley,Democrat,OR,14,1814,771.0
Jeff Merkley,Democrat,OR,15,1455,608.0
Jeff Merkley,Democrat,OR,16,1002,429.0
Jeff Merkley,Democrat,OR,17,672,292.0
Jeff Merkley,Democrat,OR,18,572,243.0
Jeff Merkley,Democrat,OR,19,321,127.0
Jeff Merkley,Democrat,OR,20,141,36.0
Jeff Merkley,Democrat,OR,21,48,23.0
Jeff Merkley,Democrat,OR,22,29,9.0
Jeff Merkley,Democrat,OR,23,23,4.0
Jennifer A. Kiggans,Republican,VA,0,1,1.0
Jennifer A. Kiggans,Republican,VA,1,5,1.0
Jennifer A. Kiggans,Republican,VA,2,11,0.0
Jennifer A. Kiggans,Republican,VA,3,58,10.0
Jennifer A. Kiggans,Republican,VA,4,124,19.0
Jennifer A. Kiggans,Republican,VA,5,169,34.0
Jennifer A. Kiggans,Republican,VA,6,138,22.0
Jennifer A. Kiggans,Republican,VA,7,161,26.0
Jennifer A. Kiggans,Republican,VA,8,162,32.0
Jennifer A. Kiggans,Republican,VA,9,186,37.0
Jennifer A. Kiggans,Republican,VA,10,262,57.0
Jennifer A. Kiggans,Republican,VA,11,253,30.0
Jennifer A. Kiggans,Republican,VA,12,263,47.0
Jennifer A. Kiggans,Republican,VA,13,295,51.0
Jennifer A. Kiggans,Republican,VA,14,217,49.0
Jennifer A. Kiggans,Republican,VA,15,206,26.0
Jennifer A. Kiggans,Republican,VA,16,219,36.0
Jennifer A. Kiggans,Republican,VA,17,167,28.0
Jennifer A. Kiggans,Republican,VA,18,85,15.0
Jennifer A. Kiggans,Republican,VA,19,78,6.0
Jennifer A. Kiggans,Republican,VA,20,51,9.0
Jennifer A. Kiggans,Republican,VA,21,23,2.0
Jennifer A. Kiggans,Republican,VA,22,7,2.0
Jennifer A. Kiggans,Republican,VA,23,1,0.0
Jennifer L. McClellan,Democrat,VA,0,12,0.0
Jennifer L. McClellan,Democrat,VA,1,6,1.0
Jennifer L. McClellan,Democrat,VA,2,11,4.0
Jennifer L. McClellan,Democrat,VA,3,30,11.0
Jennifer L. McClellan,Democrat,VA,4,86,17.0
Jennifer L. McClellan,Democrat,VA,5,142,38.0
Jennifer L. McClellan,Democrat,VA,6,184,32.0
Jennifer L. McClellan,Democrat,VA,7,184,61.0
Jennifer L. McClellan,Democrat,VA,8,206,56.0
Jennifer L. McClellan,Democrat,VA,9,199,64.0
Jennifer L. McClellan,Democrat,VA,10,249,77.0
Jennifer L. McClellan,Democrat,VA,11,228,60.0
Jennifer L. McClellan,Democrat,VA,12,332,94.0
Jennifer L. McClellan,Democrat,VA,13,324,89.0
Jennifer L. McClellan,Democrat,VA,14,310,72.0
Jennifer L. McClellan,Democrat,VA,15,234,57.0
Jennifer L. McClellan,Democrat,VA,16,215,45.0
Jennifer L. McClellan,Democrat,VA,17,217,48.0
Jennifer L. McClellan,Democrat,VA,18,183,39.0
Jennifer L. McClellan,Democrat,VA,19,125,30.0
Jennifer L. McClellan,Democrat,VA,20,64,10.0
Jennifer L. McClellan,Democrat,VA,21,44,9.0
Jennifer L. McClellan,Democrat,VA,22,31,6.0
Jennifer L. McClellan,Democrat,VA,23,2,0.0
Jerrold Nadler,Democrat,NY,0,32,14.0
Jerrold Nadler,Democrat,NY,1,12,7.0
Jerrold Nadler,Democrat,NY,2,10,3.0
Jerrold Nadler,Democrat,NY,3,22,10.0
Jerrold Nadler,Democrat,NY,4,86,52.0
Jerrold Nadler,Democrat,NY,5,170,86.0
Jerrold Nadler,Democrat,NY,6,222,110.0
Jerrold Nadler,Democrat,NY,7,309,160.0
Jerrold Nadler,Democrat,NY,8,453,238.0
Jerrold Nadler,Democrat,NY,9,639,321.0
Jerrold Nadler,Democrat,NY,10,1007,432.0
Jerrold Nadler,Democrat,NY,11,1165,534.0
Jerrold Nadler,Democrat,NY,12,918,463.0
Jerrold Nadler,Democrat,NY,13,890,403.0
Jerrold Nadler,Democrat,NY,14,892,393.0
Jerrold Nadler,Democrat,NY,15,721,327.0
Jerrold Nadler,Democrat,NY,16,630,292.0
Jerrold Nadler,Democrat,NY,17,649,249.0
Jerrold Nadler,Democrat,NY,18,457,200.0
Jerrold Nadler,Democrat,NY,19,241,93.0
Jerrold Nadler,Democrat,NY,20,196,84.0
Jerrold Nadler,Democrat,NY,21,177,80.0
Jerrold Nadler,Democrat,NY,22,126,65.0
Jerrold Nadler,Democrat,NY,23,74,39.0
Jerry Moran,Republican,KS,1,5,0.0
Jerry Moran,Republican,KS,2,18,2.0
Jerry Moran,Republican,KS,3,72,5.0
Jerry Moran,Republican,KS,4,154,13.0
Jerry Moran,Republican,KS,5,190,14.0
Jerry Moran,Republican,KS,6,186,19.0
Jerry Moran,Republican,KS,7,204,15.0
Jerry Moran,Republican,KS,8,281,31.0
Jerry Moran,Republican,KS,9,332,33.0
Jerry Moran,Republican,KS,10,324,36.0
Jerry Moran,Republican,KS,11,326,46.0
Jerry Moran,Republican,KS,12,312,39.0
Jerry Moran,Republican,KS,13,226,28.0
Jerry Moran,Republican,KS,14,184,31.0
Jerry Moran,Republican,KS,15,164,29.0
Jerry Moran,Republican,KS,16,124,14.0
Jerry Moran,Republican,KS,17,66,14.0
Jerry Moran,Republican,KS,18,42,7.0
Jerry Moran,Republican,KS,19,14,0.0
Jerry Moran,Republican,KS,20,10,5.0
Jerry Moran,Republican,KS,21,11,3.0
Jerry Moran,Republican,KS,22,8,1.0
Jerry Moran,Republican,KS,23,2,0.0
"Jesús G. ""Chuy"" García",Democrat,IL,0,12,4.0
"Jesús G. ""Chuy"" García",Democrat,IL,1,2,0.0
"Jesús G. ""Chuy"" García",Democrat,IL,2,16,8.0
"Jesús G. ""Chuy"" García",Democrat,IL,3,50,15.0
"Jesús G. ""Chuy"" García",Democrat,IL,4,137,41.0
"Jesús G. ""Chuy"" García",Democrat,IL,5,204,66.0
"Jesús G. ""Chuy"" García",Democrat,IL,6,208,81.0
"Jesús G. ""Chuy"" García",Democrat,IL,7,332,109.0
"Jesús G. ""Chuy"" García",Democrat,IL,8,685,207.0
"Jesús G. ""Chuy"" García",Democrat,IL,9,930,259.0
"Jesús G. ""Chuy"" García",Democrat,IL,10,1095,332.0
"Jesús G. ""Chuy"" García",Democrat,IL,11,1182,318.0
"Jesús G. ""Chuy"" García",Democrat,IL,12,1071,320.0
"Jesús G. ""Chuy"" García",Democrat,IL,13,1066,269.0
"Jesús G. ""Chuy"" García",Democrat,IL,14,922,263.0
"Jesús G. ""Chuy"" García",Democrat,IL,15,891,278.0
"Jesús G. ""Chuy"" García",Democrat,IL,16,777,208.0
"Jesús G. ""Chuy"" García",Democrat,IL,17,640,187.0
"Jesús G. ""Chuy"" García",Democrat,IL,18,424,96.0
"Jesús G. ""Chuy"" García",Democrat,IL,19,303,87.0
"Jesús G. ""Chuy"" García",Democrat,IL,20,241,75.0
"Jesús G. ""Chuy"" García",Democrat,IL,21,150,40.0
"Jesús G. ""Chuy"" García",Democrat,IL,22,96,27.0
"Jesús G. ""Chuy"" García",Democrat,IL,23,29,9.0
Jim Cooper D-TN,Democrat,TN,3,2,0.0
Jim Cooper D-TN,Democrat,TN,5,17,4.0
Jim Cooper D-TN,Democrat,TN,6,53,11.0
Jim Cooper D-TN,Democrat,TN,7,115,14.0
Jim Cooper D-TN,Democrat,TN,8,331,50.0
Jim Cooper D-TN,Democrat,TN,9,617,100.0
Jim Cooper D-TN,Democrat,TN,10,574,111.0
Jim Cooper D-TN,Democrat,TN,11,697,100.0
Jim Cooper D-TN,Democrat,TN,12,656,99.0
Jim Cooper D-TN,Democrat,TN,13,628,111.0
Jim Cooper D-TN,Democrat,TN,14,591,120.0
Jim Cooper D-TN,Democrat,TN,15,637,161.0
Jim Cooper D-TN,Democrat,TN,16,460,98.0
Jim Cooper D-TN,Democrat,TN,17,249,65.0
Jim Cooper D-TN,Democrat,TN,18,125,23.0
Jim Cooper D-TN,Democrat,TN,19,103,22.0
Jim Cooper D-TN,Democrat,TN,20,72,20.0
Jim Cooper D-TN,Democrat,TN,21,75,17.0
Jim Cooper D-TN,Democrat,TN,22,27,4.0
Jim Cooper D-TN,Democrat,TN,23,4,0.0
Jim Costa,Democrat,CA,0,7,0.0
Jim Costa,Democrat,CA,1,11,2.0
Jim Costa,Democrat,CA,2,16,4.0
Jim Costa,Democrat,CA,3,44,10.0
Jim Costa,Democrat,CA,4,82,21.0
Jim Costa,Democrat,CA,5,106,17.0
Jim Costa,Democrat,CA,6,150,20.0
Jim Costa,Democrat,CA,7,280,33.0
Jim Costa,Democrat,CA,8,419,37.0
Jim Costa,Democrat,CA,9,515,49.0
Jim Costa,Democrat,CA,10,530,66.0
Jim Costa,Democrat,CA,11,659,80.0
Jim Costa,Democrat,CA,12,713,73.0
Jim Costa,Democrat,CA,13,699,71.0
Jim Costa,Democrat,CA,14,578,67.0
Jim Costa,Democrat,CA,15,548,61.0
Jim Costa,Democrat,CA,16,430,47.0
Jim Costa,Democrat,CA,17,286,26.0
Jim Costa,Democrat,CA,18,217,24.0
Jim Costa,Democrat,CA,19,165,15.0
Jim Costa,Democrat,CA,20,66,3.0
Jim Costa,Democrat,CA,21,32,1.0
Jim Costa,Democrat,CA,22,29,1.0
Jim Costa,Democrat,CA,23,21,1.0
Jim Jordan,Republican,OH,1,2,2.0
Jim Jordan,Republican,OH,2,20,2.0
Jim Jordan,Republican,OH,3,131,27.0
Jim Jordan,Republican,OH,4,398,130.0
Jim Jordan,Republican,OH,5,716,276.0
Jim Jordan,Republican,OH,6,808,353.0
Jim Jordan,Republican,OH,7,780,364.0
Jim Jordan,Republican,OH,8,865,436.0
Jim Jordan,Republican,OH,9,734,388.0
Jim Jordan,Republican,OH,10,811,433.0
Jim Jordan,Republican,OH,11,731,377.0
Jim Jordan,Republican,OH,12,681,365.0
Jim Jordan,Republican,OH,13,597,304.0
Jim Jordan,Republican,OH,14,522,250.0
Jim Jordan,Republican,OH,15,514,248.0
Jim Jordan,Republican,OH,16,484,208.0
Jim Jordan,Republican,OH,17,315,122.0
Jim Jordan,Republican,OH,18,185,67.0
Jim Jordan,Republican,OH,19,93,35.0
Jim Jordan,Republican,OH,20,62,30.0
Jim Jordan,Republican,OH,21,70,40.0
Jim Jordan,Republican,OH,22,27,15.0
Jim Jordan,Republican,OH,23,5,1.0
Jimmy Gomez,Democrat,CA,0,7,1.0
Jimmy Gomez,Democrat,CA,1,26,14.0
Jimmy Gomez,Democrat,CA,2,102,55.0
Jimmy Gomez,Democrat,CA,3,178,83.0
Jimmy Gomez,Democrat,CA,4,247,121.0
Jimmy Gomez,Democrat,CA,5,269,141.0
Jimmy Gomez,Democrat,CA,6,489,179.0
Jimmy Gomez,Democrat,CA,7,865,290.0
Jimmy Gomez,Democrat,CA,8,797,276.0
Jimmy Gomez,Democrat,CA,9,967,348.0
Jimmy Gomez,Democrat,CA,10,841,250.0
Jimmy Gomez,Democrat,CA,11,953,309.0
Jimmy Gomez,Democrat,CA,12,844,262.0
Jimmy Gomez,Democrat,CA,13,916,260.0
Jimmy Gomez,Democrat,CA,14,742,244.0
Jimmy Gomez,Democrat,CA,15,660,205.0
Jimmy Gomez,Democrat,CA,16,594,164.0
Jimmy Gomez,Democrat,CA,17,523,118.0
Jimmy Gomez,Democrat,CA,18,370,114.0
Jimmy Gomez,Democrat,CA,19,260,59.0
Jimmy Gomez,Democrat,CA,20,125,35.0
Jimmy Gomez,Democrat,CA,21,57,16.0
Jimmy Gomez,Democrat,CA,22,21,4.0
Jimmy Gomez,Democrat,CA,23,7,3.0
Jimmy Panetta,Democrat,CA,0,9,0.0
Jimmy Panetta,Democrat,CA,1,14,3.0
Jimmy Panetta,Democrat,CA,2,62,10.0
Jimmy Panetta,Democrat,CA,3,111,24.0
Jimmy Panetta,Democrat,CA,4,255,61.0
Jimmy Panetta,Democrat,CA,5,418,107.0
Jimmy Panetta,Democrat,CA,6,461,93.0
Jimmy Panetta,Democrat,CA,7,663,139.0
Jimmy Panetta,Democrat,CA,8,882,126.0
Jimmy Panetta,Democrat,CA,9,930,120.0
Jimmy Panetta,Democrat,CA,10,816,124.0
Jimmy Panetta,Democrat,CA,11,786,117.0
Jimmy Panetta,Democrat,CA,12,843,115.0
Jimmy Panetta,Democrat,CA,13,789,120.0
Jimmy Panetta,Democrat,CA,14,616,87.0
Jimmy Panetta,Democrat,CA,15,501,49.0
Jimmy Panetta,Democrat,CA,16,443,47.0
Jimmy Panetta,Democrat,CA,17,289,31.0
Jimmy Panetta,Democrat,CA,18,229,25.0
Jimmy Panetta,Democrat,CA,19,221,13.0
Jimmy Panetta,Democrat,CA,20,195,10.0
Jimmy Panetta,Democrat,CA,21,73,3.0
Jimmy Panetta,Democrat,CA,22,26,2.0
Jimmy Panetta,Democrat,CA,23,11,0.0
Joaquin Castro,Democrat,TX,0,3,3.0
Joaquin Castro,Democrat,TX,1,10,6.0
Joaquin Castro,Democrat,TX,2,47,23.0
Joaquin Castro,Democrat,TX,3,70,37.0
Joaquin Castro,Democrat,TX,4,167,64.0
Joaquin Castro,Democrat,TX,5,285,127.0
Joaquin Castro,Democrat,TX,6,305,128.0
Joaquin Castro,Democrat,TX,7,311,166.0
Joaquin Castro,Democrat,TX,8,328,134.0
Joaquin Castro,Democrat,TX,9,348,191.0
Joaquin Castro,Democrat,TX,10,373,180.0
Joaquin Castro,Democrat,TX,11,347,164.0
Joaquin Castro,Democrat,TX,12,334,166.0
Joaquin Castro,Democrat,TX,13,328,166.0
Joaquin Castro,Democrat,TX,14,292,149.0
Joaquin Castro,Democrat,TX,15,265,124.0
Joaquin Castro,Democrat,TX,16,248,118.0
Joaquin Castro,Democrat,TX,17,236,137.0
Joaquin Castro,Democrat,TX,18,162,81.0
Joaquin Castro,Democrat,TX,19,97,41.0
Joaquin Castro,Democrat,TX,20,43,19.0
Joaquin Castro,Democrat,TX,21,28,13.0
Joaquin Castro,Democrat,TX,22,21,12.0
Joaquin Castro,Democrat,TX,23,21,14.0
Jodey C. Arrington,Republican,TX,0,12,4.0
Jodey C. Arrington,Republican,TX,1,7,1.0
Jodey C. Arrington,Republican,TX,2,30,11.0
Jodey C. Arrington,Republican,TX,3,60,21.0
Jodey C. Arrington,Republican,TX,4,135,59.0
Jodey C. Arrington,Republican,TX,5,173,69.0
Jodey C. Arrington,Republican,TX,6,198,82.0
Jodey C. Arrington,Republican,TX,7,291,100.0
Jodey C. Arrington,Republican,TX,8,366,122.0
Jodey C. Arrington,Republican,TX,9,490,155.0
Jodey C. Arrington,Republican,TX,10,496,174.0
Jodey C. Arrington,Republican,TX,11,496,178.0
Jodey C. Arrington,Republican,TX,12,527,190.0
Jodey C. Arrington,Republican,TX,13,449,134.0
Jodey C. Arrington,Republican,TX,14,465,147.0
Jodey C. Arrington,Republican,TX,15,422,134.0
Jodey C. Arrington,Republican,TX,16,411,134.0
Jodey C. Arrington,Republican,TX,17,343,96.0
Jodey C. Arrington,Republican,TX,18,212,76.0
Jodey C. Arrington,Republican,TX,19,196,50.0
Jodey C. Arrington,Republican,TX,20,185,60.0
Jodey C. Arrington,Republican,TX,21,122,41.0
Jodey C. Arrington,Republican,TX,22,44,7.0
Jodey C. Arrington,Republican,TX,23,23,5.0
Joe Courtney,Democrat,CT,0,11,3.0
Joe Courtney,Democrat,CT,2,4,0.0
Joe Courtney,Democrat,CT,3,14,4.0
Joe Courtney,Democrat,CT,4,53,15.0
Joe Courtney,Democrat,CT,5,104,22.0
Joe Courtney,Democrat,CT,6,136,20.0
Joe Courtney,Democrat,CT,7,139,31.0
Joe Courtney,Democrat,CT,8,274,44.0
Joe Courtney,Democrat,CT,9,573,115.0
Joe Courtney,Democrat,CT,10,760,116.0
Joe Courtney,Democrat,CT,11,871,130.0
Joe Courtney,Democrat,CT,12,1011,134.0
Joe Courtney,Democrat,CT,13,1048,146.0
Joe Courtney,Democrat,CT,14,1078,191.0
Joe Courtney,Democrat,CT,15,1035,136.0
Joe Courtney,Democrat,CT,16,1066,135.0
Joe Courtney,Democrat,CT,17,992,145.0
Joe Courtney,Democrat,CT,18,552,73.0
Joe Courtney,Democrat,CT,19,571,118.0
Joe Courtney,Democrat,CT,20,231,45.0
Joe Courtney,Democrat,CT,21,52,10.0
Joe Courtney,Democrat,CT,22,23,2.0
Joe Courtney,Democrat,CT,23,12,2.0
Joe Crowley D-NY,Democrat,NY,0,12,5.0
Joe Crowley D-NY,Democrat,NY,1,1,0.0
Joe Crowley D-NY,Democrat,NY,3,2,1.0
Joe Crowley D-NY,Democrat,NY,6,8,5.0
Joe Crowley D-NY,Democrat,NY,7,49,19.0
Joe Crowley D-NY,Democrat,NY,8,133,38.0
Joe Crowley D-NY,Democrat,NY,9,515,182.0
Joe Crowley D-NY,Democrat,NY,10,681,209.0
Joe Crowley D-NY,Democrat,NY,11,596,169.0
Joe Crowley D-NY,Democrat,NY,12,575,189.0
Joe Crowley D-NY,Democrat,NY,13,494,159.0
Joe Crowley D-NY,Democrat,NY,14,571,182.0
Joe Crowley D-NY,Democrat,NY,15,564,166.0
Joe Crowley D-NY,Democrat,NY,16,560,166.0
Joe Crowley D-NY,Democrat,NY,17,437,134.0
Joe Crowley D-NY,Democrat,NY,18,259,106.0
Joe Crowley D-NY,Democrat,NY,19,163,56.0
Joe Crowley D-NY,Democrat,NY,20,114,35.0
Joe Crowley D-NY,Democrat,NY,21,91,32.0
Joe Crowley D-NY,Democrat,NY,22,44,23.0
Joe Crowley D-NY,Democrat,NY,23,16,6.0
Joe Donnelly D-IN,Democrat,IN,0,2,1.0
Joe Donnelly D-IN,Democrat,IN,1,1,0.0
Joe Donnelly D-IN,Democrat,IN,2,2,1.0
Joe Donnelly D-IN,Democrat,IN,5,2,0.0
Joe Donnelly D-IN,Democrat,IN,6,5,0.0
Joe Donnelly D-IN,Democrat,IN,7,23,0.0
Joe Donnelly D-IN,Democrat,IN,8,73,0.0
Joe Donnelly D-IN,Democrat,IN,9,268,5.0
Joe Donnelly D-IN,Democrat,IN,10,459,20.0
Joe Donnelly D-IN,Democrat,IN,11,474,19.0
Joe Donnelly D-IN,Democrat,IN,12,546,20.0
Joe Donnelly D-IN,Democrat,IN,13,493,24.0
Joe Donnelly D-IN,Democrat,IN,14,481,22.0
Joe Donnelly D-IN,Democrat,IN,15,531,18.0
Joe Donnelly D-IN,Democrat,IN,16,580,25.0
Joe Donnelly D-IN,Democrat,IN,17,498,13.0
Joe Donnelly D-IN,Democrat,IN,18,402,27.0
Joe Donnelly D-IN,Democrat,IN,19,250,17.0
Joe Donnelly D-IN,Democrat,IN,20,183,22.0
Joe Donnelly D-IN,Democrat,IN,21,68,5.0
Joe Donnelly D-IN,Democrat,IN,22,19,1.0
Joe Donnelly D-IN,Democrat,IN,23,10,1.0
Joe Kennedy D-MA,Democrat,MA,0,5,2.0
Joe Kennedy D-MA,Democrat,MA,1,2,0.0
Joe Kennedy D-MA,Democrat,MA,3,1,0.0
Joe Kennedy D-MA,Democrat,MA,5,4,2.0
Joe Kennedy D-MA,Democrat,MA,6,19,2.0
Joe Kennedy D-MA,Democrat,MA,7,72,20.0
Joe Kennedy D-MA,Democrat,MA,8,107,33.0
Joe Kennedy D-MA,Democrat,MA,9,350,91.0
Joe Kennedy D-MA,Democrat,MA,10,413,91.0
Joe Kennedy D-MA,Democrat,MA,11,574,135.0
Joe Kennedy D-MA,Democrat,MA,12,479,118.0
Joe Kennedy D-MA,Democrat,MA,13,485,135.0
Joe Kennedy D-MA,Democrat,MA,14,608,183.0
Joe Kennedy D-MA,Democrat,MA,15,473,144.0
Joe Kennedy D-MA,Democrat,MA,16,482,132.0
Joe Kennedy D-MA,Democrat,MA,17,436,108.0
Joe Kennedy D-MA,Democrat,MA,18,219,55.0
Joe Kennedy D-MA,Democrat,MA,19,145,35.0
Joe Kennedy D-MA,Democrat,MA,20,159,58.0
Joe Kennedy D-MA,Democrat,MA,21,91,26.0
Joe Kennedy D-MA,Democrat,MA,22,75,30.0
Joe Kennedy D-MA,Democrat,MA,23,27,6.0
Joe Neguse,Democrat,CO,0,9,0.0
Joe Neguse,Democrat,CO,1,41,7.0
Joe Neguse,Democrat,CO,2,202,58.0
Joe Neguse,Democrat,CO,3,327,61.0
Joe Neguse,Democrat,CO,4,276,44.0
Joe Neguse,Democrat,CO,5,339,58.0
Joe Neguse,Democrat,CO,6,382,73.0
Joe Neguse,Democrat,CO,7,789,114.0
Joe Neguse,Democrat,CO,8,681,105.0
Joe Neguse,Democrat,CO,9,852,131.0
Joe Neguse,Democrat,CO,10,822,116.0
Joe Neguse,Democrat,CO,11,732,110.0
Joe Neguse,Democrat,CO,12,692,99.0
Joe Neguse,Democrat,CO,13,714,92.0
Joe Neguse,Democrat,CO,14,570,79.0
Joe Neguse,Democrat,CO,15,560,68.0
Joe Neguse,Democrat,CO,16,425,63.0
Joe Neguse,Democrat,CO,17,289,42.0
Joe Neguse,Democrat,CO,18,171,23.0
Joe Neguse,Democrat,CO,19,129,31.0
Joe Neguse,Democrat,CO,20,103,17.0
Joe Neguse,Democrat,CO,21,68,15.0
Joe Neguse,Democrat,CO,22,30,5.0
Joe Neguse,Democrat,CO,23,11,2.0
Joe Wilson,Republican,SC,0,15,8.0
Joe Wilson,Republican,SC,1,19,9.0
Joe Wilson,Republican,SC,2,22,11.0
Joe Wilson,Republican,SC,3,45,37.0
Joe Wilson,Republican,SC,4,81,43.0
Joe Wilson,Republican,SC,5,139,52.0
Joe Wilson,Republican,SC,6,183,55.0
Joe Wilson,Republican,SC,7,174,72.0
Joe Wilson,Republican,SC,8,222,84.0
Joe Wilson,Republican,SC,9,539,121.0
Joe Wilson,Republican,SC,10,759,166.0
Joe Wilson,Republican,SC,11,624,161.0
Joe Wilson,Republican,SC,12,517,136.0
Joe Wilson,Republican,SC,13,550,160.0
Joe Wilson,Republican,SC,14,524,139.0
Joe Wilson,Republican,SC,15,537,149.0
Joe Wilson,Republican,SC,16,560,148.0
Joe Wilson,Republican,SC,17,358,103.0
Joe Wilson,Republican,SC,18,252,83.0
Joe Wilson,Republican,SC,19,147,56.0
Joe Wilson,Republican,SC,20,87,31.0
Joe Wilson,Republican,SC,21,68,20.0
Joe Wilson,Republican,SC,22,72,29.0
Joe Wilson,Republican,SC,23,24,10.0
John B. Larson,Democrat,CT,0,11,4.0
John B. Larson,Democrat,CT,1,2,0.0
John B. Larson,Democrat,CT,2,2,2.0
John B. Larson,Democrat,CT,3,4,4.0
John B. Larson,Democrat,CT,4,32,17.0
John B. Larson,Democrat,CT,5,120,53.0
John B. Larson,Democrat,CT,6,297,134.0
John B. Larson,Democrat,CT,7,288,149.0
John B. Larson,Democrat,CT,8,354,161.0
John B. Larson,Democrat,CT,9,632,196.0
John B. Larson,Democrat,CT,10,902,277.0
John B. Larson,Democrat,CT,11,1145,408.0
John B. Larson,Democrat,CT,12,1076,384.0
John B. Larson,Democrat,CT,13,1161,355.0
John B. Larson,Democrat,CT,14,1172,355.0
John B. Larson,Democrat,CT,15,1099,309.0
John B. Larson,Democrat,CT,16,988,241.0
John B. Larson,Democrat,CT,17,713,189.0
John B. Larson,Democrat,CT,18,374,91.0
John B. Larson,Democrat,CT,19,272,63.0
John B. Larson,Democrat,CT,20,180,55.0
John B. Larson,Democrat,CT,21,81,29.0
John B. Larson,Democrat,CT,22,32,9.0
John B. Larson,Democrat,CT,23,25,7.0
John Barrasso,Republican,WY,0,7,3.0
John Barrasso,Republican,WY,1,12,5.0
John Barrasso,Republican,WY,2,53,26.0
John Barrasso,Republican,WY,3,143,63.0
John Barrasso,Republican,WY,4,180,99.0
John Barrasso,Republican,WY,5,248,114.0
John Barrasso,Republican,WY,6,329,141.0
John Barrasso,Republican,WY,7,688,229.0
John Barrasso,Republican,WY,8,914,355.0
John Barrasso,Republican,WY,9,1071,399.0
John Barrasso,Republican,WY,10,879,339.0
John Barrasso,Republican,WY,11,898,333.0
John Barrasso,Republican,WY,12,793,261.0
John Barrasso,Republican,WY,13,857,324.0
John Barrasso,Republican,WY,14,837,292.0
John Barrasso,Republican,WY,15,736,294.0
John Barrasso,Republican,WY,16,386,103.0
John Barrasso,Republican,WY,17,167,32.0
John Barrasso,Republican,WY,18,137,27.0
John Barrasso,Republican,WY,19,111,23.0
John Barrasso,Republican,WY,20,96,15.0
John Barrasso,Republican,WY,21,44,10.0
John Barrasso,Republican,WY,22,6,4.0
John Barrasso,Republican,WY,23,4,3.0
John Boozman,Republican,AR,0,1,0.0
John Boozman,Republican,AR,1,6,1.0
John Boozman,Republican,AR,2,50,4.0
John Boozman,Republican,AR,3,197,13.0
John Boozman,Republican,AR,4,337,34.0
John Boozman,Republican,AR,5,401,62.0
John Boozman,Republican,AR,6,416,49.0
John Boozman,Republican,AR,7,430,68.0
John Boozman,Republican,AR,8,510,60.0
John Boozman,Republican,AR,9,470,70.0
John Boozman,Republican,AR,10,539,71.0
John Boozman,Republican,AR,11,433,55.0
John Boozman,Republican,AR,12,356,49.0
John Boozman,Republican,AR,13,270,32.0
John Boozman,Republican,AR,14,221,21.0
John Boozman,Republican,AR,15,203,20.0
John Boozman,Republican,AR,16,126,16.0
John Boozman,Republican,AR,17,47,6.0
John Boozman,Republican,AR,18,23,1.0
John Boozman,Republican,AR,19,12,2.0
John Boozman,Republican,AR,20,4,1.0
John Boozman,Republican,AR,21,7,1.0
John Boozman,Republican,AR,22,5,0.0
John Boozman,Republican,AR,23,2,0.0
John Conyers D-MI,Democrat,MI,0,7,1.0
John Conyers D-MI,Democrat,MI,1,6,3.0
John Conyers D-MI,Democrat,MI,3,1,0.0
John Conyers D-MI,Democrat,MI,5,1,0.0
John Conyers D-MI,Democrat,MI,6,1,0.0
John Conyers D-MI,Democrat,MI,7,8,4.0
John Conyers D-MI,Democrat,MI,8,36,5.0
John Conyers D-MI,Democrat,MI,9,139,32.0
John Conyers D-MI,Democrat,MI,10,260,71.0
John Conyers D-MI,Democrat,MI,11,327,88.0
John Conyers D-MI,Democrat,MI,12,355,123.0
John Conyers D-MI,Democrat,MI,13,312,91.0
John Conyers D-MI,Democrat,MI,14,365,114.0
John Conyers D-MI,Democrat,MI,15,328,88.0
John Conyers D-MI,Democrat,MI,16,308,82.0
John Conyers D-MI,Democrat,MI,17,256,91.0
John Conyers D-MI,Democrat,MI,18,172,49.0
John Conyers D-MI,Democrat,MI,19,80,20.0
John Conyers D-MI,Democrat,MI,20,51,15.0
John Conyers D-MI,Democrat,MI,21,54,17.0
John Conyers D-MI,Democrat,MI,22,25,9.0
John Conyers D-MI,Democrat,MI,23,15,2.0
John Cornyn,Republican,TX,0,482,188.0
John Cornyn,Republican,TX,1,1055,374.0
John Cornyn,Republican,TX,2,1126,403.0
John Cornyn,Republican,TX,3,1694,552.0
John Cornyn,Republican,TX,4,1495,477.0
John Cornyn,Republican,TX,5,1186,436.0
John Cornyn,Republican,TX,6,938,322.0
John Cornyn,Republican,TX,7,940,336.0
John Cornyn,Republican,TX,8,894,309.0
John Cornyn,Republican,TX,9,791,255.0
John Cornyn,Republican,TX,10,804,311.0
John Cornyn,Republican,TX,11,791,281.0
John Cornyn,Republican,TX,12,816,250.0
John Cornyn,Republican,TX,13,672,202.0
John Cornyn,Republican,TX,14,587,185.0
John Cornyn,Republican,TX,15,489,160.0
John Cornyn,Republican,TX,16,318,107.0
John Cornyn,Republican,TX,17,167,58.0
John Cornyn,Republican,TX,18,87,34.0
John Cornyn,Republican,TX,19,80,36.0
John Cornyn,Republican,TX,20,58,19.0
John Cornyn,Republican,TX,21,43,10.0
John Cornyn,Republican,TX,22,31,12.0
John Cornyn,Republican,TX,23,40,17.0
John Delaney D-MD,Democrat,MD,0,4,0.0
John Delaney D-MD,Democrat,MD,3,1,0.0
John Delaney D-MD,Democrat,MD,5,1,0.0
John Delaney D-MD,Democrat,MD,6,2,0.0
John Delaney D-MD,Democrat,MD,7,57,6.0
John Delaney D-MD,Democrat,MD,8,128,7.0
John Delaney D-MD,Democrat,MD,9,588,27.0
John Delaney D-MD,Democrat,MD,10,508,29.0
John Delaney D-MD,Democrat,MD,11,424,18.0
John Delaney D-MD,Democrat,MD,12,435,35.0
John Delaney D-MD,Democrat,MD,13,341,48.0
John Delaney D-MD,Democrat,MD,14,341,34.0
John Delaney D-MD,Democrat,MD,15,300,21.0
John Delaney D-MD,Democrat,MD,16,316,22.0
John Delaney D-MD,Democrat,MD,17,290,19.0
John Delaney D-MD,Democrat,MD,18,174,19.0
John Delaney D-MD,Democrat,MD,19,111,18.0
John Delaney D-MD,Democrat,MD,20,66,4.0
John Delaney D-MD,Democrat,MD,21,120,13.0
John Delaney D-MD,Democrat,MD,22,55,10.0
John Delaney D-MD,Democrat,MD,23,14,2.0
John Garamendi,Democrat,CA,0,21,7.0
John Garamendi,Democrat,CA,1,31,8.0
John Garamendi,Democrat,CA,2,97,41.0
John Garamendi,Democrat,CA,3,176,76.0
John Garamendi,Democrat,CA,4,237,111.0
John Garamendi,Democrat,CA,5,350,128.0
John Garamendi,Democrat,CA,6,459,138.0
John Garamendi,Democrat,CA,7,779,189.0
John Garamendi,Democrat,CA,8,943,251.0
John Garamendi,Democrat,CA,9,1045,244.0
John Garamendi,Democrat,CA,10,934,235.0
John Garamendi,Democrat,CA,11,1056,239.0
John Garamendi,Democrat,CA,12,829,149.0
John Garamendi,Democrat,CA,13,867,179.0
John Garamendi,Democrat,CA,14,889,175.0
John Garamendi,Democrat,CA,15,714,151.0
John Garamendi,Democrat,CA,16,719,114.0
John Garamendi,Democrat,CA,17,631,129.0
John Garamendi,Democrat,CA,18,457,76.0
John Garamendi,Democrat,CA,19,315,56.0
John Garamendi,Democrat,CA,20,282,37.0
John Garamendi,Democrat,CA,21,180,33.0
John Garamendi,Democrat,CA,22,82,17.0
John Garamendi,Democrat,CA,23,25,6.0
John Hoeven,Republican,ND,0,6,1.0
John Hoeven,Republican,ND,1,2,0.0
John Hoeven,Republican,ND,2,13,0.0
John Hoeven,Republican,ND,3,47,1.0
John Hoeven,Republican,ND,4,82,8.0
John Hoeven,Republican,ND,5,128,9.0
John Hoeven,Republican,ND,6,118,6.0
John Hoeven,Republican,ND,7,180,6.0
John Hoeven,Republican,ND,8,304,14.0
John Hoeven,Republican,ND,9,580,37.0
John Hoeven,Republican,ND,10,602,31.0
John Hoeven,Republican,ND,11,616,40.0
John Hoeven,Republican,ND,12,596,38.0
John Hoeven,Republican,ND,13,620,30.0
John Hoeven,Republican,ND,14,581,43.0
John Hoeven,Republican,ND,15,613,37.0
John Hoeven,Republican,ND,16,561,44.0
John Hoeven,Republican,ND,17,336,17.0
John Hoeven,Republican,ND,18,164,18.0
John Hoeven,Republican,ND,19,96,9.0
John Hoeven,Republican,ND,20,63,11.0
John Hoeven,Republican,ND,21,33,5.0
John Hoeven,Republican,ND,22,23,3.0
John Hoeven,Republican,ND,23,8,3.0
John James,Republican,MI,0,3,1.0
John James,Republican,MI,1,2,0.0
John James,Republican,MI,2,14,1.0
John James,Republican,MI,3,62,16.0
John James,Republican,MI,4,126,36.0
John James,Republican,MI,5,156,45.0
John James,Republican,MI,6,192,49.0
John James,Republican,MI,7,184,62.0
John James,Republican,MI,8,220,57.0
John James,Republican,MI,9,270,81.0
John James,Republican,MI,10,327,108.0
John James,Republican,MI,11,302,91.0
John James,Republican,MI,12,285,90.0
John James,Republican,MI,13,261,84.0
John James,Republican,MI,14,237,71.0
John James,Republican,MI,15,223,71.0
John James,Republican,MI,16,227,55.0
John James,Republican,MI,17,174,45.0
John James,Republican,MI,18,64,18.0
John James,Republican,MI,19,31,8.0
John James,Republican,MI,20,12,1.0
John James,Republican,MI,21,16,8.0
John James,Republican,MI,22,5,3.0
John James,Republican,MI,23,4,2.0
John Joyce,Republican,PA,0,2,0.0
John Joyce,Republican,PA,1,1,0.0
John Joyce,Republican,PA,2,4,0.0
John Joyce,Republican,PA,3,13,4.0
John Joyce,Republican,PA,4,34,9.0
John Joyce,Republican,PA,5,63,19.0
John Joyce,Republican,PA,6,82,16.0
John Joyce,Republican,PA,7,97,25.0
John Joyce,Republican,PA,8,127,28.0
John Joyce,Republican,PA,9,267,65.0
John Joyce,Republican,PA,10,311,79.0
John Joyce,Republican,PA,11,297,93.0
John Joyce,Republican,PA,12,308,102.0
John Joyce,Republican,PA,13,220,59.0
John Joyce,Republican,PA,14,207,68.0
John Joyce,Republican,PA,15,205,59.0
John Joyce,Republican,PA,16,206,54.0
John Joyce,Republican,PA,17,227,86.0
John Joyce,Republican,PA,18,135,43.0
John Joyce,Republican,PA,19,65,23.0
John Joyce,Republican,PA,20,60,16.0
John Joyce,Republican,PA,21,56,18.0
John Joyce,Republican,PA,22,30,8.0
John Joyce,Republican,PA,23,5,2.0
John Kennedy,Republican,LA,0,1,0.0
John Kennedy,Republican,LA,1,16,6.0
John Kennedy,Republican,LA,2,51,14.0
John Kennedy,Republican,LA,3,210,81.0
John Kennedy,Republican,LA,4,363,203.0
John Kennedy,Republican,LA,5,405,225.0
John Kennedy,Republican,LA,6,428,222.0
John Kennedy,Republican,LA,7,443,202.0
John Kennedy,Republican,LA,8,733,346.0
John Kennedy,Republican,LA,9,793,400.0
John Kennedy,Republican,LA,10,793,386.0
John Kennedy,Republican,LA,11,625,302.0
John Kennedy,Republican,LA,12,602,266.0
John Kennedy,Republican,LA,13,525,243.0
John Kennedy,Republican,LA,14,471,200.0
John Kennedy,Republican,LA,15,392,153.0
John Kennedy,Republican,LA,16,336,133.0
John Kennedy,Republican,LA,17,179,74.0
John Kennedy,Republican,LA,18,130,35.0
John Kennedy,Republican,LA,19,83,22.0
John Kennedy,Republican,LA,20,76,23.0
John Kennedy,Republican,LA,21,45,21.0
John Kennedy,Republican,LA,22,28,17.0
John Kennedy,Republican,LA,23,10,5.0
John McCain R-AZ,Republican,AZ,0,8,1.0
John McCain R-AZ,Republican,AZ,1,5,0.0
John McCain R-AZ,Republican,AZ,2,7,0.0
John McCain R-AZ,Republican,AZ,3,14,0.0
John McCain R-AZ,Republican,AZ,4,111,6.0
John McCain R-AZ,Republican,AZ,5,441,85.0
John McCain R-AZ,Republican,AZ,6,990,173.0
John McCain R-AZ,Republican,AZ,7,1231,206.0
John McCain R-AZ,Republican,AZ,8,1290,275.0
John McCain R-AZ,Republican,AZ,9,1206,241.0
John McCain R-AZ,Republican,AZ,10,1028,196.0
John McCain R-AZ,Republican,AZ,11,891,163.0
John McCain R-AZ,Republican,AZ,12,958,168.0
John McCain R-AZ,Republican,AZ,13,867,174.0
John McCain R-AZ,Republican,AZ,14,818,160.0
John McCain R-AZ,Republican,AZ,15,799,169.0
John McCain R-AZ,Republican,AZ,16,449,73.0
John McCain R-AZ,Republican,AZ,17,252,38.0
John McCain R-AZ,Republican,AZ,18,168,21.0
John McCain R-AZ,Republican,AZ,19,97,14.0
John McCain R-AZ,Republican,AZ,20,55,9.0
John McCain R-AZ,Republican,AZ,21,20,1.0
John McCain R-AZ,Republican,AZ,22,6,1.0
John McCain R-AZ,Republican,AZ,23,8,1.0
John Shimkus R-IL,Republican,IL,0,17,0.0
John Shimkus R-IL,Republican,IL,1,5,0.0
John Shimkus R-IL,Republican,IL,2,12,1.0
John Shimkus R-IL,Republican,IL,3,3,0.0
John Shimkus R-IL,Republican,IL,4,46,1.0
John Shimkus R-IL,Republican,IL,5,490,23.0
John Shimkus R-IL,Republican,IL,6,1375,72.0
John Shimkus R-IL,Republican,IL,7,705,46.0
John Shimkus R-IL,Republican,IL,8,562,56.0
John Shimkus R-IL,Republican,IL,9,696,110.0
John Shimkus R-IL,Republican,IL,10,632,108.0
John Shimkus R-IL,Republican,IL,11,641,136.0
John Shimkus R-IL,Republican,IL,12,522,103.0
John Shimkus R-IL,Republican,IL,13,622,127.0
John Shimkus R-IL,Republican,IL,14,470,71.0
John Shimkus R-IL,Republican,IL,15,406,63.0
John Shimkus R-IL,Republican,IL,16,261,45.0
John Shimkus R-IL,Republican,IL,17,150,14.0
John Shimkus R-IL,Republican,IL,18,106,8.0
John Shimkus R-IL,Republican,IL,19,72,10.0
John Shimkus R-IL,Republican,IL,20,72,12.0
John Shimkus R-IL,Republican,IL,21,55,10.0
John Shimkus R-IL,Republican,IL,22,34,9.0
John Shimkus R-IL,Republican,IL,23,13,0.0
John Thune,Republican,SD,0,5,0.0
John Thune,Republican,SD,1,5,0.0
John Thune,Republican,SD,2,6,1.0
John Thune,Republican,SD,3,21,2.0
John Thune,Republican,SD,4,28,3.0
John Thune,Republican,SD,5,39,9.0
John Thune,Republican,SD,6,68,10.0
John Thune,Republican,SD,7,144,27.0
John Thune,Republican,SD,8,289,42.0
John Thune,Republican,SD,9,413,90.0
John Thune,Republican,SD,10,620,110.0
John Thune,Republican,SD,11,689,120.0
John Thune,Republican,SD,12,754,140.0
John Thune,Republican,SD,13,778,145.0
John Thune,Republican,SD,14,861,174.0
John Thune,Republican,SD,15,959,187.0
John Thune,Republican,SD,16,980,173.0
John Thune,Republican,SD,17,702,125.0
John Thune,Republican,SD,18,416,80.0
John Thune,Republican,SD,19,332,47.0
John Thune,Republican,SD,20,221,31.0
John Thune,Republican,SD,21,142,16.0
John Thune,Republican,SD,22,47,7.0
John Thune,Republican,SD,23,17,3.0
John W. Hickenlooper,Democrat,CO,0,2,1.0
John W. Hickenlooper,Democrat,CO,1,8,4.0
John W. Hickenlooper,Democrat,CO,2,21,8.0
John W. Hickenlooper,Democrat,CO,3,84,45.0
John W. Hickenlooper,Democrat,CO,4,196,102.0
John W. Hickenlooper,Democrat,CO,5,395,205.0
John W. Hickenlooper,Democrat,CO,6,416,220.0
John W. Hickenlooper,Democrat,CO,7,468,241.0
John W. Hickenlooper,Democrat,CO,8,581,290.0
John W. Hickenlooper,Democrat,CO,9,707,308.0
John W. Hickenlooper,Democrat,CO,10,749,306.0
John W. Hickenlooper,Democrat,CO,11,789,330.0
John W. Hickenlooper,Democrat,CO,12,770,277.0
John W. Hickenlooper,Democrat,CO,13,606,205.0
John W. Hickenlooper,Democrat,CO,14,448,108.0
John W. Hickenlooper,Democrat,CO,15,324,75.0
John W. Hickenlooper,Democrat,CO,16,325,51.0
John W. Hickenlooper,Democrat,CO,17,295,31.0
John W. Hickenlooper,Democrat,CO,18,138,16.0
John W. Hickenlooper,Democrat,CO,19,70,10.0
John W. Hickenlooper,Democrat,CO,20,28,6.0
John W. Hickenlooper,Democrat,CO,21,6,0.0
John W. Hickenlooper,Democrat,CO,22,2,1.0
John Yarmuth D-KY,Democrat,KY,0,8,1.0
John Yarmuth D-KY,Democrat,KY,1,8,0.0
John Yarmuth D-KY,Democrat,KY,2,2,0.0
John Yarmuth D-KY,Democrat,KY,5,1,0.0
John Yarmuth D-KY,Democrat,KY,6,1,0.0
John Yarmuth D-KY,Democrat,KY,7,28,2.0
John Yarmuth D-KY,Democrat,KY,8,125,37.0
John Yarmuth D-KY,Democrat,KY,9,427,142.0
John Yarmuth D-KY,Democrat,KY,10,627,179.0
John Yarmuth D-KY,Democrat,KY,11,547,155.0
John Yarmuth D-KY,Democrat,KY,12,538,137.0
John Yarmuth D-KY,Democrat,KY,13,485,118.0
John Yarmuth D-KY,Democrat,KY,14,498,113.0
John Yarmuth D-KY,Democrat,KY,15,466,119.0
John Yarmuth D-KY,Democrat,KY,16,412,87.0
John Yarmuth D-KY,Democrat,KY,17,317,75.0
John Yarmuth D-KY,Democrat,KY,18,234,50.0
John Yarmuth D-KY,Democrat,KY,19,122,35.0
John Yarmuth D-KY,Democrat,KY,20,90,14.0
John Yarmuth D-KY,Democrat,KY,21,74,16.0
John Yarmuth D-KY,Democrat,KY,22,36,14.0
John Yarmuth D-KY,Democrat,KY,23,14,1.0
Johnny Isakson R-GA,Republican,GA,0,4,0.0
Johnny Isakson R-GA,Republican,GA,2,1,0.0
Johnny Isakson R-GA,Republican,GA,5,2,0.0
Johnny Isakson R-GA,Republican,GA,6,9,1.0
Johnny Isakson R-GA,Republican,GA,7,44,0.0
Johnny Isakson R-GA,Republican,GA,8,196,6.0
Johnny Isakson R-GA,Republican,GA,9,375,23.0
Johnny Isakson R-GA,Republican,GA,10,459,25.0
Johnny Isakson R-GA,Republican,GA,11,469,27.0
Johnny Isakson R-GA,Republican,GA,12,379,22.0
Johnny Isakson R-GA,Republican,GA,13,406,19.0
Johnny Isakson R-GA,Republican,GA,14,495,30.0
Johnny Isakson R-GA,Republican,GA,15,531,30.0
Johnny Isakson R-GA,Republican,GA,16,556,35.0
Johnny Isakson R-GA,Republican,GA,17,411,34.0
Johnny Isakson R-GA,Republican,GA,18,222,19.0
Johnny Isakson R-GA,Republican,GA,19,77,4.0
Johnny Isakson R-GA,Republican,GA,20,41,1.0
Johnny Isakson R-GA,Republican,GA,21,28,3.0
Johnny Isakson R-GA,Republican,GA,22,16,3.0
Johnny Isakson R-GA,Republican,GA,23,4,2.0
"Johnson, Bill",Republican,OH,0,10,2.0
"Johnson, Bill",Republican,OH,1,3,0.0
"Johnson, Bill",Republican,OH,5,7,0.0
"Johnson, Bill",Republican,OH,6,14,0.0
"Johnson, Bill",Republican,OH,7,56,11.0
"Johnson, Bill",Republican,OH,8,159,26.0
"Johnson, Bill",Republican,OH,9,576,105.0
"Johnson, Bill",Republican,OH,10,864,157.0
"Johnson, Bill",Republican,OH,11,889,161.0
"Johnson, Bill",Republican,OH,12,746,139.0
"Johnson, Bill",Republican,OH,13,742,139.0
"Johnson, Bill",Republican,OH,14,820,153.0
"Johnson, Bill",Republican,OH,15,800,140.0
"Johnson, Bill",Republican,OH,16,779,163.0
"Johnson, Bill",Republican,OH,17,399,94.0
"Johnson, Bill",Republican,OH,18,297,72.0
"Johnson, Bill",Republican,OH,19,234,64.0
"Johnson, Bill",Republican,OH,20,203,35.0
"Johnson, Bill",Republican,OH,21,127,26.0
"Johnson, Bill",Republican,OH,22,122,20.0
"Johnson, Bill",Republican,OH,23,60,11.0
Jon Ossoff,Democrat,GA,0,7,0.0
Jon Ossoff,Democrat,GA,1,5,1.0
Jon Ossoff,Democrat,GA,2,11,2.0
Jon Ossoff,Democrat,GA,3,33,5.0
Jon Ossoff,Democrat,GA,4,81,16.0
Jon Ossoff,Democrat,GA,5,156,30.0
Jon Ossoff,Democrat,GA,6,194,38.0
Jon Ossoff,Democrat,GA,7,222,51.0
Jon Ossoff,Democrat,GA,8,278,39.0
Jon Ossoff,Democrat,GA,9,351,58.0
Jon Ossoff,Democrat,GA,10,367,78.0
Jon Ossoff,Democrat,GA,11,436,71.0
Jon Ossoff,Democrat,GA,12,374,60.0
Jon Ossoff,Democrat,GA,13,381,69.0
Jon Ossoff,Democrat,GA,14,285,65.0
Jon Ossoff,Democrat,GA,15,292,40.0
Jon Ossoff,Democrat,GA,16,252,38.0
Jon Ossoff,Democrat,GA,17,239,38.0
Jon Ossoff,Democrat,GA,18,186,32.0
Jon Ossoff,Democrat,GA,19,119,22.0
Jon Ossoff,Democrat,GA,20,65,10.0
Jon Ossoff,Democrat,GA,21,54,5.0
Jon Ossoff,Democrat,GA,22,51,6.0
Jon Ossoff,Democrat,GA,23,15,4.0
Joni Ernst,Republican,IA,0,4,1.0
Joni Ernst,Republican,IA,1,18,1.0
Joni Ernst,Republican,IA,2,69,14.0
Joni Ernst,Republican,IA,3,246,78.0
Joni Ernst,Republican,IA,4,588,225.0
Joni Ernst,Republican,IA,5,655,294.0
Joni Ernst,Republican,IA,6,798,361.0
Joni Ernst,Republican,IA,7,869,361.0
Joni Ernst,Republican,IA,8,1108,390.0
Joni Ernst,Republican,IA,9,1207,470.0
Joni Ernst,Republican,IA,10,1260,497.0
Joni Ernst,Republican,IA,11,1255,485.0
Joni Ernst,Republican,IA,12,1100,373.0
Joni Ernst,Republican,IA,13,929,304.0
Joni Ernst,Republican,IA,14,774,249.0
Joni Ernst,Republican,IA,15,790,275.0
Joni Ernst,Republican,IA,16,638,211.0
Joni Ernst,Republican,IA,17,371,92.0
Joni Ernst,Republican,IA,18,174,43.0
Joni Ernst,Republican,IA,19,118,36.0
Joni Ernst,Republican,IA,20,82,25.0
Joni Ernst,Republican,IA,21,26,9.0
Joni Ernst,Republican,IA,22,9,3.0
Joni Ernst,Republican,IA,23,5,1.0
Jose Serrano D-NY,Democrat,NY,0,71,5.0
Jose Serrano D-NY,Democrat,NY,1,19,3.0
Jose Serrano D-NY,Democrat,NY,2,4,0.0
Jose Serrano D-NY,Democrat,NY,3,5,0.0
Jose Serrano D-NY,Democrat,NY,4,1,0.0
Jose Serrano D-NY,Democrat,NY,5,1,0.0
Jose Serrano D-NY,Democrat,NY,6,11,0.0
Jose Serrano D-NY,Democrat,NY,7,39,0.0
Jose Serrano D-NY,Democrat,NY,8,125,4.0
Jose Serrano D-NY,Democrat,NY,9,212,10.0
Jose Serrano D-NY,Democrat,NY,10,335,39.0
Jose Serrano D-NY,Democrat,NY,11,396,65.0
Jose Serrano D-NY,Democrat,NY,12,307,48.0
Jose Serrano D-NY,Democrat,NY,13,309,52.0
Jose Serrano D-NY,Democrat,NY,14,361,70.0
Jose Serrano D-NY,Democrat,NY,15,377,67.0
Jose Serrano D-NY,Democrat,NY,16,375,61.0
Jose Serrano D-NY,Democrat,NY,17,282,52.0
Jose Serrano D-NY,Democrat,NY,18,255,33.0
Jose Serrano D-NY,Democrat,NY,19,199,18.0
Jose Serrano D-NY,Democrat,NY,20,150,13.0
Jose Serrano D-NY,Democrat,NY,21,170,25.0
Jose Serrano D-NY,Democrat,NY,22,168,26.0
Jose Serrano D-NY,Democrat,NY,23,95,11.0
Joseph D. Morelle,Democrat,NY,0,2,1.0
Joseph D. Morelle,Democrat,NY,1,11,1.0
Joseph D. Morelle,Democrat,NY,2,4,0.0
Joseph D. Morelle,Democrat,NY,3,17,3.0
Joseph D. Morelle,Democrat,NY,4,118,31.0
Joseph D. Morelle,Democrat,NY,5,300,93.0
Joseph D. Morelle,Democrat,NY,6,274,75.0
Joseph D. Morelle,Democrat,NY,7,285,80.0
Joseph D. Morelle,Democrat,NY,8,506,100.0
Joseph D. Morelle,Democrat,NY,9,1034,191.0
Joseph D. Morelle,Democrat,NY,10,809,167.0
Joseph D. Morelle,Democrat,NY,11,728,168.0
Joseph D. Morelle,Democrat,NY,12,998,240.0
Joseph D. Morelle,Democrat,NY,13,788,181.0
Joseph D. Morelle,Democrat,NY,14,688,145.0
Joseph D. Morelle,Democrat,NY,15,681,115.0
Joseph D. Morelle,Democrat,NY,16,619,96.0
Joseph D. Morelle,Democrat,NY,17,419,82.0
Joseph D. Morelle,Democrat,NY,18,187,38.0
Joseph D. Morelle,Democrat,NY,19,146,24.0
Joseph D. Morelle,Democrat,NY,20,57,11.0
Joseph D. Morelle,Democrat,NY,21,26,4.0
Joseph D. Morelle,Democrat,NY,22,18,6.0
Joseph D. Morelle,Democrat,NY,23,4,1.0
Josh Gottheimer,Democrat,NJ,0,18,3.0
Josh Gottheimer,Democrat,NJ,1,4,2.0
Josh Gottheimer,Democrat,NJ,2,18,4.0
Josh Gottheimer,Democrat,NJ,3,43,16.0
Josh Gottheimer,Democrat,NJ,4,138,51.0
Josh Gottheimer,Democrat,NJ,5,319,84.0
Josh Gottheimer,Democrat,NJ,6,230,56.0
Josh Gottheimer,Democrat,NJ,7,300,95.0
Josh Gottheimer,Democrat,NJ,8,602,125.0
Josh Gottheimer,Democrat,NJ,9,1003,218.0
Josh Gottheimer,Democrat,NJ,10,1102,230.0
Josh Gottheimer,Democrat,NJ,11,1104,242.0
Josh Gottheimer,Democrat,NJ,12,1053,199.0
Josh Gottheimer,Democrat,NJ,13,1179,249.0
Josh Gottheimer,Democrat,NJ,14,1215,239.0
Josh Gottheimer,Democrat,NJ,15,1042,189.0
Josh Gottheimer,Democrat,NJ,16,1018,190.0
Josh Gottheimer,Democrat,NJ,17,999,185.0
Josh Gottheimer,Democrat,NJ,18,672,137.0
Josh Gottheimer,Democrat,NJ,19,584,127.0
Josh Gottheimer,Democrat,NJ,20,434,88.0
Josh Gottheimer,Democrat,NJ,21,280,53.0
Josh Gottheimer,Democrat,NJ,22,122,25.0
Josh Gottheimer,Democrat,NJ,23,29,3.0
Josh Harder,Democrat,CA,0,2,0.0
Josh Harder,Democrat,CA,1,5,1.0
Josh Harder,Democrat,CA,2,18,5.0
Josh Harder,Democrat,CA,3,36,8.0
Josh Harder,Democrat,CA,4,67,11.0
Josh Harder,Democrat,CA,5,75,19.0
Josh Harder,Democrat,CA,6,121,28.0
Josh Harder,Democrat,CA,7,208,45.0
Josh Harder,Democrat,CA,8,254,54.0
Josh Harder,Democrat,CA,9,355,70.0
Josh Harder,Democrat,CA,10,352,92.0
Josh Harder,Democrat,CA,11,576,141.0
Josh Harder,Democrat,CA,12,601,115.0
Josh Harder,Democrat,CA,13,547,101.0
Josh Harder,Democrat,CA,14,489,98.0
Josh Harder,Democrat,CA,15,505,94.0
Josh Harder,Democrat,CA,16,414,87.0
Josh Harder,Democrat,CA,17,407,84.0
Josh Harder,Democrat,CA,18,369,75.0
Josh Harder,Democrat,CA,19,192,51.0
Josh Harder,Democrat,CA,20,69,15.0
Josh Harder,Democrat,CA,21,9,0.0
Josh Harder,Democrat,CA,22,3,2.0
Josh Harder,Democrat,CA,23,2,0.0
Josh Hawley,Republican,MO,0,8,1.0
Josh Hawley,Republican,MO,1,45,20.0
Josh Hawley,Republican,MO,2,183,89.0
Josh Hawley,Republican,MO,3,420,213.0
Josh Hawley,Republican,MO,4,658,351.0
Josh Hawley,Republican,MO,5,888,523.0
Josh Hawley,Republican,MO,6,858,495.0
Josh Hawley,Republican,MO,7,861,471.0
Josh Hawley,Republican,MO,8,1129,610.0
Josh Hawley,Republican,MO,9,1292,662.0
Josh Hawley,Republican,MO,10,1342,678.0
Josh Hawley,Republican,MO,11,1145,599.0
Josh Hawley,Republican,MO,12,1039,539.0
Josh Hawley,Republican,MO,13,869,441.0
Josh Hawley,Republican,MO,14,814,367.0
Josh Hawley,Republican,MO,15,835,401.0
Josh Hawley,Republican,MO,16,684,335.0
Josh Hawley,Republican,MO,17,345,193.0
Josh Hawley,Republican,MO,18,212,90.0
Josh Hawley,Republican,MO,19,203,108.0
Josh Hawley,Republican,MO,20,121,62.0
Josh Hawley,Republican,MO,21,62,30.0
Josh Hawley,Republican,MO,22,10,4.0
Josh Hawley,Republican,MO,23,7,4.0
Joyce Beatty,Democrat,OH,0,29,12.0
Joyce Beatty,Democrat,OH,1,8,0.0
Joyce Beatty,Democrat,OH,2,27,9.0
Joyce Beatty,Democrat,OH,3,45,6.0
Joyce Beatty,Democrat,OH,4,91,24.0
Joyce Beatty,Democrat,OH,5,135,34.0
Joyce Beatty,Democrat,OH,6,210,54.0
Joyce Beatty,Democrat,OH,7,246,54.0
Joyce Beatty,Democrat,OH,8,467,114.0
Joyce Beatty,Democrat,OH,9,982,228.0
Joyce Beatty,Democrat,OH,10,1380,289.0
Joyce Beatty,Democrat,OH,11,1553,331.0
Joyce Beatty,Democrat,OH,12,1466,313.0
Joyce Beatty,Democrat,OH,13,1363,308.0
Joyce Beatty,Democrat,OH,14,1261,271.0
Joyce Beatty,Democrat,OH,15,1133,245.0
Joyce Beatty,Democrat,OH,16,1024,201.0
Joyce Beatty,Democrat,OH,17,522,113.0
Joyce Beatty,Democrat,OH,18,332,48.0
Joyce Beatty,Democrat,OH,19,272,47.0
Joyce Beatty,Democrat,OH,20,210,54.0
Joyce Beatty,Democrat,OH,21,200,35.0
Joyce Beatty,Democrat,OH,22,100,24.0
Joyce Beatty,Democrat,OH,23,49,3.0
Juan Vargas,Democrat,CA,0,2,2.0
Juan Vargas,Democrat,CA,1,8,2.0
Juan Vargas,Democrat,CA,2,26,11.0
Juan Vargas,Democrat,CA,3,44,23.0
Juan Vargas,Democrat,CA,4,45,25.0
Juan Vargas,Democrat,CA,5,85,41.0
Juan Vargas,Democrat,CA,6,256,87.0
Juan Vargas,Democrat,CA,7,297,91.0
Juan Vargas,Democrat,CA,8,353,87.0
Juan Vargas,Democrat,CA,9,431,99.0
Juan Vargas,Democrat,CA,10,435,114.0
Juan Vargas,Democrat,CA,11,472,99.0
Juan Vargas,Democrat,CA,12,482,97.0
Juan Vargas,Democrat,CA,13,479,106.0
Juan Vargas,Democrat,CA,14,363,83.0
Juan Vargas,Democrat,CA,15,309,68.0
Juan Vargas,Democrat,CA,16,241,52.0
Juan Vargas,Democrat,CA,17,168,32.0
Juan Vargas,Democrat,CA,18,88,19.0
Juan Vargas,Democrat,CA,19,57,10.0
Juan Vargas,Democrat,CA,20,32,3.0
Juan Vargas,Democrat,CA,21,18,3.0
Juan Vargas,Democrat,CA,22,4,0.0
Judy Chu,Democrat,CA,0,6,3.0
Judy Chu,Democrat,CA,1,52,31.0
Judy Chu,Democrat,CA,2,165,90.0
Judy Chu,Democrat,CA,3,228,121.0
Judy Chu,Democrat,CA,4,238,119.0
Judy Chu,Democrat,CA,5,306,147.0
Judy Chu,Democrat,CA,6,658,315.0
Judy Chu,Democrat,CA,7,1096,512.0
Judy Chu,Democrat,CA,8,1198,561.0
Judy Chu,Democrat,CA,9,1203,532.0
Judy Chu,Democrat,CA,10,1082,446.0
Judy Chu,Democrat,CA,11,1029,400.0
Judy Chu,Democrat,CA,12,849,284.0
Judy Chu,Democrat,CA,13,879,329.0
Judy Chu,Democrat,CA,14,793,309.0
Judy Chu,Democrat,CA,15,478,191.0
Judy Chu,Democrat,CA,16,199,72.0
Judy Chu,Democrat,CA,17,100,37.0
Judy Chu,Democrat,CA,18,139,40.0
Judy Chu,Democrat,CA,19,79,25.0
Judy Chu,Democrat,CA,20,23,6.0
Judy Chu,Democrat,CA,21,13,7.0
Judy Chu,Democrat,CA,22,7,2.0
Judy Chu,Democrat,CA,23,2,2.0
Julia Brownley,Democrat,CA,0,4,0.0
Julia Brownley,Democrat,CA,1,14,3.0
Julia Brownley,Democrat,CA,2,26,7.0
Julia Brownley,Democrat,CA,3,34,9.0
Julia Brownley,Democrat,CA,4,56,8.0
Julia Brownley,Democrat,CA,5,67,12.0
Julia Brownley,Democrat,CA,6,229,38.0
Julia Brownley,Democrat,CA,7,247,56.0
Julia Brownley,Democrat,CA,8,385,86.0
Julia Brownley,Democrat,CA,9,455,81.0
Julia Brownley,Democrat,CA,10,403,65.0
Julia Brownley,Democrat,CA,11,515,82.0
Julia Brownley,Democrat,CA,12,507,95.0
Julia Brownley,Democrat,CA,13,523,93.0
Julia Brownley,Democrat,CA,14,512,84.0
Julia Brownley,Democrat,CA,15,421,76.0
Julia Brownley,Democrat,CA,16,374,59.0
Julia Brownley,Democrat,CA,17,213,35.0
Julia Brownley,Democrat,CA,18,138,22.0
Julia Brownley,Democrat,CA,19,98,13.0
Julia Brownley,Democrat,CA,20,57,4.0
Julia Brownley,Democrat,CA,21,23,2.0
Julia Brownley,Democrat,CA,22,9,1.0
Julia Brownley,Democrat,CA,23,6,0.0
Kamala Harris D-CA,Democrat,CA,4,1,1.0
Kamala Harris D-CA,Democrat,CA,5,17,7.0
Kamala Harris D-CA,Democrat,CA,6,138,74.0
Kamala Harris D-CA,Democrat,CA,7,225,97.0
Kamala Harris D-CA,Democrat,CA,8,324,154.0
Kamala Harris D-CA,Democrat,CA,9,422,196.0
Kamala Harris D-CA,Democrat,CA,10,432,204.0
Kamala Harris D-CA,Democrat,CA,11,440,198.0
Kamala Harris D-CA,Democrat,CA,12,496,231.0
Kamala Harris D-CA,Democrat,CA,13,472,212.0
Kamala Harris D-CA,Democrat,CA,14,410,172.0
Kamala Harris D-CA,Democrat,CA,15,367,161.0
Kamala Harris D-CA,Democrat,CA,16,330,147.0
Kamala Harris D-CA,Democrat,CA,17,304,128.0
Kamala Harris D-CA,Democrat,CA,18,299,132.0
Kamala Harris D-CA,Democrat,CA,19,168,71.0
Kamala Harris D-CA,Democrat,CA,20,24,5.0
Kamala Harris D-CA,Democrat,CA,21,6,0.0
Kamala Harris D-CA,Democrat,CA,22,5,3.0
Kamala Harris D-CA,Democrat,CA,23,6,0.0
Karen Bass D-CA,Democrat,CA,0,4,1.0
Karen Bass D-CA,Democrat,CA,1,4,0.0
Karen Bass D-CA,Democrat,CA,2,2,0.0
Karen Bass D-CA,Democrat,CA,3,14,3.0
Karen Bass D-CA,Democrat,CA,4,47,12.0
Karen Bass D-CA,Democrat,CA,5,201,38.0
Karen Bass D-CA,Democrat,CA,6,376,95.0
Karen Bass D-CA,Democrat,CA,7,449,134.0
Karen Bass D-CA,Democrat,CA,8,491,152.0
Karen Bass D-CA,Democrat,CA,9,495,137.0
Karen Bass D-CA,Democrat,CA,10,529,139.0
Karen Bass D-CA,Democrat,CA,11,532,135.0
Karen Bass D-CA,Democrat,CA,12,430,132.0
Karen Bass D-CA,Democrat,CA,13,474,163.0
Karen Bass D-CA,Democrat,CA,14,474,160.0
Karen Bass D-CA,Democrat,CA,15,432,133.0
Karen Bass D-CA,Democrat,CA,16,347,119.0
Karen Bass D-CA,Democrat,CA,17,309,108.0
Karen Bass D-CA,Democrat,CA,18,281,91.0
Karen Bass D-CA,Democrat,CA,19,264,91.0
Karen Bass D-CA,Democrat,CA,20,219,71.0
Karen Bass D-CA,Democrat,CA,21,86,32.0
Karen Bass D-CA,Democrat,CA,22,47,14.0
Karen Bass D-CA,Democrat,CA,23,16,4.0
Kat Cammack,Republican,FL,0,1,1.0
Kat Cammack,Republican,FL,1,15,3.0
Kat Cammack,Republican,FL,2,23,6.0
Kat Cammack,Republican,FL,3,78,17.0
Kat Cammack,Republican,FL,4,206,39.0
Kat Cammack,Republican,FL,5,277,72.0
Kat Cammack,Republican,FL,6,288,76.0
Kat Cammack,Republican,FL,7,257,65.0
Kat Cammack,Republican,FL,8,366,102.0
Kat Cammack,Republican,FL,9,759,219.0
Kat Cammack,Republican,FL,10,738,229.0
Kat Cammack,Republican,FL,11,608,179.0
Kat Cammack,Republican,FL,12,543,175.0
Kat Cammack,Republican,FL,13,469,147.0
Kat Cammack,Republican,FL,14,373,106.0
Kat Cammack,Republican,FL,15,407,120.0
Kat Cammack,Republican,FL,16,353,101.0
Kat Cammack,Republican,FL,17,291,85.0
Kat Cammack,Republican,FL,18,165,36.0
Kat Cammack,Republican,FL,19,70,22.0
Kat Cammack,Republican,FL,20,63,22.0
Kat Cammack,Republican,FL,21,55,29.0
Kat Cammack,Republican,FL,22,28,12.0
Kat Cammack,Republican,FL,23,5,1.0
Katherine Clark D-MA,Democrat,MA,0,12,6.0
Katherine Clark D-MA,Democrat,MA,2,2,1.0
Katherine Clark D-MA,Democrat,MA,3,3,1.0
Katherine Clark D-MA,Democrat,MA,4,5,4.0
Katherine Clark D-MA,Democrat,MA,5,20,4.0
Katherine Clark D-MA,Democrat,MA,6,29,18.0
Katherine Clark D-MA,Democrat,MA,7,57,30.0
Katherine Clark D-MA,Democrat,MA,8,126,69.0
Katherine Clark D-MA,Democrat,MA,9,418,204.0
Katherine Clark D-MA,Democrat,MA,10,534,214.0
Katherine Clark D-MA,Democrat,MA,11,494,210.0
Katherine Clark D-MA,Democrat,MA,12,448,175.0
Katherine Clark D-MA,Democrat,MA,13,431,170.0
Katherine Clark D-MA,Democrat,MA,14,416,150.0
Katherine Clark D-MA,Democrat,MA,15,382,133.0
Katherine Clark D-MA,Democrat,MA,16,303,108.0
Katherine Clark D-MA,Democrat,MA,17,288,97.0
Katherine Clark D-MA,Democrat,MA,18,139,52.0
Katherine Clark D-MA,Democrat,MA,19,137,44.0
Katherine Clark D-MA,Democrat,MA,20,101,35.0
Katherine Clark D-MA,Democrat,MA,21,82,35.0
Katherine Clark D-MA,Democrat,MA,22,47,23.0
Katherine Clark D-MA,Democrat,MA,23,13,5.0
Kathleen Rice D-NY,Democrat,NY,0,4,4.0
Kathleen Rice D-NY,Democrat,NY,1,1,0.0
Kathleen Rice D-NY,Democrat,NY,2,2,1.0
Kathleen Rice D-NY,Democrat,NY,3,1,1.0
Kathleen Rice D-NY,Democrat,NY,7,3,0.0
Kathleen Rice D-NY,Democrat,NY,8,34,7.0
Kathleen Rice D-NY,Democrat,NY,9,177,53.0
Kathleen Rice D-NY,Democrat,NY,10,271,64.0
Kathleen Rice D-NY,Democrat,NY,11,348,93.0
Kathleen Rice D-NY,Democrat,NY,12,377,96.0
Kathleen Rice D-NY,Democrat,NY,13,339,111.0
Kathleen Rice D-NY,Democrat,NY,14,392,115.0
Kathleen Rice D-NY,Democrat,NY,15,335,99.0
Kathleen Rice D-NY,Democrat,NY,16,248,66.0
Kathleen Rice D-NY,Democrat,NY,17,136,60.0
Kathleen Rice D-NY,Democrat,NY,18,112,38.0
Kathleen Rice D-NY,Democrat,NY,19,92,38.0
Kathleen Rice D-NY,Democrat,NY,20,74,38.0
Kathleen Rice D-NY,Democrat,NY,21,58,36.0
Kathleen Rice D-NY,Democrat,NY,22,62,33.0
Kathleen Rice D-NY,Democrat,NY,23,23,7.0
Kathy Castor,Democrat,FL,0,11,1.0
Kathy Castor,Democrat,FL,1,16,4.0
Kathy Castor,Democrat,FL,2,13,1.0
Kathy Castor,Democrat,FL,3,48,7.0
Kathy Castor,Democrat,FL,4,131,29.0
Kathy Castor,Democrat,FL,5,193,44.0
Kathy Castor,Democrat,FL,6,228,56.0
Kathy Castor,Democrat,FL,7,317,80.0
Kathy Castor,Democrat,FL,8,583,122.0
Kathy Castor,Democrat,FL,9,1036,233.0
Kathy Castor,Democrat,FL,10,1121,222.0
Kathy Castor,Democrat,FL,11,1071,226.0
Kathy Castor,Democrat,FL,12,1197,265.0
Kathy Castor,Democrat,FL,13,1088,241.0
Kathy Castor,Democrat,FL,14,1130,218.0
Kathy Castor,Democrat,FL,15,1035,223.0
Kathy Castor,Democrat,FL,16,988,181.0
Kathy Castor,Democrat,FL,17,789,180.0
Kathy Castor,Democrat,FL,18,493,109.0
Kathy Castor,Democrat,FL,19,426,87.0
Kathy Castor,Democrat,FL,20,411,81.0
Kathy Castor,Democrat,FL,21,341,77.0
Kathy Castor,Democrat,FL,22,254,37.0
Kathy Castor,Democrat,FL,23,65,16.0
Katie Boyd Britt,Republican,AL,0,1,0.0
Katie Boyd Britt,Republican,AL,1,11,5.0
Katie Boyd Britt,Republican,AL,2,66,13.0
Katie Boyd Britt,Republican,AL,3,163,47.0
Katie Boyd Britt,Republican,AL,4,245,73.0
Katie Boyd Britt,Republican,AL,5,310,94.0
Katie Boyd Britt,Republican,AL,6,312,77.0
Katie Boyd Britt,Republican,AL,7,355,101.0
Katie Boyd Britt,Republican,AL,8,417,103.0
Katie Boyd Britt,Republican,AL,9,379,99.0
Katie Boyd Britt,Republican,AL,10,399,100.0
Katie Boyd Britt,Republican,AL,11,439,110.0
Katie Boyd Britt,Republican,AL,12,417,102.0
Katie Boyd Britt,Republican,AL,13,351,85.0
Katie Boyd Britt,Republican,AL,14,322,93.0
Katie Boyd Britt,Republican,AL,15,299,82.0
Katie Boyd Britt,Republican,AL,16,255,71.0
Katie Boyd Britt,Republican,AL,17,133,34.0
Katie Boyd Britt,Republican,AL,18,72,16.0
Katie Boyd Britt,Republican,AL,19,54,27.0
Katie Boyd Britt,Republican,AL,20,32,11.0
Katie Boyd Britt,Republican,AL,21,15,8.0
Katie Boyd Britt,Republican,AL,22,10,4.0
Katie Boyd Britt,Republican,AL,23,3,0.0
Keith Self,Republican,TX,0,6,2.0
Keith Self,Republican,TX,1,27,14.0
Keith Self,Republican,TX,2,71,29.0
Keith Self,Republican,TX,3,153,64.0
Keith Self,Republican,TX,4,310,155.0
Keith Self,Republican,TX,5,371,201.0
Keith Self,Republican,TX,6,388,207.0
Keith Self,Republican,TX,7,379,187.0
Keith Self,Republican,TX,8,417,218.0
Keith Self,Republican,TX,9,448,241.0
Keith Self,Republican,TX,10,514,279.0
Keith Self,Republican,TX,11,415,229.0
Keith Self,Republican,TX,12,295,169.0
Keith Self,Republican,TX,13,183,91.0
Keith Self,Republican,TX,14,141,75.0
Keith Self,Republican,TX,15,153,77.0
Keith Self,Republican,TX,16,141,69.0
Keith Self,Republican,TX,17,59,27.0
Keith Self,Republican,TX,18,15,11.0
Keith Self,Republican,TX,19,13,8.0
Keith Self,Republican,TX,20,17,12.0
Keith Self,Republican,TX,21,11,9.0
Keith Self,Republican,TX,22,2,0.0
Keith Self,Republican,TX,23,6,2.0
Kenny Marchant R-TX,Republican,TX,5,1,0.0
Kenny Marchant R-TX,Republican,TX,6,11,2.0
Kenny Marchant R-TX,Republican,TX,7,81,22.0
Kenny Marchant R-TX,Republican,TX,8,225,40.0
Kenny Marchant R-TX,Republican,TX,9,340,64.0
Kenny Marchant R-TX,Republican,TX,10,325,80.0
Kenny Marchant R-TX,Republican,TX,11,387,90.0
Kenny Marchant R-TX,Republican,TX,12,440,109.0
Kenny Marchant R-TX,Republican,TX,13,391,99.0
Kenny Marchant R-TX,Republican,TX,14,442,99.0
Kenny Marchant R-TX,Republican,TX,15,424,84.0
Kenny Marchant R-TX,Republican,TX,16,392,97.0
Kenny Marchant R-TX,Republican,TX,17,246,66.0
Kenny Marchant R-TX,Republican,TX,18,146,40.0
Kenny Marchant R-TX,Republican,TX,19,59,19.0
Kenny Marchant R-TX,Republican,TX,20,19,2.0
Kenny Marchant R-TX,Republican,TX,21,12,0.0
Kenny Marchant R-TX,Republican,TX,22,1,0.0
Kenny Marchant R-TX,Republican,TX,23,2,0.0
Kevin Brady R-TX,Republican,TX,0,9,3.0
Kevin Brady R-TX,Republican,TX,1,2,0.0
Kevin Brady R-TX,Republican,TX,2,1,0.0
Kevin Brady R-TX,Republican,TX,3,2,0.0
Kevin Brady R-TX,Republican,TX,4,3,1.0
Kevin Brady R-TX,Republican,TX,5,31,11.0
Kevin Brady R-TX,Republican,TX,6,141,31.0
Kevin Brady R-TX,Republican,TX,7,440,108.0
Kevin Brady R-TX,Republican,TX,8,1299,308.0
Kevin Brady R-TX,Republican,TX,9,1559,439.0
Kevin Brady R-TX,Republican,TX,10,1421,424.0
Kevin Brady R-TX,Republican,TX,11,1217,336.0
Kevin Brady R-TX,Republican,TX,12,1227,378.0
Kevin Brady R-TX,Republican,TX,13,1126,281.0
Kevin Brady R-TX,Republican,TX,14,1172,315.0
Kevin Brady R-TX,Republican,TX,15,1120,292.0
Kevin Brady R-TX,Republican,TX,16,1026,245.0
Kevin Brady R-TX,Republican,TX,17,632,180.0
Kevin Brady R-TX,Republican,TX,18,527,142.0
Kevin Brady R-TX,Republican,TX,19,355,91.0
Kevin Brady R-TX,Republican,TX,20,527,196.0
Kevin Brady R-TX,Republican,TX,21,272,100.0
Kevin Brady R-TX,Republican,TX,22,96,25.0
Kevin Brady R-TX,Republican,TX,23,30,11.0
Kevin Cramer,Republican,ND,0,7,4.0
Kevin Cramer,Republican,ND,1,24,12.0
Kevin Cramer,Republican,ND,2,67,27.0
Kevin Cramer,Republican,ND,3,191,46.0
Kevin Cramer,Republican,ND,4,278,57.0
Kevin Cramer,Republican,ND,5,322,78.0
Kevin Cramer,Republican,ND,6,330,70.0
Kevin Cramer,Republican,ND,7,450,106.0
Kevin Cramer,Republican,ND,8,953,230.0
Kevin Cramer,Republican,ND,9,920,194.0
Kevin Cramer,Republican,ND,10,1047,229.0
Kevin Cramer,Republican,ND,11,1033,231.0
Kevin Cramer,Republican,ND,12,977,214.0
Kevin Cramer,Republican,ND,13,947,215.0
Kevin Cramer,Republican,ND,14,843,172.0
Kevin Cramer,Republican,ND,15,856,207.0
Kevin Cramer,Republican,ND,16,880,181.0
Kevin Cramer,Republican,ND,17,574,132.0
Kevin Cramer,Republican,ND,18,365,79.0
Kevin Cramer,Republican,ND,19,252,54.0
Kevin Cramer,Republican,ND,20,182,52.0
Kevin Cramer,Republican,ND,21,95,23.0
Kevin Cramer,Republican,ND,22,50,10.0
Kevin Cramer,Republican,ND,23,14,4.0
Kevin Hern,Republican,OK,0,3,0.0
Kevin Hern,Republican,OK,1,15,6.0
Kevin Hern,Republican,OK,2,21,4.0
Kevin Hern,Republican,OK,3,39,18.0
Kevin Hern,Republican,OK,4,104,37.0
Kevin Hern,Republican,OK,5,143,66.0
Kevin Hern,Republican,OK,6,147,74.0
Kevin Hern,Republican,OK,7,155,67.0
Kevin Hern,Republican,OK,8,308,151.0
Kevin Hern,Republican,OK,9,371,180.0
Kevin Hern,Republican,OK,10,422,210.0
Kevin Hern,Republican,OK,11,434,221.0
Kevin Hern,Republican,OK,12,321,167.0
Kevin Hern,Republican,OK,13,323,146.0
Kevin Hern,Republican,OK,14,303,141.0
Kevin Hern,Republican,OK,15,284,132.0
Kevin Hern,Republican,OK,16,201,90.0
Kevin Hern,Republican,OK,17,125,59.0
Kevin Hern,Republican,OK,18,65,32.0
Kevin Hern,Republican,OK,19,54,21.0
Kevin Hern,Republican,OK,20,108,54.0
Kevin Hern,Republican,OK,21,46,20.0
Kevin Hern,Republican,OK,22,8,1.0
Kevin Hern,Republican,OK,23,2,2.0
Kevin Kiley,Independent,CA,1,8,2.0
Kevin Kiley,Independent,CA,2,61,26.0
Kevin Kiley,Independent,CA,3,128,75.0
Kevin Kiley,Independent,CA,4,173,99.0
Kevin Kiley,Independent,CA,5,225,138.0
Kevin Kiley,Independent,CA,6,274,167.0
Kevin Kiley,Independent,CA,7,327,193.0
Kevin Kiley,Independent,CA,8,319,166.0
Kevin Kiley,Independent,CA,9,316,186.0
Kevin Kiley,Independent,CA,10,303,177.0
Kevin Kiley,Independent,CA,11,285,173.0
Kevin Kiley,Independent,CA,12,210,108.0
Kevin Kiley,Independent,CA,13,176,93.0
Kevin Kiley,Independent,CA,14,165,89.0
Kevin Kiley,Independent,CA,15,86,48.0
Kevin Kiley,Independent,CA,16,36,18.0
Kevin Kiley,Independent,CA,17,16,6.0
Kevin Kiley,Independent,CA,18,14,4.0
Kevin Kiley,Independent,CA,19,5,1.0
Kevin Kiley,Independent,CA,20,2,0.0
Kevin Kiley,Independent,CA,22,3,0.0
Kevin Yoder R-KS,Republican,KS,0,3,0.0
Kevin Yoder R-KS,Republican,KS,5,4,0.0
Kevin Yoder R-KS,Republican,KS,6,36,1.0
Kevin Yoder R-KS,Republican,KS,7,188,11.0
Kevin Yoder R-KS,Republican,KS,8,503,18.0
Kevin Yoder R-KS,Republican,KS,9,667,33.0
Kevin Yoder R-KS,Republican,KS,10,763,43.0
Kevin Yoder R-KS,Republican,KS,11,682,47.0
Kevin Yoder R-KS,Republican,KS,12,602,37.0
Kevin Yoder R-KS,Republican,KS,13,669,44.0
Kevin Yoder R-KS,Republican,KS,14,711,54.0
Kevin Yoder R-KS,Republican,KS,15,692,38.0
Kevin Yoder R-KS,Republican,KS,16,636,46.0
Kevin Yoder R-KS,Republican,KS,17,376,26.0
Kevin Yoder R-KS,Republican,KS,18,218,16.0
Kevin Yoder R-KS,Republican,KS,19,157,9.0
Kevin Yoder R-KS,Republican,KS,20,144,9.0
Kevin Yoder R-KS,Republican,KS,21,63,5.0
Kevin Yoder R-KS,Republican,KS,22,29,4.0
Kevin Yoder R-KS,Republican,KS,23,8,0.0
"Kildee, Dan",Democrat,MI,0,16,6.0
"Kildee, Dan",Democrat,MI,1,12,3.0
"Kildee, Dan",Democrat,MI,2,4,2.0
"Kildee, Dan",Democrat,MI,3,1,1.0
"Kildee, Dan",Democrat,MI,5,10,3.0
"Kildee, Dan",Democrat,MI,6,39,8.0
"Kildee, Dan",Democrat,MI,7,148,29.0
"Kildee, Dan",Democrat,MI,8,246,46.0
"Kildee, Dan",Democrat,MI,9,615,141.0
"Kildee, Dan",Democrat,MI,10,792,162.0
"Kildee, Dan",Democrat,MI,11,751,156.0
"Kildee, Dan",Democrat,MI,12,719,169.0
"Kildee, Dan",Democrat,MI,13,628,160.0
"Kildee, Dan",Democrat,MI,14,751,171.0
"Kildee, Dan",Democrat,MI,15,743,160.0
"Kildee, Dan",Democrat,MI,16,742,133.0
"Kildee, Dan",Democrat,MI,17,660,144.0
"Kildee, Dan",Democrat,MI,18,528,104.0
"Kildee, Dan",Democrat,MI,19,334,76.0
"Kildee, Dan",Democrat,MI,20,192,49.0
"Kildee, Dan",Democrat,MI,21,166,48.0
"Kildee, Dan",Democrat,MI,22,91,41.0
"Kildee, Dan",Democrat,MI,23,34,8.0
"Kilmer, Derek",Democrat,WA,0,2,0.0
"Kilmer, Derek",Democrat,WA,3,1,0.0
"Kilmer, Derek",Democrat,WA,4,3,0.0
"Kilmer, Derek",Democrat,WA,5,36,4.0
"Kilmer, Derek",Democrat,WA,6,176,12.0
"Kilmer, Derek",Democrat,WA,7,274,19.0
"Kilmer, Derek",Democrat,WA,8,409,39.0
"Kilmer, Derek",Democrat,WA,9,580,50.0
"Kilmer, Derek",Democrat,WA,10,607,46.0
"Kilmer, Derek",Democrat,WA,11,662,56.0
"Kilmer, Derek",Democrat,WA,12,673,41.0
"Kilmer, Derek",Democrat,WA,13,679,53.0
"Kilmer, Derek",Democrat,WA,14,648,49.0
"Kilmer, Derek",Democrat,WA,15,628,60.0
"Kilmer, Derek",Democrat,WA,16,367,24.0
"Kilmer, Derek",Democrat,WA,17,411,23.0
"Kilmer, Derek",Democrat,WA,18,624,35.0
"Kilmer, Derek",Democrat,WA,19,492,36.0
"Kilmer, Derek",Democrat,WA,20,232,13.0
"Kilmer, Derek",Democrat,WA,21,34,2.0
"Kilmer, Derek",Democrat,WA,22,5,0.0
"Kilmer, Derek",Democrat,WA,23,2,0.0
Kim Schrier,Democrat,WA,0,2,1.0
Kim Schrier,Democrat,WA,1,6,2.0
Kim Schrier,Democrat,WA,2,20,7.0
Kim Schrier,Democrat,WA,3,45,13.0
Kim Schrier,Democrat,WA,4,77,24.0
Kim Schrier,Democrat,WA,5,119,29.0
Kim Schrier,Democrat,WA,6,174,30.0
Kim Schrier,Democrat,WA,7,286,40.0
Kim Schrier,Democrat,WA,8,373,60.0
Kim Schrier,Democrat,WA,9,479,57.0
Kim Schrier,Democrat,WA,10,459,78.0
Kim Schrier,Democrat,WA,11,459,63.0
Kim Schrier,Democrat,WA,12,475,53.0
Kim Schrier,Democrat,WA,13,515,53.0
Kim Schrier,Democrat,WA,14,478,37.0
Kim Schrier,Democrat,WA,15,350,33.0
Kim Schrier,Democrat,WA,16,161,12.0
Kim Schrier,Democrat,WA,17,93,18.0
Kim Schrier,Democrat,WA,18,43,8.0
Kim Schrier,Democrat,WA,19,19,4.0
Kim Schrier,Democrat,WA,20,13,1.0
Kim Schrier,Democrat,WA,21,4,1.0
Kim Schrier,Democrat,WA,22,1,0.0
Kim Schrier,Democrat,WA,23,1,0.0
Kirsten E. Gillibrand,Democrat,NY,0,1,0.0
Kirsten E. Gillibrand,Democrat,NY,1,3,1.0
Kirsten E. Gillibrand,Democrat,NY,2,12,3.0
Kirsten E. Gillibrand,Democrat,NY,3,72,34.0
Kirsten E. Gillibrand,Democrat,NY,4,244,85.0
Kirsten E. Gillibrand,Democrat,NY,5,531,209.0
Kirsten E. Gillibrand,Democrat,NY,6,520,210.0
Kirsten E. Gillibrand,Democrat,NY,7,516,217.0
Kirsten E. Gillibrand,Democrat,NY,8,606,228.0
Kirsten E. Gillibrand,Democrat,NY,9,651,275.0
Kirsten E. Gillibrand,Democrat,NY,10,611,269.0
Kirsten E. Gillibrand,Democrat,NY,11,798,343.0
Kirsten E. Gillibrand,Democrat,NY,12,800,314.0
Kirsten E. Gillibrand,Democrat,NY,13,774,305.0
Kirsten E. Gillibrand,Democrat,NY,14,498,180.0
Kirsten E. Gillibrand,Democrat,NY,15,382,157.0
Kirsten E. Gillibrand,Democrat,NY,16,353,141.0
Kirsten E. Gillibrand,Democrat,NY,17,281,97.0
Kirsten E. Gillibrand,Democrat,NY,18,219,79.0
Kirsten E. Gillibrand,Democrat,NY,19,78,17.0
Kirsten E. Gillibrand,Democrat,NY,20,62,16.0
Kirsten E. Gillibrand,Democrat,NY,21,27,6.0
Kirsten E. Gillibrand,Democrat,NY,22,23,4.0
Kirsten E. Gillibrand,Democrat,NY,23,5,0.0
Kurt Schrader D-OR,Democrat,OR,4,2,0.0
Kurt Schrader D-OR,Democrat,OR,5,13,1.0
Kurt Schrader D-OR,Democrat,OR,6,76,9.0
Kurt Schrader D-OR,Democrat,OR,7,178,20.0
Kurt Schrader D-OR,Democrat,OR,8,256,38.0
Kurt Schrader D-OR,Democrat,OR,9,323,30.0
Kurt Schrader D-OR,Democrat,OR,10,339,38.0
Kurt Schrader D-OR,Democrat,OR,11,408,44.0
Kurt Schrader D-OR,Democrat,OR,12,378,39.0
Kurt Schrader D-OR,Democrat,OR,13,375,36.0
Kurt Schrader D-OR,Democrat,OR,14,346,38.0
Kurt Schrader D-OR,Democrat,OR,15,235,24.0
Kurt Schrader D-OR,Democrat,OR,16,228,21.0
Kurt Schrader D-OR,Democrat,OR,17,123,11.0
Kurt Schrader D-OR,Democrat,OR,18,64,4.0
Kurt Schrader D-OR,Democrat,OR,19,68,6.0
Kurt Schrader D-OR,Democrat,OR,20,16,3.0
Kurt Schrader D-OR,Democrat,OR,21,5,1.0
Kurt Schrader D-OR,Democrat,OR,22,4,0.0
Kurt Schrader D-OR,Democrat,OR,23,3,1.0
"Kuster, Ann",Democrat,NH,0,17,9.0
"Kuster, Ann",Democrat,NH,2,1,0.0
"Kuster, Ann",Democrat,NH,3,1,0.0
"Kuster, Ann",Democrat,NH,6,4,0.0
"Kuster, Ann",Democrat,NH,7,23,5.0
"Kuster, Ann",Democrat,NH,8,104,7.0
"Kuster, Ann",Democrat,NH,9,460,49.0
"Kuster, Ann",Democrat,NH,10,586,61.0
"Kuster, Ann",Democrat,NH,11,609,80.0
"Kuster, Ann",Democrat,NH,12,627,90.0
"Kuster, Ann",Democrat,NH,13,736,96.0
"Kuster, Ann",Democrat,NH,14,793,96.0
"Kuster, Ann",Democrat,NH,15,779,98.0
"Kuster, Ann",Democrat,NH,16,903,130.0
"Kuster, Ann",Democrat,NH,17,724,102.0
"Kuster, Ann",Democrat,NH,18,410,51.0
"Kuster, Ann",Democrat,NH,19,263,44.0
"Kuster, Ann",Democrat,NH,20,156,23.0
"Kuster, Ann",Democrat,NH,21,90,14.0
"Kuster, Ann",Democrat,NH,22,47,8.0
"Kuster, Ann",Democrat,NH,23,26,5.0
Lamar Alexander R-TN,Republican,TN,0,2,1.0
Lamar Alexander R-TN,Republican,TN,2,1,0.0
Lamar Alexander R-TN,Republican,TN,4,3,0.0
Lamar Alexander R-TN,Republican,TN,5,28,1.0
Lamar Alexander R-TN,Republican,TN,6,96,16.0
Lamar Alexander R-TN,Republican,TN,7,249,16.0
Lamar Alexander R-TN,Republican,TN,8,530,65.0
Lamar Alexander R-TN,Republican,TN,9,1199,123.0
Lamar Alexander R-TN,Republican,TN,10,646,76.0
Lamar Alexander R-TN,Republican,TN,11,670,94.0
Lamar Alexander R-TN,Republican,TN,12,611,68.0
Lamar Alexander R-TN,Republican,TN,13,672,77.0
Lamar Alexander R-TN,Republican,TN,14,767,109.0
Lamar Alexander R-TN,Republican,TN,15,648,70.0
Lamar Alexander R-TN,Republican,TN,16,591,75.0
Lamar Alexander R-TN,Republican,TN,17,443,57.0
Lamar Alexander R-TN,Republican,TN,18,320,49.0
Lamar Alexander R-TN,Republican,TN,19,202,25.0
Lamar Alexander R-TN,Republican,TN,20,75,11.0
Lamar Alexander R-TN,Republican,TN,21,30,4.0
Lamar Alexander R-TN,Republican,TN,22,27,12.0
Lamar Alexander R-TN,Republican,TN,23,9,4.0
"Lamborn, Doug",Republican,CO,0,3,0.0
"Lamborn, Doug",Republican,CO,3,1,0.0
"Lamborn, Doug",Republican,CO,4,1,1.0
"Lamborn, Doug",Republican,CO,5,14,4.0
"Lamborn, Doug",Republican,CO,6,58,14.0
"Lamborn, Doug",Republican,CO,7,319,88.0
"Lamborn, Doug",Republican,CO,8,829,226.0
"Lamborn, Doug",Republican,CO,9,826,249.0
"Lamborn, Doug",Republican,CO,10,661,231.0
"Lamborn, Doug",Republican,CO,11,554,183.0
"Lamborn, Doug",Republican,CO,12,563,202.0
"Lamborn, Doug",Republican,CO,13,563,191.0
"Lamborn, Doug",Republican,CO,14,552,208.0
"Lamborn, Doug",Republican,CO,15,519,170.0
"Lamborn, Doug",Republican,CO,16,269,86.0
"Lamborn, Doug",Republican,CO,17,94,30.0
"Lamborn, Doug",Republican,CO,18,98,23.0
"Lamborn, Doug",Republican,CO,19,99,41.0
"Lamborn, Doug",Republican,CO,20,52,21.0
"Lamborn, Doug",Republican,CO,21,24,7.0
"Lamborn, Doug",Republican,CO,22,15,8.0
"Lamborn, Doug",Republican,CO,23,1,0.0
Lance Gooden,Republican,TX,0,3,3.0
Lance Gooden,Republican,TX,1,41,30.0
Lance Gooden,Republican,TX,2,185,135.0
Lance Gooden,Republican,TX,3,303,229.0
Lance Gooden,Republican,TX,4,217,164.0
Lance Gooden,Republican,TX,5,248,182.0
Lance Gooden,Republican,TX,6,370,277.0
Lance Gooden,Republican,TX,7,420,306.0
Lance Gooden,Republican,TX,8,427,311.0
Lance Gooden,Republican,TX,9,441,321.0
Lance Gooden,Republican,TX,10,437,330.0
Lance Gooden,Republican,TX,11,474,354.0
Lance Gooden,Republican,TX,12,410,293.0
Lance Gooden,Republican,TX,13,319,226.0
Lance Gooden,Republican,TX,14,315,222.0
Lance Gooden,Republican,TX,15,259,182.0
Lance Gooden,Republican,TX,16,225,160.0
Lance Gooden,Republican,TX,17,142,101.0
Lance Gooden,Republican,TX,18,99,80.0
Lance Gooden,Republican,TX,19,74,51.0
Lance Gooden,Republican,TX,20,34,24.0
Lance Gooden,Republican,TX,21,20,11.0
Lance Gooden,Republican,TX,22,1,0.0
Lance Gooden,Republican,TX,23,7,2.0
Lauren Boebert,Republican,CO,0,125,73.0
Lauren Boebert,Republican,CO,1,219,133.0
Lauren Boebert,Republican,CO,2,524,317.0
Lauren Boebert,Republican,CO,3,671,399.0
Lauren Boebert,Republican,CO,4,801,458.0
Lauren Boebert,Republican,CO,5,795,424.0
Lauren Boebert,Republican,CO,6,803,435.0
Lauren Boebert,Republican,CO,7,913,486.0
Lauren Boebert,Republican,CO,8,931,481.0
Lauren Boebert,Republican,CO,9,849,465.0
Lauren Boebert,Republican,CO,10,848,445.0
Lauren Boebert,Republican,CO,11,763,426.0
Lauren Boebert,Republican,CO,12,678,355.0
Lauren Boebert,Republican,CO,13,560,279.0
Lauren Boebert,Republican,CO,14,599,298.0
Lauren Boebert,Republican,CO,15,476,218.0
Lauren Boebert,Republican,CO,16,339,166.0
Lauren Boebert,Republican,CO,17,183,87.0
Lauren Boebert,Republican,CO,18,126,58.0
Lauren Boebert,Republican,CO,19,99,51.0
Lauren Boebert,Republican,CO,20,65,31.0
Lauren Boebert,Republican,CO,21,30,19.0
Lauren Boebert,Republican,CO,22,13,6.0
Lauren Boebert,Republican,CO,23,45,25.0
Lauren Underwood,Democrat,IL,0,1,0.0
Lauren Underwood,Democrat,IL,1,2,0.0
Lauren Underwood,Democrat,IL,2,4,0.0
Lauren Underwood,Democrat,IL,3,23,5.0
Lauren Underwood,Democrat,IL,4,73,11.0
Lauren Underwood,Democrat,IL,5,91,14.0
Lauren Underwood,Democrat,IL,6,125,33.0
Lauren Underwood,Democrat,IL,7,126,25.0
Lauren Underwood,Democrat,IL,8,317,55.0
Lauren Underwood,Democrat,IL,9,360,47.0
Lauren Underwood,Democrat,IL,10,406,52.0
Lauren Underwood,Democrat,IL,11,633,78.0
Lauren Underwood,Democrat,IL,12,506,57.0
Lauren Underwood,Democrat,IL,13,419,55.0
Lauren Underwood,Democrat,IL,14,427,49.0
Lauren Underwood,Democrat,IL,15,384,52.0
Lauren Underwood,Democrat,IL,16,523,55.0
Lauren Underwood,Democrat,IL,17,354,45.0
Lauren Underwood,Democrat,IL,18,259,38.0
Lauren Underwood,Democrat,IL,19,136,25.0
Lauren Underwood,Democrat,IL,20,35,4.0
Lauren Underwood,Democrat,IL,21,10,1.0
Lauren Underwood,Democrat,IL,22,12,5.0
Lauren Underwood,Democrat,IL,23,4,0.0
Lee Zeldin R-NY,Republican,NY,0,24,12.0
Lee Zeldin R-NY,Republican,NY,1,3,0.0
Lee Zeldin R-NY,Republican,NY,2,1,0.0
Lee Zeldin R-NY,Republican,NY,3,1,0.0
Lee Zeldin R-NY,Republican,NY,4,1,0.0
Lee Zeldin R-NY,Republican,NY,5,8,1.0
Lee Zeldin R-NY,Republican,NY,6,21,7.0
Lee Zeldin R-NY,Republican,NY,7,65,27.0
Lee Zeldin R-NY,Republican,NY,8,85,29.0
Lee Zeldin R-NY,Republican,NY,9,201,60.0
Lee Zeldin R-NY,Republican,NY,10,297,74.0
Lee Zeldin R-NY,Republican,NY,11,249,68.0
Lee Zeldin R-NY,Republican,NY,12,278,82.0
Lee Zeldin R-NY,Republican,NY,13,261,83.0
Lee Zeldin R-NY,Republican,NY,14,248,78.0
Lee Zeldin R-NY,Republican,NY,15,258,80.0
Lee Zeldin R-NY,Republican,NY,16,255,73.0
Lee Zeldin R-NY,Republican,NY,17,266,79.0
Lee Zeldin R-NY,Republican,NY,18,223,95.0
Lee Zeldin R-NY,Republican,NY,19,175,72.0
Lee Zeldin R-NY,Republican,NY,20,169,58.0
Lee Zeldin R-NY,Republican,NY,21,198,66.0
Lee Zeldin R-NY,Republican,NY,22,196,69.0
Lee Zeldin R-NY,Republican,NY,23,105,48.0
"Lee, Barbara",Democrat,CA,0,4,1.0
"Lee, Barbara",Democrat,CA,1,2,1.0
"Lee, Barbara",Democrat,CA,3,6,0.0
"Lee, Barbara",Democrat,CA,4,25,4.0
"Lee, Barbara",Democrat,CA,5,88,27.0
"Lee, Barbara",Democrat,CA,6,332,111.0
"Lee, Barbara",Democrat,CA,7,713,292.0
"Lee, Barbara",Democrat,CA,8,1000,407.0
"Lee, Barbara",Democrat,CA,9,1348,548.0
"Lee, Barbara",Democrat,CA,10,1396,552.0
"Lee, Barbara",Democrat,CA,11,1402,557.0
"Lee, Barbara",Democrat,CA,12,1435,558.0
"Lee, Barbara",Democrat,CA,13,1501,527.0
"Lee, Barbara",Democrat,CA,14,1291,442.0
"Lee, Barbara",Democrat,CA,15,982,305.0
"Lee, Barbara",Democrat,CA,16,684,210.0
"Lee, Barbara",Democrat,CA,17,577,164.0
"Lee, Barbara",Democrat,CA,18,474,157.0
"Lee, Barbara",Democrat,CA,19,264,81.0
"Lee, Barbara",Democrat,CA,20,152,34.0
"Lee, Barbara",Democrat,CA,21,44,8.0
"Lee, Barbara",Democrat,CA,22,12,1.0
"Lee, Barbara",Democrat,CA,23,8,1.0
"Lesko, Debbie",Republican,AZ,1,1,0.0
"Lesko, Debbie",Republican,AZ,2,1,0.0
"Lesko, Debbie",Republican,AZ,3,6,1.0
"Lesko, Debbie",Republican,AZ,4,7,2.0
"Lesko, Debbie",Republican,AZ,5,24,14.0
"Lesko, Debbie",Republican,AZ,6,172,77.0
"Lesko, Debbie",Republican,AZ,7,533,185.0
"Lesko, Debbie",Republican,AZ,8,649,269.0
"Lesko, Debbie",Republican,AZ,9,615,254.0
"Lesko, Debbie",Republican,AZ,10,664,304.0
"Lesko, Debbie",Republican,AZ,11,690,322.0
"Lesko, Debbie",Republican,AZ,12,789,368.0
"Lesko, Debbie",Republican,AZ,13,774,384.0
"Lesko, Debbie",Republican,AZ,14,776,369.0
"Lesko, Debbie",Republican,AZ,15,696,326.0
"Lesko, Debbie",Republican,AZ,16,646,311.0
"Lesko, Debbie",Republican,AZ,17,456,221.0
"Lesko, Debbie",Republican,AZ,18,280,121.0
"Lesko, Debbie",Republican,AZ,19,196,87.0
"Lesko, Debbie",Republican,AZ,20,73,30.0
"Lesko, Debbie",Republican,AZ,21,22,10.0
"Lesko, Debbie",Republican,AZ,22,15,9.0
"Lesko, Debbie",Republican,AZ,23,1,1.0
Lisa Blunt Rochester,Democrat,DE,0,3,0.0
Lisa Blunt Rochester,Democrat,DE,2,6,1.0
Lisa Blunt Rochester,Democrat,DE,3,33,7.0
Lisa Blunt Rochester,Democrat,DE,4,137,33.0
Lisa Blunt Rochester,Democrat,DE,5,233,68.0
Lisa Blunt Rochester,Democrat,DE,6,285,102.0
Lisa Blunt Rochester,Democrat,DE,7,274,91.0
Lisa Blunt Rochester,Democrat,DE,8,359,106.0
Lisa Blunt Rochester,Democrat,DE,9,568,131.0
Lisa Blunt Rochester,Democrat,DE,10,600,116.0
Lisa Blunt Rochester,Democrat,DE,11,667,134.0
Lisa Blunt Rochester,Democrat,DE,12,684,157.0
Lisa Blunt Rochester,Democrat,DE,13,652,127.0
Lisa Blunt Rochester,Democrat,DE,14,654,115.0
Lisa Blunt Rochester,Democrat,DE,15,473,72.0
Lisa Blunt Rochester,Democrat,DE,16,434,62.0
Lisa Blunt Rochester,Democrat,DE,17,350,52.0
Lisa Blunt Rochester,Democrat,DE,18,242,37.0
Lisa Blunt Rochester,Democrat,DE,19,167,21.0
Lisa Blunt Rochester,Democrat,DE,20,106,11.0
Lisa Blunt Rochester,Democrat,DE,21,63,7.0
Lisa Blunt Rochester,Democrat,DE,22,36,1.0
Lisa Blunt Rochester,Democrat,DE,23,12,3.0
Lisa C. McClain,Republican,MI,0,1,1.0
Lisa C. McClain,Republican,MI,1,4,2.0
Lisa C. McClain,Republican,MI,2,20,10.0
Lisa C. McClain,Republican,MI,3,73,27.0
Lisa C. McClain,Republican,MI,4,195,62.0
Lisa C. McClain,Republican,MI,5,301,122.0
Lisa C. McClain,Republican,MI,6,331,153.0
Lisa C. McClain,Republican,MI,7,347,165.0
Lisa C. McClain,Republican,MI,8,381,197.0
Lisa C. McClain,Republican,MI,9,586,277.0
Lisa C. McClain,Republican,MI,10,645,332.0
Lisa C. McClain,Republican,MI,11,659,362.0
Lisa C. McClain,Republican,MI,12,635,333.0
Lisa C. McClain,Republican,MI,13,555,294.0
Lisa C. McClain,Republican,MI,14,576,313.0
Lisa C. McClain,Republican,MI,15,586,313.0
Lisa C. McClain,Republican,MI,16,555,301.0
Lisa C. McClain,Republican,MI,17,426,218.0
Lisa C. McClain,Republican,MI,18,237,116.0
Lisa C. McClain,Republican,MI,19,167,77.0
Lisa C. McClain,Republican,MI,20,76,29.0
Lisa C. McClain,Republican,MI,21,87,59.0
Lisa C. McClain,Republican,MI,22,45,26.0
Lisa C. McClain,Republican,MI,23,9,2.0
Lisa Murkowski,Republican,AK,0,30,3.0
Lisa Murkowski,Republican,AK,1,63,7.0
Lisa Murkowski,Republican,AK,2,117,13.0
Lisa Murkowski,Republican,AK,3,190,24.0
Lisa Murkowski,Republican,AK,4,308,37.0
Lisa Murkowski,Republican,AK,5,267,29.0
Lisa Murkowski,Republican,AK,6,333,23.0
Lisa Murkowski,Republican,AK,7,371,45.0
Lisa Murkowski,Republican,AK,8,437,37.0
Lisa Murkowski,Republican,AK,9,459,45.0
Lisa Murkowski,Republican,AK,10,360,34.0
Lisa Murkowski,Republican,AK,11,348,23.0
Lisa Murkowski,Republican,AK,12,422,33.0
Lisa Murkowski,Republican,AK,13,326,20.0
Lisa Murkowski,Republican,AK,14,176,15.0
Lisa Murkowski,Republican,AK,15,107,6.0
Lisa Murkowski,Republican,AK,16,78,11.0
Lisa Murkowski,Republican,AK,17,42,5.0
Lisa Murkowski,Republican,AK,18,29,3.0
Lisa Murkowski,Republican,AK,19,21,0.0
Lisa Murkowski,Republican,AK,20,1,0.0
Lisa Murkowski,Republican,AK,21,3,0.0
Lisa Murkowski,Republican,AK,22,1,1.0
Lisa Murkowski,Republican,AK,23,10,0.0
Lizzie Fletcher,Democrat,TX,0,5,1.0
Lizzie Fletcher,Democrat,TX,1,7,3.0
Lizzie Fletcher,Democrat,TX,2,12,3.0
Lizzie Fletcher,Democrat,TX,3,81,16.0
Lizzie Fletcher,Democrat,TX,4,183,38.0
Lizzie Fletcher,Democrat,TX,5,245,38.0
Lizzie Fletcher,Democrat,TX,6,278,80.0
Lizzie Fletcher,Democrat,TX,7,283,86.0
Lizzie Fletcher,Democrat,TX,8,475,96.0
Lizzie Fletcher,Democrat,TX,9,705,118.0
Lizzie Fletcher,Democrat,TX,10,644,93.0
Lizzie Fletcher,Democrat,TX,11,604,84.0
Lizzie Fletcher,Democrat,TX,12,565,67.0
Lizzie Fletcher,Democrat,TX,13,539,61.0
Lizzie Fletcher,Democrat,TX,14,401,39.0
Lizzie Fletcher,Democrat,TX,15,424,31.0
Lizzie Fletcher,Democrat,TX,16,391,35.0
Lizzie Fletcher,Democrat,TX,17,356,21.0
Lizzie Fletcher,Democrat,TX,18,208,24.0
Lizzie Fletcher,Democrat,TX,19,129,13.0
Lizzie Fletcher,Democrat,TX,20,83,7.0
Lizzie Fletcher,Democrat,TX,21,56,4.0
Lizzie Fletcher,Democrat,TX,22,23,4.0
Lizzie Fletcher,Democrat,TX,23,8,0.0
Lloyd Doggett,Democrat,TX,0,13,4.0
Lloyd Doggett,Democrat,TX,1,5,1.0
Lloyd Doggett,Democrat,TX,2,14,3.0
Lloyd Doggett,Democrat,TX,3,87,30.0
Lloyd Doggett,Democrat,TX,4,292,149.0
Lloyd Doggett,Democrat,TX,5,291,153.0
Lloyd Doggett,Democrat,TX,6,337,174.0
Lloyd Doggett,Democrat,TX,7,417,219.0
Lloyd Doggett,Democrat,TX,8,1260,538.0
Lloyd Doggett,Democrat,TX,9,1681,621.0
Lloyd Doggett,Democrat,TX,10,1925,757.0
Lloyd Doggett,Democrat,TX,11,1774,689.0
Lloyd Doggett,Democrat,TX,12,1582,630.0
Lloyd Doggett,Democrat,TX,13,1474,557.0
Lloyd Doggett,Democrat,TX,14,1470,581.0
Lloyd Doggett,Democrat,TX,15,1360,524.0
Lloyd Doggett,Democrat,TX,16,1279,470.0
Lloyd Doggett,Democrat,TX,17,1101,444.0
Lloyd Doggett,Democrat,TX,18,798,330.0
Lloyd Doggett,Democrat,TX,19,566,227.0
Lloyd Doggett,Democrat,TX,20,488,175.0
Lloyd Doggett,Democrat,TX,21,308,109.0
Lloyd Doggett,Democrat,TX,22,132,49.0
Lloyd Doggett,Democrat,TX,23,47,13.0
Lloyd Smucker,Republican,PA,0,8,2.0
Lloyd Smucker,Republican,PA,1,2,0.0
Lloyd Smucker,Republican,PA,2,4,1.0
Lloyd Smucker,Republican,PA,3,17,4.0
Lloyd Smucker,Republican,PA,4,41,6.0
Lloyd Smucker,Republican,PA,5,119,28.0
Lloyd Smucker,Republican,PA,6,111,31.0
Lloyd Smucker,Republican,PA,7,147,24.0
Lloyd Smucker,Republican,PA,8,262,52.0
Lloyd Smucker,Republican,PA,9,528,74.0
Lloyd Smucker,Republican,PA,10,746,108.0
Lloyd Smucker,Republican,PA,11,642,105.0
Lloyd Smucker,Republican,PA,12,553,124.0
Lloyd Smucker,Republican,PA,13,567,122.0
Lloyd Smucker,Republican,PA,14,667,146.0
Lloyd Smucker,Republican,PA,15,598,135.0
Lloyd Smucker,Republican,PA,16,612,110.0
Lloyd Smucker,Republican,PA,17,510,119.0
Lloyd Smucker,Republican,PA,18,280,88.0
Lloyd Smucker,Republican,PA,19,163,34.0
Lloyd Smucker,Republican,PA,20,85,28.0
Lloyd Smucker,Republican,PA,21,62,29.0
Lloyd Smucker,Republican,PA,22,38,9.0
Lloyd Smucker,Republican,PA,23,16,2.0
Lois Frankel,Democrat,FL,0,6,2.0
Lois Frankel,Democrat,FL,2,3,1.0
Lois Frankel,Democrat,FL,3,4,2.0
Lois Frankel,Democrat,FL,4,45,11.0
Lois Frankel,Democrat,FL,5,137,49.0
Lois Frankel,Democrat,FL,6,154,54.0
Lois Frankel,Democrat,FL,7,172,60.0
Lois Frankel,Democrat,FL,8,322,117.0
Lois Frankel,Democrat,FL,9,1061,289.0
Lois Frankel,Democrat,FL,10,1096,284.0
Lois Frankel,Democrat,FL,11,1130,308.0
Lois Frankel,Democrat,FL,12,1135,292.0
Lois Frankel,Democrat,FL,13,1129,294.0
Lois Frankel,Democrat,FL,14,1168,344.0
Lois Frankel,Democrat,FL,15,1161,292.0
Lois Frankel,Democrat,FL,16,1043,296.0
Lois Frankel,Democrat,FL,17,758,194.0
Lois Frankel,Democrat,FL,18,419,97.0
Lois Frankel,Democrat,FL,19,205,46.0
Lois Frankel,Democrat,FL,20,72,23.0
Lois Frankel,Democrat,FL,21,124,35.0
Lois Frankel,Democrat,FL,22,80,34.0
Lois Frankel,Democrat,FL,23,17,6.0
Lori Trahan,Democrat,MA,0,13,1.0
Lori Trahan,Democrat,MA,1,7,2.0
Lori Trahan,Democrat,MA,2,9,5.0
Lori Trahan,Democrat,MA,3,28,8.0
Lori Trahan,Democrat,MA,4,112,28.0
Lori Trahan,Democrat,MA,5,192,65.0
Lori Trahan,Democrat,MA,6,247,92.0
Lori Trahan,Democrat,MA,7,296,108.0
Lori Trahan,Democrat,MA,8,402,126.0
Lori Trahan,Democrat,MA,9,891,221.0
Lori Trahan,Democrat,MA,10,1042,277.0
Lori Trahan,Democrat,MA,11,1039,240.0
Lori Trahan,Democrat,MA,12,1040,242.0
Lori Trahan,Democrat,MA,13,896,199.0
Lori Trahan,Democrat,MA,14,907,169.0
Lori Trahan,Democrat,MA,15,838,166.0
Lori Trahan,Democrat,MA,16,843,166.0
Lori Trahan,Democrat,MA,17,629,115.0
Lori Trahan,Democrat,MA,18,479,89.0
Lori Trahan,Democrat,MA,19,331,45.0
Lori Trahan,Democrat,MA,20,187,32.0
Lori Trahan,Democrat,MA,21,154,35.0
Lori Trahan,Democrat,MA,22,83,13.0
Lori Trahan,Democrat,MA,23,36,11.0
Louie Gohmert R-TX,Republican,TX,0,2,0.0
Louie Gohmert R-TX,Republican,TX,1,1,0.0
Louie Gohmert R-TX,Republican,TX,2,1,0.0
Louie Gohmert R-TX,Republican,TX,3,1,0.0
Louie Gohmert R-TX,Republican,TX,4,24,2.0
Louie Gohmert R-TX,Republican,TX,5,91,9.0
Louie Gohmert R-TX,Republican,TX,6,239,32.0
Louie Gohmert R-TX,Republican,TX,7,288,42.0
Louie Gohmert R-TX,Republican,TX,8,682,97.0
Louie Gohmert R-TX,Republican,TX,9,1142,226.0
Louie Gohmert R-TX,Republican,TX,10,791,157.0
Louie Gohmert R-TX,Republican,TX,11,878,186.0
Louie Gohmert R-TX,Republican,TX,12,733,141.0
Louie Gohmert R-TX,Republican,TX,13,809,178.0
Louie Gohmert R-TX,Republican,TX,14,718,165.0
Louie Gohmert R-TX,Republican,TX,15,645,122.0
Louie Gohmert R-TX,Republican,TX,16,554,107.0
Louie Gohmert R-TX,Republican,TX,17,316,65.0
Louie Gohmert R-TX,Republican,TX,18,170,44.0
Louie Gohmert R-TX,Republican,TX,19,164,36.0
Louie Gohmert R-TX,Republican,TX,20,107,20.0
Louie Gohmert R-TX,Republican,TX,21,58,13.0
Louie Gohmert R-TX,Republican,TX,22,22,4.0
Louie Gohmert R-TX,Republican,TX,23,15,0.0
Lucille Roybal-Allard D-CA,Democrat,CA,3,1,0.0
Lucille Roybal-Allard D-CA,Democrat,CA,4,9,3.0
Lucille Roybal-Allard D-CA,Democrat,CA,5,33,6.0
Lucille Roybal-Allard D-CA,Democrat,CA,6,240,37.0
Lucille Roybal-Allard D-CA,Democrat,CA,7,379,59.0
Lucille Roybal-Allard D-CA,Democrat,CA,8,399,78.0
Lucille Roybal-Allard D-CA,Democrat,CA,9,446,69.0
Lucille Roybal-Allard D-CA,Democrat,CA,10,676,118.0
Lucille Roybal-Allard D-CA,Democrat,CA,11,733,105.0
Lucille Roybal-Allard D-CA,Democrat,CA,12,759,121.0
Lucille Roybal-Allard D-CA,Democrat,CA,13,718,105.0
Lucille Roybal-Allard D-CA,Democrat,CA,14,971,145.0
Lucille Roybal-Allard D-CA,Democrat,CA,15,1109,172.0
Lucille Roybal-Allard D-CA,Democrat,CA,16,820,125.0
Lucille Roybal-Allard D-CA,Democrat,CA,17,625,90.0
Lucille Roybal-Allard D-CA,Democrat,CA,18,489,56.0
Lucille Roybal-Allard D-CA,Democrat,CA,19,341,50.0
Lucille Roybal-Allard D-CA,Democrat,CA,20,193,26.0
Lucille Roybal-Allard D-CA,Democrat,CA,21,50,6.0
Lucille Roybal-Allard D-CA,Democrat,CA,22,19,6.0
Lucille Roybal-Allard D-CA,Democrat,CA,23,12,0.0
Lucy McBath,Democrat,GA,0,1,0.0
Lucy McBath,Democrat,GA,1,3,0.0
Lucy McBath,Democrat,GA,3,4,0.0
Lucy McBath,Democrat,GA,4,33,2.0
Lucy McBath,Democrat,GA,5,97,14.0
Lucy McBath,Democrat,GA,6,70,10.0
Lucy McBath,Democrat,GA,7,106,17.0
Lucy McBath,Democrat,GA,8,180,17.0
Lucy McBath,Democrat,GA,9,325,33.0
Lucy McBath,Democrat,GA,10,347,28.0
Lucy McBath,Democrat,GA,11,296,42.0
Lucy McBath,Democrat,GA,12,330,41.0
Lucy McBath,Democrat,GA,13,274,37.0
Lucy McBath,Democrat,GA,14,276,24.0
Lucy McBath,Democrat,GA,15,225,22.0
Lucy McBath,Democrat,GA,16,279,30.0
Lucy McBath,Democrat,GA,17,241,23.0
Lucy McBath,Democrat,GA,18,198,24.0
Lucy McBath,Democrat,GA,19,93,7.0
Lucy McBath,Democrat,GA,20,57,6.0
Lucy McBath,Democrat,GA,21,34,5.0
Lucy McBath,Democrat,GA,22,16,3.0
Lucy McBath,Democrat,GA,23,1,0.0
"Luetkemeyer, Blaine",Republican,MO,0,1,0.0
"Luetkemeyer, Blaine",Republican,MO,4,5,0.0
"Luetkemeyer, Blaine",Republican,MO,5,1,0.0
"Luetkemeyer, Blaine",Republican,MO,6,7,1.0
"Luetkemeyer, Blaine",Republican,MO,7,126,17.0
"Luetkemeyer, Blaine",Republican,MO,8,392,73.0
"Luetkemeyer, Blaine",Republican,MO,9,481,94.0
"Luetkemeyer, Blaine",Republican,MO,10,418,85.0
"Luetkemeyer, Blaine",Republican,MO,11,308,79.0
"Luetkemeyer, Blaine",Republican,MO,12,330,72.0
"Luetkemeyer, Blaine",Republican,MO,13,338,73.0
"Luetkemeyer, Blaine",Republican,MO,14,355,73.0
"Luetkemeyer, Blaine",Republican,MO,15,334,69.0
"Luetkemeyer, Blaine",Republican,MO,16,184,33.0
"Luetkemeyer, Blaine",Republican,MO,17,71,14.0
"Luetkemeyer, Blaine",Republican,MO,18,24,3.0
"Luetkemeyer, Blaine",Republican,MO,19,27,7.0
"Luetkemeyer, Blaine",Republican,MO,20,19,6.0
"Luetkemeyer, Blaine",Republican,MO,21,21,4.0
"Luetkemeyer, Blaine",Republican,MO,22,3,0.0
"Luetkemeyer, Blaine",Republican,MO,23,3,1.0
Luis Gutierrez D-IL,Democrat,IL,0,4,3.0
Luis Gutierrez D-IL,Democrat,IL,3,1,0.0
Luis Gutierrez D-IL,Democrat,IL,4,1,0.0
Luis Gutierrez D-IL,Democrat,IL,5,3,0.0
Luis Gutierrez D-IL,Democrat,IL,6,21,0.0
Luis Gutierrez D-IL,Democrat,IL,7,87,16.0
Luis Gutierrez D-IL,Democrat,IL,8,338,76.0
Luis Gutierrez D-IL,Democrat,IL,9,563,177.0
Luis Gutierrez D-IL,Democrat,IL,10,679,204.0
Luis Gutierrez D-IL,Democrat,IL,11,539,170.0
Luis Gutierrez D-IL,Democrat,IL,12,474,154.0
Luis Gutierrez D-IL,Democrat,IL,13,464,152.0
Luis Gutierrez D-IL,Democrat,IL,14,604,188.0
Luis Gutierrez D-IL,Democrat,IL,15,556,152.0
Luis Gutierrez D-IL,Democrat,IL,16,584,139.0
Luis Gutierrez D-IL,Democrat,IL,17,287,79.0
Luis Gutierrez D-IL,Democrat,IL,18,130,44.0
Luis Gutierrez D-IL,Democrat,IL,19,88,18.0
Luis Gutierrez D-IL,Democrat,IL,20,38,9.0
Luis Gutierrez D-IL,Democrat,IL,21,30,7.0
Luis Gutierrez D-IL,Democrat,IL,22,25,14.0
Luis Gutierrez D-IL,Democrat,IL,23,4,1.0
Lynn Jenkins R-KS,Republican,KS,0,1,0.0
Lynn Jenkins R-KS,Republican,KS,6,6,0.0
Lynn Jenkins R-KS,Republican,KS,7,50,7.0
Lynn Jenkins R-KS,Republican,KS,8,301,17.0
Lynn Jenkins R-KS,Republican,KS,9,666,71.0
Lynn Jenkins R-KS,Republican,KS,10,518,63.0
Lynn Jenkins R-KS,Republican,KS,11,488,47.0
Lynn Jenkins R-KS,Republican,KS,12,561,78.0
Lynn Jenkins R-KS,Republican,KS,13,488,54.0
Lynn Jenkins R-KS,Republican,KS,14,474,48.0
Lynn Jenkins R-KS,Republican,KS,15,493,65.0
Lynn Jenkins R-KS,Republican,KS,16,336,34.0
Lynn Jenkins R-KS,Republican,KS,17,205,38.0
Lynn Jenkins R-KS,Republican,KS,18,80,15.0
Lynn Jenkins R-KS,Republican,KS,19,45,2.0
Lynn Jenkins R-KS,Republican,KS,20,21,1.0
Lynn Jenkins R-KS,Republican,KS,21,17,0.0
Lynn Jenkins R-KS,Republican,KS,22,13,1.0
Lynn Jenkins R-KS,Republican,KS,23,6,2.0
Madeleine Dean,Democrat,PA,0,5,0.0
Madeleine Dean,Democrat,PA,1,1,0.0
Madeleine Dean,Democrat,PA,2,2,0.0
Madeleine Dean,Democrat,PA,3,11,1.0
Madeleine Dean,Democrat,PA,4,58,10.0
Madeleine Dean,Democrat,PA,5,129,27.0
Madeleine Dean,Democrat,PA,6,187,37.0
Madeleine Dean,Democrat,PA,7,240,60.0
Madeleine Dean,Democrat,PA,8,325,93.0
Madeleine Dean,Democrat,PA,9,426,109.0
Madeleine Dean,Democrat,PA,10,548,133.0
Madeleine Dean,Democrat,PA,11,594,150.0
Madeleine Dean,Democrat,PA,12,644,169.0
Madeleine Dean,Democrat,PA,13,594,164.0
Madeleine Dean,Democrat,PA,14,544,132.0
Madeleine Dean,Democrat,PA,15,480,129.0
Madeleine Dean,Democrat,PA,16,432,118.0
Madeleine Dean,Democrat,PA,17,355,85.0
Madeleine Dean,Democrat,PA,18,281,77.0
Madeleine Dean,Democrat,PA,19,211,53.0
Madeleine Dean,Democrat,PA,20,142,37.0
Madeleine Dean,Democrat,PA,21,105,25.0
Madeleine Dean,Democrat,PA,22,52,14.0
Madeleine Dean,Democrat,PA,23,21,2.0
"Manchin, Joe",Democrat,WV,0,11,2.0
"Manchin, Joe",Democrat,WV,1,1,1.0
"Manchin, Joe",Democrat,WV,2,5,1.0
"Manchin, Joe",Democrat,WV,5,4,0.0
"Manchin, Joe",Democrat,WV,6,17,0.0
"Manchin, Joe",Democrat,WV,7,288,3.0
"Manchin, Joe",Democrat,WV,8,472,17.0
"Manchin, Joe",Democrat,WV,9,723,31.0
"Manchin, Joe",Democrat,WV,10,886,56.0
"Manchin, Joe",Democrat,WV,11,863,78.0
"Manchin, Joe",Democrat,WV,12,954,87.0
"Manchin, Joe",Democrat,WV,13,749,49.0
"Manchin, Joe",Democrat,WV,14,813,60.0
"Manchin, Joe",Democrat,WV,15,884,65.0
"Manchin, Joe",Democrat,WV,16,1044,104.0
"Manchin, Joe",Democrat,WV,17,949,86.0
"Manchin, Joe",Democrat,WV,18,606,59.0
"Manchin, Joe",Democrat,WV,19,407,35.0
"Manchin, Joe",Democrat,WV,20,145,12.0
"Manchin, Joe",Democrat,WV,21,78,10.0
"Manchin, Joe",Democrat,WV,22,30,2.0
"Manchin, Joe",Democrat,WV,23,17,2.0
Marc A. Veasey,Democrat,TX,0,1,0.0
Marc A. Veasey,Democrat,TX,1,1,0.0
Marc A. Veasey,Democrat,TX,2,8,0.0
Marc A. Veasey,Democrat,TX,3,31,9.0
Marc A. Veasey,Democrat,TX,4,82,20.0
Marc A. Veasey,Democrat,TX,5,133,36.0
Marc A. Veasey,Democrat,TX,6,140,40.0
Marc A. Veasey,Democrat,TX,7,315,88.0
Marc A. Veasey,Democrat,TX,8,561,99.0
Marc A. Veasey,Democrat,TX,9,800,146.0
Marc A. Veasey,Democrat,TX,10,826,169.0
Marc A. Veasey,Democrat,TX,11,865,173.0
Marc A. Veasey,Democrat,TX,12,830,207.0
Marc A. Veasey,Democrat,TX,13,817,184.0
Marc A. Veasey,Democrat,TX,14,633,140.0
Marc A. Veasey,Democrat,TX,15,629,121.0
Marc A. Veasey,Democrat,TX,16,525,122.0
Marc A. Veasey,Democrat,TX,17,299,77.0
Marc A. Veasey,Democrat,TX,18,175,46.0
Marc A. Veasey,Democrat,TX,19,110,33.0
Marc A. Veasey,Democrat,TX,20,100,19.0
Marc A. Veasey,Democrat,TX,21,49,10.0
Marc A. Veasey,Democrat,TX,22,29,8.0
Marc A. Veasey,Democrat,TX,23,6,0.0
Marcia Fudge D-OH,Democrat,OH,0,19,4.0
Marcia Fudge D-OH,Democrat,OH,1,5,0.0
Marcia Fudge D-OH,Democrat,OH,2,4,0.0
Marcia Fudge D-OH,Democrat,OH,3,2,1.0
Marcia Fudge D-OH,Democrat,OH,4,2,0.0
Marcia Fudge D-OH,Democrat,OH,5,1,0.0
Marcia Fudge D-OH,Democrat,OH,6,6,0.0
Marcia Fudge D-OH,Democrat,OH,7,19,0.0
Marcia Fudge D-OH,Democrat,OH,8,59,8.0
Marcia Fudge D-OH,Democrat,OH,9,329,73.0
Marcia Fudge D-OH,Democrat,OH,10,649,116.0
Marcia Fudge D-OH,Democrat,OH,11,678,143.0
Marcia Fudge D-OH,Democrat,OH,12,655,130.0
Marcia Fudge D-OH,Democrat,OH,13,607,149.0
Marcia Fudge D-OH,Democrat,OH,14,794,156.0
Marcia Fudge D-OH,Democrat,OH,15,735,145.0
Marcia Fudge D-OH,Democrat,OH,16,669,138.0
Marcia Fudge D-OH,Democrat,OH,17,597,113.0
Marcia Fudge D-OH,Democrat,OH,18,308,56.0
Marcia Fudge D-OH,Democrat,OH,19,148,19.0
Marcia Fudge D-OH,Democrat,OH,20,101,20.0
Marcia Fudge D-OH,Democrat,OH,21,67,17.0
Marcia Fudge D-OH,Democrat,OH,22,40,5.0
Marcia Fudge D-OH,Democrat,OH,23,34,8.0
Marcy Kaptur,Democrat,OH,0,13,2.0
Marcy Kaptur,Democrat,OH,1,6,1.0
Marcy Kaptur,Democrat,OH,2,8,0.0
Marcy Kaptur,Democrat,OH,3,8,2.0
Marcy Kaptur,Democrat,OH,4,64,13.0
Marcy Kaptur,Democrat,OH,5,139,30.0
Marcy Kaptur,Democrat,OH,6,178,38.0
Marcy Kaptur,Democrat,OH,7,221,63.0
Marcy Kaptur,Democrat,OH,8,370,133.0
Marcy Kaptur,Democrat,OH,9,575,130.0
Marcy Kaptur,Democrat,OH,10,625,152.0
Marcy Kaptur,Democrat,OH,11,654,147.0
Marcy Kaptur,Democrat,OH,12,641,159.0
Marcy Kaptur,Democrat,OH,13,544,128.0
Marcy Kaptur,Democrat,OH,14,586,137.0
Marcy Kaptur,Democrat,OH,15,555,124.0
Marcy Kaptur,Democrat,OH,16,550,130.0
Marcy Kaptur,Democrat,OH,17,604,164.0
Marcy Kaptur,Democrat,OH,18,339,76.0
Marcy Kaptur,Democrat,OH,19,212,52.0
Marcy Kaptur,Democrat,OH,20,131,38.0
Marcy Kaptur,Democrat,OH,21,112,27.0
Marcy Kaptur,Democrat,OH,22,77,14.0
Marcy Kaptur,Democrat,OH,23,51,7.0
Margaret Wood Hassan,Democrat,NH,0,11,7.0
Margaret Wood Hassan,Democrat,NH,1,11,4.0
Margaret Wood Hassan,Democrat,NH,2,9,7.0
Margaret Wood Hassan,Democrat,NH,3,9,1.0
Margaret Wood Hassan,Democrat,NH,4,62,13.0
Margaret Wood Hassan,Democrat,NH,5,195,50.0
Margaret Wood Hassan,Democrat,NH,6,275,88.0
Margaret Wood Hassan,Democrat,NH,7,280,83.0
Margaret Wood Hassan,Democrat,NH,8,366,104.0
Margaret Wood Hassan,Democrat,NH,9,598,135.0
Margaret Wood Hassan,Democrat,NH,10,805,177.0
Margaret Wood Hassan,Democrat,NH,11,1150,284.0
Margaret Wood Hassan,Democrat,NH,12,1314,344.0
Margaret Wood Hassan,Democrat,NH,13,1230,280.0
Margaret Wood Hassan,Democrat,NH,14,1292,271.0
Margaret Wood Hassan,Democrat,NH,15,1220,272.0
Margaret Wood Hassan,Democrat,NH,16,1231,257.0
Margaret Wood Hassan,Democrat,NH,17,1078,234.0
Margaret Wood Hassan,Democrat,NH,18,822,164.0
Margaret Wood Hassan,Democrat,NH,19,418,90.0
Margaret Wood Hassan,Democrat,NH,20,221,31.0
Margaret Wood Hassan,Democrat,NH,21,130,30.0
Margaret Wood Hassan,Democrat,NH,22,61,16.0
Margaret Wood Hassan,Democrat,NH,23,35,11.0
Maria Cantwell,Democrat,WA,0,5,2.0
Maria Cantwell,Democrat,WA,1,14,3.0
Maria Cantwell,Democrat,WA,2,33,5.0
Maria Cantwell,Democrat,WA,3,80,12.0
Maria Cantwell,Democrat,WA,4,172,33.0
Maria Cantwell,Democrat,WA,5,266,41.0
Maria Cantwell,Democrat,WA,6,339,62.0
Maria Cantwell,Democrat,WA,7,648,117.0
Maria Cantwell,Democrat,WA,8,848,209.0
Maria Cantwell,Democrat,WA,9,1104,243.0
Maria Cantwell,Democrat,WA,10,1142,238.0
Maria Cantwell,Democrat,WA,11,1229,298.0
Maria Cantwell,Democrat,WA,12,1134,258.0
Maria Cantwell,Democrat,WA,13,1073,256.0
Maria Cantwell,Democrat,WA,14,979,224.0
Maria Cantwell,Democrat,WA,15,890,211.0
Maria Cantwell,Democrat,WA,16,646,179.0
Maria Cantwell,Democrat,WA,17,568,158.0
Maria Cantwell,Democrat,WA,18,442,114.0
Maria Cantwell,Democrat,WA,19,298,99.0
Maria Cantwell,Democrat,WA,20,211,63.0
Maria Cantwell,Democrat,WA,21,37,8.0
Maria Cantwell,Democrat,WA,22,27,7.0
Maria Cantwell,Democrat,WA,23,8,1.0
Maria Elvira Salazar,Republican,FL,0,7,2.0
Maria Elvira Salazar,Republican,FL,1,7,0.0
Maria Elvira Salazar,Republican,FL,2,32,6.0
Maria Elvira Salazar,Republican,FL,3,110,24.0
Maria Elvira Salazar,Republican,FL,4,308,58.0
Maria Elvira Salazar,Republican,FL,5,543,101.0
Maria Elvira Salazar,Republican,FL,6,661,134.0
Maria Elvira Salazar,Republican,FL,7,681,141.0
Maria Elvira Salazar,Republican,FL,8,609,106.0
Maria Elvira Salazar,Republican,FL,9,803,163.0
Maria Elvira Salazar,Republican,FL,10,832,177.0
Maria Elvira Salazar,Republican,FL,11,775,192.0
Maria Elvira Salazar,Republican,FL,12,755,195.0
Maria Elvira Salazar,Republican,FL,13,535,128.0
Maria Elvira Salazar,Republican,FL,14,507,112.0
Maria Elvira Salazar,Republican,FL,15,591,136.0
Maria Elvira Salazar,Republican,FL,16,441,91.0
Maria Elvira Salazar,Republican,FL,17,374,94.0
Maria Elvira Salazar,Republican,FL,18,232,54.0
Maria Elvira Salazar,Republican,FL,19,177,35.0
Maria Elvira Salazar,Republican,FL,20,76,20.0
Maria Elvira Salazar,Republican,FL,21,54,19.0
Maria Elvira Salazar,Republican,FL,22,33,5.0
Maria Elvira Salazar,Republican,FL,23,38,12.0
Mariannette Miller-Meeks,Republican,IA,0,9,4.0
Mariannette Miller-Meeks,Republican,IA,1,26,8.0
Mariannette Miller-Meeks,Republican,IA,2,43,13.0
Mariannette Miller-Meeks,Republican,IA,3,145,33.0
Mariannette Miller-Meeks,Republican,IA,4,233,70.0
Mariannette Miller-Meeks,Republican,IA,5,259,55.0
Mariannette Miller-Meeks,Republican,IA,6,244,55.0
Mariannette Miller-Meeks,Republican,IA,7,336,89.0
Mariannette Miller-Meeks,Republican,IA,8,546,93.0
Mariannette Miller-Meeks,Republican,IA,9,725,127.0
Mariannette Miller-Meeks,Republican,IA,10,527,96.0
Mariannette Miller-Meeks,Republican,IA,11,503,76.0
Mariannette Miller-Meeks,Republican,IA,12,543,106.0
Mariannette Miller-Meeks,Republican,IA,13,601,99.0
Mariannette Miller-Meeks,Republican,IA,14,525,95.0
Mariannette Miller-Meeks,Republican,IA,15,524,76.0
Mariannette Miller-Meeks,Republican,IA,16,443,74.0
Mariannette Miller-Meeks,Republican,IA,17,382,68.0
Mariannette Miller-Meeks,Republican,IA,18,158,26.0
Mariannette Miller-Meeks,Republican,IA,19,89,8.0
Mariannette Miller-Meeks,Republican,IA,20,36,12.0
Mariannette Miller-Meeks,Republican,IA,21,19,12.0
Mariannette Miller-Meeks,Republican,IA,22,9,2.0
Mariannette Miller-Meeks,Republican,IA,23,2,0.0
Marilyn Strickland,Democrat,WA,0,7,0.0
Marilyn Strickland,Democrat,WA,1,27,7.0
Marilyn Strickland,Democrat,WA,2,50,15.0
Marilyn Strickland,Democrat,WA,3,43,21.0
Marilyn Strickland,Democrat,WA,4,54,28.0
Marilyn Strickland,Democrat,WA,5,104,49.0
Marilyn Strickland,Democrat,WA,6,173,49.0
Marilyn Strickland,Democrat,WA,7,218,54.0
Marilyn Strickland,Democrat,WA,8,303,65.0
Marilyn Strickland,Democrat,WA,9,416,71.0
Marilyn Strickland,Democrat,WA,10,326,62.0
Marilyn Strickland,Democrat,WA,11,371,69.0
Marilyn Strickland,Democrat,WA,12,358,39.0
Marilyn Strickland,Democrat,WA,13,375,43.0
Marilyn Strickland,Democrat,WA,14,220,29.0
Marilyn Strickland,Democrat,WA,15,281,18.0
Marilyn Strickland,Democrat,WA,16,151,15.0
Marilyn Strickland,Democrat,WA,17,112,14.0
Marilyn Strickland,Democrat,WA,18,135,13.0
Marilyn Strickland,Democrat,WA,19,77,17.0
Marilyn Strickland,Democrat,WA,20,28,6.0
Marilyn Strickland,Democrat,WA,21,17,2.0
Marilyn Strickland,Democrat,WA,22,2,0.0
Marilyn Strickland,Democrat,WA,23,4,0.0
Mario Diaz-Balart,Republican,FL,0,2,1.0
Mario Diaz-Balart,Republican,FL,1,2,0.0
Mario Diaz-Balart,Republican,FL,2,8,2.0
Mario Diaz-Balart,Republican,FL,3,63,12.0
Mario Diaz-Balart,Republican,FL,4,167,41.0
Mario Diaz-Balart,Republican,FL,5,400,99.0
Mario Diaz-Balart,Republican,FL,6,418,106.0
Mario Diaz-Balart,Republican,FL,7,423,120.0
Mario Diaz-Balart,Republican,FL,8,391,100.0
Mario Diaz-Balart,Republican,FL,9,399,132.0
Mario Diaz-Balart,Republican,FL,10,423,128.0
Mario Diaz-Balart,Republican,FL,11,402,135.0
Mario Diaz-Balart,Republican,FL,12,368,111.0
Mario Diaz-Balart,Republican,FL,13,307,81.0
Mario Diaz-Balart,Republican,FL,14,228,62.0
Mario Diaz-Balart,Republican,FL,15,211,56.0
Mario Diaz-Balart,Republican,FL,16,159,43.0
Mario Diaz-Balart,Republican,FL,17,106,31.0
Mario Diaz-Balart,Republican,FL,18,61,23.0
Mario Diaz-Balart,Republican,FL,19,35,9.0
Mario Diaz-Balart,Republican,FL,20,17,5.0
Mario Diaz-Balart,Republican,FL,21,19,4.0
Mario Diaz-Balart,Republican,FL,22,12,6.0
Mario Diaz-Balart,Republican,FL,23,4,1.0
Mark Alford,Republican,MO,0,18,5.0
Mark Alford,Republican,MO,1,55,12.0
Mark Alford,Republican,MO,2,73,24.0
Mark Alford,Republican,MO,3,139,52.0
Mark Alford,Republican,MO,4,221,71.0
Mark Alford,Republican,MO,5,257,78.0
Mark Alford,Republican,MO,6,350,111.0
Mark Alford,Republican,MO,7,314,100.0
Mark Alford,Republican,MO,8,414,129.0
Mark Alford,Republican,MO,9,472,159.0
Mark Alford,Republican,MO,10,475,141.0
Mark Alford,Republican,MO,11,497,144.0
Mark Alford,Republican,MO,12,394,119.0
Mark Alford,Republican,MO,13,294,102.0
Mark Alford,Republican,MO,14,251,75.0
Mark Alford,Republican,MO,15,243,97.0
Mark Alford,Republican,MO,16,189,72.0
Mark Alford,Republican,MO,17,143,45.0
Mark Alford,Republican,MO,18,76,19.0
Mark Alford,Republican,MO,19,34,11.0
Mark Alford,Republican,MO,20,15,8.0
Mark Alford,Republican,MO,21,15,5.0
Mark Alford,Republican,MO,22,4,1.0
Mark Alford,Republican,MO,23,11,3.0
Mark DeSaulnier,Democrat,CA,0,3,2.0
Mark DeSaulnier,Democrat,CA,1,16,3.0
Mark DeSaulnier,Democrat,CA,2,77,19.0
Mark DeSaulnier,Democrat,CA,3,96,20.0
Mark DeSaulnier,Democrat,CA,4,146,39.0
Mark DeSaulnier,Democrat,CA,5,159,42.0
Mark DeSaulnier,Democrat,CA,6,290,96.0
Mark DeSaulnier,Democrat,CA,7,339,106.0
Mark DeSaulnier,Democrat,CA,8,448,140.0
Mark DeSaulnier,Democrat,CA,9,537,192.0
Mark DeSaulnier,Democrat,CA,10,635,209.0
Mark DeSaulnier,Democrat,CA,11,731,259.0
Mark DeSaulnier,Democrat,CA,12,672,208.0
Mark DeSaulnier,Democrat,CA,13,567,173.0
Mark DeSaulnier,Democrat,CA,14,554,151.0
Mark DeSaulnier,Democrat,CA,15,625,174.0
Mark DeSaulnier,Democrat,CA,16,584,156.0
Mark DeSaulnier,Democrat,CA,17,376,94.0
Mark DeSaulnier,Democrat,CA,18,266,49.0
Mark DeSaulnier,Democrat,CA,19,193,44.0
Mark DeSaulnier,Democrat,CA,20,76,13.0
Mark DeSaulnier,Democrat,CA,21,31,5.0
Mark DeSaulnier,Democrat,CA,22,10,0.0
Mark DeSaulnier,Democrat,CA,23,1,0.0
Mark Kelly,Democrat,AZ,0,6,1.0
Mark Kelly,Democrat,AZ,1,14,6.0
Mark Kelly,Democrat,AZ,2,116,51.0
Mark Kelly,Democrat,AZ,3,178,64.0
Mark Kelly,Democrat,AZ,4,361,107.0
Mark Kelly,Democrat,AZ,5,512,116.0
Mark Kelly,Democrat,AZ,6,579,168.0
Mark Kelly,Democrat,AZ,7,520,133.0
Mark Kelly,Democrat,AZ,8,605,152.0
Mark Kelly,Democrat,AZ,9,716,173.0
Mark Kelly,Democrat,AZ,10,701,182.0
Mark Kelly,Democrat,AZ,11,619,139.0
Mark Kelly,Democrat,AZ,12,557,114.0
Mark Kelly,Democrat,AZ,13,515,101.0
Mark Kelly,Democrat,AZ,14,477,126.0
Mark Kelly,Democrat,AZ,15,312,60.0
Mark Kelly,Democrat,AZ,16,223,41.0
Mark Kelly,Democrat,AZ,17,145,23.0
Mark Kelly,Democrat,AZ,18,78,10.0
Mark Kelly,Democrat,AZ,19,91,10.0
Mark Kelly,Democrat,AZ,20,61,3.0
Mark Kelly,Democrat,AZ,21,12,4.0
Mark Kirk R-IL,Republican,IL,0,2,0.0
Mark Kirk R-IL,Republican,IL,2,1,0.0
Mark Kirk R-IL,Republican,IL,5,3,0.0
Mark Kirk R-IL,Republican,IL,6,9,1.0
Mark Kirk R-IL,Republican,IL,7,31,4.0
Mark Kirk R-IL,Republican,IL,8,129,22.0
Mark Kirk R-IL,Republican,IL,9,265,55.0
Mark Kirk R-IL,Republican,IL,10,332,77.0
Mark Kirk R-IL,Republican,IL,11,328,70.0
Mark Kirk R-IL,Republican,IL,12,351,77.0
Mark Kirk R-IL,Republican,IL,13,396,86.0
Mark Kirk R-IL,Republican,IL,14,421,103.0
Mark Kirk R-IL,Republican,IL,15,445,98.0
Mark Kirk R-IL,Republican,IL,16,453,113.0
Mark Kirk R-IL,Republican,IL,17,322,81.0
Mark Kirk R-IL,Republican,IL,18,253,51.0
Mark Kirk R-IL,Republican,IL,19,204,49.0
Mark Kirk R-IL,Republican,IL,20,144,35.0
Mark Kirk R-IL,Republican,IL,21,51,11.0
Mark Kirk R-IL,Republican,IL,22,27,4.0
Mark Kirk R-IL,Republican,IL,23,6,2.0
Mark Meadows R-NC,Republican,NC,0,17,10.0
Mark Meadows R-NC,Republican,NC,1,4,1.0
Mark Meadows R-NC,Republican,NC,4,1,1.0
Mark Meadows R-NC,Republican,NC,5,1,1.0
Mark Meadows R-NC,Republican,NC,7,21,7.0
Mark Meadows R-NC,Republican,NC,8,158,64.0
Mark Meadows R-NC,Republican,NC,9,509,212.0
Mark Meadows R-NC,Republican,NC,10,607,229.0
Mark Meadows R-NC,Republican,NC,11,579,217.0
Mark Meadows R-NC,Republican,NC,12,501,193.0
Mark Meadows R-NC,Republican,NC,13,453,197.0
Mark Meadows R-NC,Republican,NC,14,489,192.0
Mark Meadows R-NC,Republican,NC,15,443,165.0
Mark Meadows R-NC,Republican,NC,16,441,170.0
Mark Meadows R-NC,Republican,NC,17,367,130.0
Mark Meadows R-NC,Republican,NC,18,208,81.0
Mark Meadows R-NC,Republican,NC,19,141,73.0
Mark Meadows R-NC,Republican,NC,20,135,61.0
Mark Meadows R-NC,Republican,NC,21,121,61.0
Mark Meadows R-NC,Republican,NC,22,120,59.0
Mark Meadows R-NC,Republican,NC,23,96,47.0
Mark Pocan,Democrat,WI,0,3,1.0
Mark Pocan,Democrat,WI,1,2,1.0
Mark Pocan,Democrat,WI,2,16,9.0
Mark Pocan,Democrat,WI,3,118,57.0
Mark Pocan,Democrat,WI,4,331,158.0
Mark Pocan,Democrat,WI,5,358,196.0
Mark Pocan,Democrat,WI,6,395,217.0
Mark Pocan,Democrat,WI,7,586,285.0
Mark Pocan,Democrat,WI,8,1244,545.0
Mark Pocan,Democrat,WI,9,1308,547.0
Mark Pocan,Democrat,WI,10,1382,601.0
Mark Pocan,Democrat,WI,11,1342,573.0
Mark Pocan,Democrat,WI,12,1160,560.0
Mark Pocan,Democrat,WI,13,1101,469.0
Mark Pocan,Democrat,WI,14,1038,409.0
Mark Pocan,Democrat,WI,15,1083,436.0
Mark Pocan,Democrat,WI,16,789,327.0
Mark Pocan,Democrat,WI,17,521,217.0
Mark Pocan,Democrat,WI,18,392,163.0
Mark Pocan,Democrat,WI,19,277,127.0
Mark Pocan,Democrat,WI,20,311,147.0
Mark Pocan,Democrat,WI,21,203,108.0
Mark Pocan,Democrat,WI,22,80,36.0
Mark Pocan,Democrat,WI,23,24,12.0
Mark R. Warner,Democrat,VA,0,1,0.0
Mark R. Warner,Democrat,VA,1,2,1.0
Mark R. Warner,Democrat,VA,2,8,3.0
Mark R. Warner,Democrat,VA,3,34,15.0
Mark R. Warner,Democrat,VA,4,162,50.0
Mark R. Warner,Democrat,VA,5,258,96.0
Mark R. Warner,Democrat,VA,6,466,181.0
Mark R. Warner,Democrat,VA,7,502,238.0
Mark R. Warner,Democrat,VA,8,551,263.0
Mark R. Warner,Democrat,VA,9,593,288.0
Mark R. Warner,Democrat,VA,10,644,298.0
Mark R. Warner,Democrat,VA,11,732,348.0
Mark R. Warner,Democrat,VA,12,683,310.0
Mark R. Warner,Democrat,VA,13,654,290.0
Mark R. Warner,Democrat,VA,14,375,165.0
Mark R. Warner,Democrat,VA,15,350,131.0
Mark R. Warner,Democrat,VA,16,213,74.0
Mark R. Warner,Democrat,VA,17,290,94.0
Mark R. Warner,Democrat,VA,18,100,30.0
Mark R. Warner,Democrat,VA,19,86,35.0
Mark R. Warner,Democrat,VA,20,17,6.0
Mark R. Warner,Democrat,VA,21,9,3.0
Mark R. Warner,Democrat,VA,22,8,5.0
Mark R. Warner,Democrat,VA,23,6,4.0
Mark Takano,Democrat,CA,0,3,0.0
Mark Takano,Democrat,CA,1,35,21.0
Mark Takano,Democrat,CA,2,75,27.0
Mark Takano,Democrat,CA,3,112,46.0
Mark Takano,Democrat,CA,4,153,60.0
Mark Takano,Democrat,CA,5,208,86.0
Mark Takano,Democrat,CA,6,469,169.0
Mark Takano,Democrat,CA,7,672,241.0
Mark Takano,Democrat,CA,8,758,242.0
Mark Takano,Democrat,CA,9,801,272.0
Mark Takano,Democrat,CA,10,758,209.0
Mark Takano,Democrat,CA,11,712,224.0
Mark Takano,Democrat,CA,12,701,212.0
Mark Takano,Democrat,CA,13,633,207.0
Mark Takano,Democrat,CA,14,559,177.0
Mark Takano,Democrat,CA,15,311,108.0
Mark Takano,Democrat,CA,16,212,60.0
Mark Takano,Democrat,CA,17,195,64.0
Mark Takano,Democrat,CA,18,218,76.0
Mark Takano,Democrat,CA,19,114,32.0
Mark Takano,Democrat,CA,20,50,13.0
Mark Takano,Democrat,CA,21,17,8.0
Mark Takano,Democrat,CA,22,7,0.0
Mark Takano,Democrat,CA,23,3,0.0
Mark Walker R-NC,Republican,NC,0,16,1.0
Mark Walker R-NC,Republican,NC,1,1,0.0
Mark Walker R-NC,Republican,NC,2,1,0.0
Mark Walker R-NC,Republican,NC,3,3,0.0
Mark Walker R-NC,Republican,NC,4,2,0.0
Mark Walker R-NC,Republican,NC,5,2,0.0
Mark Walker R-NC,Republican,NC,6,7,1.0
Mark Walker R-NC,Republican,NC,7,53,11.0
Mark Walker R-NC,Republican,NC,8,160,22.0
Mark Walker R-NC,Republican,NC,9,277,47.0
Mark Walker R-NC,Republican,NC,10,344,45.0
Mark Walker R-NC,Republican,NC,11,407,65.0
Mark Walker R-NC,Republican,NC,12,377,65.0
Mark Walker R-NC,Republican,NC,13,365,76.0
Mark Walker R-NC,Republican,NC,14,376,67.0
Mark Walker R-NC,Republican,NC,15,355,57.0
Mark Walker R-NC,Republican,NC,16,370,65.0
Mark Walker R-NC,Republican,NC,17,358,58.0
Mark Walker R-NC,Republican,NC,18,233,44.0
Mark Walker R-NC,Republican,NC,19,197,48.0
Mark Walker R-NC,Republican,NC,20,188,41.0
Mark Walker R-NC,Republican,NC,21,140,20.0
Mark Walker R-NC,Republican,NC,22,123,23.0
Mark Walker R-NC,Republican,NC,23,41,8.0
Markwayne Mullin R-OK,Republican,OK,0,1,0.0
Markwayne Mullin R-OK,Republican,OK,2,1,0.0
Markwayne Mullin R-OK,Republican,OK,4,2,0.0
Markwayne Mullin R-OK,Republican,OK,5,2,0.0
Markwayne Mullin R-OK,Republican,OK,6,21,2.0
Markwayne Mullin R-OK,Republican,OK,7,96,22.0
Markwayne Mullin R-OK,Republican,OK,8,368,91.0
Markwayne Mullin R-OK,Republican,OK,9,469,127.0
Markwayne Mullin R-OK,Republican,OK,10,476,126.0
Markwayne Mullin R-OK,Republican,OK,11,475,124.0
Markwayne Mullin R-OK,Republican,OK,12,419,112.0
Markwayne Mullin R-OK,Republican,OK,13,453,117.0
Markwayne Mullin R-OK,Republican,OK,14,493,143.0
Markwayne Mullin R-OK,Republican,OK,15,478,140.0
Markwayne Mullin R-OK,Republican,OK,16,343,74.0
Markwayne Mullin R-OK,Republican,OK,17,255,67.0
Markwayne Mullin R-OK,Republican,OK,18,146,37.0
Markwayne Mullin R-OK,Republican,OK,19,106,23.0
Markwayne Mullin R-OK,Republican,OK,20,140,47.0
Markwayne Mullin R-OK,Republican,OK,21,77,17.0
Markwayne Mullin R-OK,Republican,OK,22,14,2.0
Markwayne Mullin R-OK,Republican,OK,23,7,2.0
Marsha Blackburn,Republican,TN,0,9,5.0
Marsha Blackburn,Republican,TN,1,82,46.0
Marsha Blackburn,Republican,TN,2,238,123.0
Marsha Blackburn,Republican,TN,3,636,338.0
Marsha Blackburn,Republican,TN,4,1192,590.0
Marsha Blackburn,Republican,TN,5,1312,674.0
Marsha Blackburn,Republican,TN,6,1358,715.0
Marsha Blackburn,Republican,TN,7,1391,741.0
Marsha Blackburn,Republican,TN,8,1546,846.0
Marsha Blackburn,Republican,TN,9,1580,894.0
Marsha Blackburn,Republican,TN,10,1542,871.0
Marsha Blackburn,Republican,TN,11,1411,785.0
Marsha Blackburn,Republican,TN,12,1242,702.0
Marsha Blackburn,Republican,TN,13,1194,690.0
Marsha Blackburn,Republican,TN,14,1070,597.0
Marsha Blackburn,Republican,TN,15,1166,651.0
Marsha Blackburn,Republican,TN,16,943,514.0
Marsha Blackburn,Republican,TN,17,527,293.0
Marsha Blackburn,Republican,TN,18,208,120.0
Marsha Blackburn,Republican,TN,19,153,90.0
Marsha Blackburn,Republican,TN,20,120,73.0
Marsha Blackburn,Republican,TN,21,36,21.0
Marsha Blackburn,Republican,TN,22,9,4.0
Marsha Blackburn,Republican,TN,23,1,0.0
Martha McSally R-AZ,Republican,AZ,3,5,0.0
Martha McSally R-AZ,Republican,AZ,4,13,1.0
Martha McSally R-AZ,Republican,AZ,5,54,2.0
Martha McSally R-AZ,Republican,AZ,6,134,8.0
Martha McSally R-AZ,Republican,AZ,7,299,16.0
Martha McSally R-AZ,Republican,AZ,8,419,45.0
Martha McSally R-AZ,Republican,AZ,9,437,24.0
Martha McSally R-AZ,Republican,AZ,10,475,48.0
Martha McSally R-AZ,Republican,AZ,11,478,47.0
Martha McSally R-AZ,Republican,AZ,12,514,30.0
Martha McSally R-AZ,Republican,AZ,13,545,45.0
Martha McSally R-AZ,Republican,AZ,14,530,39.0
Martha McSally R-AZ,Republican,AZ,15,422,39.0
Martha McSally R-AZ,Republican,AZ,16,310,30.0
Martha McSally R-AZ,Republican,AZ,17,251,24.0
Martha McSally R-AZ,Republican,AZ,18,170,8.0
Martha McSally R-AZ,Republican,AZ,19,123,13.0
Martha McSally R-AZ,Republican,AZ,20,91,13.0
Martha McSally R-AZ,Republican,AZ,21,41,3.0
Martha McSally R-AZ,Republican,AZ,22,10,0.0
Martha McSally R-AZ,Republican,AZ,23,1,0.0
Martha Roby R-AL,Republican,AL,0,4,0.0
Martha Roby R-AL,Republican,AL,1,1,0.0
Martha Roby R-AL,Republican,AL,5,12,2.0
Martha Roby R-AL,Republican,AL,6,52,3.0
Martha Roby R-AL,Republican,AL,7,76,5.0
Martha Roby R-AL,Republican,AL,8,344,45.0
Martha Roby R-AL,Republican,AL,9,668,89.0
Martha Roby R-AL,Republican,AL,10,665,109.0
Martha Roby R-AL,Republican,AL,11,613,84.0
Martha Roby R-AL,Republican,AL,12,561,78.0
Martha Roby R-AL,Republican,AL,13,742,120.0
Martha Roby R-AL,Republican,AL,14,647,113.0
Martha Roby R-AL,Republican,AL,15,629,87.0
Martha Roby R-AL,Republican,AL,16,505,85.0
Martha Roby R-AL,Republican,AL,17,393,66.0
Martha Roby R-AL,Republican,AL,18,202,41.0
Martha Roby R-AL,Republican,AL,19,126,15.0
Martha Roby R-AL,Republican,AL,20,101,15.0
Martha Roby R-AL,Republican,AL,21,82,11.0
Martha Roby R-AL,Republican,AL,22,31,5.0
Martha Roby R-AL,Republican,AL,23,13,7.0
Martin Heinrich,Democrat,NM,0,15,3.0
Martin Heinrich,Democrat,NM,1,30,9.0
Martin Heinrich,Democrat,NM,2,135,40.0
Martin Heinrich,Democrat,NM,3,333,111.0
Martin Heinrich,Democrat,NM,4,404,140.0
Martin Heinrich,Democrat,NM,5,371,158.0
Martin Heinrich,Democrat,NM,6,415,135.0
Martin Heinrich,Democrat,NM,7,542,186.0
Martin Heinrich,Democrat,NM,8,517,185.0
Martin Heinrich,Democrat,NM,9,435,135.0
Martin Heinrich,Democrat,NM,10,491,173.0
Martin Heinrich,Democrat,NM,11,447,144.0
Martin Heinrich,Democrat,NM,12,330,127.0
Martin Heinrich,Democrat,NM,13,259,84.0
Martin Heinrich,Democrat,NM,14,253,94.0
Martin Heinrich,Democrat,NM,15,182,65.0
Martin Heinrich,Democrat,NM,16,66,22.0
Martin Heinrich,Democrat,NM,17,84,25.0
Martin Heinrich,Democrat,NM,18,56,20.0
Martin Heinrich,Democrat,NM,19,38,17.0
Martin Heinrich,Democrat,NM,20,47,19.0
Martin Heinrich,Democrat,NM,21,10,3.0
Martin Heinrich,Democrat,NM,22,6,0.0
Martin Heinrich,Democrat,NM,23,1,0.0
Mary E. Miller,Republican,IL,0,6,2.0
Mary E. Miller,Republican,IL,1,14,7.0
Mary E. Miller,Republican,IL,2,48,31.0
Mary E. Miller,Republican,IL,3,138,72.0
Mary E. Miller,Republican,IL,4,244,139.0
Mary E. Miller,Republican,IL,5,349,193.0
Mary E. Miller,Republican,IL,6,365,221.0
Mary E. Miller,Republican,IL,7,356,215.0
Mary E. Miller,Republican,IL,8,415,248.0
Mary E. Miller,Republican,IL,9,502,284.0
Mary E. Miller,Republican,IL,10,499,306.0
Mary E. Miller,Republican,IL,11,472,285.0
Mary E. Miller,Republican,IL,12,408,249.0
Mary E. Miller,Republican,IL,13,377,208.0
Mary E. Miller,Republican,IL,14,372,221.0
Mary E. Miller,Republican,IL,15,309,182.0
Mary E. Miller,Republican,IL,16,254,146.0
Mary E. Miller,Republican,IL,17,166,86.0
Mary E. Miller,Republican,IL,18,112,67.0
Mary E. Miller,Republican,IL,19,85,59.0
Mary E. Miller,Republican,IL,20,56,30.0
Mary E. Miller,Republican,IL,21,35,19.0
Mary E. Miller,Republican,IL,22,15,4.0
Mary E. Miller,Republican,IL,23,15,7.0
Mary Gay Scanlon,Democrat,PA,0,38,5.0
Mary Gay Scanlon,Democrat,PA,1,19,10.0
Mary Gay Scanlon,Democrat,PA,2,9,4.0
Mary Gay Scanlon,Democrat,PA,3,31,7.0
Mary Gay Scanlon,Democrat,PA,4,78,34.0
Mary Gay Scanlon,Democrat,PA,5,162,69.0
Mary Gay Scanlon,Democrat,PA,6,260,140.0
Mary Gay Scanlon,Democrat,PA,7,319,128.0
Mary Gay Scanlon,Democrat,PA,8,588,203.0
Mary Gay Scanlon,Democrat,PA,9,890,279.0
Mary Gay Scanlon,Democrat,PA,10,1101,356.0
Mary Gay Scanlon,Democrat,PA,11,1037,339.0
Mary Gay Scanlon,Democrat,PA,12,1065,330.0
Mary Gay Scanlon,Democrat,PA,13,975,314.0
Mary Gay Scanlon,Democrat,PA,14,941,281.0
Mary Gay Scanlon,Democrat,PA,15,802,222.0
Mary Gay Scanlon,Democrat,PA,16,758,213.0
Mary Gay Scanlon,Democrat,PA,17,708,180.0
Mary Gay Scanlon,Democrat,PA,18,569,157.0
Mary Gay Scanlon,Democrat,PA,19,455,135.0
Mary Gay Scanlon,Democrat,PA,20,340,90.0
Mary Gay Scanlon,Democrat,PA,21,393,120.0
Mary Gay Scanlon,Democrat,PA,22,267,84.0
Mary Gay Scanlon,Democrat,PA,23,132,31.0
Maxwell Frost,Democrat,FL,0,1,0.0
Maxwell Frost,Democrat,FL,1,5,0.0
Maxwell Frost,Democrat,FL,2,13,3.0
Maxwell Frost,Democrat,FL,3,36,12.0
Maxwell Frost,Democrat,FL,4,99,20.0
Maxwell Frost,Democrat,FL,5,161,54.0
Maxwell Frost,Democrat,FL,6,232,81.0
Maxwell Frost,Democrat,FL,7,286,114.0
Maxwell Frost,Democrat,FL,8,259,96.0
Maxwell Frost,Democrat,FL,9,305,106.0
Maxwell Frost,Democrat,FL,10,339,143.0
Maxwell Frost,Democrat,FL,11,333,132.0
Maxwell Frost,Democrat,FL,12,308,119.0
Maxwell Frost,Democrat,FL,13,334,129.0
Maxwell Frost,Democrat,FL,14,256,71.0
Maxwell Frost,Democrat,FL,15,279,115.0
Maxwell Frost,Democrat,FL,16,230,70.0
Maxwell Frost,Democrat,FL,17,197,60.0
Maxwell Frost,Democrat,FL,18,169,50.0
Maxwell Frost,Democrat,FL,19,119,36.0
Maxwell Frost,Democrat,FL,20,71,22.0
Maxwell Frost,Democrat,FL,21,23,8.0
Maxwell Frost,Democrat,FL,22,10,2.0
Maxwell Frost,Democrat,FL,23,4,1.0
Mazie K. Hirono,Democrat,HI,0,287,216.0
Mazie K. Hirono,Democrat,HI,1,290,199.0
Mazie K. Hirono,Democrat,HI,2,232,149.0
Mazie K. Hirono,Democrat,HI,3,362,214.0
Mazie K. Hirono,Democrat,HI,4,392,218.0
Mazie K. Hirono,Democrat,HI,5,426,256.0
Mazie K. Hirono,Democrat,HI,6,456,262.0
Mazie K. Hirono,Democrat,HI,7,368,195.0
Mazie K. Hirono,Democrat,HI,8,287,150.0
Mazie K. Hirono,Democrat,HI,9,255,112.0
Mazie K. Hirono,Democrat,HI,10,264,110.0
Mazie K. Hirono,Democrat,HI,11,225,89.0
Mazie K. Hirono,Democrat,HI,12,149,57.0
Mazie K. Hirono,Democrat,HI,13,114,36.0
Mazie K. Hirono,Democrat,HI,14,65,16.0
Mazie K. Hirono,Democrat,HI,15,50,8.0
Mazie K. Hirono,Democrat,HI,16,52,13.0
Mazie K. Hirono,Democrat,HI,17,35,3.0
Mazie K. Hirono,Democrat,HI,18,10,0.0
Mazie K. Hirono,Democrat,HI,19,8,0.0
Mazie K. Hirono,Democrat,HI,20,2,0.0
Mazie K. Hirono,Democrat,HI,21,4,3.0
Mazie K. Hirono,Democrat,HI,22,25,19.0
Mazie K. Hirono,Democrat,HI,23,238,175.0
Melanie A. Stansbury,Democrat,NM,0,9,4.0
Melanie A. Stansbury,Democrat,NM,1,22,8.0
Melanie A. Stansbury,Democrat,NM,2,54,19.0
Melanie A. Stansbury,Democrat,NM,3,145,49.0
Melanie A. Stansbury,Democrat,NM,4,262,64.0
Melanie A. Stansbury,Democrat,NM,5,311,95.0
Melanie A. Stansbury,Democrat,NM,6,303,98.0
Melanie A. Stansbury,Democrat,NM,7,357,105.0
Melanie A. Stansbury,Democrat,NM,8,414,109.0
Melanie A. Stansbury,Democrat,NM,9,478,158.0
Melanie A. Stansbury,Democrat,NM,10,400,136.0
Melanie A. Stansbury,Democrat,NM,11,468,148.0
Melanie A. Stansbury,Democrat,NM,12,443,139.0
Melanie A. Stansbury,Democrat,NM,13,381,123.0
Melanie A. Stansbury,Democrat,NM,14,350,111.0
Melanie A. Stansbury,Democrat,NM,15,296,93.0
Melanie A. Stansbury,Democrat,NM,16,232,78.0
Melanie A. Stansbury,Democrat,NM,17,135,37.0
Melanie A. Stansbury,Democrat,NM,18,64,23.0
Melanie A. Stansbury,Democrat,NM,19,49,12.0
Melanie A. Stansbury,Democrat,NM,20,18,6.0
Melanie A. Stansbury,Democrat,NM,21,12,3.0
Melanie A. Stansbury,Democrat,NM,22,6,1.0
Melanie A. Stansbury,Democrat,NM,23,5,2.0
"Menendez, Bob",Democrat,NJ,0,42,24.0
"Menendez, Bob",Democrat,NJ,1,5,2.0
"Menendez, Bob",Democrat,NJ,2,2,0.0
"Menendez, Bob",Democrat,NJ,4,9,1.0
"Menendez, Bob",Democrat,NJ,6,12,2.0
"Menendez, Bob",Democrat,NJ,7,73,20.0
"Menendez, Bob",Democrat,NJ,8,258,77.0
"Menendez, Bob",Democrat,NJ,9,991,235.0
"Menendez, Bob",Democrat,NJ,10,1392,394.0
"Menendez, Bob",Democrat,NJ,11,1740,505.0
"Menendez, Bob",Democrat,NJ,12,1863,607.0
"Menendez, Bob",Democrat,NJ,13,1730,572.0
"Menendez, Bob",Democrat,NJ,14,1813,566.0
"Menendez, Bob",Democrat,NJ,15,1893,650.0
"Menendez, Bob",Democrat,NJ,16,1608,540.0
"Menendez, Bob",Democrat,NJ,17,1476,515.0
"Menendez, Bob",Democrat,NJ,18,1022,316.0
"Menendez, Bob",Democrat,NJ,19,591,170.0
"Menendez, Bob",Democrat,NJ,20,386,120.0
"Menendez, Bob",Democrat,NJ,21,184,66.0
"Menendez, Bob",Democrat,NJ,22,126,39.0
"Menendez, Bob",Democrat,NJ,23,55,19.0
Michael F. Bennet,Democrat,CO,0,10,1.0
Michael F. Bennet,Democrat,CO,1,23,8.0
Michael F. Bennet,Democrat,CO,2,74,24.0
Michael F. Bennet,Democrat,CO,3,233,69.0
Michael F. Bennet,Democrat,CO,4,465,130.0
Michael F. Bennet,Democrat,CO,5,432,138.0
Michael F. Bennet,Democrat,CO,6,470,152.0
Michael F. Bennet,Democrat,CO,7,747,180.0
Michael F. Bennet,Democrat,CO,8,1135,283.0
Michael F. Bennet,Democrat,CO,9,1037,275.0
Michael F. Bennet,Democrat,CO,10,1072,269.0
Michael F. Bennet,Democrat,CO,11,1094,289.0
Michael F. Bennet,Democrat,CO,12,1169,279.0
Michael F. Bennet,Democrat,CO,13,1156,267.0
Michael F. Bennet,Democrat,CO,14,1085,245.0
Michael F. Bennet,Democrat,CO,15,1005,217.0
Michael F. Bennet,Democrat,CO,16,842,172.0
Michael F. Bennet,Democrat,CO,17,621,108.0
Michael F. Bennet,Democrat,CO,18,373,69.0
Michael F. Bennet,Democrat,CO,19,206,40.0
Michael F. Bennet,Democrat,CO,20,106,31.0
Michael F. Bennet,Democrat,CO,21,55,12.0
Michael F. Bennet,Democrat,CO,22,21,5.0
Michael F. Bennet,Democrat,CO,23,5,1.0
Michael Guest,Republican,MS,0,1,0.0
Michael Guest,Republican,MS,1,3,0.0
Michael Guest,Republican,MS,2,26,0.0
Michael Guest,Republican,MS,3,65,14.0
Michael Guest,Republican,MS,4,127,34.0
Michael Guest,Republican,MS,5,132,30.0
Michael Guest,Republican,MS,6,168,32.0
Michael Guest,Republican,MS,7,178,54.0
Michael Guest,Republican,MS,8,416,138.0
Michael Guest,Republican,MS,9,351,114.0
Michael Guest,Republican,MS,10,445,112.0
Michael Guest,Republican,MS,11,421,107.0
Michael Guest,Republican,MS,12,377,98.0
Michael Guest,Republican,MS,13,341,94.0
Michael Guest,Republican,MS,14,324,96.0
Michael Guest,Republican,MS,15,284,89.0
Michael Guest,Republican,MS,16,267,100.0
Michael Guest,Republican,MS,17,160,58.0
Michael Guest,Republican,MS,18,92,37.0
Michael Guest,Republican,MS,19,57,16.0
Michael Guest,Republican,MS,20,51,17.0
Michael Guest,Republican,MS,21,33,12.0
Michael Guest,Republican,MS,22,11,5.0
Michael Guest,Republican,MS,23,1,0.0
Michael Lawler,Republican,NY,0,4,2.0
Michael Lawler,Republican,NY,2,16,1.0
Michael Lawler,Republican,NY,3,76,9.0
Michael Lawler,Republican,NY,4,166,23.0
Michael Lawler,Republican,NY,5,197,31.0
Michael Lawler,Republican,NY,6,209,38.0
Michael Lawler,Republican,NY,7,249,51.0
Michael Lawler,Republican,NY,8,290,70.0
Michael Lawler,Republican,NY,9,295,68.0
Michael Lawler,Republican,NY,10,291,72.0
Michael Lawler,Republican,NY,11,311,70.0
Michael Lawler,Republican,NY,12,303,59.0
Michael Lawler,Republican,NY,13,299,74.0
Michael Lawler,Republican,NY,14,311,61.0
Michael Lawler,Republican,NY,15,289,64.0
Michael Lawler,Republican,NY,16,223,48.0
Michael Lawler,Republican,NY,17,191,46.0
Michael Lawler,Republican,NY,18,172,48.0
Michael Lawler,Republican,NY,19,108,22.0
Michael Lawler,Republican,NY,20,99,21.0
Michael Lawler,Republican,NY,21,114,33.0
Michael Lawler,Republican,NY,22,101,22.0
Michael Lawler,Republican,NY,23,14,7.0
Michael R. Turner,Republican,OH,0,4,0.0
Michael R. Turner,Republican,OH,1,3,0.0
Michael R. Turner,Republican,OH,2,18,0.0
Michael R. Turner,Republican,OH,3,24,1.0
Michael R. Turner,Republican,OH,4,52,9.0
Michael R. Turner,Republican,OH,5,148,27.0
Michael R. Turner,Republican,OH,6,173,36.0
Michael R. Turner,Republican,OH,7,243,32.0
Michael R. Turner,Republican,OH,8,343,60.0
Michael R. Turner,Republican,OH,9,640,112.0
Michael R. Turner,Republican,OH,10,789,165.0
Michael R. Turner,Republican,OH,11,650,112.0
Michael R. Turner,Republican,OH,12,620,122.0
Michael R. Turner,Republican,OH,13,548,99.0
Michael R. Turner,Republican,OH,14,530,110.0
Michael R. Turner,Republican,OH,15,500,99.0
Michael R. Turner,Republican,OH,16,426,74.0
Michael R. Turner,Republican,OH,17,326,52.0
Michael R. Turner,Republican,OH,18,204,27.0
Michael R. Turner,Republican,OH,19,140,25.0
Michael R. Turner,Republican,OH,20,76,13.0
Michael R. Turner,Republican,OH,21,56,7.0
Michael R. Turner,Republican,OH,22,46,13.0
Michael R. Turner,Republican,OH,23,29,12.0
Michael T. McCaul,Republican,TX,0,5,1.0
Michael T. McCaul,Republican,TX,1,5,2.0
Michael T. McCaul,Republican,TX,2,14,2.0
Michael T. McCaul,Republican,TX,3,58,14.0
Michael T. McCaul,Republican,TX,4,135,36.0
Michael T. McCaul,Republican,TX,5,149,35.0
Michael T. McCaul,Republican,TX,6,237,88.0
Michael T. McCaul,Republican,TX,7,340,81.0
Michael T. McCaul,Republican,TX,8,566,138.0
Michael T. McCaul,Republican,TX,9,770,192.0
Michael T. McCaul,Republican,TX,10,846,222.0
Michael T. McCaul,Republican,TX,11,832,225.0
Michael T. McCaul,Republican,TX,12,739,202.0
Michael T. McCaul,Republican,TX,13,661,187.0
Michael T. McCaul,Republican,TX,14,737,186.0
Michael T. McCaul,Republican,TX,15,652,181.0
Michael T. McCaul,Republican,TX,16,574,157.0
Michael T. McCaul,Republican,TX,17,387,92.0
Michael T. McCaul,Republican,TX,18,231,42.0
Michael T. McCaul,Republican,TX,19,126,33.0
Michael T. McCaul,Republican,TX,20,152,34.0
Michael T. McCaul,Republican,TX,21,66,12.0
Michael T. McCaul,Republican,TX,22,24,6.0
Michael T. McCaul,Republican,TX,23,10,1.0
Michelle Fischbach,Republican,MN,0,4,1.0
Michelle Fischbach,Republican,MN,1,6,0.0
Michelle Fischbach,Republican,MN,2,15,0.0
Michelle Fischbach,Republican,MN,3,62,8.0
Michelle Fischbach,Republican,MN,4,130,27.0
Michelle Fischbach,Republican,MN,5,194,38.0
Michelle Fischbach,Republican,MN,6,161,43.0
Michelle Fischbach,Republican,MN,7,144,46.0
Michelle Fischbach,Republican,MN,8,224,59.0
Michelle Fischbach,Republican,MN,9,347,93.0
Michelle Fischbach,Republican,MN,10,315,82.0
Michelle Fischbach,Republican,MN,11,294,72.0
Michelle Fischbach,Republican,MN,12,234,74.0
Michelle Fischbach,Republican,MN,13,247,73.0
Michelle Fischbach,Republican,MN,14,217,57.0
Michelle Fischbach,Republican,MN,15,211,55.0
Michelle Fischbach,Republican,MN,16,110,27.0
Michelle Fischbach,Republican,MN,17,83,17.0
Michelle Fischbach,Republican,MN,18,249,76.0
Michelle Fischbach,Republican,MN,19,152,42.0
Michelle Fischbach,Republican,MN,20,61,14.0
Michelle Fischbach,Republican,MN,21,27,3.0
Michelle Fischbach,Republican,MN,22,8,0.0
Michelle Fischbach,Republican,MN,23,3,0.0
Michelle Grisham D-NM,Democrat,NM,1,1,0.0
Michelle Grisham D-NM,Democrat,NM,5,8,0.0
Michelle Grisham D-NM,Democrat,NM,6,23,7.0
Michelle Grisham D-NM,Democrat,NM,7,155,33.0
Michelle Grisham D-NM,Democrat,NM,8,272,62.0
Michelle Grisham D-NM,Democrat,NM,9,405,80.0
Michelle Grisham D-NM,Democrat,NM,10,384,60.0
Michelle Grisham D-NM,Democrat,NM,11,429,69.0
Michelle Grisham D-NM,Democrat,NM,12,433,65.0
Michelle Grisham D-NM,Democrat,NM,13,357,59.0
Michelle Grisham D-NM,Democrat,NM,14,368,41.0
Michelle Grisham D-NM,Democrat,NM,15,377,66.0
Michelle Grisham D-NM,Democrat,NM,16,353,60.0
Michelle Grisham D-NM,Democrat,NM,17,293,31.0
Michelle Grisham D-NM,Democrat,NM,18,199,34.0
Michelle Grisham D-NM,Democrat,NM,19,168,47.0
Michelle Grisham D-NM,Democrat,NM,20,98,6.0
Michelle Grisham D-NM,Democrat,NM,21,33,5.0
Michelle Grisham D-NM,Democrat,NM,22,16,4.0
Michelle Grisham D-NM,Democrat,NM,23,6,1.0
Mike Bost,Republican,IL,0,2,0.0
Mike Bost,Republican,IL,2,1,0.0
Mike Bost,Republican,IL,3,26,7.0
Mike Bost,Republican,IL,4,93,22.0
Mike Bost,Republican,IL,5,92,19.0
Mike Bost,Republican,IL,6,104,27.0
Mike Bost,Republican,IL,7,112,26.0
Mike Bost,Republican,IL,8,294,41.0
Mike Bost,Republican,IL,9,439,62.0
Mike Bost,Republican,IL,10,424,72.0
Mike Bost,Republican,IL,11,416,74.0
Mike Bost,Republican,IL,12,401,76.0
Mike Bost,Republican,IL,13,411,54.0
Mike Bost,Republican,IL,14,322,60.0
Mike Bost,Republican,IL,15,380,55.0
Mike Bost,Republican,IL,16,229,41.0
Mike Bost,Republican,IL,17,141,32.0
Mike Bost,Republican,IL,18,83,17.0
Mike Bost,Republican,IL,19,61,8.0
Mike Bost,Republican,IL,20,70,5.0
Mike Bost,Republican,IL,21,34,9.0
Mike Bost,Republican,IL,22,17,3.0
Mike Bost,Republican,IL,23,2,1.0
Mike Collins,Republican,GA,0,15,3.0
Mike Collins,Republican,GA,1,26,4.0
Mike Collins,Republican,GA,2,231,28.0
Mike Collins,Republican,GA,3,346,57.0
Mike Collins,Republican,GA,4,308,68.0
Mike Collins,Republican,GA,5,369,105.0
Mike Collins,Republican,GA,6,354,118.0
Mike Collins,Republican,GA,7,441,120.0
Mike Collins,Republican,GA,8,418,138.0
Mike Collins,Republican,GA,9,405,131.0
Mike Collins,Republican,GA,10,415,145.0
Mike Collins,Republican,GA,11,385,139.0
Mike Collins,Republican,GA,12,383,117.0
Mike Collins,Republican,GA,13,290,87.0
Mike Collins,Republican,GA,14,289,103.0
Mike Collins,Republican,GA,15,255,87.0
Mike Collins,Republican,GA,16,217,60.0
Mike Collins,Republican,GA,17,171,53.0
Mike Collins,Republican,GA,18,99,27.0
Mike Collins,Republican,GA,19,61,21.0
Mike Collins,Republican,GA,20,58,22.0
Mike Collins,Republican,GA,21,36,20.0
Mike Collins,Republican,GA,22,23,8.0
Mike Collins,Republican,GA,23,13,5.0
Mike Crapo,Republican,ID,0,6,0.0
Mike Crapo,Republican,ID,1,25,5.0
Mike Crapo,Republican,ID,2,103,25.0
Mike Crapo,Republican,ID,3,241,36.0
Mike Crapo,Republican,ID,4,272,38.0
Mike Crapo,Republican,ID,5,306,50.0
Mike Crapo,Republican,ID,6,308,53.0
Mike Crapo,Republican,ID,7,338,70.0
Mike Crapo,Republican,ID,8,363,61.0
Mike Crapo,Republican,ID,9,402,83.0
Mike Crapo,Republican,ID,10,450,102.0
Mike Crapo,Republican,ID,11,342,80.0
Mike Crapo,Republican,ID,12,248,56.0
Mike Crapo,Republican,ID,13,178,49.0
Mike Crapo,Republican,ID,14,155,46.0
Mike Crapo,Republican,ID,15,127,24.0
Mike Crapo,Republican,ID,16,66,12.0
Mike Crapo,Republican,ID,17,43,16.0
Mike Crapo,Republican,ID,18,17,5.0
Mike Crapo,Republican,ID,19,5,3.0
Mike Crapo,Republican,ID,20,12,4.0
Mike Crapo,Republican,ID,21,5,1.0
Mike Crapo,Republican,ID,22,2,0.0
Mike Crapo,Republican,ID,23,3,0.0
Mike Doyle D-PA,Democrat,PA,0,3,2.0
Mike Doyle D-PA,Democrat,PA,6,1,1.0
Mike Doyle D-PA,Democrat,PA,7,8,4.0
Mike Doyle D-PA,Democrat,PA,8,28,10.0
Mike Doyle D-PA,Democrat,PA,9,186,46.0
Mike Doyle D-PA,Democrat,PA,10,421,127.0
Mike Doyle D-PA,Democrat,PA,11,411,114.0
Mike Doyle D-PA,Democrat,PA,12,331,108.0
Mike Doyle D-PA,Democrat,PA,13,432,136.0
Mike Doyle D-PA,Democrat,PA,14,471,147.0
Mike Doyle D-PA,Democrat,PA,15,448,148.0
Mike Doyle D-PA,Democrat,PA,16,435,150.0
Mike Doyle D-PA,Democrat,PA,17,381,142.0
Mike Doyle D-PA,Democrat,PA,18,159,54.0
Mike Doyle D-PA,Democrat,PA,19,84,35.0
Mike Doyle D-PA,Democrat,PA,20,91,44.0
Mike Doyle D-PA,Democrat,PA,21,60,26.0
Mike Doyle D-PA,Democrat,PA,22,24,12.0
Mike Doyle D-PA,Democrat,PA,23,5,2.0
Mike Enzi R-WY,Republican,WY,1,3,0.0
Mike Enzi R-WY,Republican,WY,3,2,2.0
Mike Enzi R-WY,Republican,WY,4,1,0.0
Mike Enzi R-WY,Republican,WY,5,4,0.0
Mike Enzi R-WY,Republican,WY,6,39,7.0
Mike Enzi R-WY,Republican,WY,7,145,20.0
Mike Enzi R-WY,Republican,WY,8,232,30.0
Mike Enzi R-WY,Republican,WY,9,268,40.0
Mike Enzi R-WY,Republican,WY,10,249,38.0
Mike Enzi R-WY,Republican,WY,11,315,67.0
Mike Enzi R-WY,Republican,WY,12,412,77.0
Mike Enzi R-WY,Republican,WY,13,396,67.0
Mike Enzi R-WY,Republican,WY,14,450,104.0
Mike Enzi R-WY,Republican,WY,15,538,127.0
Mike Enzi R-WY,Republican,WY,16,283,70.0
Mike Enzi R-WY,Republican,WY,17,94,25.0
Mike Enzi R-WY,Republican,WY,18,47,13.0
Mike Enzi R-WY,Republican,WY,19,31,6.0
Mike Enzi R-WY,Republican,WY,20,18,2.0
Mike Enzi R-WY,Republican,WY,21,14,3.0
Mike Enzi R-WY,Republican,WY,22,2,0.0
Mike Fitzpatrick R-PA,Republican,PA,0,4,2.0
Mike Fitzpatrick R-PA,Republican,PA,1,1,0.0
Mike Fitzpatrick R-PA,Republican,PA,6,4,2.0
Mike Fitzpatrick R-PA,Republican,PA,7,45,8.0
Mike Fitzpatrick R-PA,Republican,PA,8,442,22.0
Mike Fitzpatrick R-PA,Republican,PA,9,312,24.0
Mike Fitzpatrick R-PA,Republican,PA,10,422,25.0
Mike Fitzpatrick R-PA,Republican,PA,11,343,24.0
Mike Fitzpatrick R-PA,Republican,PA,12,313,27.0
Mike Fitzpatrick R-PA,Republican,PA,13,414,34.0
Mike Fitzpatrick R-PA,Republican,PA,14,257,24.0
Mike Fitzpatrick R-PA,Republican,PA,15,325,23.0
Mike Fitzpatrick R-PA,Republican,PA,16,315,26.0
Mike Fitzpatrick R-PA,Republican,PA,17,309,30.0
Mike Fitzpatrick R-PA,Republican,PA,18,389,24.0
Mike Fitzpatrick R-PA,Republican,PA,19,226,20.0
Mike Fitzpatrick R-PA,Republican,PA,20,165,15.0
Mike Fitzpatrick R-PA,Republican,PA,21,131,17.0
Mike Fitzpatrick R-PA,Republican,PA,22,93,11.0
Mike Fitzpatrick R-PA,Republican,PA,23,47,5.0
Mike Johnson,Republican,LA,0,6,1.0
Mike Johnson,Republican,LA,1,9,2.0
Mike Johnson,Republican,LA,2,12,1.0
Mike Johnson,Republican,LA,3,41,15.0
Mike Johnson,Republican,LA,4,77,17.0
Mike Johnson,Republican,LA,5,84,26.0
Mike Johnson,Republican,LA,6,99,37.0
Mike Johnson,Republican,LA,7,189,65.0
Mike Johnson,Republican,LA,8,336,117.0
Mike Johnson,Republican,LA,9,487,195.0
Mike Johnson,Republican,LA,10,575,205.0
Mike Johnson,Republican,LA,11,493,187.0
Mike Johnson,Republican,LA,12,441,172.0
Mike Johnson,Republican,LA,13,453,165.0
Mike Johnson,Republican,LA,14,449,164.0
Mike Johnson,Republican,LA,15,462,185.0
Mike Johnson,Republican,LA,16,345,124.0
Mike Johnson,Republican,LA,17,293,83.0
Mike Johnson,Republican,LA,18,180,55.0
Mike Johnson,Republican,LA,19,172,55.0
Mike Johnson,Republican,LA,20,96,42.0
Mike Johnson,Republican,LA,21,104,25.0
Mike Johnson,Republican,LA,22,28,7.0
Mike Johnson,Republican,LA,23,15,8.0
Mike Lee,Republican,UT,0,99,48.0
Mike Lee,Republican,UT,1,235,125.0
Mike Lee,Republican,UT,2,423,201.0
Mike Lee,Republican,UT,3,709,366.0
Mike Lee,Republican,UT,4,1245,583.0
Mike Lee,Republican,UT,5,1483,752.0
Mike Lee,Republican,UT,6,1636,825.0
Mike Lee,Republican,UT,7,1845,870.0
Mike Lee,Republican,UT,8,1989,905.0
Mike Lee,Republican,UT,9,2085,857.0
Mike Lee,Republican,UT,10,1951,856.0
Mike Lee,Republican,UT,11,2004,901.0
Mike Lee,Republican,UT,12,2075,945.0
Mike Lee,Republican,UT,13,2116,974.0
Mike Lee,Republican,UT,14,2496,1127.0
Mike Lee,Republican,UT,15,2524,1180.0
Mike Lee,Republican,UT,16,2194,1076.0
Mike Lee,Republican,UT,17,1884,905.0
Mike Lee,Republican,UT,18,1457,690.0
Mike Lee,Republican,UT,19,960,400.0
Mike Lee,Republican,UT,20,546,261.0
Mike Lee,Republican,UT,21,205,83.0
Mike Lee,Republican,UT,22,71,36.0
Mike Lee,Republican,UT,23,59,34.0
Mike Levin,Democrat,CA,0,23,13.0
Mike Levin,Democrat,CA,1,77,50.0
Mike Levin,Democrat,CA,2,176,97.0
Mike Levin,Democrat,CA,3,193,103.0
Mike Levin,Democrat,CA,4,247,147.0
Mike Levin,Democrat,CA,5,241,136.0
Mike Levin,Democrat,CA,6,388,172.0
Mike Levin,Democrat,CA,7,460,193.0
Mike Levin,Democrat,CA,8,609,210.0
Mike Levin,Democrat,CA,9,629,220.0
Mike Levin,Democrat,CA,10,596,204.0
Mike Levin,Democrat,CA,11,637,199.0
Mike Levin,Democrat,CA,12,698,159.0
Mike Levin,Democrat,CA,13,884,189.0
Mike Levin,Democrat,CA,14,790,168.0
Mike Levin,Democrat,CA,15,541,123.0
Mike Levin,Democrat,CA,16,437,75.0
Mike Levin,Democrat,CA,17,358,50.0
Mike Levin,Democrat,CA,18,215,33.0
Mike Levin,Democrat,CA,19,95,14.0
Mike Levin,Democrat,CA,20,22,5.0
Mike Levin,Democrat,CA,21,9,1.0
Mike Levin,Democrat,CA,22,1,0.0
Mike Levin,Democrat,CA,23,4,1.0
Mike Quigley,Democrat,IL,0,1,0.0
Mike Quigley,Democrat,IL,1,3,1.0
Mike Quigley,Democrat,IL,2,14,5.0
Mike Quigley,Democrat,IL,3,73,13.0
Mike Quigley,Democrat,IL,4,216,85.0
Mike Quigley,Democrat,IL,5,369,170.0
Mike Quigley,Democrat,IL,6,349,134.0
Mike Quigley,Democrat,IL,7,509,190.0
Mike Quigley,Democrat,IL,8,1112,295.0
Mike Quigley,Democrat,IL,9,1724,442.0
Mike Quigley,Democrat,IL,10,2046,529.0
Mike Quigley,Democrat,IL,11,1853,450.0
Mike Quigley,Democrat,IL,12,1823,475.0
Mike Quigley,Democrat,IL,13,2104,490.0
Mike Quigley,Democrat,IL,14,1857,433.0
Mike Quigley,Democrat,IL,15,1685,411.0
Mike Quigley,Democrat,IL,16,1481,326.0
Mike Quigley,Democrat,IL,17,860,212.0
Mike Quigley,Democrat,IL,18,545,153.0
Mike Quigley,Democrat,IL,19,413,118.0
Mike Quigley,Democrat,IL,20,363,123.0
Mike Quigley,Democrat,IL,21,187,40.0
Mike Quigley,Democrat,IL,22,47,7.0
Mike Quigley,Democrat,IL,23,17,1.0
Mike Rogers,Republican,AL,1,6,2.0
Mike Rogers,Republican,AL,2,12,1.0
Mike Rogers,Republican,AL,3,71,6.0
Mike Rogers,Republican,AL,4,115,21.0
Mike Rogers,Republican,AL,5,135,34.0
Mike Rogers,Republican,AL,6,217,66.0
Mike Rogers,Republican,AL,7,280,79.0
Mike Rogers,Republican,AL,8,659,147.0
Mike Rogers,Republican,AL,9,1041,185.0
Mike Rogers,Republican,AL,10,1092,231.0
Mike Rogers,Republican,AL,11,871,171.0
Mike Rogers,Republican,AL,12,810,191.0
Mike Rogers,Republican,AL,13,860,195.0
Mike Rogers,Republican,AL,14,769,158.0
Mike Rogers,Republican,AL,15,633,117.0
Mike Rogers,Republican,AL,16,371,84.0
Mike Rogers,Republican,AL,17,120,33.0
Mike Rogers,Republican,AL,18,61,21.0
Mike Rogers,Republican,AL,19,49,12.0
Mike Rogers,Republican,AL,20,52,16.0
Mike Rogers,Republican,AL,21,37,7.0
Mike Rogers,Republican,AL,22,18,6.0
Mike Rogers,Republican,AL,23,5,2.0
Mike Rounds,Republican,SD,0,2,0.0
Mike Rounds,Republican,SD,1,6,1.0
Mike Rounds,Republican,SD,2,17,0.0
Mike Rounds,Republican,SD,3,64,5.0
Mike Rounds,Republican,SD,4,150,10.0
Mike Rounds,Republican,SD,5,142,26.0
Mike Rounds,Republican,SD,6,173,12.0
Mike Rounds,Republican,SD,7,278,35.0
Mike Rounds,Republican,SD,8,511,40.0
Mike Rounds,Republican,SD,9,597,56.0
Mike Rounds,Republican,SD,10,591,52.0
Mike Rounds,Republican,SD,11,523,64.0
Mike Rounds,Republican,SD,12,463,38.0
Mike Rounds,Republican,SD,13,529,53.0
Mike Rounds,Republican,SD,14,467,63.0
Mike Rounds,Republican,SD,15,503,61.0
Mike Rounds,Republican,SD,16,492,57.0
Mike Rounds,Republican,SD,17,283,24.0
Mike Rounds,Republican,SD,18,111,15.0
Mike Rounds,Republican,SD,19,108,12.0
Mike Rounds,Republican,SD,20,71,11.0
Mike Rounds,Republican,SD,21,65,9.0
Mike Rounds,Republican,SD,22,29,5.0
Mike Rounds,Republican,SD,23,5,0.0
Mike Thompson,Democrat,CA,0,41,6.0
Mike Thompson,Democrat,CA,1,94,14.0
Mike Thompson,Democrat,CA,2,225,52.0
Mike Thompson,Democrat,CA,3,389,65.0
Mike Thompson,Democrat,CA,4,449,82.0
Mike Thompson,Democrat,CA,5,534,110.0
Mike Thompson,Democrat,CA,6,942,142.0
Mike Thompson,Democrat,CA,7,1126,169.0
Mike Thompson,Democrat,CA,8,1298,204.0
Mike Thompson,Democrat,CA,9,1590,276.0
Mike Thompson,Democrat,CA,10,1435,235.0
Mike Thompson,Democrat,CA,11,1543,222.0
Mike Thompson,Democrat,CA,12,1587,216.0
Mike Thompson,Democrat,CA,13,1359,181.0
Mike Thompson,Democrat,CA,14,1260,142.0
Mike Thompson,Democrat,CA,15,1067,124.0
Mike Thompson,Democrat,CA,16,781,66.0
Mike Thompson,Democrat,CA,17,635,65.0
Mike Thompson,Democrat,CA,18,547,54.0
Mike Thompson,Democrat,CA,19,415,18.0
Mike Thompson,Democrat,CA,20,243,33.0
Mike Thompson,Democrat,CA,21,148,1.0
Mike Thompson,Democrat,CA,22,101,8.0
Mike Thompson,Democrat,CA,23,58,8.0
Mitch McConnell,Republican,KY,0,11,5.0
Mitch McConnell,Republican,KY,1,5,0.0
Mitch McConnell,Republican,KY,2,13,0.0
Mitch McConnell,Republican,KY,3,39,3.0
Mitch McConnell,Republican,KY,4,131,25.0
Mitch McConnell,Republican,KY,5,230,50.0
Mitch McConnell,Republican,KY,6,460,134.0
Mitch McConnell,Republican,KY,7,536,181.0
Mitch McConnell,Republican,KY,8,478,158.0
Mitch McConnell,Republican,KY,9,571,169.0
Mitch McConnell,Republican,KY,10,999,274.0
Mitch McConnell,Republican,KY,11,1091,350.0
Mitch McConnell,Republican,KY,12,1024,327.0
Mitch McConnell,Republican,KY,13,749,285.0
Mitch McConnell,Republican,KY,14,594,207.0
Mitch McConnell,Republican,KY,15,583,168.0
Mitch McConnell,Republican,KY,16,577,180.0
Mitch McConnell,Republican,KY,17,413,125.0
Mitch McConnell,Republican,KY,18,282,89.0
Mitch McConnell,Republican,KY,19,81,23.0
Mitch McConnell,Republican,KY,20,75,25.0
Mitch McConnell,Republican,KY,21,41,12.0
Mitch McConnell,Republican,KY,22,35,11.0
Mitch McConnell,Republican,KY,23,10,3.0
Mo Brooks R-AL,Republican,AL,0,2,0.0
Mo Brooks R-AL,Republican,AL,1,1,0.0
Mo Brooks R-AL,Republican,AL,2,1,0.0
Mo Brooks R-AL,Republican,AL,3,1,1.0
Mo Brooks R-AL,Republican,AL,4,3,2.0
Mo Brooks R-AL,Republican,AL,5,7,3.0
Mo Brooks R-AL,Republican,AL,6,46,21.0
Mo Brooks R-AL,Republican,AL,7,162,78.0
Mo Brooks R-AL,Republican,AL,8,376,147.0
Mo Brooks R-AL,Republican,AL,9,389,134.0
Mo Brooks R-AL,Republican,AL,10,423,157.0
Mo Brooks R-AL,Republican,AL,11,383,131.0
Mo Brooks R-AL,Republican,AL,12,424,154.0
Mo Brooks R-AL,Republican,AL,13,480,162.0
Mo Brooks R-AL,Republican,AL,14,468,147.0
Mo Brooks R-AL,Republican,AL,15,448,142.0
Mo Brooks R-AL,Republican,AL,16,388,113.0
Mo Brooks R-AL,Republican,AL,17,256,106.0
Mo Brooks R-AL,Republican,AL,18,192,89.0
Mo Brooks R-AL,Republican,AL,19,111,38.0
Mo Brooks R-AL,Republican,AL,20,84,40.0
Mo Brooks R-AL,Republican,AL,21,53,23.0
Mo Brooks R-AL,Republican,AL,22,38,9.0
Mo Brooks R-AL,Republican,AL,23,9,3.0
Nancy Mace,Republican,SC,0,82,41.0
Nancy Mace,Republican,SC,1,265,120.0
Nancy Mace,Republican,SC,2,624,269.0
Nancy Mace,Republican,SC,3,975,394.0
Nancy Mace,Republican,SC,4,1123,508.0
Nancy Mace,Republican,SC,5,1754,837.0
Nancy Mace,Republican,SC,6,1678,784.0
Nancy Mace,Republican,SC,7,1816,831.0
Nancy Mace,Republican,SC,8,1661,776.0
Nancy Mace,Republican,SC,9,1914,862.0
Nancy Mace,Republican,SC,10,1925,815.0
Nancy Mace,Republican,SC,11,2102,905.0
Nancy Mace,Republican,SC,12,2009,865.0
Nancy Mace,Republican,SC,13,1710,722.0
Nancy Mace,Republican,SC,14,1720,704.0
Nancy Mace,Republican,SC,15,1761,683.0
Nancy Mace,Republican,SC,16,1682,707.0
Nancy Mace,Republican,SC,17,1492,634.0
Nancy Mace,Republican,SC,18,849,355.0
Nancy Mace,Republican,SC,19,368,142.0
Nancy Mace,Republican,SC,20,186,57.0
Nancy Mace,Republican,SC,21,111,36.0
Nancy Mace,Republican,SC,22,72,26.0
Nancy Mace,Republican,SC,23,42,18.0
Nancy Pelosi,Democrat,CA,0,114,24.0
Nancy Pelosi,Democrat,CA,1,324,117.0
Nancy Pelosi,Democrat,CA,2,656,183.0
Nancy Pelosi,Democrat,CA,3,1003,298.0
Nancy Pelosi,Democrat,CA,4,1072,370.0
Nancy Pelosi,Democrat,CA,5,1151,417.0
Nancy Pelosi,Democrat,CA,6,1278,442.0
Nancy Pelosi,Democrat,CA,7,1528,465.0
Nancy Pelosi,Democrat,CA,8,1430,452.0
Nancy Pelosi,Democrat,CA,9,1311,413.0
Nancy Pelosi,Democrat,CA,10,1256,384.0
Nancy Pelosi,Democrat,CA,11,1167,376.0
Nancy Pelosi,Democrat,CA,12,930,301.0
Nancy Pelosi,Democrat,CA,13,799,243.0
Nancy Pelosi,Democrat,CA,14,743,228.0
Nancy Pelosi,Democrat,CA,15,527,167.0
Nancy Pelosi,Democrat,CA,16,415,130.0
Nancy Pelosi,Democrat,CA,17,261,85.0
Nancy Pelosi,Democrat,CA,18,289,86.0
Nancy Pelosi,Democrat,CA,19,163,62.0
Nancy Pelosi,Democrat,CA,20,77,25.0
Nancy Pelosi,Democrat,CA,21,31,10.0
Nancy Pelosi,Democrat,CA,22,19,4.0
Nancy Pelosi,Democrat,CA,23,38,6.0
Nanette Diaz Barragán,Democrat,CA,0,25,10.0
Nanette Diaz Barragán,Democrat,CA,1,31,16.0
Nanette Diaz Barragán,Democrat,CA,2,97,37.0
Nanette Diaz Barragán,Democrat,CA,3,157,58.0
Nanette Diaz Barragán,Democrat,CA,4,168,57.0
Nanette Diaz Barragán,Democrat,CA,5,242,79.0
Nanette Diaz Barragán,Democrat,CA,6,464,141.0
Nanette Diaz Barragán,Democrat,CA,7,598,186.0
Nanette Diaz Barragán,Democrat,CA,8,651,224.0
Nanette Diaz Barragán,Democrat,CA,9,676,201.0
Nanette Diaz Barragán,Democrat,CA,10,757,207.0
Nanette Diaz Barragán,Democrat,CA,11,793,208.0
Nanette Diaz Barragán,Democrat,CA,12,717,214.0
Nanette Diaz Barragán,Democrat,CA,13,641,185.0
Nanette Diaz Barragán,Democrat,CA,14,589,149.0
Nanette Diaz Barragán,Democrat,CA,15,477,129.0
Nanette Diaz Barragán,Democrat,CA,16,377,88.0
Nanette Diaz Barragán,Democrat,CA,17,289,64.0
Nanette Diaz Barragán,Democrat,CA,18,257,63.0
Nanette Diaz Barragán,Democrat,CA,19,152,36.0
Nanette Diaz Barragán,Democrat,CA,20,90,25.0
Nanette Diaz Barragán,Democrat,CA,21,75,17.0
Nanette Diaz Barragán,Democrat,CA,22,45,10.0
Nanette Diaz Barragán,Democrat,CA,23,26,8.0
Nick LaLota,Republican,NY,0,1,0.0
Nick LaLota,Republican,NY,1,3,1.0
Nick LaLota,Republican,NY,2,21,11.0
Nick LaLota,Republican,NY,3,80,29.0
Nick LaLota,Republican,NY,4,203,68.0
Nick LaLota,Republican,NY,5,317,121.0
Nick LaLota,Republican,NY,6,261,90.0
Nick LaLota,Republican,NY,7,176,59.0
Nick LaLota,Republican,NY,8,181,65.0
Nick LaLota,Republican,NY,9,273,99.0
Nick LaLota,Republican,NY,10,308,102.0
Nick LaLota,Republican,NY,11,262,76.0
Nick LaLota,Republican,NY,12,231,63.0
Nick LaLota,Republican,NY,13,235,72.0
Nick LaLota,Republican,NY,14,185,63.0
Nick LaLota,Republican,NY,15,174,64.0
Nick LaLota,Republican,NY,16,136,47.0
Nick LaLota,Republican,NY,17,122,41.0
Nick LaLota,Republican,NY,18,84,31.0
Nick LaLota,Republican,NY,19,39,10.0
Nick LaLota,Republican,NY,20,11,2.0
Nick LaLota,Republican,NY,21,10,3.0
Nick LaLota,Republican,NY,22,9,3.0
Nick LaLota,Republican,NY,23,4,1.0
Nicole Malliotakis,Republican,NY,0,6,3.0
Nicole Malliotakis,Republican,NY,1,31,16.0
Nicole Malliotakis,Republican,NY,2,111,69.0
Nicole Malliotakis,Republican,NY,3,303,179.0
Nicole Malliotakis,Republican,NY,4,352,201.0
Nicole Malliotakis,Republican,NY,5,359,187.0
Nicole Malliotakis,Republican,NY,6,309,175.0
Nicole Malliotakis,Republican,NY,7,310,139.0
Nicole Malliotakis,Republican,NY,8,334,153.0
Nicole Malliotakis,Republican,NY,9,424,198.0
Nicole Malliotakis,Republican,NY,10,460,225.0
Nicole Malliotakis,Republican,NY,11,481,239.0
Nicole Malliotakis,Republican,NY,12,490,240.0
Nicole Malliotakis,Republican,NY,13,456,210.0
Nicole Malliotakis,Republican,NY,14,436,206.0
Nicole Malliotakis,Republican,NY,15,425,187.0
Nicole Malliotakis,Republican,NY,16,432,185.0
Nicole Malliotakis,Republican,NY,17,286,130.0
Nicole Malliotakis,Republican,NY,18,181,74.0
Nicole Malliotakis,Republican,NY,19,94,32.0
Nicole Malliotakis,Republican,NY,20,50,21.0
Nicole Malliotakis,Republican,NY,21,33,14.0
Nicole Malliotakis,Republican,NY,22,17,9.0
Nicole Malliotakis,Republican,NY,23,7,3.0
Nikema Williams,Democrat,GA,0,24,5.0
Nikema Williams,Democrat,GA,1,8,4.0
Nikema Williams,Democrat,GA,2,6,0.0
Nikema Williams,Democrat,GA,3,23,2.0
Nikema Williams,Democrat,GA,4,89,19.0
Nikema Williams,Democrat,GA,5,137,44.0
Nikema Williams,Democrat,GA,6,202,62.0
Nikema Williams,Democrat,GA,7,217,64.0
Nikema Williams,Democrat,GA,8,269,91.0
Nikema Williams,Democrat,GA,9,363,101.0
Nikema Williams,Democrat,GA,10,483,122.0
Nikema Williams,Democrat,GA,11,566,139.0
Nikema Williams,Democrat,GA,12,649,164.0
Nikema Williams,Democrat,GA,13,621,156.0
Nikema Williams,Democrat,GA,14,610,132.0
Nikema Williams,Democrat,GA,15,553,138.0
Nikema Williams,Democrat,GA,16,481,109.0
Nikema Williams,Democrat,GA,17,434,85.0
Nikema Williams,Democrat,GA,18,344,61.0
Nikema Williams,Democrat,GA,19,310,60.0
Nikema Williams,Democrat,GA,20,208,29.0
Nikema Williams,Democrat,GA,21,126,28.0
Nikema Williams,Democrat,GA,22,62,10.0
Nikema Williams,Democrat,GA,23,37,7.0
Norma J. Torres,Democrat,CA,0,16,4.0
Norma J. Torres,Democrat,CA,1,62,19.0
Norma J. Torres,Democrat,CA,2,137,46.0
Norma J. Torres,Democrat,CA,3,199,62.0
Norma J. Torres,Democrat,CA,4,259,107.0
Norma J. Torres,Democrat,CA,5,318,112.0
Norma J. Torres,Democrat,CA,6,335,128.0
Norma J. Torres,Democrat,CA,7,396,139.0
Norma J. Torres,Democrat,CA,8,438,146.0
Norma J. Torres,Democrat,CA,9,469,162.0
Norma J. Torres,Democrat,CA,10,433,144.0
Norma J. Torres,Democrat,CA,11,396,123.0
Norma J. Torres,Democrat,CA,12,420,139.0
Norma J. Torres,Democrat,CA,13,361,108.0
Norma J. Torres,Democrat,CA,14,321,94.0
Norma J. Torres,Democrat,CA,15,199,73.0
Norma J. Torres,Democrat,CA,16,155,46.0
Norma J. Torres,Democrat,CA,17,62,11.0
Norma J. Torres,Democrat,CA,18,36,16.0
Norma J. Torres,Democrat,CA,19,21,5.0
Norma J. Torres,Democrat,CA,20,9,2.0
Norma J. Torres,Democrat,CA,21,3,0.0
Norma J. Torres,Democrat,CA,22,4,1.0
Norma J. Torres,Democrat,CA,23,7,1.0
Nydia M. Velázquez,Democrat,NY,2,6,2.0
Nydia M. Velázquez,Democrat,NY,3,23,6.0
Nydia M. Velázquez,Democrat,NY,4,69,19.0
Nydia M. Velázquez,Democrat,NY,5,121,41.0
Nydia M. Velázquez,Democrat,NY,6,171,62.0
Nydia M. Velázquez,Democrat,NY,7,187,80.0
Nydia M. Velázquez,Democrat,NY,8,258,104.0
Nydia M. Velázquez,Democrat,NY,9,342,111.0
Nydia M. Velázquez,Democrat,NY,10,338,121.0
Nydia M. Velázquez,Democrat,NY,11,376,123.0
Nydia M. Velázquez,Democrat,NY,12,328,129.0
Nydia M. Velázquez,Democrat,NY,13,272,108.0
Nydia M. Velázquez,Democrat,NY,14,227,79.0
Nydia M. Velázquez,Democrat,NY,15,188,46.0
Nydia M. Velázquez,Democrat,NY,16,147,46.0
Nydia M. Velázquez,Democrat,NY,17,118,42.0
Nydia M. Velázquez,Democrat,NY,18,68,21.0
Nydia M. Velázquez,Democrat,NY,19,45,16.0
Nydia M. Velázquez,Democrat,NY,20,36,7.0
Nydia M. Velázquez,Democrat,NY,21,29,5.0
Nydia M. Velázquez,Democrat,NY,22,21,9.0
Nydia M. Velázquez,Democrat,NY,23,5,0.0
Orrin Hatch R-UT,Republican,UT,0,14,2.0
Orrin Hatch R-UT,Republican,UT,1,3,0.0
Orrin Hatch R-UT,Republican,UT,3,3,0.0
Orrin Hatch R-UT,Republican,UT,4,7,2.0
Orrin Hatch R-UT,Republican,UT,5,50,19.0
Orrin Hatch R-UT,Republican,UT,6,142,30.0
Orrin Hatch R-UT,Republican,UT,7,254,46.0
Orrin Hatch R-UT,Republican,UT,8,537,109.0
Orrin Hatch R-UT,Republican,UT,9,553,100.0
Orrin Hatch R-UT,Republican,UT,10,520,101.0
Orrin Hatch R-UT,Republican,UT,11,488,101.0
Orrin Hatch R-UT,Republican,UT,12,557,128.0
Orrin Hatch R-UT,Republican,UT,13,620,106.0
Orrin Hatch R-UT,Republican,UT,14,567,109.0
Orrin Hatch R-UT,Republican,UT,15,552,116.0
Orrin Hatch R-UT,Republican,UT,16,490,83.0
Orrin Hatch R-UT,Republican,UT,17,404,64.0
Orrin Hatch R-UT,Republican,UT,18,314,44.0
Orrin Hatch R-UT,Republican,UT,19,289,47.0
Orrin Hatch R-UT,Republican,UT,20,278,46.0
Orrin Hatch R-UT,Republican,UT,21,207,36.0
Orrin Hatch R-UT,Republican,UT,22,104,17.0
Orrin Hatch R-UT,Republican,UT,23,41,6.0
Pat Fallon,Republican,TX,0,3,0.0
Pat Fallon,Republican,TX,1,9,1.0
Pat Fallon,Republican,TX,2,52,22.0
Pat Fallon,Republican,TX,3,201,117.0
Pat Fallon,Republican,TX,4,448,269.0
Pat Fallon,Republican,TX,5,369,238.0
Pat Fallon,Republican,TX,6,381,222.0
Pat Fallon,Republican,TX,7,508,293.0
Pat Fallon,Republican,TX,8,622,400.0
Pat Fallon,Republican,TX,9,590,372.0
Pat Fallon,Republican,TX,10,501,307.0
Pat Fallon,Republican,TX,11,480,307.0
Pat Fallon,Republican,TX,12,385,230.0
Pat Fallon,Republican,TX,13,325,212.0
Pat Fallon,Republican,TX,14,334,205.0
Pat Fallon,Republican,TX,15,273,164.0
Pat Fallon,Republican,TX,16,226,138.0
Pat Fallon,Republican,TX,17,100,50.0
Pat Fallon,Republican,TX,18,58,39.0
Pat Fallon,Republican,TX,19,36,16.0
Pat Fallon,Republican,TX,20,29,16.0
Pat Fallon,Republican,TX,21,18,10.0
Pat Fallon,Republican,TX,22,9,3.0
Pat Fallon,Republican,TX,23,3,2.0
Pat Roberts R-KS,Republican,KS,0,4,0.0
Pat Roberts R-KS,Republican,KS,4,1,0.0
Pat Roberts R-KS,Republican,KS,5,7,1.0
Pat Roberts R-KS,Republican,KS,6,30,4.0
Pat Roberts R-KS,Republican,KS,7,71,6.0
Pat Roberts R-KS,Republican,KS,8,520,31.0
Pat Roberts R-KS,Republican,KS,9,821,106.0
Pat Roberts R-KS,Republican,KS,10,625,68.0
Pat Roberts R-KS,Republican,KS,11,608,79.0
Pat Roberts R-KS,Republican,KS,12,509,65.0
Pat Roberts R-KS,Republican,KS,13,577,78.0
Pat Roberts R-KS,Republican,KS,14,593,74.0
Pat Roberts R-KS,Republican,KS,15,595,58.0
Pat Roberts R-KS,Republican,KS,16,529,84.0
Pat Roberts R-KS,Republican,KS,17,325,53.0
Pat Roberts R-KS,Republican,KS,18,116,5.0
Pat Roberts R-KS,Republican,KS,19,135,19.0
Pat Roberts R-KS,Republican,KS,20,103,19.0
Pat Roberts R-KS,Republican,KS,21,61,11.0
Pat Roberts R-KS,Republican,KS,22,27,0.0
Pat Roberts R-KS,Republican,KS,23,14,0.0
Pat Toomey R-PA,Republican,PA,0,14,3.0
Pat Toomey R-PA,Republican,PA,1,2,2.0
Pat Toomey R-PA,Republican,PA,2,4,1.0
Pat Toomey R-PA,Republican,PA,5,1,0.0
Pat Toomey R-PA,Republican,PA,6,21,0.0
Pat Toomey R-PA,Republican,PA,7,88,4.0
Pat Toomey R-PA,Republican,PA,8,265,45.0
Pat Toomey R-PA,Republican,PA,9,615,95.0
Pat Toomey R-PA,Republican,PA,10,625,127.0
Pat Toomey R-PA,Republican,PA,11,572,95.0
Pat Toomey R-PA,Republican,PA,12,447,107.0
Pat Toomey R-PA,Republican,PA,13,455,80.0
Pat Toomey R-PA,Republican,PA,14,490,111.0
Pat Toomey R-PA,Republican,PA,15,563,116.0
Pat Toomey R-PA,Republican,PA,16,565,135.0
Pat Toomey R-PA,Republican,PA,17,430,117.0
Pat Toomey R-PA,Republican,PA,18,189,50.0
Pat Toomey R-PA,Republican,PA,19,108,19.0
Pat Toomey R-PA,Republican,PA,20,91,20.0
Pat Toomey R-PA,Republican,PA,21,87,14.0
Pat Toomey R-PA,Republican,PA,22,64,19.0
Pat Toomey R-PA,Republican,PA,23,22,3.0
Patrick Leahy D-VT,Democrat,VT,0,24,5.0
Patrick Leahy D-VT,Democrat,VT,1,10,4.0
Patrick Leahy D-VT,Democrat,VT,2,5,3.0
Patrick Leahy D-VT,Democrat,VT,3,9,2.0
Patrick Leahy D-VT,Democrat,VT,4,3,0.0
Patrick Leahy D-VT,Democrat,VT,5,19,7.0
Patrick Leahy D-VT,Democrat,VT,6,65,16.0
Patrick Leahy D-VT,Democrat,VT,7,118,23.0
Patrick Leahy D-VT,Democrat,VT,8,267,48.0
Patrick Leahy D-VT,Democrat,VT,9,966,182.0
Patrick Leahy D-VT,Democrat,VT,10,1564,310.0
Patrick Leahy D-VT,Democrat,VT,11,1885,476.0
Patrick Leahy D-VT,Democrat,VT,12,1667,410.0
Patrick Leahy D-VT,Democrat,VT,13,1750,462.0
Patrick Leahy D-VT,Democrat,VT,14,1776,415.0
Patrick Leahy D-VT,Democrat,VT,15,1810,422.0
Patrick Leahy D-VT,Democrat,VT,16,1754,441.0
Patrick Leahy D-VT,Democrat,VT,17,1357,333.0
Patrick Leahy D-VT,Democrat,VT,18,585,178.0
Patrick Leahy D-VT,Democrat,VT,19,353,107.0
Patrick Leahy D-VT,Democrat,VT,20,244,94.0
Patrick Leahy D-VT,Democrat,VT,21,145,44.0
Patrick Leahy D-VT,Democrat,VT,22,104,36.0
Patrick Leahy D-VT,Democrat,VT,23,76,25.0
Patrick Ryan,Democrat,NY,1,4,0.0
Patrick Ryan,Democrat,NY,2,6,2.0
Patrick Ryan,Democrat,NY,3,64,34.0
Patrick Ryan,Democrat,NY,4,143,62.0
Patrick Ryan,Democrat,NY,5,299,101.0
Patrick Ryan,Democrat,NY,6,357,112.0
Patrick Ryan,Democrat,NY,7,333,107.0
Patrick Ryan,Democrat,NY,8,332,107.0
Patrick Ryan,Democrat,NY,9,345,102.0
Patrick Ryan,Democrat,NY,10,385,118.0
Patrick Ryan,Democrat,NY,11,298,78.0
Patrick Ryan,Democrat,NY,12,321,75.0
Patrick Ryan,Democrat,NY,13,307,91.0
Patrick Ryan,Democrat,NY,14,193,65.0
Patrick Ryan,Democrat,NY,15,195,49.0
Patrick Ryan,Democrat,NY,16,143,51.0
Patrick Ryan,Democrat,NY,17,100,29.0
Patrick Ryan,Democrat,NY,18,58,14.0
Patrick Ryan,Democrat,NY,19,32,11.0
Patrick Ryan,Democrat,NY,20,5,1.0
Patrick Ryan,Democrat,NY,21,3,0.0
Patty Murray,Democrat,WA,0,6,5.0
Patty Murray,Democrat,WA,1,62,49.0
Patty Murray,Democrat,WA,2,249,122.0
Patty Murray,Democrat,WA,3,528,279.0
Patty Murray,Democrat,WA,4,715,365.0
Patty Murray,Democrat,WA,5,838,431.0
Patty Murray,Democrat,WA,6,825,403.0
Patty Murray,Democrat,WA,7,948,476.0
Patty Murray,Democrat,WA,8,1042,529.0
Patty Murray,Democrat,WA,9,1033,520.0
Patty Murray,Democrat,WA,10,1000,482.0
Patty Murray,Democrat,WA,11,875,433.0
Patty Murray,Democrat,WA,12,829,390.0
Patty Murray,Democrat,WA,13,697,344.0
Patty Murray,Democrat,WA,14,487,241.0
Patty Murray,Democrat,WA,15,280,131.0
Patty Murray,Democrat,WA,16,170,61.0
Patty Murray,Democrat,WA,17,126,46.0
Patty Murray,Democrat,WA,18,101,40.0
Patty Murray,Democrat,WA,19,45,19.0
Patty Murray,Democrat,WA,20,14,8.0
Patty Murray,Democrat,WA,21,8,4.0
Patty Murray,Democrat,WA,22,2,1.0
Patty Murray,Democrat,WA,23,3,1.0
Paul A. Gosar,Republican,AZ,0,55,18.0
Paul A. Gosar,Republican,AZ,1,96,38.0
Paul A. Gosar,Republican,AZ,2,227,125.0
Paul A. Gosar,Republican,AZ,3,303,156.0
Paul A. Gosar,Republican,AZ,4,418,177.0
Paul A. Gosar,Republican,AZ,5,585,281.0
Paul A. Gosar,Republican,AZ,6,919,337.0
Paul A. Gosar,Republican,AZ,7,1605,557.0
Paul A. Gosar,Republican,AZ,8,1872,680.0
Paul A. Gosar,Republican,AZ,9,1725,606.0
Paul A. Gosar,Republican,AZ,10,1612,573.0
Paul A. Gosar,Republican,AZ,11,1480,484.0
Paul A. Gosar,Republican,AZ,12,1400,467.0
Paul A. Gosar,Republican,AZ,13,1394,476.0
Paul A. Gosar,Republican,AZ,14,1211,365.0
Paul A. Gosar,Republican,AZ,15,1015,354.0
Paul A. Gosar,Republican,AZ,16,829,267.0
Paul A. Gosar,Republican,AZ,17,554,189.0
Paul A. Gosar,Republican,AZ,18,583,200.0
Paul A. Gosar,Republican,AZ,19,533,195.0
Paul A. Gosar,Republican,AZ,20,257,89.0
Paul A. Gosar,Republican,AZ,21,120,38.0
Paul A. Gosar,Republican,AZ,22,66,19.0
Paul A. Gosar,Republican,AZ,23,46,14.0
Paul Tonko,Democrat,NY,0,21,4.0
Paul Tonko,Democrat,NY,1,4,0.0
Paul Tonko,Democrat,NY,2,6,4.0
Paul Tonko,Democrat,NY,3,31,8.0
Paul Tonko,Democrat,NY,4,97,28.0
Paul Tonko,Democrat,NY,5,248,77.0
Paul Tonko,Democrat,NY,6,200,81.0
Paul Tonko,Democrat,NY,7,287,90.0
Paul Tonko,Democrat,NY,8,487,120.0
Paul Tonko,Democrat,NY,9,1331,263.0
Paul Tonko,Democrat,NY,10,1564,319.0
Paul Tonko,Democrat,NY,11,1611,379.0
Paul Tonko,Democrat,NY,12,1374,309.0
Paul Tonko,Democrat,NY,13,1412,347.0
Paul Tonko,Democrat,NY,14,1324,328.0
Paul Tonko,Democrat,NY,15,1120,247.0
Paul Tonko,Democrat,NY,16,1002,261.0
Paul Tonko,Democrat,NY,17,580,134.0
Paul Tonko,Democrat,NY,18,343,81.0
Paul Tonko,Democrat,NY,19,256,46.0
Paul Tonko,Democrat,NY,20,175,53.0
Paul Tonko,Democrat,NY,21,158,28.0
Paul Tonko,Democrat,NY,22,73,18.0
Paul Tonko,Democrat,NY,23,35,8.0
"Payne Jr., Donald",Democrat,NJ,0,12,4.0
"Payne Jr., Donald",Democrat,NJ,1,4,3.0
"Payne Jr., Donald",Democrat,NJ,3,1,0.0
"Payne Jr., Donald",Democrat,NJ,4,5,0.0
"Payne Jr., Donald",Democrat,NJ,5,3,0.0
"Payne Jr., Donald",Democrat,NJ,6,18,6.0
"Payne Jr., Donald",Democrat,NJ,7,59,26.0
"Payne Jr., Donald",Democrat,NJ,8,100,21.0
"Payne Jr., Donald",Democrat,NJ,9,642,118.0
"Payne Jr., Donald",Democrat,NJ,10,869,148.0
"Payne Jr., Donald",Democrat,NJ,11,719,121.0
"Payne Jr., Donald",Democrat,NJ,12,735,122.0
"Payne Jr., Donald",Democrat,NJ,13,666,130.0
"Payne Jr., Donald",Democrat,NJ,14,626,152.0
"Payne Jr., Donald",Democrat,NJ,15,698,124.0
"Payne Jr., Donald",Democrat,NJ,16,575,99.0
"Payne Jr., Donald",Democrat,NJ,17,536,126.0
"Payne Jr., Donald",Democrat,NJ,18,215,52.0
"Payne Jr., Donald",Democrat,NJ,19,98,21.0
"Payne Jr., Donald",Democrat,NJ,20,72,25.0
"Payne Jr., Donald",Democrat,NJ,21,61,29.0
"Payne Jr., Donald",Democrat,NJ,22,46,10.0
"Payne Jr., Donald",Democrat,NJ,23,10,6.0
Pete Aguilar,Democrat,CA,0,4,1.0
Pete Aguilar,Democrat,CA,1,18,7.0
Pete Aguilar,Democrat,CA,2,45,23.0
Pete Aguilar,Democrat,CA,3,79,36.0
Pete Aguilar,Democrat,CA,4,122,50.0
Pete Aguilar,Democrat,CA,5,142,59.0
Pete Aguilar,Democrat,CA,6,183,65.0
Pete Aguilar,Democrat,CA,7,287,102.0
Pete Aguilar,Democrat,CA,8,305,97.0
Pete Aguilar,Democrat,CA,9,356,122.0
Pete Aguilar,Democrat,CA,10,331,78.0
Pete Aguilar,Democrat,CA,11,284,73.0
Pete Aguilar,Democrat,CA,12,288,53.0
Pete Aguilar,Democrat,CA,13,294,57.0
Pete Aguilar,Democrat,CA,14,241,48.0
Pete Aguilar,Democrat,CA,15,143,33.0
Pete Aguilar,Democrat,CA,16,90,17.0
Pete Aguilar,Democrat,CA,17,58,12.0
Pete Aguilar,Democrat,CA,18,42,12.0
Pete Aguilar,Democrat,CA,19,17,3.0
Pete Aguilar,Democrat,CA,20,8,0.0
Pete Aguilar,Democrat,CA,21,11,2.0
Pete Aguilar,Democrat,CA,22,7,1.0
Pete Aguilar,Democrat,CA,23,1,1.0
Pete Olson R-TX,Republican,TX,0,13,1.0
Pete Olson R-TX,Republican,TX,1,2,1.0
Pete Olson R-TX,Republican,TX,2,1,0.0
Pete Olson R-TX,Republican,TX,3,5,0.0
Pete Olson R-TX,Republican,TX,5,36,3.0
Pete Olson R-TX,Republican,TX,6,121,17.0
Pete Olson R-TX,Republican,TX,7,214,29.0
Pete Olson R-TX,Republican,TX,8,512,74.0
Pete Olson R-TX,Republican,TX,9,817,148.0
Pete Olson R-TX,Republican,TX,10,883,167.0
Pete Olson R-TX,Republican,TX,11,767,104.0
Pete Olson R-TX,Republican,TX,12,641,104.0
Pete Olson R-TX,Republican,TX,13,696,76.0
Pete Olson R-TX,Republican,TX,14,619,78.0
Pete Olson R-TX,Republican,TX,15,670,73.0
Pete Olson R-TX,Republican,TX,16,551,61.0
Pete Olson R-TX,Republican,TX,17,361,45.0
Pete Olson R-TX,Republican,TX,18,297,31.0
Pete Olson R-TX,Republican,TX,19,213,30.0
Pete Olson R-TX,Republican,TX,20,243,36.0
Pete Olson R-TX,Republican,TX,21,188,24.0
Pete Olson R-TX,Republican,TX,22,114,20.0
Pete Olson R-TX,Republican,TX,23,45,13.0
Pete Stauber,Republican,MN,1,6,0.0
Pete Stauber,Republican,MN,2,37,6.0
Pete Stauber,Republican,MN,3,143,51.0
Pete Stauber,Republican,MN,4,276,103.0
Pete Stauber,Republican,MN,5,285,134.0
Pete Stauber,Republican,MN,6,275,128.0
Pete Stauber,Republican,MN,7,255,106.0
Pete Stauber,Republican,MN,8,391,134.0
Pete Stauber,Republican,MN,9,577,193.0
Pete Stauber,Republican,MN,10,536,168.0
Pete Stauber,Republican,MN,11,538,162.0
Pete Stauber,Republican,MN,12,553,167.0
Pete Stauber,Republican,MN,13,444,125.0
Pete Stauber,Republican,MN,14,477,136.0
Pete Stauber,Republican,MN,15,447,138.0
Pete Stauber,Republican,MN,16,517,95.0
Pete Stauber,Republican,MN,17,410,55.0
Pete Stauber,Republican,MN,18,80,16.0
Pete Stauber,Republican,MN,19,61,18.0
Pete Stauber,Republican,MN,20,56,16.0
Pete Stauber,Republican,MN,21,21,8.0
Pete Stauber,Republican,MN,22,9,3.0
Peter DeFazio D-OR,Democrat,OR,3,1,0.0
Peter DeFazio D-OR,Democrat,OR,4,7,0.0
Peter DeFazio D-OR,Democrat,OR,5,20,5.0
Peter DeFazio D-OR,Democrat,OR,6,124,25.0
Peter DeFazio D-OR,Democrat,OR,7,249,52.0
Peter DeFazio D-OR,Democrat,OR,8,319,76.0
Peter DeFazio D-OR,Democrat,OR,9,335,69.0
Peter DeFazio D-OR,Democrat,OR,10,289,79.0
Peter DeFazio D-OR,Democrat,OR,11,324,65.0
Peter DeFazio D-OR,Democrat,OR,12,382,123.0
Peter DeFazio D-OR,Democrat,OR,13,390,102.0
Peter DeFazio D-OR,Democrat,OR,14,395,124.0
Peter DeFazio D-OR,Democrat,OR,15,274,83.0
Peter DeFazio D-OR,Democrat,OR,16,143,42.0
Peter DeFazio D-OR,Democrat,OR,17,89,35.0
Peter DeFazio D-OR,Democrat,OR,18,87,28.0
Peter DeFazio D-OR,Democrat,OR,19,20,3.0
Peter DeFazio D-OR,Democrat,OR,20,15,4.0
Peter DeFazio D-OR,Democrat,OR,21,3,1.0
Peter DeFazio D-OR,Democrat,OR,23,1,0.0
"Phillips, Dean",Democrat,MN,0,3,1.0
"Phillips, Dean",Democrat,MN,1,2,0.0
"Phillips, Dean",Democrat,MN,4,1,0.0
"Phillips, Dean",Democrat,MN,5,15,6.0
"Phillips, Dean",Democrat,MN,6,51,27.0
"Phillips, Dean",Democrat,MN,7,156,45.0
"Phillips, Dean",Democrat,MN,8,291,99.0
"Phillips, Dean",Democrat,MN,9,273,62.0
"Phillips, Dean",Democrat,MN,10,330,73.0
"Phillips, Dean",Democrat,MN,11,329,79.0
"Phillips, Dean",Democrat,MN,12,288,65.0
"Phillips, Dean",Democrat,MN,13,283,63.0
"Phillips, Dean",Democrat,MN,14,282,79.0
"Phillips, Dean",Democrat,MN,15,330,81.0
"Phillips, Dean",Democrat,MN,16,312,86.0
"Phillips, Dean",Democrat,MN,17,202,52.0
"Phillips, Dean",Democrat,MN,18,190,47.0
"Phillips, Dean",Democrat,MN,19,116,35.0
"Phillips, Dean",Democrat,MN,20,130,42.0
"Phillips, Dean",Democrat,MN,21,121,29.0
"Phillips, Dean",Democrat,MN,22,99,35.0
"Phillips, Dean",Democrat,MN,23,20,6.0
"Porter, Katie",Democrat,CA,4,2,1.0
"Porter, Katie",Democrat,CA,5,4,2.0
"Porter, Katie",Democrat,CA,6,36,11.0
"Porter, Katie",Democrat,CA,7,94,26.0
"Porter, Katie",Democrat,CA,8,163,55.0
"Porter, Katie",Democrat,CA,9,260,87.0
"Porter, Katie",Democrat,CA,10,333,129.0
"Porter, Katie",Democrat,CA,11,360,138.0
"Porter, Katie",Democrat,CA,12,377,136.0
"Porter, Katie",Democrat,CA,13,383,159.0
"Porter, Katie",Democrat,CA,14,390,140.0
"Porter, Katie",Democrat,CA,15,397,140.0
"Porter, Katie",Democrat,CA,16,280,104.0
"Porter, Katie",Democrat,CA,17,198,75.0
"Porter, Katie",Democrat,CA,18,147,45.0
"Porter, Katie",Democrat,CA,19,59,12.0
"Porter, Katie",Democrat,CA,20,61,17.0
"Porter, Katie",Democrat,CA,21,18,3.0
"Porter, Katie",Democrat,CA,22,2,0.0
Pramila Jayapal,Democrat,WA,0,79,44.0
Pramila Jayapal,Democrat,WA,1,133,82.0
Pramila Jayapal,Democrat,WA,2,513,301.0
Pramila Jayapal,Democrat,WA,3,838,415.0
Pramila Jayapal,Democrat,WA,4,984,513.0
Pramila Jayapal,Democrat,WA,5,1183,650.0
Pramila Jayapal,Democrat,WA,6,1482,695.0
Pramila Jayapal,Democrat,WA,7,2348,1037.0
Pramila Jayapal,Democrat,WA,8,2778,1224.0
Pramila Jayapal,Democrat,WA,9,3014,1297.0
Pramila Jayapal,Democrat,WA,10,2855,1207.0
Pramila Jayapal,Democrat,WA,11,2858,1172.0
Pramila Jayapal,Democrat,WA,12,2738,1123.0
Pramila Jayapal,Democrat,WA,13,2522,1115.0
Pramila Jayapal,Democrat,WA,14,2394,996.0
Pramila Jayapal,Democrat,WA,15,1914,749.0
Pramila Jayapal,Democrat,WA,16,1628,633.0
Pramila Jayapal,Democrat,WA,17,1442,470.0
Pramila Jayapal,Democrat,WA,18,1506,546.0
Pramila Jayapal,Democrat,WA,19,903,381.0
Pramila Jayapal,Democrat,WA,20,503,189.0
Pramila Jayapal,Democrat,WA,21,380,108.0
Pramila Jayapal,Democrat,WA,22,183,51.0
Pramila Jayapal,Democrat,WA,23,86,32.0
Raja Krishnamoorthi,Democrat,IL,1,35,7.0
Raja Krishnamoorthi,Democrat,IL,2,103,59.0
Raja Krishnamoorthi,Democrat,IL,3,267,141.0
Raja Krishnamoorthi,Democrat,IL,4,227,103.0
Raja Krishnamoorthi,Democrat,IL,5,290,134.0
Raja Krishnamoorthi,Democrat,IL,6,303,154.0
Raja Krishnamoorthi,Democrat,IL,7,313,142.0
Raja Krishnamoorthi,Democrat,IL,8,383,175.0
Raja Krishnamoorthi,Democrat,IL,9,429,197.0
Raja Krishnamoorthi,Democrat,IL,10,433,210.0
Raja Krishnamoorthi,Democrat,IL,11,423,207.0
Raja Krishnamoorthi,Democrat,IL,12,368,157.0
Raja Krishnamoorthi,Democrat,IL,13,317,128.0
Raja Krishnamoorthi,Democrat,IL,14,248,108.0
Raja Krishnamoorthi,Democrat,IL,15,181,78.0
Raja Krishnamoorthi,Democrat,IL,16,155,75.0
Raja Krishnamoorthi,Democrat,IL,17,71,35.0
Raja Krishnamoorthi,Democrat,IL,18,32,11.0
Raja Krishnamoorthi,Democrat,IL,19,10,6.0
Raja Krishnamoorthi,Democrat,IL,20,13,8.0
Raja Krishnamoorthi,Democrat,IL,21,1,0.0
Raja Krishnamoorthi,Democrat,IL,22,1,1.0
Ralph Norman,Republican,SC,0,13,2.0
Ralph Norman,Republican,SC,1,8,2.0
Ralph Norman,Republican,SC,2,8,3.0
Ralph Norman,Republican,SC,3,49,18.0
Ralph Norman,Republican,SC,4,111,47.0
Ralph Norman,Republican,SC,5,212,109.0
Ralph Norman,Republican,SC,6,301,170.0
Ralph Norman,Republican,SC,7,234,123.0
Ralph Norman,Republican,SC,8,328,170.0
Ralph Norman,Republican,SC,9,515,230.0
Ralph Norman,Republican,SC,10,560,237.0
Ralph Norman,Republican,SC,11,610,256.0
Ralph Norman,Republican,SC,12,448,201.0
Ralph Norman,Republican,SC,13,386,144.0
Ralph Norman,Republican,SC,14,406,140.0
Ralph Norman,Republican,SC,15,363,157.0
Ralph Norman,Republican,SC,16,342,106.0
Ralph Norman,Republican,SC,17,226,73.0
Ralph Norman,Republican,SC,18,105,29.0
Ralph Norman,Republican,SC,19,68,19.0
Ralph Norman,Republican,SC,20,76,23.0
Ralph Norman,Republican,SC,21,69,26.0
Ralph Norman,Republican,SC,22,47,15.0
Ralph Norman,Republican,SC,23,11,4.0
Rand Paul,Republican,KY,0,12,6.0
Rand Paul,Republican,KY,1,16,5.0
Rand Paul,Republican,KY,2,132,52.0
Rand Paul,Republican,KY,3,402,143.0
Rand Paul,Republican,KY,4,895,350.0
Rand Paul,Republican,KY,5,1779,697.0
Rand Paul,Republican,KY,6,2012,786.0
Rand Paul,Republican,KY,7,1856,761.0
Rand Paul,Republican,KY,8,1602,616.0
Rand Paul,Republican,KY,9,1622,634.0
Rand Paul,Republican,KY,10,1688,682.0
Rand Paul,Republican,KY,11,1603,622.0
Rand Paul,Republican,KY,12,1409,550.0
Rand Paul,Republican,KY,13,1116,411.0
Rand Paul,Republican,KY,14,984,398.0
Rand Paul,Republican,KY,15,1010,352.0
Rand Paul,Republican,KY,16,869,323.0
Rand Paul,Republican,KY,17,594,178.0
Rand Paul,Republican,KY,18,372,121.0
Rand Paul,Republican,KY,19,176,37.0
Rand Paul,Republican,KY,20,78,31.0
Rand Paul,Republican,KY,21,33,15.0
Rand Paul,Republican,KY,22,28,15.0
Rand Paul,Republican,KY,23,10,4.0
Randy Feenstra,Republican,IA,0,2,1.0
Randy Feenstra,Republican,IA,1,17,9.0
Randy Feenstra,Republican,IA,2,39,18.0
Randy Feenstra,Republican,IA,3,80,28.0
Randy Feenstra,Republican,IA,4,139,43.0
Randy Feenstra,Republican,IA,5,227,58.0
Randy Feenstra,Republican,IA,6,255,72.0
Randy Feenstra,Republican,IA,7,274,94.0
Randy Feenstra,Republican,IA,8,419,135.0
Randy Feenstra,Republican,IA,9,489,157.0
Randy Feenstra,Republican,IA,10,521,157.0
Randy Feenstra,Republican,IA,11,432,135.0
Randy Feenstra,Republican,IA,12,386,124.0
Randy Feenstra,Republican,IA,13,414,140.0
Randy Feenstra,Republican,IA,14,306,99.0
Randy Feenstra,Republican,IA,15,313,101.0
Randy Feenstra,Republican,IA,16,258,85.0
Randy Feenstra,Republican,IA,17,174,57.0
Randy Feenstra,Republican,IA,18,128,38.0
Randy Feenstra,Republican,IA,19,83,27.0
Randy Feenstra,Republican,IA,20,60,18.0
Randy Feenstra,Republican,IA,21,17,5.0
Randy Feenstra,Republican,IA,22,3,0.0
Randy Feenstra,Republican,IA,23,2,1.0
Randy Fine,Republican,FL,0,5,1.0
Randy Fine,Republican,FL,1,21,4.0
Randy Fine,Republican,FL,2,75,34.0
Randy Fine,Republican,FL,3,91,56.0
Randy Fine,Republican,FL,4,153,72.0
Randy Fine,Republican,FL,5,259,127.0
Randy Fine,Republican,FL,6,293,154.0
Randy Fine,Republican,FL,7,318,155.0
Randy Fine,Republican,FL,8,319,176.0
Randy Fine,Republican,FL,9,279,141.0
Randy Fine,Republican,FL,10,316,165.0
Randy Fine,Republican,FL,11,315,164.0
Randy Fine,Republican,FL,12,284,153.0
Randy Fine,Republican,FL,13,287,158.0
Randy Fine,Republican,FL,14,256,141.0
Randy Fine,Republican,FL,15,244,127.0
Randy Fine,Republican,FL,16,251,117.0
Randy Fine,Republican,FL,17,206,90.0
Randy Fine,Republican,FL,18,158,71.0
Randy Fine,Republican,FL,19,60,20.0
Randy Fine,Republican,FL,20,38,14.0
Randy Fine,Republican,FL,21,2,2.0
Randy Fine,Republican,FL,22,3,0.0
Randy Fine,Republican,FL,23,6,3.0
Randy Hultgren R-IL,Republican,IL,0,2,0.0
Randy Hultgren R-IL,Republican,IL,2,2,0.0
Randy Hultgren R-IL,Republican,IL,5,4,0.0
Randy Hultgren R-IL,Republican,IL,6,10,0.0
Randy Hultgren R-IL,Republican,IL,7,64,5.0
Randy Hultgren R-IL,Republican,IL,8,185,14.0
Randy Hultgren R-IL,Republican,IL,9,370,52.0
Randy Hultgren R-IL,Republican,IL,10,439,64.0
Randy Hultgren R-IL,Republican,IL,11,346,49.0
Randy Hultgren R-IL,Republican,IL,12,241,31.0
Randy Hultgren R-IL,Republican,IL,13,305,48.0
Randy Hultgren R-IL,Republican,IL,14,353,70.0
Randy Hultgren R-IL,Republican,IL,15,229,32.0
Randy Hultgren R-IL,Republican,IL,16,204,27.0
Randy Hultgren R-IL,Republican,IL,17,163,29.0
Randy Hultgren R-IL,Republican,IL,18,59,7.0
Randy Hultgren R-IL,Republican,IL,19,70,19.0
Randy Hultgren R-IL,Republican,IL,20,68,15.0
Randy Hultgren R-IL,Republican,IL,21,23,6.0
Randy Hultgren R-IL,Republican,IL,22,5,1.0
Randy Hultgren R-IL,Republican,IL,23,2,0.0
Raphael G. Warnock,Democrat,GA,1,3,0.0
Raphael G. Warnock,Democrat,GA,2,23,2.0
Raphael G. Warnock,Democrat,GA,3,55,9.0
Raphael G. Warnock,Democrat,GA,4,140,22.0
Raphael G. Warnock,Democrat,GA,5,327,70.0
Raphael G. Warnock,Democrat,GA,6,435,128.0
Raphael G. Warnock,Democrat,GA,7,404,133.0
Raphael G. Warnock,Democrat,GA,8,453,122.0
Raphael G. Warnock,Democrat,GA,9,586,139.0
Raphael G. Warnock,Democrat,GA,10,627,138.0
Raphael G. Warnock,Democrat,GA,11,745,199.0
Raphael G. Warnock,Democrat,GA,12,755,195.0
Raphael G. Warnock,Democrat,GA,13,732,163.0
Raphael G. Warnock,Democrat,GA,14,693,139.0
Raphael G. Warnock,Democrat,GA,15,639,120.0
Raphael G. Warnock,Democrat,GA,16,542,89.0
Raphael G. Warnock,Democrat,GA,17,466,69.0
Raphael G. Warnock,Democrat,GA,18,387,62.0
Raphael G. Warnock,Democrat,GA,19,241,26.0
Raphael G. Warnock,Democrat,GA,20,106,19.0
Raphael G. Warnock,Democrat,GA,21,30,5.0
Raphael G. Warnock,Democrat,GA,22,16,1.0
Raphael G. Warnock,Democrat,GA,23,7,1.0
Rashida Tlaib,Democrat,MI,0,6,3.0
Rashida Tlaib,Democrat,MI,1,32,15.0
Rashida Tlaib,Democrat,MI,2,82,44.0
Rashida Tlaib,Democrat,MI,3,158,84.0
Rashida Tlaib,Democrat,MI,4,323,176.0
Rashida Tlaib,Democrat,MI,5,401,201.0
Rashida Tlaib,Democrat,MI,6,433,230.0
Rashida Tlaib,Democrat,MI,7,494,237.0
Rashida Tlaib,Democrat,MI,8,593,297.0
Rashida Tlaib,Democrat,MI,9,772,354.0
Rashida Tlaib,Democrat,MI,10,832,400.0
Rashida Tlaib,Democrat,MI,11,858,389.0
Rashida Tlaib,Democrat,MI,12,848,379.0
Rashida Tlaib,Democrat,MI,13,747,363.0
Rashida Tlaib,Democrat,MI,14,712,320.0
Rashida Tlaib,Democrat,MI,15,625,300.0
Rashida Tlaib,Democrat,MI,16,697,311.0
Rashida Tlaib,Democrat,MI,17,662,286.0
Rashida Tlaib,Democrat,MI,18,432,221.0
Rashida Tlaib,Democrat,MI,19,192,86.0
Rashida Tlaib,Democrat,MI,20,63,26.0
Rashida Tlaib,Democrat,MI,21,74,28.0
Rashida Tlaib,Democrat,MI,22,27,9.0
Rashida Tlaib,Democrat,MI,23,14,7.0
Raul Ruiz,Democrat,CA,0,6,2.0
Raul Ruiz,Democrat,CA,1,8,2.0
Raul Ruiz,Democrat,CA,2,29,6.0
Raul Ruiz,Democrat,CA,3,50,6.0
Raul Ruiz,Democrat,CA,4,107,23.0
Raul Ruiz,Democrat,CA,5,89,19.0
Raul Ruiz,Democrat,CA,6,164,27.0
Raul Ruiz,Democrat,CA,7,258,36.0
Raul Ruiz,Democrat,CA,8,305,39.0
Raul Ruiz,Democrat,CA,9,376,62.0
Raul Ruiz,Democrat,CA,10,385,52.0
Raul Ruiz,Democrat,CA,11,400,47.0
Raul Ruiz,Democrat,CA,12,427,34.0
Raul Ruiz,Democrat,CA,13,446,64.0
Raul Ruiz,Democrat,CA,14,461,70.0
Raul Ruiz,Democrat,CA,15,432,36.0
Raul Ruiz,Democrat,CA,16,398,41.0
Raul Ruiz,Democrat,CA,17,363,25.0
Raul Ruiz,Democrat,CA,18,343,27.0
Raul Ruiz,Democrat,CA,19,248,7.0
Raul Ruiz,Democrat,CA,20,125,7.0
Raul Ruiz,Democrat,CA,21,13,1.0
Raul Ruiz,Democrat,CA,22,1,0.0
Raul Ruiz,Democrat,CA,23,5,1.0
Richard Blumenthal,Democrat,CT,0,7,0.0
Richard Blumenthal,Democrat,CT,1,4,4.0
Richard Blumenthal,Democrat,CT,2,21,15.0
Richard Blumenthal,Democrat,CT,3,94,57.0
Richard Blumenthal,Democrat,CT,4,255,137.0
Richard Blumenthal,Democrat,CT,5,487,254.0
Richard Blumenthal,Democrat,CT,6,584,316.0
Richard Blumenthal,Democrat,CT,7,617,331.0
Richard Blumenthal,Democrat,CT,8,906,488.0
Richard Blumenthal,Democrat,CT,9,1524,650.0
Richard Blumenthal,Democrat,CT,10,1959,856.0
Richard Blumenthal,Democrat,CT,11,2224,928.0
Richard Blumenthal,Democrat,CT,12,2278,930.0
Richard Blumenthal,Democrat,CT,13,2462,1006.0
Richard Blumenthal,Democrat,CT,14,2441,1033.0
Richard Blumenthal,Democrat,CT,15,2288,881.0
Richard Blumenthal,Democrat,CT,16,2202,831.0
Richard Blumenthal,Democrat,CT,17,1929,751.0
Richard Blumenthal,Democrat,CT,18,1485,606.0
Richard Blumenthal,Democrat,CT,19,1106,440.0
Richard Blumenthal,Democrat,CT,20,956,368.0
Richard Blumenthal,Democrat,CT,21,588,241.0
Richard Blumenthal,Democrat,CT,22,341,130.0
Richard Blumenthal,Democrat,CT,23,125,39.0
Richard Burr R-NC,Republican,NC,0,4,1.0
Richard Burr R-NC,Republican,NC,5,4,0.0
Richard Burr R-NC,Republican,NC,6,1,0.0
Richard Burr R-NC,Republican,NC,7,20,0.0
Richard Burr R-NC,Republican,NC,8,56,1.0
Richard Burr R-NC,Republican,NC,9,200,32.0
Richard Burr R-NC,Republican,NC,10,314,66.0
Richard Burr R-NC,Republican,NC,11,343,54.0
Richard Burr R-NC,Republican,NC,12,351,66.0
Richard Burr R-NC,Republican,NC,13,329,65.0
Richard Burr R-NC,Republican,NC,14,362,58.0
Richard Burr R-NC,Republican,NC,15,374,61.0
Richard Burr R-NC,Republican,NC,16,368,68.0
Richard Burr R-NC,Republican,NC,17,266,52.0
Richard Burr R-NC,Republican,NC,18,85,13.0
Richard Burr R-NC,Republican,NC,19,49,5.0
Richard Burr R-NC,Republican,NC,20,36,4.0
Richard Burr R-NC,Republican,NC,21,12,2.0
Richard Burr R-NC,Republican,NC,22,13,0.0
Richard Burr R-NC,Republican,NC,23,10,1.0
Richard E. Neal,Democrat,MA,0,1,1.0
Richard E. Neal,Democrat,MA,1,1,0.0
Richard E. Neal,Democrat,MA,2,6,1.0
Richard E. Neal,Democrat,MA,3,40,6.0
Richard E. Neal,Democrat,MA,4,114,16.0
Richard E. Neal,Democrat,MA,5,220,57.0
Richard E. Neal,Democrat,MA,6,202,50.0
Richard E. Neal,Democrat,MA,7,188,63.0
Richard E. Neal,Democrat,MA,8,315,64.0
Richard E. Neal,Democrat,MA,9,678,90.0
Richard E. Neal,Democrat,MA,10,661,115.0
Richard E. Neal,Democrat,MA,11,579,97.0
Richard E. Neal,Democrat,MA,12,469,81.0
Richard E. Neal,Democrat,MA,13,464,77.0
Richard E. Neal,Democrat,MA,14,444,52.0
Richard E. Neal,Democrat,MA,15,382,52.0
Richard E. Neal,Democrat,MA,16,308,48.0
Richard E. Neal,Democrat,MA,17,115,11.0
Richard E. Neal,Democrat,MA,18,70,12.0
Richard E. Neal,Democrat,MA,19,59,15.0
Richard E. Neal,Democrat,MA,20,45,5.0
Richard E. Neal,Democrat,MA,21,44,5.0
Richard E. Neal,Democrat,MA,22,33,3.0
Richard E. Neal,Democrat,MA,23,12,0.0
Richard Hudson,Republican,NC,0,64,15.0
Richard Hudson,Republican,NC,1,13,3.0
Richard Hudson,Republican,NC,2,12,3.0
Richard Hudson,Republican,NC,3,21,7.0
Richard Hudson,Republican,NC,4,67,17.0
Richard Hudson,Republican,NC,5,187,64.0
Richard Hudson,Republican,NC,6,278,86.0
Richard Hudson,Republican,NC,7,352,94.0
Richard Hudson,Republican,NC,8,473,120.0
Richard Hudson,Republican,NC,9,904,216.0
Richard Hudson,Republican,NC,10,1240,316.0
Richard Hudson,Republican,NC,11,1043,282.0
Richard Hudson,Republican,NC,12,828,214.0
Richard Hudson,Republican,NC,13,821,258.0
Richard Hudson,Republican,NC,14,700,174.0
Richard Hudson,Republican,NC,15,732,199.0
Richard Hudson,Republican,NC,16,622,151.0
Richard Hudson,Republican,NC,17,640,160.0
Richard Hudson,Republican,NC,18,348,98.0
Richard Hudson,Republican,NC,19,240,56.0
Richard Hudson,Republican,NC,20,194,42.0
Richard Hudson,Republican,NC,21,183,38.0
Richard Hudson,Republican,NC,22,145,33.0
Richard Hudson,Republican,NC,23,113,23.0
Richard J. Durbin,Democrat,IL,0,11,2.0
Richard J. Durbin,Democrat,IL,1,26,6.0
Richard J. Durbin,Democrat,IL,2,54,14.0
Richard J. Durbin,Democrat,IL,3,198,81.0
Richard J. Durbin,Democrat,IL,4,444,196.0
Richard J. Durbin,Democrat,IL,5,648,303.0
Richard J. Durbin,Democrat,IL,6,787,379.0
Richard J. Durbin,Democrat,IL,7,1066,450.0
Richard J. Durbin,Democrat,IL,8,1603,614.0
Richard J. Durbin,Democrat,IL,9,2402,837.0
Richard J. Durbin,Democrat,IL,10,2796,1036.0
Richard J. Durbin,Democrat,IL,11,2939,1092.0
Richard J. Durbin,Democrat,IL,12,2903,1017.0
Richard J. Durbin,Democrat,IL,13,2803,948.0
Richard J. Durbin,Democrat,IL,14,2713,912.0
Richard J. Durbin,Democrat,IL,15,2689,977.0
Richard J. Durbin,Democrat,IL,16,2495,768.0
Richard J. Durbin,Democrat,IL,17,1768,532.0
Richard J. Durbin,Democrat,IL,18,985,346.0
Richard J. Durbin,Democrat,IL,19,662,234.0
Richard J. Durbin,Democrat,IL,20,338,113.0
Richard J. Durbin,Democrat,IL,21,110,39.0
Richard J. Durbin,Democrat,IL,22,50,19.0
Richard J. Durbin,Democrat,IL,23,20,10.0
Rick Larsen,Democrat,WA,0,33,5.0
Rick Larsen,Democrat,WA,1,45,7.0
Rick Larsen,Democrat,WA,2,82,6.0
Rick Larsen,Democrat,WA,3,169,16.0
Rick Larsen,Democrat,WA,4,312,50.0
Rick Larsen,Democrat,WA,5,365,51.0
Rick Larsen,Democrat,WA,6,672,98.0
Rick Larsen,Democrat,WA,7,832,109.0
Rick Larsen,Democrat,WA,8,1208,143.0
Rick Larsen,Democrat,WA,9,1333,173.0
Rick Larsen,Democrat,WA,10,1306,173.0
Rick Larsen,Democrat,WA,11,1348,188.0
Rick Larsen,Democrat,WA,12,1358,192.0
Rick Larsen,Democrat,WA,13,1304,164.0
Rick Larsen,Democrat,WA,14,1367,182.0
Rick Larsen,Democrat,WA,15,1087,146.0
Rick Larsen,Democrat,WA,16,888,141.0
Rick Larsen,Democrat,WA,17,786,137.0
Rick Larsen,Democrat,WA,18,699,116.0
Rick Larsen,Democrat,WA,19,542,104.0
Rick Larsen,Democrat,WA,20,418,63.0
Rick Larsen,Democrat,WA,21,224,29.0
Rick Larsen,Democrat,WA,22,95,12.0
Rick Larsen,Democrat,WA,23,43,8.0
Rick Scott,Republican,FL,0,13,4.0
Rick Scott,Republican,FL,1,38,17.0
Rick Scott,Republican,FL,2,208,76.0
Rick Scott,Republican,FL,3,390,164.0
Rick Scott,Republican,FL,4,690,350.0
Rick Scott,Republican,FL,5,1038,525.0
Rick Scott,Republican,FL,6,1234,666.0
Rick Scott,Republican,FL,7,1401,738.0
Rick Scott,Republican,FL,8,1528,797.0
Rick Scott,Republican,FL,9,1917,976.0
Rick Scott,Republican,FL,10,2044,1071.0
Rick Scott,Republican,FL,11,2151,1077.0
Rick Scott,Republican,FL,12,2084,1076.0
Rick Scott,Republican,FL,13,1947,975.0
Rick Scott,Republican,FL,14,1833,867.0
Rick Scott,Republican,FL,15,1712,857.0
Rick Scott,Republican,FL,16,1540,742.0
Rick Scott,Republican,FL,17,1297,587.0
Rick Scott,Republican,FL,18,846,403.0
Rick Scott,Republican,FL,19,643,285.0
Rick Scott,Republican,FL,20,461,206.0
Rick Scott,Republican,FL,21,261,118.0
Rick Scott,Republican,FL,22,132,64.0
Rick Scott,Republican,FL,23,28,17.0
Rick W. Allen,Republican,GA,0,2,0.0
Rick W. Allen,Republican,GA,2,3,0.0
Rick W. Allen,Republican,GA,3,13,3.0
Rick W. Allen,Republican,GA,4,36,11.0
Rick W. Allen,Republican,GA,5,110,29.0
Rick W. Allen,Republican,GA,6,144,30.0
Rick W. Allen,Republican,GA,7,117,34.0
Rick W. Allen,Republican,GA,8,139,24.0
Rick W. Allen,Republican,GA,9,345,33.0
Rick W. Allen,Republican,GA,10,348,52.0
Rick W. Allen,Republican,GA,11,361,72.0
Rick W. Allen,Republican,GA,12,271,61.0
Rick W. Allen,Republican,GA,13,235,47.0
Rick W. Allen,Republican,GA,14,248,39.0
Rick W. Allen,Republican,GA,15,238,33.0
Rick W. Allen,Republican,GA,16,296,49.0
Rick W. Allen,Republican,GA,17,206,38.0
Rick W. Allen,Republican,GA,18,116,19.0
Rick W. Allen,Republican,GA,19,66,15.0
Rick W. Allen,Republican,GA,20,23,4.0
Rick W. Allen,Republican,GA,21,38,10.0
Rick W. Allen,Republican,GA,22,16,5.0
Rick W. Allen,Republican,GA,23,8,1.0
Ritchie Torres,Democrat,NY,0,8,1.0
Ritchie Torres,Democrat,NY,1,22,10.0
Ritchie Torres,Democrat,NY,2,40,15.0
Ritchie Torres,Democrat,NY,3,171,77.0
Ritchie Torres,Democrat,NY,4,370,172.0
Ritchie Torres,Democrat,NY,5,413,210.0
Ritchie Torres,Democrat,NY,6,433,199.0
Ritchie Torres,Democrat,NY,7,431,215.0
Ritchie Torres,Democrat,NY,8,494,213.0
Ritchie Torres,Democrat,NY,9,591,226.0
Ritchie Torres,Democrat,NY,10,615,252.0
Ritchie Torres,Democrat,NY,11,645,244.0
Ritchie Torres,Democrat,NY,12,628,223.0
Ritchie Torres,Democrat,NY,13,591,215.0
Ritchie Torres,Democrat,NY,14,584,224.0
Ritchie Torres,Democrat,NY,15,548,198.0
Ritchie Torres,Democrat,NY,16,551,190.0
Ritchie Torres,Democrat,NY,17,481,186.0
Ritchie Torres,Democrat,NY,18,397,170.0
Ritchie Torres,Democrat,NY,19,245,87.0
Ritchie Torres,Democrat,NY,20,162,43.0
Ritchie Torres,Democrat,NY,21,114,26.0
Ritchie Torres,Democrat,NY,22,40,9.0
Ritchie Torres,Democrat,NY,23,16,7.0
Ro Khanna,Democrat,CA,0,473,182.0
Ro Khanna,Democrat,CA,1,791,280.0
Ro Khanna,Democrat,CA,2,1528,641.0
Ro Khanna,Democrat,CA,3,1943,881.0
Ro Khanna,Democrat,CA,4,1703,715.0
Ro Khanna,Democrat,CA,5,1995,879.0
Ro Khanna,Democrat,CA,6,2252,913.0
Ro Khanna,Democrat,CA,7,2758,1174.0
Ro Khanna,Democrat,CA,8,2508,1001.0
Ro Khanna,Democrat,CA,9,2688,1139.0
Ro Khanna,Democrat,CA,10,2503,966.0
Ro Khanna,Democrat,CA,11,2724,1174.0
Ro Khanna,Democrat,CA,12,2347,878.0
Ro Khanna,Democrat,CA,13,2470,1022.0
Ro Khanna,Democrat,CA,14,2061,736.0
Ro Khanna,Democrat,CA,15,1938,771.0
Ro Khanna,Democrat,CA,16,1329,472.0
Ro Khanna,Democrat,CA,17,737,224.0
Ro Khanna,Democrat,CA,18,485,158.0
Ro Khanna,Democrat,CA,19,339,95.0
Ro Khanna,Democrat,CA,20,102,24.0
Ro Khanna,Democrat,CA,21,58,16.0
Ro Khanna,Democrat,CA,22,69,19.0
Ro Khanna,Democrat,CA,23,227,77.0
Rob Goodlatte R-VA,Republican,VA,0,4,3.0
Rob Goodlatte R-VA,Republican,VA,2,1,0.0
Rob Goodlatte R-VA,Republican,VA,5,1,0.0
Rob Goodlatte R-VA,Republican,VA,6,23,1.0
Rob Goodlatte R-VA,Republican,VA,7,92,7.0
Rob Goodlatte R-VA,Republican,VA,8,261,24.0
Rob Goodlatte R-VA,Republican,VA,9,402,48.0
Rob Goodlatte R-VA,Republican,VA,10,396,70.0
Rob Goodlatte R-VA,Republican,VA,11,326,41.0
Rob Goodlatte R-VA,Republican,VA,12,298,47.0
Rob Goodlatte R-VA,Republican,VA,13,329,37.0
Rob Goodlatte R-VA,Republican,VA,14,369,50.0
Rob Goodlatte R-VA,Republican,VA,15,347,59.0
Rob Goodlatte R-VA,Republican,VA,16,374,55.0
Rob Goodlatte R-VA,Republican,VA,17,327,52.0
Rob Goodlatte R-VA,Republican,VA,18,196,31.0
Rob Goodlatte R-VA,Republican,VA,19,62,10.0
Rob Goodlatte R-VA,Republican,VA,20,48,8.0
Rob Goodlatte R-VA,Republican,VA,21,38,3.0
Rob Goodlatte R-VA,Republican,VA,22,43,10.0
Rob Goodlatte R-VA,Republican,VA,23,13,1.0
Rob Portman R-OH,Republican,OH,0,34,8.0
Rob Portman R-OH,Republican,OH,2,8,0.0
Rob Portman R-OH,Republican,OH,5,1,0.0
Rob Portman R-OH,Republican,OH,6,11,0.0
Rob Portman R-OH,Republican,OH,7,66,13.0
Rob Portman R-OH,Republican,OH,8,170,13.0
Rob Portman R-OH,Republican,OH,9,635,94.0
Rob Portman R-OH,Republican,OH,10,1297,173.0
Rob Portman R-OH,Republican,OH,11,1697,266.0
Rob Portman R-OH,Republican,OH,12,1688,235.0
Rob Portman R-OH,Republican,OH,13,1860,317.0
Rob Portman R-OH,Republican,OH,14,1986,331.0
Rob Portman R-OH,Republican,OH,15,1960,342.0
Rob Portman R-OH,Republican,OH,16,2012,344.0
Rob Portman R-OH,Republican,OH,17,1799,314.0
Rob Portman R-OH,Republican,OH,18,1436,276.0
Rob Portman R-OH,Republican,OH,19,953,146.0
Rob Portman R-OH,Republican,OH,20,691,114.0
Rob Portman R-OH,Republican,OH,21,434,80.0
Rob Portman R-OH,Republican,OH,22,288,58.0
Rob Portman R-OH,Republican,OH,23,106,23.0
"Robert C. ""Bobby"" Scott",Democrat,VA,0,4,0.0
"Robert C. ""Bobby"" Scott",Democrat,VA,1,1,0.0
"Robert C. ""Bobby"" Scott",Democrat,VA,2,2,1.0
"Robert C. ""Bobby"" Scott",Democrat,VA,3,16,2.0
"Robert C. ""Bobby"" Scott",Democrat,VA,4,39,8.0
"Robert C. ""Bobby"" Scott",Democrat,VA,5,94,22.0
"Robert C. ""Bobby"" Scott",Democrat,VA,6,145,40.0
"Robert C. ""Bobby"" Scott",Democrat,VA,7,165,54.0
"Robert C. ""Bobby"" Scott",Democrat,VA,8,149,51.0
"Robert C. ""Bobby"" Scott",Democrat,VA,9,207,68.0
"Robert C. ""Bobby"" Scott",Democrat,VA,10,265,93.0
"Robert C. ""Bobby"" Scott",Democrat,VA,11,228,69.0
"Robert C. ""Bobby"" Scott",Democrat,VA,12,281,96.0
"Robert C. ""Bobby"" Scott",Democrat,VA,13,298,84.0
"Robert C. ""Bobby"" Scott",Democrat,VA,14,219,51.0
"Robert C. ""Bobby"" Scott",Democrat,VA,15,218,31.0
"Robert C. ""Bobby"" Scott",Democrat,VA,16,236,24.0
"Robert C. ""Bobby"" Scott",Democrat,VA,17,254,27.0
"Robert C. ""Bobby"" Scott",Democrat,VA,18,160,11.0
"Robert C. ""Bobby"" Scott",Democrat,VA,19,111,7.0
"Robert C. ""Bobby"" Scott",Democrat,VA,20,77,5.0
"Robert C. ""Bobby"" Scott",Democrat,VA,21,90,6.0
"Robert C. ""Bobby"" Scott",Democrat,VA,22,68,2.0
"Robert C. ""Bobby"" Scott",Democrat,VA,23,35,1.0
Robert J. Wittman,Republican,VA,1,4,0.0
Robert J. Wittman,Republican,VA,2,13,1.0
Robert J. Wittman,Republican,VA,3,26,1.0
Robert J. Wittman,Republican,VA,4,116,15.0
Robert J. Wittman,Republican,VA,5,167,17.0
Robert J. Wittman,Republican,VA,6,232,26.0
Robert J. Wittman,Republican,VA,7,190,32.0
Robert J. Wittman,Republican,VA,8,221,27.0
Robert J. Wittman,Republican,VA,9,249,36.0
Robert J. Wittman,Republican,VA,10,269,46.0
Robert J. Wittman,Republican,VA,11,313,40.0
Robert J. Wittman,Republican,VA,12,361,55.0
Robert J. Wittman,Republican,VA,13,224,32.0
Robert J. Wittman,Republican,VA,14,191,34.0
Robert J. Wittman,Republican,VA,15,163,42.0
Robert J. Wittman,Republican,VA,16,155,33.0
Robert J. Wittman,Republican,VA,17,141,33.0
Robert J. Wittman,Republican,VA,18,95,19.0
Robert J. Wittman,Republican,VA,19,32,5.0
Robert J. Wittman,Republican,VA,20,27,12.0
Robert J. Wittman,Republican,VA,21,6,3.0
Robert J. Wittman,Republican,VA,22,6,4.0
Robert J. Wittman,Republican,VA,23,7,1.0
Robert Pittenger R-NC,Republican,NC,0,7,7.0
Robert Pittenger R-NC,Republican,NC,1,1,0.0
Robert Pittenger R-NC,Republican,NC,5,2,0.0
Robert Pittenger R-NC,Republican,NC,6,41,3.0
Robert Pittenger R-NC,Republican,NC,7,91,14.0
Robert Pittenger R-NC,Republican,NC,8,138,19.0
Robert Pittenger R-NC,Republican,NC,9,316,56.0
Robert Pittenger R-NC,Republican,NC,10,541,101.0
Robert Pittenger R-NC,Republican,NC,11,633,128.0
Robert Pittenger R-NC,Republican,NC,12,544,122.0
Robert Pittenger R-NC,Republican,NC,13,487,95.0
Robert Pittenger R-NC,Republican,NC,14,599,118.0
Robert Pittenger R-NC,Republican,NC,15,601,119.0
Robert Pittenger R-NC,Republican,NC,16,632,144.0
Robert Pittenger R-NC,Republican,NC,17,535,114.0
Robert Pittenger R-NC,Republican,NC,18,332,57.0
Robert Pittenger R-NC,Republican,NC,19,249,58.0
Robert Pittenger R-NC,Republican,NC,20,225,30.0
Robert Pittenger R-NC,Republican,NC,21,103,10.0
Robert Pittenger R-NC,Republican,NC,22,98,11.0
Robert Pittenger R-NC,Republican,NC,23,14,2.0
Robin L. Kelly,Democrat,IL,0,3,2.0
Robin L. Kelly,Democrat,IL,1,4,2.0
Robin L. Kelly,Democrat,IL,2,27,8.0
Robin L. Kelly,Democrat,IL,3,57,16.0
Robin L. Kelly,Democrat,IL,4,131,51.0
Robin L. Kelly,Democrat,IL,5,183,62.0
Robin L. Kelly,Democrat,IL,6,299,111.0
Robin L. Kelly,Democrat,IL,7,233,82.0
Robin L. Kelly,Democrat,IL,8,596,165.0
Robin L. Kelly,Democrat,IL,9,744,237.0
Robin L. Kelly,Democrat,IL,10,867,255.0
Robin L. Kelly,Democrat,IL,11,824,229.0
Robin L. Kelly,Democrat,IL,12,920,299.0
Robin L. Kelly,Democrat,IL,13,831,211.0
Robin L. Kelly,Democrat,IL,14,910,249.0
Robin L. Kelly,Democrat,IL,15,790,202.0
Robin L. Kelly,Democrat,IL,16,655,195.0
Robin L. Kelly,Democrat,IL,17,400,81.0
Robin L. Kelly,Democrat,IL,18,180,51.0
Robin L. Kelly,Democrat,IL,19,134,28.0
Robin L. Kelly,Democrat,IL,20,102,24.0
Robin L. Kelly,Democrat,IL,21,71,15.0
Robin L. Kelly,Democrat,IL,22,22,7.0
Robin L. Kelly,Democrat,IL,23,9,5.0
Roger F. Wicker,Republican,MS,0,2,0.0
Roger F. Wicker,Republican,MS,1,4,0.0
Roger F. Wicker,Republican,MS,2,9,0.0
Roger F. Wicker,Republican,MS,3,89,31.0
Roger F. Wicker,Republican,MS,4,181,58.0
Roger F. Wicker,Republican,MS,5,228,77.0
Roger F. Wicker,Republican,MS,6,272,86.0
Roger F. Wicker,Republican,MS,7,305,96.0
Roger F. Wicker,Republican,MS,8,787,231.0
Roger F. Wicker,Republican,MS,9,1144,284.0
Roger F. Wicker,Republican,MS,10,1281,323.0
Roger F. Wicker,Republican,MS,11,1288,278.0
Roger F. Wicker,Republican,MS,12,1174,297.0
Roger F. Wicker,Republican,MS,13,1213,306.0
Roger F. Wicker,Republican,MS,14,1236,263.0
Roger F. Wicker,Republican,MS,15,1227,287.0
Roger F. Wicker,Republican,MS,16,1119,235.0
Roger F. Wicker,Republican,MS,17,713,148.0
Roger F. Wicker,Republican,MS,18,323,68.0
Roger F. Wicker,Republican,MS,19,208,34.0
Roger F. Wicker,Republican,MS,20,112,20.0
Roger F. Wicker,Republican,MS,21,77,16.0
Roger F. Wicker,Republican,MS,22,22,4.0
Roger F. Wicker,Republican,MS,23,5,1.0
Roger Marshall,Republican,KS,0,5,1.0
Roger Marshall,Republican,KS,1,23,7.0
Roger Marshall,Republican,KS,2,76,18.0
Roger Marshall,Republican,KS,3,222,70.0
Roger Marshall,Republican,KS,4,375,129.0
Roger Marshall,Republican,KS,5,452,167.0
Roger Marshall,Republican,KS,6,427,168.0
Roger Marshall,Republican,KS,7,437,184.0
Roger Marshall,Republican,KS,8,417,181.0
Roger Marshall,Republican,KS,9,441,172.0
Roger Marshall,Republican,KS,10,446,186.0
Roger Marshall,Republican,KS,11,429,194.0
Roger Marshall,Republican,KS,12,345,142.0
Roger Marshall,Republican,KS,13,232,101.0
Roger Marshall,Republican,KS,14,214,81.0
Roger Marshall,Republican,KS,15,191,76.0
Roger Marshall,Republican,KS,16,178,73.0
Roger Marshall,Republican,KS,17,59,24.0
Roger Marshall,Republican,KS,18,23,14.0
Roger Marshall,Republican,KS,19,5,1.0
Roger Marshall,Republican,KS,20,5,3.0
Roger Marshall,Republican,KS,21,2,1.0
Roger Marshall,Republican,KS,23,1,1.0
Roger Williams,Republican,TX,0,7,1.0
Roger Williams,Republican,TX,1,6,0.0
Roger Williams,Republican,TX,2,28,4.0
Roger Williams,Republican,TX,3,99,13.0
Roger Williams,Republican,TX,4,173,36.0
Roger Williams,Republican,TX,5,245,62.0
Roger Williams,Republican,TX,6,283,50.0
Roger Williams,Republican,TX,7,428,79.0
Roger Williams,Republican,TX,8,852,204.0
Roger Williams,Republican,TX,9,1092,274.0
Roger Williams,Republican,TX,10,934,251.0
Roger Williams,Republican,TX,11,674,180.0
Roger Williams,Republican,TX,12,680,195.0
Roger Williams,Republican,TX,13,693,195.0
Roger Williams,Republican,TX,14,645,198.0
Roger Williams,Republican,TX,15,551,142.0
Roger Williams,Republican,TX,16,473,129.0
Roger Williams,Republican,TX,17,261,55.0
Roger Williams,Republican,TX,18,168,42.0
Roger Williams,Republican,TX,19,152,24.0
Roger Williams,Republican,TX,20,229,54.0
Roger Williams,Republican,TX,21,105,22.0
Roger Williams,Republican,TX,22,39,9.0
Roger Williams,Republican,TX,23,9,4.0
Ron Estes,Republican,KS,0,12,1.0
Ron Estes,Republican,KS,1,1,0.0
Ron Estes,Republican,KS,2,8,3.0
Ron Estes,Republican,KS,3,28,13.0
Ron Estes,Republican,KS,4,66,20.0
Ron Estes,Republican,KS,5,71,19.0
Ron Estes,Republican,KS,6,68,22.0
Ron Estes,Republican,KS,7,96,22.0
Ron Estes,Republican,KS,8,212,47.0
Ron Estes,Republican,KS,9,333,73.0
Ron Estes,Republican,KS,10,380,99.0
Ron Estes,Republican,KS,11,322,88.0
Ron Estes,Republican,KS,12,341,87.0
Ron Estes,Republican,KS,13,310,95.0
Ron Estes,Republican,KS,14,323,89.0
Ron Estes,Republican,KS,15,368,94.0
Ron Estes,Republican,KS,16,368,98.0
Ron Estes,Republican,KS,17,231,52.0
Ron Estes,Republican,KS,18,100,24.0
Ron Estes,Republican,KS,19,83,24.0
Ron Estes,Republican,KS,20,69,20.0
Ron Estes,Republican,KS,21,43,3.0
Ron Estes,Republican,KS,22,8,0.0
Ron Estes,Republican,KS,23,11,0.0
Ron Johnson,Republican,WI,0,6,3.0
Ron Johnson,Republican,WI,1,6,3.0
Ron Johnson,Republican,WI,2,50,27.0
Ron Johnson,Republican,WI,3,71,25.0
Ron Johnson,Republican,WI,4,135,53.0
Ron Johnson,Republican,WI,5,204,87.0
Ron Johnson,Republican,WI,6,297,110.0
Ron Johnson,Republican,WI,7,487,142.0
Ron Johnson,Republican,WI,8,722,173.0
Ron Johnson,Republican,WI,9,867,246.0
Ron Johnson,Republican,WI,10,828,281.0
Ron Johnson,Republican,WI,11,882,295.0
Ron Johnson,Republican,WI,12,900,301.0
Ron Johnson,Republican,WI,13,882,308.0
Ron Johnson,Republican,WI,14,772,250.0
Ron Johnson,Republican,WI,15,843,249.0
Ron Johnson,Republican,WI,16,875,275.0
Ron Johnson,Republican,WI,17,605,190.0
Ron Johnson,Republican,WI,18,429,135.0
Ron Johnson,Republican,WI,19,336,112.0
Ron Johnson,Republican,WI,20,292,111.0
Ron Johnson,Republican,WI,21,179,79.0
Ron Johnson,Republican,WI,22,46,14.0
Ron Johnson,Republican,WI,23,11,1.0
Ron Wyden,Democrat,OR,0,14,6.0
Ron Wyden,Democrat,OR,1,109,47.0
Ron Wyden,Democrat,OR,2,377,179.0
Ron Wyden,Democrat,OR,3,468,216.0
Ron Wyden,Democrat,OR,4,516,287.0
Ron Wyden,Democrat,OR,5,558,301.0
Ron Wyden,Democrat,OR,6,612,286.0
Ron Wyden,Democrat,OR,7,584,259.0
Ron Wyden,Democrat,OR,8,572,293.0
Ron Wyden,Democrat,OR,9,615,272.0
Ron Wyden,Democrat,OR,10,448,178.0
Ron Wyden,Democrat,OR,11,352,149.0
Ron Wyden,Democrat,OR,12,279,101.0
Ron Wyden,Democrat,OR,13,226,72.0
Ron Wyden,Democrat,OR,14,157,57.0
Ron Wyden,Democrat,OR,15,121,40.0
Ron Wyden,Democrat,OR,16,67,14.0
Ron Wyden,Democrat,OR,17,53,10.0
Ron Wyden,Democrat,OR,18,13,2.0
Ron Wyden,Democrat,OR,19,10,0.0
Ron Wyden,Democrat,OR,20,9,0.0
Ron Wyden,Democrat,OR,21,1,0.0
Ron Wyden,Democrat,OR,22,2,1.0
Ron Wyden,Democrat,OR,23,8,5.0
Ronny Jackson,Republican,TX,0,1,0.0
Ronny Jackson,Republican,TX,1,20,8.0
Ronny Jackson,Republican,TX,2,97,33.0
Ronny Jackson,Republican,TX,3,255,100.0
Ronny Jackson,Republican,TX,4,397,213.0
Ronny Jackson,Republican,TX,5,483,305.0
Ronny Jackson,Republican,TX,6,564,419.0
Ronny Jackson,Republican,TX,7,449,317.0
Ronny Jackson,Republican,TX,8,526,344.0
Ronny Jackson,Republican,TX,9,551,357.0
Ronny Jackson,Republican,TX,10,505,320.0
Ronny Jackson,Republican,TX,11,566,394.0
Ronny Jackson,Republican,TX,12,583,420.0
Ronny Jackson,Republican,TX,13,439,303.0
Ronny Jackson,Republican,TX,14,335,232.0
Ronny Jackson,Republican,TX,15,328,193.0
Ronny Jackson,Republican,TX,16,318,191.0
Ronny Jackson,Republican,TX,17,171,98.0
Ronny Jackson,Republican,TX,18,119,69.0
Ronny Jackson,Republican,TX,19,102,63.0
Ronny Jackson,Republican,TX,20,77,42.0
Ronny Jackson,Republican,TX,21,25,13.0
Ronny Jackson,Republican,TX,22,4,3.0
Ronny Jackson,Republican,TX,23,3,2.0
Rosa L. DeLauro,Democrat,CT,0,2,0.0
Rosa L. DeLauro,Democrat,CT,1,13,1.0
Rosa L. DeLauro,Democrat,CT,2,31,6.0
Rosa L. DeLauro,Democrat,CT,3,43,4.0
Rosa L. DeLauro,Democrat,CT,4,101,27.0
Rosa L. DeLauro,Democrat,CT,5,214,76.0
Rosa L. DeLauro,Democrat,CT,6,327,127.0
Rosa L. DeLauro,Democrat,CT,7,327,129.0
Rosa L. DeLauro,Democrat,CT,8,437,202.0
Rosa L. DeLauro,Democrat,CT,9,489,172.0
Rosa L. DeLauro,Democrat,CT,10,537,214.0
Rosa L. DeLauro,Democrat,CT,11,539,217.0
Rosa L. DeLauro,Democrat,CT,12,420,173.0
Rosa L. DeLauro,Democrat,CT,13,387,150.0
Rosa L. DeLauro,Democrat,CT,14,249,80.0
Rosa L. DeLauro,Democrat,CT,15,188,68.0
Rosa L. DeLauro,Democrat,CT,16,164,48.0
Rosa L. DeLauro,Democrat,CT,17,96,29.0
Rosa L. DeLauro,Democrat,CT,18,48,13.0
Rosa L. DeLauro,Democrat,CT,19,32,10.0
Rosa L. DeLauro,Democrat,CT,20,14,2.0
Rosa L. DeLauro,Democrat,CT,21,7,5.0
Rosa L. DeLauro,Democrat,CT,22,7,2.0
Rosa L. DeLauro,Democrat,CT,23,5,0.0
Ruben Gallego,Democrat,AZ,0,40,16.0
Ruben Gallego,Democrat,AZ,1,131,68.0
Ruben Gallego,Democrat,AZ,2,319,158.0
Ruben Gallego,Democrat,AZ,3,401,206.0
Ruben Gallego,Democrat,AZ,4,466,226.0
Ruben Gallego,Democrat,AZ,5,632,277.0
Ruben Gallego,Democrat,AZ,6,582,265.0
Ruben Gallego,Democrat,AZ,7,606,264.0
Ruben Gallego,Democrat,AZ,8,622,269.0
Ruben Gallego,Democrat,AZ,9,730,306.0
Ruben Gallego,Democrat,AZ,10,708,265.0
Ruben Gallego,Democrat,AZ,11,701,276.0
Ruben Gallego,Democrat,AZ,12,676,271.0
Ruben Gallego,Democrat,AZ,13,582,220.0
Ruben Gallego,Democrat,AZ,14,490,191.0
Ruben Gallego,Democrat,AZ,15,466,185.0
Ruben Gallego,Democrat,AZ,16,342,140.0
Ruben Gallego,Democrat,AZ,17,243,79.0
Ruben Gallego,Democrat,AZ,18,146,49.0
Ruben Gallego,Democrat,AZ,19,61,15.0
Ruben Gallego,Democrat,AZ,20,40,24.0
Ruben Gallego,Democrat,AZ,21,15,8.0
Ruben Gallego,Democrat,AZ,22,13,5.0
Ruben Gallego,Democrat,AZ,23,19,12.0
Russ Fulcher,Republican,ID,1,11,3.0
Russ Fulcher,Republican,ID,2,47,6.0
Russ Fulcher,Republican,ID,3,108,19.0
Russ Fulcher,Republican,ID,4,141,29.0
Russ Fulcher,Republican,ID,5,178,28.0
Russ Fulcher,Republican,ID,6,214,49.0
Russ Fulcher,Republican,ID,7,248,68.0
Russ Fulcher,Republican,ID,8,367,92.0
Russ Fulcher,Republican,ID,9,371,113.0
Russ Fulcher,Republican,ID,10,309,81.0
Russ Fulcher,Republican,ID,11,355,92.0
Russ Fulcher,Republican,ID,12,256,71.0
Russ Fulcher,Republican,ID,13,276,71.0
Russ Fulcher,Republican,ID,14,255,75.0
Russ Fulcher,Republican,ID,15,196,61.0
Russ Fulcher,Republican,ID,16,169,55.0
Russ Fulcher,Republican,ID,17,103,39.0
Russ Fulcher,Republican,ID,18,86,30.0
Russ Fulcher,Republican,ID,19,41,10.0
Russ Fulcher,Republican,ID,20,22,4.0
Russ Fulcher,Republican,ID,21,9,4.0
Russ Fulcher,Republican,ID,22,2,0.0
Salud O. Carbajal,Democrat,CA,0,5,0.0
Salud O. Carbajal,Democrat,CA,1,20,5.0
Salud O. Carbajal,Democrat,CA,2,48,8.0
Salud O. Carbajal,Democrat,CA,3,75,21.0
Salud O. Carbajal,Democrat,CA,4,156,34.0
Salud O. Carbajal,Democrat,CA,5,189,49.0
Salud O. Carbajal,Democrat,CA,6,364,87.0
Salud O. Carbajal,Democrat,CA,7,510,103.0
Salud O. Carbajal,Democrat,CA,8,606,145.0
Salud O. Carbajal,Democrat,CA,9,673,146.0
Salud O. Carbajal,Democrat,CA,10,683,122.0
Salud O. Carbajal,Democrat,CA,11,722,137.0
Salud O. Carbajal,Democrat,CA,12,731,141.0
Salud O. Carbajal,Democrat,CA,13,699,138.0
Salud O. Carbajal,Democrat,CA,14,639,119.0
Salud O. Carbajal,Democrat,CA,15,513,86.0
Salud O. Carbajal,Democrat,CA,16,503,88.0
Salud O. Carbajal,Democrat,CA,17,399,56.0
Salud O. Carbajal,Democrat,CA,18,365,63.0
Salud O. Carbajal,Democrat,CA,19,215,33.0
Salud O. Carbajal,Democrat,CA,20,76,10.0
Salud O. Carbajal,Democrat,CA,21,22,3.0
Salud O. Carbajal,Democrat,CA,22,10,0.0
Salud O. Carbajal,Democrat,CA,23,1,0.0
Sam Graves,Republican,MO,0,4,2.0
Sam Graves,Republican,MO,1,1,0.0
Sam Graves,Republican,MO,2,2,0.0
Sam Graves,Republican,MO,3,5,1.0
Sam Graves,Republican,MO,4,14,3.0
Sam Graves,Republican,MO,5,20,6.0
Sam Graves,Republican,MO,6,30,9.0
Sam Graves,Republican,MO,7,91,22.0
Sam Graves,Republican,MO,8,451,86.0
Sam Graves,Republican,MO,9,488,94.0
Sam Graves,Republican,MO,10,598,127.0
Sam Graves,Republican,MO,11,739,172.0
Sam Graves,Republican,MO,12,630,116.0
Sam Graves,Republican,MO,13,650,163.0
Sam Graves,Republican,MO,14,549,128.0
Sam Graves,Republican,MO,15,580,150.0
Sam Graves,Republican,MO,16,391,101.0
Sam Graves,Republican,MO,17,249,76.0
Sam Graves,Republican,MO,18,56,16.0
Sam Graves,Republican,MO,19,47,8.0
Sam Graves,Republican,MO,20,24,3.0
Sam Graves,Republican,MO,21,13,1.0
Sam Graves,Republican,MO,22,12,2.0
Sam Graves,Republican,MO,23,3,0.0
Sander Levin D-MI,Democrat,MI,0,5,3.0
Sander Levin D-MI,Democrat,MI,6,3,0.0
Sander Levin D-MI,Democrat,MI,7,19,10.0
Sander Levin D-MI,Democrat,MI,8,78,32.0
Sander Levin D-MI,Democrat,MI,9,370,150.0
Sander Levin D-MI,Democrat,MI,10,416,161.0
Sander Levin D-MI,Democrat,MI,11,380,142.0
Sander Levin D-MI,Democrat,MI,12,274,84.0
Sander Levin D-MI,Democrat,MI,13,303,122.0
Sander Levin D-MI,Democrat,MI,14,297,94.0
Sander Levin D-MI,Democrat,MI,15,260,123.0
Sander Levin D-MI,Democrat,MI,16,302,108.0
Sander Levin D-MI,Democrat,MI,17,176,72.0
Sander Levin D-MI,Democrat,MI,18,77,32.0
Sander Levin D-MI,Democrat,MI,19,31,11.0
Sander Levin D-MI,Democrat,MI,20,24,10.0
Sander Levin D-MI,Democrat,MI,21,16,5.0
Sander Levin D-MI,Democrat,MI,22,19,7.0
Sander Levin D-MI,Democrat,MI,23,4,0.0
Sara Jacobs,Democrat,CA,0,3,0.0
Sara Jacobs,Democrat,CA,1,18,4.0
Sara Jacobs,Democrat,CA,2,87,37.0
Sara Jacobs,Democrat,CA,3,163,71.0
Sara Jacobs,Democrat,CA,4,201,106.0
Sara Jacobs,Democrat,CA,5,209,104.0
Sara Jacobs,Democrat,CA,6,259,108.0
Sara Jacobs,Democrat,CA,7,422,150.0
Sara Jacobs,Democrat,CA,8,459,168.0
Sara Jacobs,Democrat,CA,9,462,160.0
Sara Jacobs,Democrat,CA,10,462,143.0
Sara Jacobs,Democrat,CA,11,425,118.0
Sara Jacobs,Democrat,CA,12,383,127.0
Sara Jacobs,Democrat,CA,13,358,98.0
Sara Jacobs,Democrat,CA,14,343,106.0
Sara Jacobs,Democrat,CA,15,237,57.0
Sara Jacobs,Democrat,CA,16,206,47.0
Sara Jacobs,Democrat,CA,17,142,28.0
Sara Jacobs,Democrat,CA,18,114,23.0
Sara Jacobs,Democrat,CA,19,65,12.0
Sara Jacobs,Democrat,CA,20,30,6.0
Sara Jacobs,Democrat,CA,21,17,1.0
Sara Jacobs,Democrat,CA,22,2,0.0
Sara Jacobs,Democrat,CA,23,1,0.0
"Sarbanes, John ",Democrat,MD,0,9,1.0
"Sarbanes, John ",Democrat,MD,1,1,0.0
"Sarbanes, John ",Democrat,MD,6,5,1.0
"Sarbanes, John ",Democrat,MD,7,57,15.0
"Sarbanes, John ",Democrat,MD,8,152,53.0
"Sarbanes, John ",Democrat,MD,9,242,57.0
"Sarbanes, John ",Democrat,MD,10,444,107.0
"Sarbanes, John ",Democrat,MD,11,446,124.0
"Sarbanes, John ",Democrat,MD,12,404,93.0
"Sarbanes, John ",Democrat,MD,13,451,129.0
"Sarbanes, John ",Democrat,MD,14,500,113.0
"Sarbanes, John ",Democrat,MD,15,419,112.0
"Sarbanes, John ",Democrat,MD,16,374,87.0
"Sarbanes, John ",Democrat,MD,17,432,102.0
"Sarbanes, John ",Democrat,MD,18,266,62.0
"Sarbanes, John ",Democrat,MD,19,182,52.0
"Sarbanes, John ",Democrat,MD,20,158,49.0
"Sarbanes, John ",Democrat,MD,21,100,26.0
"Sarbanes, John ",Democrat,MD,22,56,12.0
"Sarbanes, John ",Democrat,MD,23,12,6.0
Scott H. Peters,Democrat,CA,0,10,2.0
Scott H. Peters,Democrat,CA,1,34,14.0
Scott H. Peters,Democrat,CA,2,65,19.0
Scott H. Peters,Democrat,CA,3,89,33.0
Scott H. Peters,Democrat,CA,4,173,54.0
Scott H. Peters,Democrat,CA,5,292,59.0
Scott H. Peters,Democrat,CA,6,389,109.0
Scott H. Peters,Democrat,CA,7,504,96.0
Scott H. Peters,Democrat,CA,8,697,127.0
Scott H. Peters,Democrat,CA,9,1067,172.0
Scott H. Peters,Democrat,CA,10,1183,180.0
Scott H. Peters,Democrat,CA,11,1435,220.0
Scott H. Peters,Democrat,CA,12,1442,229.0
Scott H. Peters,Democrat,CA,13,1433,202.0
Scott H. Peters,Democrat,CA,14,1720,304.0
Scott H. Peters,Democrat,CA,15,1739,285.0
Scott H. Peters,Democrat,CA,16,1412,223.0
Scott H. Peters,Democrat,CA,17,839,118.0
Scott H. Peters,Democrat,CA,18,458,44.0
Scott H. Peters,Democrat,CA,19,222,25.0
Scott H. Peters,Democrat,CA,20,102,7.0
Scott H. Peters,Democrat,CA,21,57,7.0
Scott H. Peters,Democrat,CA,22,20,2.0
Scott H. Peters,Democrat,CA,23,11,3.0
Scott Perry,Republican,PA,0,11,5.0
Scott Perry,Republican,PA,1,1,0.0
Scott Perry,Republican,PA,2,13,4.0
Scott Perry,Republican,PA,3,54,18.0
Scott Perry,Republican,PA,4,116,52.0
Scott Perry,Republican,PA,5,215,85.0
Scott Perry,Republican,PA,6,208,103.0
Scott Perry,Republican,PA,7,243,110.0
Scott Perry,Republican,PA,8,325,127.0
Scott Perry,Republican,PA,9,502,168.0
Scott Perry,Republican,PA,10,627,192.0
Scott Perry,Republican,PA,11,647,196.0
Scott Perry,Republican,PA,12,566,172.0
Scott Perry,Republican,PA,13,470,143.0
Scott Perry,Republican,PA,14,452,133.0
Scott Perry,Republican,PA,15,396,95.0
Scott Perry,Republican,PA,16,411,112.0
Scott Perry,Republican,PA,17,330,99.0
Scott Perry,Republican,PA,18,177,52.0
Scott Perry,Republican,PA,19,124,32.0
Scott Perry,Republican,PA,20,59,11.0
Scott Perry,Republican,PA,21,60,23.0
Scott Perry,Republican,PA,22,35,13.0
Scott Perry,Republican,PA,23,14,6.0
Scott Rigell R-VA,Republican,VA,5,1,0.0
Scott Rigell R-VA,Republican,VA,6,42,5.0
Scott Rigell R-VA,Republican,VA,7,112,17.0
Scott Rigell R-VA,Republican,VA,8,223,20.0
Scott Rigell R-VA,Republican,VA,9,308,32.0
Scott Rigell R-VA,Republican,VA,10,420,35.0
Scott Rigell R-VA,Republican,VA,11,352,38.0
Scott Rigell R-VA,Republican,VA,12,299,37.0
Scott Rigell R-VA,Republican,VA,13,287,18.0
Scott Rigell R-VA,Republican,VA,14,309,33.0
Scott Rigell R-VA,Republican,VA,15,345,105.0
Scott Rigell R-VA,Republican,VA,16,317,19.0
Scott Rigell R-VA,Republican,VA,17,160,14.0
Scott Rigell R-VA,Republican,VA,18,69,8.0
Scott Rigell R-VA,Republican,VA,19,72,14.0
Scott Rigell R-VA,Republican,VA,20,54,6.0
Scott Rigell R-VA,Republican,VA,21,42,4.0
Scott Rigell R-VA,Republican,VA,22,16,5.0
Scott Rigell R-VA,Republican,VA,23,7,0.0
Scott Tipton R-CO,Republican,CO,4,3,0.0
Scott Tipton R-CO,Republican,CO,5,10,1.0
Scott Tipton R-CO,Republican,CO,6,55,4.0
Scott Tipton R-CO,Republican,CO,7,227,17.0
Scott Tipton R-CO,Republican,CO,8,412,40.0
Scott Tipton R-CO,Republican,CO,9,430,46.0
Scott Tipton R-CO,Republican,CO,10,402,48.0
Scott Tipton R-CO,Republican,CO,11,376,45.0
Scott Tipton R-CO,Republican,CO,12,355,53.0
Scott Tipton R-CO,Republican,CO,13,284,30.0
Scott Tipton R-CO,Republican,CO,14,288,39.0
Scott Tipton R-CO,Republican,CO,15,256,40.0
Scott Tipton R-CO,Republican,CO,16,129,21.0
Scott Tipton R-CO,Republican,CO,17,79,14.0
Scott Tipton R-CO,Republican,CO,18,35,3.0
Scott Tipton R-CO,Republican,CO,19,29,1.0
Scott Tipton R-CO,Republican,CO,20,24,3.0
Scott Tipton R-CO,Republican,CO,21,14,1.0
Scott Tipton R-CO,Republican,CO,22,3,0.0
Scott Tipton R-CO,Republican,CO,23,1,0.0
"Scott, David",Democrat,GA,3,1,0.0
"Scott, David",Democrat,GA,6,12,1.0
"Scott, David",Democrat,GA,7,65,21.0
"Scott, David",Democrat,GA,8,186,19.0
"Scott, David",Democrat,GA,9,585,67.0
"Scott, David",Democrat,GA,10,510,67.0
"Scott, David",Democrat,GA,11,451,76.0
"Scott, David",Democrat,GA,12,376,56.0
"Scott, David",Democrat,GA,13,278,35.0
"Scott, David",Democrat,GA,14,308,47.0
"Scott, David",Democrat,GA,15,348,51.0
"Scott, David",Democrat,GA,16,350,50.0
"Scott, David",Democrat,GA,17,200,38.0
"Scott, David",Democrat,GA,18,106,21.0
"Scott, David",Democrat,GA,19,45,11.0
"Scott, David",Democrat,GA,20,51,12.0
"Scott, David",Democrat,GA,21,29,4.0
"Scott, David",Democrat,GA,22,26,6.0
"Scott, David",Democrat,GA,23,6,0.0
Sean Casten,Democrat,IL,0,33,13.0
Sean Casten,Democrat,IL,1,98,56.0
Sean Casten,Democrat,IL,2,323,161.0
Sean Casten,Democrat,IL,3,618,297.0
Sean Casten,Democrat,IL,4,853,401.0
Sean Casten,Democrat,IL,5,603,278.0
Sean Casten,Democrat,IL,6,455,181.0
Sean Casten,Democrat,IL,7,543,188.0
Sean Casten,Democrat,IL,8,882,259.0
Sean Casten,Democrat,IL,9,1028,276.0
Sean Casten,Democrat,IL,10,1139,299.0
Sean Casten,Democrat,IL,11,1138,306.0
Sean Casten,Democrat,IL,12,1183,296.0
Sean Casten,Democrat,IL,13,1259,355.0
Sean Casten,Democrat,IL,14,1250,319.0
Sean Casten,Democrat,IL,15,1304,340.0
Sean Casten,Democrat,IL,16,1061,280.0
Sean Casten,Democrat,IL,17,689,176.0
Sean Casten,Democrat,IL,18,435,89.0
Sean Casten,Democrat,IL,19,276,60.0
Sean Casten,Democrat,IL,20,200,51.0
Sean Casten,Democrat,IL,21,117,27.0
Sean Casten,Democrat,IL,22,55,13.0
Sean Casten,Democrat,IL,23,36,9.0
Sean Duffy R-WI,Republican,WI,0,4,0.0
Sean Duffy R-WI,Republican,WI,4,11,0.0
Sean Duffy R-WI,Republican,WI,5,51,6.0
Sean Duffy R-WI,Republican,WI,6,136,16.0
Sean Duffy R-WI,Republican,WI,7,348,39.0
Sean Duffy R-WI,Republican,WI,8,739,91.0
Sean Duffy R-WI,Republican,WI,9,725,113.0
Sean Duffy R-WI,Republican,WI,10,628,74.0
Sean Duffy R-WI,Republican,WI,11,549,76.0
Sean Duffy R-WI,Republican,WI,12,475,68.0
Sean Duffy R-WI,Republican,WI,13,439,59.0
Sean Duffy R-WI,Republican,WI,14,478,66.0
Sean Duffy R-WI,Republican,WI,15,445,74.0
Sean Duffy R-WI,Republican,WI,16,387,42.0
Sean Duffy R-WI,Republican,WI,17,225,41.0
Sean Duffy R-WI,Republican,WI,18,203,26.0
Sean Duffy R-WI,Republican,WI,19,151,21.0
Sean Duffy R-WI,Republican,WI,20,140,13.0
Sean Duffy R-WI,Republican,WI,21,122,17.0
Sean Duffy R-WI,Republican,WI,22,55,5.0
Sean Duffy R-WI,Republican,WI,23,12,3.0
Sean Maloney D-NY,Democrat,NY,0,19,10.0
Sean Maloney D-NY,Democrat,NY,1,4,0.0
Sean Maloney D-NY,Democrat,NY,2,1,1.0
Sean Maloney D-NY,Democrat,NY,5,1,0.0
Sean Maloney D-NY,Democrat,NY,6,13,4.0
Sean Maloney D-NY,Democrat,NY,7,73,21.0
Sean Maloney D-NY,Democrat,NY,8,143,39.0
Sean Maloney D-NY,Democrat,NY,9,292,77.0
Sean Maloney D-NY,Democrat,NY,10,467,116.0
Sean Maloney D-NY,Democrat,NY,11,600,168.0
Sean Maloney D-NY,Democrat,NY,12,781,171.0
Sean Maloney D-NY,Democrat,NY,13,784,201.0
Sean Maloney D-NY,Democrat,NY,14,702,188.0
Sean Maloney D-NY,Democrat,NY,15,757,207.0
Sean Maloney D-NY,Democrat,NY,16,617,162.0
Sean Maloney D-NY,Democrat,NY,17,514,141.0
Sean Maloney D-NY,Democrat,NY,18,375,118.0
Sean Maloney D-NY,Democrat,NY,19,320,93.0
Sean Maloney D-NY,Democrat,NY,20,188,59.0
Sean Maloney D-NY,Democrat,NY,21,149,54.0
Sean Maloney D-NY,Democrat,NY,22,97,37.0
Sean Maloney D-NY,Democrat,NY,23,56,24.0
Seth Magaziner,Democrat,RI,1,5,1.0
Seth Magaziner,Democrat,RI,2,21,10.0
Seth Magaziner,Democrat,RI,3,41,15.0
Seth Magaziner,Democrat,RI,4,111,49.0
Seth Magaziner,Democrat,RI,5,257,102.0
Seth Magaziner,Democrat,RI,6,279,97.0
Seth Magaziner,Democrat,RI,7,290,108.0
Seth Magaziner,Democrat,RI,8,308,117.0
Seth Magaziner,Democrat,RI,9,355,119.0
Seth Magaziner,Democrat,RI,10,392,130.0
Seth Magaziner,Democrat,RI,11,398,111.0
Seth Magaziner,Democrat,RI,12,428,133.0
Seth Magaziner,Democrat,RI,13,348,93.0
Seth Magaziner,Democrat,RI,14,300,85.0
Seth Magaziner,Democrat,RI,15,264,63.0
Seth Magaziner,Democrat,RI,16,257,63.0
Seth Magaziner,Democrat,RI,17,184,57.0
Seth Magaziner,Democrat,RI,18,99,16.0
Seth Magaziner,Democrat,RI,19,57,9.0
Seth Magaziner,Democrat,RI,20,15,2.0
Seth Magaziner,Democrat,RI,21,9,1.0
Seth Magaziner,Democrat,RI,22,2,0.0
Seth Moulton,Democrat,MA,1,2,1.0
Seth Moulton,Democrat,MA,2,19,12.0
Seth Moulton,Democrat,MA,3,50,22.0
Seth Moulton,Democrat,MA,4,86,21.0
Seth Moulton,Democrat,MA,5,239,89.0
Seth Moulton,Democrat,MA,6,314,126.0
Seth Moulton,Democrat,MA,7,332,153.0
Seth Moulton,Democrat,MA,8,360,137.0
Seth Moulton,Democrat,MA,9,365,158.0
Seth Moulton,Democrat,MA,10,343,142.0
Seth Moulton,Democrat,MA,11,337,134.0
Seth Moulton,Democrat,MA,12,321,137.0
Seth Moulton,Democrat,MA,13,250,101.0
Seth Moulton,Democrat,MA,14,206,99.0
Seth Moulton,Democrat,MA,15,147,74.0
Seth Moulton,Democrat,MA,16,169,81.0
Seth Moulton,Democrat,MA,17,111,46.0
Seth Moulton,Democrat,MA,18,77,32.0
Seth Moulton,Democrat,MA,19,37,14.0
Seth Moulton,Democrat,MA,20,15,4.0
Seth Moulton,Democrat,MA,21,2,0.0
Seth Moulton,Democrat,MA,22,2,1.0
Sharice Davids,Democrat,KS,0,1,0.0
Sharice Davids,Democrat,KS,1,5,0.0
Sharice Davids,Democrat,KS,2,20,5.0
Sharice Davids,Democrat,KS,3,78,12.0
Sharice Davids,Democrat,KS,4,369,59.0
Sharice Davids,Democrat,KS,5,483,72.0
Sharice Davids,Democrat,KS,6,484,75.0
Sharice Davids,Democrat,KS,7,400,56.0
Sharice Davids,Democrat,KS,8,640,65.0
Sharice Davids,Democrat,KS,9,777,85.0
Sharice Davids,Democrat,KS,10,789,91.0
Sharice Davids,Democrat,KS,11,713,92.0
Sharice Davids,Democrat,KS,12,637,55.0
Sharice Davids,Democrat,KS,13,413,33.0
Sharice Davids,Democrat,KS,14,398,37.0
Sharice Davids,Democrat,KS,15,363,40.0
Sharice Davids,Democrat,KS,16,357,22.0
Sharice Davids,Democrat,KS,17,163,14.0
Sharice Davids,Democrat,KS,18,103,9.0
Sharice Davids,Democrat,KS,19,90,5.0
Sharice Davids,Democrat,KS,20,41,2.0
Sharice Davids,Democrat,KS,21,29,2.0
Sharice Davids,Democrat,KS,22,15,1.0
Sharice Davids,Democrat,KS,23,4,0.0
Sheldon Whitehouse,Democrat,RI,0,2,0.0
Sheldon Whitehouse,Democrat,RI,1,11,8.0
Sheldon Whitehouse,Democrat,RI,2,19,10.0
Sheldon Whitehouse,Democrat,RI,3,102,43.0
Sheldon Whitehouse,Democrat,RI,4,333,169.0
Sheldon Whitehouse,Democrat,RI,5,638,342.0
Sheldon Whitehouse,Democrat,RI,6,723,404.0
Sheldon Whitehouse,Democrat,RI,7,807,463.0
Sheldon Whitehouse,Democrat,RI,8,970,524.0
Sheldon Whitehouse,Democrat,RI,9,1869,904.0
Sheldon Whitehouse,Democrat,RI,10,2054,953.0
Sheldon Whitehouse,Democrat,RI,11,2264,1024.0
Sheldon Whitehouse,Democrat,RI,12,2457,1121.0
Sheldon Whitehouse,Democrat,RI,13,2331,1048.0
Sheldon Whitehouse,Democrat,RI,14,2224,995.0
Sheldon Whitehouse,Democrat,RI,15,2087,826.0
Sheldon Whitehouse,Democrat,RI,16,2268,960.0
Sheldon Whitehouse,Democrat,RI,17,2163,902.0
Sheldon Whitehouse,Democrat,RI,18,1714,691.0
Sheldon Whitehouse,Democrat,RI,19,1070,466.0
Sheldon Whitehouse,Democrat,RI,20,711,305.0
Sheldon Whitehouse,Democrat,RI,21,439,190.0
Sheldon Whitehouse,Democrat,RI,22,195,92.0
Sheldon Whitehouse,Democrat,RI,23,56,22.0
Shelley Moore Capito,Republican,WV,0,10,0.0
Shelley Moore Capito,Republican,WV,1,1,0.0
Shelley Moore Capito,Republican,WV,2,16,3.0
Shelley Moore Capito,Republican,WV,3,45,5.0
Shelley Moore Capito,Republican,WV,4,189,39.0
Shelley Moore Capito,Republican,WV,5,304,44.0
Shelley Moore Capito,Republican,WV,6,309,59.0
Shelley Moore Capito,Republican,WV,7,428,67.0
Shelley Moore Capito,Republican,WV,8,719,93.0
Shelley Moore Capito,Republican,WV,9,1711,168.0
Shelley Moore Capito,Republican,WV,10,1639,214.0
Shelley Moore Capito,Republican,WV,11,1520,179.0
Shelley Moore Capito,Republican,WV,12,1697,192.0
Shelley Moore Capito,Republican,WV,13,1360,166.0
Shelley Moore Capito,Republican,WV,14,1367,171.0
Shelley Moore Capito,Republican,WV,15,1247,145.0
Shelley Moore Capito,Republican,WV,16,1271,155.0
Shelley Moore Capito,Republican,WV,17,1093,119.0
Shelley Moore Capito,Republican,WV,18,780,75.0
Shelley Moore Capito,Republican,WV,19,443,34.0
Shelley Moore Capito,Republican,WV,20,256,20.0
Shelley Moore Capito,Republican,WV,21,114,7.0
Shelley Moore Capito,Republican,WV,22,59,5.0
Shelley Moore Capito,Republican,WV,23,21,4.0
"Sherrill, Mikie",Democrat,NJ,0,9,0.0
"Sherrill, Mikie",Democrat,NJ,2,11,0.0
"Sherrill, Mikie",Democrat,NJ,6,2,0.0
"Sherrill, Mikie",Democrat,NJ,7,20,1.0
"Sherrill, Mikie",Democrat,NJ,8,83,6.0
"Sherrill, Mikie",Democrat,NJ,9,265,19.0
"Sherrill, Mikie",Democrat,NJ,10,400,29.0
"Sherrill, Mikie",Democrat,NJ,11,398,48.0
"Sherrill, Mikie",Democrat,NJ,12,432,45.0
"Sherrill, Mikie",Democrat,NJ,13,421,48.0
"Sherrill, Mikie",Democrat,NJ,14,461,47.0
"Sherrill, Mikie",Democrat,NJ,15,479,48.0
"Sherrill, Mikie",Democrat,NJ,16,541,61.0
"Sherrill, Mikie",Democrat,NJ,17,457,49.0
"Sherrill, Mikie",Democrat,NJ,18,432,55.0
"Sherrill, Mikie",Democrat,NJ,19,326,45.0
"Sherrill, Mikie",Democrat,NJ,20,221,33.0
"Sherrill, Mikie",Democrat,NJ,21,128,16.0
"Sherrill, Mikie",Democrat,NJ,22,51,4.0
"Sherrill, Mikie",Democrat,NJ,23,19,2.0
Shontel M. Brown,Democrat,OH,0,1,1.0
Shontel M. Brown,Democrat,OH,1,1,0.0
Shontel M. Brown,Democrat,OH,2,18,11.0
Shontel M. Brown,Democrat,OH,3,46,19.0
Shontel M. Brown,Democrat,OH,4,138,67.0
Shontel M. Brown,Democrat,OH,5,206,107.0
Shontel M. Brown,Democrat,OH,6,215,108.0
Shontel M. Brown,Democrat,OH,7,218,114.0
Shontel M. Brown,Democrat,OH,8,256,129.0
Shontel M. Brown,Democrat,OH,9,286,136.0
Shontel M. Brown,Democrat,OH,10,278,109.0
Shontel M. Brown,Democrat,OH,11,294,112.0
Shontel M. Brown,Democrat,OH,12,312,110.0
Shontel M. Brown,Democrat,OH,13,236,107.0
Shontel M. Brown,Democrat,OH,14,186,74.0
Shontel M. Brown,Democrat,OH,15,193,71.0
Shontel M. Brown,Democrat,OH,16,160,58.0
Shontel M. Brown,Democrat,OH,17,141,52.0
Shontel M. Brown,Democrat,OH,18,84,39.0
Shontel M. Brown,Democrat,OH,19,35,16.0
Shontel M. Brown,Democrat,OH,20,35,12.0
Shontel M. Brown,Democrat,OH,21,18,5.0
Shontel M. Brown,Democrat,OH,22,13,2.0
Shontel M. Brown,Democrat,OH,23,6,3.0
"Sinema, Kyrsten",Democrat,AZ,0,8,0.0
"Sinema, Kyrsten",Democrat,AZ,1,3,1.0
"Sinema, Kyrsten",Democrat,AZ,2,19,0.0
"Sinema, Kyrsten",Democrat,AZ,3,55,11.0
"Sinema, Kyrsten",Democrat,AZ,4,55,3.0
"Sinema, Kyrsten",Democrat,AZ,5,337,7.0
"Sinema, Kyrsten",Democrat,AZ,6,1023,8.0
"Sinema, Kyrsten",Democrat,AZ,7,454,13.0
"Sinema, Kyrsten",Democrat,AZ,8,356,30.0
"Sinema, Kyrsten",Democrat,AZ,9,1282,85.0
"Sinema, Kyrsten",Democrat,AZ,10,609,34.0
"Sinema, Kyrsten",Democrat,AZ,11,624,49.0
"Sinema, Kyrsten",Democrat,AZ,12,642,51.0
"Sinema, Kyrsten",Democrat,AZ,13,763,44.0
"Sinema, Kyrsten",Democrat,AZ,14,554,42.0
"Sinema, Kyrsten",Democrat,AZ,15,553,46.0
"Sinema, Kyrsten",Democrat,AZ,16,993,44.0
"Sinema, Kyrsten",Democrat,AZ,17,417,31.0
"Sinema, Kyrsten",Democrat,AZ,18,425,26.0
"Sinema, Kyrsten",Democrat,AZ,19,257,12.0
"Sinema, Kyrsten",Democrat,AZ,20,186,19.0
"Sinema, Kyrsten",Democrat,AZ,21,59,5.0
"Sinema, Kyrsten",Democrat,AZ,22,20,3.0
"Sinema, Kyrsten",Democrat,AZ,23,12,0.0
"Spanberger, Abigail",Democrat,VA,0,5,2.0
"Spanberger, Abigail",Democrat,VA,2,1,1.0
"Spanberger, Abigail",Democrat,VA,4,1,0.0
"Spanberger, Abigail",Democrat,VA,5,4,0.0
"Spanberger, Abigail",Democrat,VA,6,6,2.0
"Spanberger, Abigail",Democrat,VA,7,73,13.0
"Spanberger, Abigail",Democrat,VA,8,317,45.0
"Spanberger, Abigail",Democrat,VA,9,422,76.0
"Spanberger, Abigail",Democrat,VA,10,531,107.0
"Spanberger, Abigail",Democrat,VA,11,633,86.0
"Spanberger, Abigail",Democrat,VA,12,618,91.0
"Spanberger, Abigail",Democrat,VA,13,717,100.0
"Spanberger, Abigail",Democrat,VA,14,669,109.0
"Spanberger, Abigail",Democrat,VA,15,628,88.0
"Spanberger, Abigail",Democrat,VA,16,611,87.0
"Spanberger, Abigail",Democrat,VA,17,600,90.0
"Spanberger, Abigail",Democrat,VA,18,453,67.0
"Spanberger, Abigail",Democrat,VA,19,337,67.0
"Spanberger, Abigail",Democrat,VA,20,147,20.0
"Spanberger, Abigail",Democrat,VA,21,115,14.0
"Spanberger, Abigail",Democrat,VA,22,83,16.0
"Spanberger, Abigail",Democrat,VA,23,32,10.0
"Stabenow, Debbie",Democrat,MI,0,8,1.0
"Stabenow, Debbie",Democrat,MI,1,4,1.0
"Stabenow, Debbie",Democrat,MI,2,5,1.0
"Stabenow, Debbie",Democrat,MI,5,1,0.0
"Stabenow, Debbie",Democrat,MI,6,12,1.0
"Stabenow, Debbie",Democrat,MI,7,17,2.0
"Stabenow, Debbie",Democrat,MI,8,159,14.0
"Stabenow, Debbie",Democrat,MI,9,560,76.0
"Stabenow, Debbie",Democrat,MI,10,647,108.0
"Stabenow, Debbie",Democrat,MI,11,674,156.0
"Stabenow, Debbie",Democrat,MI,12,598,108.0
"Stabenow, Debbie",Democrat,MI,13,700,118.0
"Stabenow, Debbie",Democrat,MI,14,762,133.0
"Stabenow, Debbie",Democrat,MI,15,774,131.0
"Stabenow, Debbie",Democrat,MI,16,767,145.0
"Stabenow, Debbie",Democrat,MI,17,628,102.0
"Stabenow, Debbie",Democrat,MI,18,439,81.0
"Stabenow, Debbie",Democrat,MI,19,278,58.0
"Stabenow, Debbie",Democrat,MI,20,222,24.0
"Stabenow, Debbie",Democrat,MI,21,196,40.0
"Stabenow, Debbie",Democrat,MI,22,82,12.0
"Stabenow, Debbie",Democrat,MI,23,26,2.0
Steny H. Hoyer,Democrat,MD,0,16,7.0
Steny H. Hoyer,Democrat,MD,1,6,0.0
Steny H. Hoyer,Democrat,MD,2,7,0.0
Steny H. Hoyer,Democrat,MD,3,34,10.0
Steny H. Hoyer,Democrat,MD,4,77,22.0
Steny H. Hoyer,Democrat,MD,5,122,37.0
Steny H. Hoyer,Democrat,MD,6,235,70.0
Steny H. Hoyer,Democrat,MD,7,315,82.0
Steny H. Hoyer,Democrat,MD,8,472,119.0
Steny H. Hoyer,Democrat,MD,9,567,158.0
Steny H. Hoyer,Democrat,MD,10,778,207.0
Steny H. Hoyer,Democrat,MD,11,857,242.0
Steny H. Hoyer,Democrat,MD,12,1130,328.0
Steny H. Hoyer,Democrat,MD,13,1055,329.0
Steny H. Hoyer,Democrat,MD,14,1026,314.0
Steny H. Hoyer,Democrat,MD,15,1006,277.0
Steny H. Hoyer,Democrat,MD,16,954,253.0
Steny H. Hoyer,Democrat,MD,17,940,256.0
Steny H. Hoyer,Democrat,MD,18,824,197.0
Steny H. Hoyer,Democrat,MD,19,528,111.0
Steny H. Hoyer,Democrat,MD,20,415,96.0
Steny H. Hoyer,Democrat,MD,21,359,88.0
Steny H. Hoyer,Democrat,MD,22,193,43.0
Steny H. Hoyer,Democrat,MD,23,68,14.0
Stephanie I. Bice,Republican,OK,0,7,1.0
Stephanie I. Bice,Republican,OK,1,10,0.0
Stephanie I. Bice,Republican,OK,2,39,5.0
Stephanie I. Bice,Republican,OK,3,117,28.0
Stephanie I. Bice,Republican,OK,4,236,87.0
Stephanie I. Bice,Republican,OK,5,240,70.0
Stephanie I. Bice,Republican,OK,6,221,56.0
Stephanie I. Bice,Republican,OK,7,194,60.0
Stephanie I. Bice,Republican,OK,8,314,94.0
Stephanie I. Bice,Republican,OK,9,428,141.0
Stephanie I. Bice,Republican,OK,10,439,134.0
Stephanie I. Bice,Republican,OK,11,364,121.0
Stephanie I. Bice,Republican,OK,12,320,100.0
Stephanie I. Bice,Republican,OK,13,295,88.0
Stephanie I. Bice,Republican,OK,14,310,104.0
Stephanie I. Bice,Republican,OK,15,288,80.0
Stephanie I. Bice,Republican,OK,16,234,60.0
Stephanie I. Bice,Republican,OK,17,191,32.0
Stephanie I. Bice,Republican,OK,18,134,30.0
Stephanie I. Bice,Republican,OK,19,63,10.0
Stephanie I. Bice,Republican,OK,20,47,19.0
Stephanie I. Bice,Republican,OK,21,23,5.0
Stephanie I. Bice,Republican,OK,22,10,1.0
Stephanie I. Bice,Republican,OK,23,5,0.0
Stephanie Murphy D-FL,Democrat,FL,0,5,0.0
Stephanie Murphy D-FL,Democrat,FL,1,5,0.0
Stephanie Murphy D-FL,Democrat,FL,7,11,5.0
Stephanie Murphy D-FL,Democrat,FL,8,96,10.0
Stephanie Murphy D-FL,Democrat,FL,9,294,30.0
Stephanie Murphy D-FL,Democrat,FL,10,426,62.0
Stephanie Murphy D-FL,Democrat,FL,11,396,48.0
Stephanie Murphy D-FL,Democrat,FL,12,399,53.0
Stephanie Murphy D-FL,Democrat,FL,13,365,46.0
Stephanie Murphy D-FL,Democrat,FL,14,392,38.0
Stephanie Murphy D-FL,Democrat,FL,15,394,54.0
Stephanie Murphy D-FL,Democrat,FL,16,334,38.0
Stephanie Murphy D-FL,Democrat,FL,17,320,41.0
Stephanie Murphy D-FL,Democrat,FL,18,280,49.0
Stephanie Murphy D-FL,Democrat,FL,19,159,27.0
Stephanie Murphy D-FL,Democrat,FL,20,123,21.0
Stephanie Murphy D-FL,Democrat,FL,21,56,11.0
Stephanie Murphy D-FL,Democrat,FL,22,36,5.0
Stephanie Murphy D-FL,Democrat,FL,23,11,2.0
Stephen F. Lynch,Democrat,MA,0,13,3.0
Stephen F. Lynch,Democrat,MA,1,4,1.0
Stephen F. Lynch,Democrat,MA,2,1,0.0
Stephen F. Lynch,Democrat,MA,3,5,3.0
Stephen F. Lynch,Democrat,MA,4,14,2.0
Stephen F. Lynch,Democrat,MA,5,26,7.0
Stephen F. Lynch,Democrat,MA,6,68,24.0
Stephen F. Lynch,Democrat,MA,7,85,29.0
Stephen F. Lynch,Democrat,MA,8,169,42.0
Stephen F. Lynch,Democrat,MA,9,411,85.0
Stephen F. Lynch,Democrat,MA,10,581,117.0
Stephen F. Lynch,Democrat,MA,11,452,97.0
Stephen F. Lynch,Democrat,MA,12,503,71.0
Stephen F. Lynch,Democrat,MA,13,422,66.0
Stephen F. Lynch,Democrat,MA,14,515,71.0
Stephen F. Lynch,Democrat,MA,15,403,71.0
Stephen F. Lynch,Democrat,MA,16,434,75.0
Stephen F. Lynch,Democrat,MA,17,296,55.0
Stephen F. Lynch,Democrat,MA,18,238,49.0
Stephen F. Lynch,Democrat,MA,19,248,43.0
Stephen F. Lynch,Democrat,MA,20,209,37.0
Stephen F. Lynch,Democrat,MA,21,192,30.0
Stephen F. Lynch,Democrat,MA,22,131,19.0
Stephen F. Lynch,Democrat,MA,23,37,11.0
Steve Chabot R-OH,Republican,OH,0,4,0.0
Steve Chabot R-OH,Republican,OH,1,2,0.0
Steve Chabot R-OH,Republican,OH,5,1,0.0
Steve Chabot R-OH,Republican,OH,6,3,0.0
Steve Chabot R-OH,Republican,OH,7,28,4.0
Steve Chabot R-OH,Republican,OH,8,107,1.0
Steve Chabot R-OH,Republican,OH,9,421,28.0
Steve Chabot R-OH,Republican,OH,10,512,41.0
Steve Chabot R-OH,Republican,OH,11,519,59.0
Steve Chabot R-OH,Republican,OH,12,382,35.0
Steve Chabot R-OH,Republican,OH,13,530,34.0
Steve Chabot R-OH,Republican,OH,14,448,42.0
Steve Chabot R-OH,Republican,OH,15,442,39.0
Steve Chabot R-OH,Republican,OH,16,531,48.0
Steve Chabot R-OH,Republican,OH,17,397,55.0
Steve Chabot R-OH,Republican,OH,18,176,28.0
Steve Chabot R-OH,Republican,OH,19,90,17.0
Steve Chabot R-OH,Republican,OH,20,83,16.0
Steve Chabot R-OH,Republican,OH,21,41,4.0
Steve Chabot R-OH,Republican,OH,22,33,4.0
Steve Chabot R-OH,Republican,OH,23,16,1.0
Steve Cohen,Democrat,TN,0,140,55.0
Steve Cohen,Democrat,TN,1,58,22.0
Steve Cohen,Democrat,TN,2,70,35.0
Steve Cohen,Democrat,TN,3,119,62.0
Steve Cohen,Democrat,TN,4,183,84.0
Steve Cohen,Democrat,TN,5,226,102.0
Steve Cohen,Democrat,TN,6,304,163.0
Steve Cohen,Democrat,TN,7,567,279.0
Steve Cohen,Democrat,TN,8,962,439.0
Steve Cohen,Democrat,TN,9,1033,436.0
Steve Cohen,Democrat,TN,10,1221,579.0
Steve Cohen,Democrat,TN,11,1268,592.0
Steve Cohen,Democrat,TN,12,1275,567.0
Steve Cohen,Democrat,TN,13,1243,567.0
Steve Cohen,Democrat,TN,14,1207,517.0
Steve Cohen,Democrat,TN,15,1167,527.0
Steve Cohen,Democrat,TN,16,1206,524.0
Steve Cohen,Democrat,TN,17,1012,438.0
Steve Cohen,Democrat,TN,18,777,354.0
Steve Cohen,Democrat,TN,19,680,287.0
Steve Cohen,Democrat,TN,20,655,290.0
Steve Cohen,Democrat,TN,21,587,237.0
Steve Cohen,Democrat,TN,22,580,230.0
Steve Cohen,Democrat,TN,23,353,131.0
Steve Daines,Republican,MT,0,10,4.0
Steve Daines,Republican,MT,1,49,8.0
Steve Daines,Republican,MT,2,128,31.0
Steve Daines,Republican,MT,3,288,84.0
Steve Daines,Republican,MT,4,396,106.0
Steve Daines,Republican,MT,5,385,108.0
Steve Daines,Republican,MT,6,377,108.0
Steve Daines,Republican,MT,7,405,118.0
Steve Daines,Republican,MT,8,414,136.0
Steve Daines,Republican,MT,9,426,124.0
Steve Daines,Republican,MT,10,430,123.0
Steve Daines,Republican,MT,11,412,134.0
Steve Daines,Republican,MT,12,300,98.0
Steve Daines,Republican,MT,13,290,100.0
Steve Daines,Republican,MT,14,251,92.0
Steve Daines,Republican,MT,15,241,80.0
Steve Daines,Republican,MT,16,210,78.0
Steve Daines,Republican,MT,17,116,48.0
Steve Daines,Republican,MT,18,87,40.0
Steve Daines,Republican,MT,19,47,17.0
Steve Daines,Republican,MT,20,36,14.0
Steve Daines,Republican,MT,21,17,7.0
Steve Daines,Republican,MT,22,2,2.0
Steve Daines,Republican,MT,23,3,1.0
Steve Israel D-NY,Democrat,NY,0,8,3.0
Steve Israel D-NY,Democrat,NY,1,1,0.0
Steve Israel D-NY,Democrat,NY,4,1,1.0
Steve Israel D-NY,Democrat,NY,5,2,0.0
Steve Israel D-NY,Democrat,NY,6,18,5.0
Steve Israel D-NY,Democrat,NY,7,65,23.0
Steve Israel D-NY,Democrat,NY,8,92,30.0
Steve Israel D-NY,Democrat,NY,9,269,88.0
Steve Israel D-NY,Democrat,NY,10,273,64.0
Steve Israel D-NY,Democrat,NY,11,325,51.0
Steve Israel D-NY,Democrat,NY,12,281,49.0
Steve Israel D-NY,Democrat,NY,13,280,52.0
Steve Israel D-NY,Democrat,NY,14,279,54.0
Steve Israel D-NY,Democrat,NY,15,246,41.0
Steve Israel D-NY,Democrat,NY,16,259,41.0
Steve Israel D-NY,Democrat,NY,17,236,52.0
Steve Israel D-NY,Democrat,NY,18,169,26.0
Steve Israel D-NY,Democrat,NY,19,121,18.0
Steve Israel D-NY,Democrat,NY,20,92,17.0
Steve Israel D-NY,Democrat,NY,21,75,10.0
Steve Israel D-NY,Democrat,NY,22,55,14.0
Steve Israel D-NY,Democrat,NY,23,21,2.0
Steve Pearce R-NM,Republican,NM,0,1,0.0
Steve Pearce R-NM,Republican,NM,3,1,0.0
Steve Pearce R-NM,Republican,NM,4,2,0.0
Steve Pearce R-NM,Republican,NM,5,18,0.0
Steve Pearce R-NM,Republican,NM,6,57,3.0
Steve Pearce R-NM,Republican,NM,7,227,21.0
Steve Pearce R-NM,Republican,NM,8,440,36.0
Steve Pearce R-NM,Republican,NM,9,393,33.0
Steve Pearce R-NM,Republican,NM,10,346,30.0
Steve Pearce R-NM,Republican,NM,11,313,30.0
Steve Pearce R-NM,Republican,NM,12,373,29.0
Steve Pearce R-NM,Republican,NM,13,365,47.0
Steve Pearce R-NM,Republican,NM,14,327,36.0
Steve Pearce R-NM,Republican,NM,15,313,42.0
Steve Pearce R-NM,Republican,NM,16,270,38.0
Steve Pearce R-NM,Republican,NM,17,163,26.0
Steve Pearce R-NM,Republican,NM,18,147,21.0
Steve Pearce R-NM,Republican,NM,19,126,17.0
Steve Pearce R-NM,Republican,NM,20,86,16.0
Steve Pearce R-NM,Republican,NM,21,63,16.0
Steve Pearce R-NM,Republican,NM,22,36,11.0
Steve Pearce R-NM,Republican,NM,23,5,1.0
Steve Scalise,Republican,LA,0,1,0.0
Steve Scalise,Republican,LA,1,5,2.0
Steve Scalise,Republican,LA,2,51,27.0
Steve Scalise,Republican,LA,3,148,94.0
Steve Scalise,Republican,LA,4,242,162.0
Steve Scalise,Republican,LA,5,271,183.0
Steve Scalise,Republican,LA,6,319,208.0
Steve Scalise,Republican,LA,7,293,202.0
Steve Scalise,Republican,LA,8,305,191.0
Steve Scalise,Republican,LA,9,264,170.0
Steve Scalise,Republican,LA,10,275,187.0
Steve Scalise,Republican,LA,11,273,177.0
Steve Scalise,Republican,LA,12,261,167.0
Steve Scalise,Republican,LA,13,239,154.0
Steve Scalise,Republican,LA,14,178,122.0
Steve Scalise,Republican,LA,15,196,121.0
Steve Scalise,Republican,LA,16,141,74.0
Steve Scalise,Republican,LA,17,84,51.0
Steve Scalise,Republican,LA,18,37,26.0
Steve Scalise,Republican,LA,19,18,11.0
Steve Scalise,Republican,LA,20,25,18.0
Steve Scalise,Republican,LA,21,10,7.0
Steve Scalise,Republican,LA,22,3,1.0
Steve Stivers R-OH,Republican,OH,0,3,1.0
Steve Stivers R-OH,Republican,OH,4,1,0.0
Steve Stivers R-OH,Republican,OH,6,3,0.0
Steve Stivers R-OH,Republican,OH,7,9,0.0
Steve Stivers R-OH,Republican,OH,8,68,5.0
Steve Stivers R-OH,Republican,OH,9,255,11.0
Steve Stivers R-OH,Republican,OH,10,324,10.0
Steve Stivers R-OH,Republican,OH,11,353,9.0
Steve Stivers R-OH,Republican,OH,12,354,19.0
Steve Stivers R-OH,Republican,OH,13,346,20.0
Steve Stivers R-OH,Republican,OH,14,390,33.0
Steve Stivers R-OH,Republican,OH,15,379,31.0
Steve Stivers R-OH,Republican,OH,16,460,39.0
Steve Stivers R-OH,Republican,OH,17,406,28.0
Steve Stivers R-OH,Republican,OH,18,197,15.0
Steve Stivers R-OH,Republican,OH,19,118,9.0
Steve Stivers R-OH,Republican,OH,20,83,1.0
Steve Stivers R-OH,Republican,OH,21,28,3.0
Steve Stivers R-OH,Republican,OH,22,13,3.0
Steve Stivers R-OH,Republican,OH,23,5,1.0
Steve Womack,Republican,AR,0,14,4.0
Steve Womack,Republican,AR,1,4,0.0
Steve Womack,Republican,AR,2,23,4.0
Steve Womack,Republican,AR,3,52,8.0
Steve Womack,Republican,AR,4,113,20.0
Steve Womack,Republican,AR,5,146,25.0
Steve Womack,Republican,AR,6,230,41.0
Steve Womack,Republican,AR,7,427,31.0
Steve Womack,Republican,AR,8,921,81.0
Steve Womack,Republican,AR,9,1249,142.0
Steve Womack,Republican,AR,10,1271,132.0
Steve Womack,Republican,AR,11,1208,119.0
Steve Womack,Republican,AR,12,1097,128.0
Steve Womack,Republican,AR,13,1045,126.0
Steve Womack,Republican,AR,14,938,101.0
Steve Womack,Republican,AR,15,980,133.0
Steve Womack,Republican,AR,16,966,130.0
Steve Womack,Republican,AR,17,631,69.0
Steve Womack,Republican,AR,18,340,31.0
Steve Womack,Republican,AR,19,276,25.0
Steve Womack,Republican,AR,20,270,19.0
Steve Womack,Republican,AR,21,157,30.0
Steve Womack,Republican,AR,22,76,6.0
Steve Womack,Republican,AR,23,40,6.0
Steven Horsford,Democrat,NV,0,23,7.0
Steven Horsford,Democrat,NV,1,47,13.0
Steven Horsford,Democrat,NV,2,204,51.0
Steven Horsford,Democrat,NV,3,281,98.0
Steven Horsford,Democrat,NV,4,278,87.0
Steven Horsford,Democrat,NV,5,319,103.0
Steven Horsford,Democrat,NV,6,483,141.0
Steven Horsford,Democrat,NV,7,720,152.0
Steven Horsford,Democrat,NV,8,893,199.0
Steven Horsford,Democrat,NV,9,996,242.0
Steven Horsford,Democrat,NV,10,972,191.0
Steven Horsford,Democrat,NV,11,914,190.0
Steven Horsford,Democrat,NV,12,848,140.0
Steven Horsford,Democrat,NV,13,926,153.0
Steven Horsford,Democrat,NV,14,767,123.0
Steven Horsford,Democrat,NV,15,643,81.0
Steven Horsford,Democrat,NV,16,522,57.0
Steven Horsford,Democrat,NV,17,477,64.0
Steven Horsford,Democrat,NV,18,416,41.0
Steven Horsford,Democrat,NV,19,272,20.0
Steven Horsford,Democrat,NV,20,201,13.0
Steven Horsford,Democrat,NV,21,73,13.0
Steven Horsford,Democrat,NV,22,32,5.0
Steven Horsford,Democrat,NV,23,20,3.0
Summer L. Lee,Democrat,PA,3,17,6.0
Summer L. Lee,Democrat,PA,4,57,25.0
Summer L. Lee,Democrat,PA,5,151,66.0
Summer L. Lee,Democrat,PA,6,211,102.0
Summer L. Lee,Democrat,PA,7,249,142.0
Summer L. Lee,Democrat,PA,8,295,163.0
Summer L. Lee,Democrat,PA,9,253,129.0
Summer L. Lee,Democrat,PA,10,236,117.0
Summer L. Lee,Democrat,PA,11,279,130.0
Summer L. Lee,Democrat,PA,12,289,139.0
Summer L. Lee,Democrat,PA,13,261,112.0
Summer L. Lee,Democrat,PA,14,206,83.0
Summer L. Lee,Democrat,PA,15,168,88.0
Summer L. Lee,Democrat,PA,16,140,59.0
Summer L. Lee,Democrat,PA,17,69,36.0
Summer L. Lee,Democrat,PA,18,59,30.0
Summer L. Lee,Democrat,PA,19,31,11.0
Summer L. Lee,Democrat,PA,20,22,10.0
Summer L. Lee,Democrat,PA,21,9,2.0
Summer L. Lee,Democrat,PA,22,2,1.0
Summer L. Lee,Democrat,PA,23,1,0.0
Susan M. Collins,Republican,ME,0,6,1.0
Susan M. Collins,Republican,ME,1,6,1.0
Susan M. Collins,Republican,ME,2,3,0.0
Susan M. Collins,Republican,ME,3,12,0.0
Susan M. Collins,Republican,ME,4,28,3.0
Susan M. Collins,Republican,ME,5,68,7.0
Susan M. Collins,Republican,ME,6,75,4.0
Susan M. Collins,Republican,ME,7,154,18.0
Susan M. Collins,Republican,ME,8,208,17.0
Susan M. Collins,Republican,ME,9,404,23.0
Susan M. Collins,Republican,ME,10,512,46.0
Susan M. Collins,Republican,ME,11,488,37.0
Susan M. Collins,Republican,ME,12,547,51.0
Susan M. Collins,Republican,ME,13,512,32.0
Susan M. Collins,Republican,ME,14,503,65.0
Susan M. Collins,Republican,ME,15,422,33.0
Susan M. Collins,Republican,ME,16,448,44.0
Susan M. Collins,Republican,ME,17,458,42.0
Susan M. Collins,Republican,ME,18,352,34.0
Susan M. Collins,Republican,ME,19,127,8.0
Susan M. Collins,Republican,ME,20,94,15.0
Susan M. Collins,Republican,ME,21,92,11.0
Susan M. Collins,Republican,ME,22,52,8.0
Susan M. Collins,Republican,ME,23,24,2.0
Susie Lee,Democrat,NV,0,1,0.0
Susie Lee,Democrat,NV,1,21,7.0
Susie Lee,Democrat,NV,2,70,15.0
Susie Lee,Democrat,NV,3,97,33.0
Susie Lee,Democrat,NV,4,180,42.0
Susie Lee,Democrat,NV,5,265,77.0
Susie Lee,Democrat,NV,6,397,94.0
Susie Lee,Democrat,NV,7,514,120.0
Susie Lee,Democrat,NV,8,670,158.0
Susie Lee,Democrat,NV,9,835,170.0
Susie Lee,Democrat,NV,10,1010,194.0
Susie Lee,Democrat,NV,11,1036,192.0
Susie Lee,Democrat,NV,12,1033,200.0
Susie Lee,Democrat,NV,13,964,174.0
Susie Lee,Democrat,NV,14,922,161.0
Susie Lee,Democrat,NV,15,769,120.0
Susie Lee,Democrat,NV,16,598,110.0
Susie Lee,Democrat,NV,17,530,72.0
Susie Lee,Democrat,NV,18,429,62.0
Susie Lee,Democrat,NV,19,234,29.0
Susie Lee,Democrat,NV,20,56,10.0
Susie Lee,Democrat,NV,21,18,0.0
Susie Lee,Democrat,NV,22,3,0.0
Susie Lee,Democrat,NV,23,5,1.0
Suzan K. DelBene,Democrat,WA,0,5,2.0
Suzan K. DelBene,Democrat,WA,1,4,1.0
Suzan K. DelBene,Democrat,WA,2,21,6.0
Suzan K. DelBene,Democrat,WA,3,101,25.0
Suzan K. DelBene,Democrat,WA,4,172,54.0
Suzan K. DelBene,Democrat,WA,5,198,49.0
Suzan K. DelBene,Democrat,WA,6,341,107.0
Suzan K. DelBene,Democrat,WA,7,422,107.0
Suzan K. DelBene,Democrat,WA,8,853,184.0
Suzan K. DelBene,Democrat,WA,9,1000,197.0
Suzan K. DelBene,Democrat,WA,10,1079,231.0
Suzan K. DelBene,Democrat,WA,11,1054,201.0
Suzan K. DelBene,Democrat,WA,12,1027,199.0
Suzan K. DelBene,Democrat,WA,13,1072,202.0
Suzan K. DelBene,Democrat,WA,14,965,173.0
Suzan K. DelBene,Democrat,WA,15,728,111.0
Suzan K. DelBene,Democrat,WA,16,576,68.0
Suzan K. DelBene,Democrat,WA,17,410,53.0
Suzan K. DelBene,Democrat,WA,18,326,29.0
Suzan K. DelBene,Democrat,WA,19,215,23.0
Suzan K. DelBene,Democrat,WA,20,92,12.0
Suzan K. DelBene,Democrat,WA,21,31,2.0
Suzan K. DelBene,Democrat,WA,22,9,1.0
Suzan K. DelBene,Democrat,WA,23,5,1.0
Suzanne Bonamici,Democrat,OR,0,3,0.0
Suzanne Bonamici,Democrat,OR,1,17,5.0
Suzanne Bonamici,Democrat,OR,2,32,11.0
Suzanne Bonamici,Democrat,OR,3,56,14.0
Suzanne Bonamici,Democrat,OR,4,129,37.0
Suzanne Bonamici,Democrat,OR,5,247,60.0
Suzanne Bonamici,Democrat,OR,6,513,96.0
Suzanne Bonamici,Democrat,OR,7,648,169.0
Suzanne Bonamici,Democrat,OR,8,900,211.0
Suzanne Bonamici,Democrat,OR,9,1179,222.0
Suzanne Bonamici,Democrat,OR,10,1251,278.0
Suzanne Bonamici,Democrat,OR,11,1237,283.0
Suzanne Bonamici,Democrat,OR,12,1147,237.0
Suzanne Bonamici,Democrat,OR,13,1266,259.0
Suzanne Bonamici,Democrat,OR,14,1100,227.0
Suzanne Bonamici,Democrat,OR,15,811,191.0
Suzanne Bonamici,Democrat,OR,16,606,129.0
Suzanne Bonamici,Democrat,OR,17,314,53.0
Suzanne Bonamici,Democrat,OR,18,237,46.0
Suzanne Bonamici,Democrat,OR,19,163,29.0
Suzanne Bonamici,Democrat,OR,20,87,15.0
Suzanne Bonamici,Democrat,OR,21,35,4.0
Suzanne Bonamici,Democrat,OR,22,7,0.0
Suzanne Bonamici,Democrat,OR,23,2,1.0
"Swalwell, Eric",Democrat,CA,0,110,22.0
"Swalwell, Eric",Democrat,CA,1,40,11.0
"Swalwell, Eric",Democrat,CA,2,24,2.0
"Swalwell, Eric",Democrat,CA,3,106,44.0
"Swalwell, Eric",Democrat,CA,4,256,89.0
"Swalwell, Eric",Democrat,CA,5,442,167.0
"Swalwell, Eric",Democrat,CA,6,675,265.0
"Swalwell, Eric",Democrat,CA,7,986,363.0
"Swalwell, Eric",Democrat,CA,8,1197,422.0
"Swalwell, Eric",Democrat,CA,9,1243,413.0
"Swalwell, Eric",Democrat,CA,10,1236,401.0
"Swalwell, Eric",Democrat,CA,11,1347,434.0
"Swalwell, Eric",Democrat,CA,12,1287,419.0
"Swalwell, Eric",Democrat,CA,13,1305,414.0
"Swalwell, Eric",Democrat,CA,14,1217,359.0
"Swalwell, Eric",Democrat,CA,15,1179,344.0
"Swalwell, Eric",Democrat,CA,16,1154,408.0
"Swalwell, Eric",Democrat,CA,17,975,303.0
"Swalwell, Eric",Democrat,CA,18,893,286.0
"Swalwell, Eric",Democrat,CA,19,892,296.0
"Swalwell, Eric",Democrat,CA,20,860,324.0
"Swalwell, Eric",Democrat,CA,21,558,203.0
"Swalwell, Eric",Democrat,CA,22,324,83.0
"Swalwell, Eric",Democrat,CA,23,189,47.0
Sydney Kamlager-Dove,Democrat,CA,0,19,9.0
Sydney Kamlager-Dove,Democrat,CA,1,22,14.0
Sydney Kamlager-Dove,Democrat,CA,2,62,31.0
Sydney Kamlager-Dove,Democrat,CA,3,108,58.0
Sydney Kamlager-Dove,Democrat,CA,4,129,70.0
Sydney Kamlager-Dove,Democrat,CA,5,148,89.0
Sydney Kamlager-Dove,Democrat,CA,6,213,115.0
Sydney Kamlager-Dove,Democrat,CA,7,213,130.0
Sydney Kamlager-Dove,Democrat,CA,8,263,152.0
Sydney Kamlager-Dove,Democrat,CA,9,267,142.0
Sydney Kamlager-Dove,Democrat,CA,10,269,133.0
Sydney Kamlager-Dove,Democrat,CA,11,286,144.0
Sydney Kamlager-Dove,Democrat,CA,12,260,123.0
Sydney Kamlager-Dove,Democrat,CA,13,253,115.0
Sydney Kamlager-Dove,Democrat,CA,14,238,110.0
Sydney Kamlager-Dove,Democrat,CA,15,151,68.0
Sydney Kamlager-Dove,Democrat,CA,16,130,48.0
Sydney Kamlager-Dove,Democrat,CA,17,101,23.0
Sydney Kamlager-Dove,Democrat,CA,18,73,16.0
Sydney Kamlager-Dove,Democrat,CA,19,28,6.0
Sydney Kamlager-Dove,Democrat,CA,20,22,3.0
Sydney Kamlager-Dove,Democrat,CA,21,10,2.0
Sydney Kamlager-Dove,Democrat,CA,22,4,2.0
Sydney Kamlager-Dove,Democrat,CA,23,5,1.0
Sylvia R. Garcia,Democrat,TX,0,9,1.0
Sylvia R. Garcia,Democrat,TX,1,18,6.0
Sylvia R. Garcia,Democrat,TX,2,38,10.0
Sylvia R. Garcia,Democrat,TX,3,105,13.0
Sylvia R. Garcia,Democrat,TX,4,186,32.0
Sylvia R. Garcia,Democrat,TX,5,323,65.0
Sylvia R. Garcia,Democrat,TX,6,372,107.0
Sylvia R. Garcia,Democrat,TX,7,562,135.0
Sylvia R. Garcia,Democrat,TX,8,670,158.0
Sylvia R. Garcia,Democrat,TX,9,862,194.0
Sylvia R. Garcia,Democrat,TX,10,921,175.0
Sylvia R. Garcia,Democrat,TX,11,983,210.0
Sylvia R. Garcia,Democrat,TX,12,931,201.0
Sylvia R. Garcia,Democrat,TX,13,892,207.0
Sylvia R. Garcia,Democrat,TX,14,785,159.0
Sylvia R. Garcia,Democrat,TX,15,732,174.0
Sylvia R. Garcia,Democrat,TX,16,695,131.0
Sylvia R. Garcia,Democrat,TX,17,585,118.0
Sylvia R. Garcia,Democrat,TX,18,430,79.0
Sylvia R. Garcia,Democrat,TX,19,332,70.0
Sylvia R. Garcia,Democrat,TX,20,325,61.0
Sylvia R. Garcia,Democrat,TX,21,200,53.0
Sylvia R. Garcia,Democrat,TX,22,102,22.0
Sylvia R. Garcia,Democrat,TX,23,42,6.0
Tammy Baldwin,Democrat,WI,0,4,0.0
Tammy Baldwin,Democrat,WI,1,2,1.0
Tammy Baldwin,Democrat,WI,2,9,1.0
Tammy Baldwin,Democrat,WI,3,46,13.0
Tammy Baldwin,Democrat,WI,4,155,48.0
Tammy Baldwin,Democrat,WI,5,311,106.0
Tammy Baldwin,Democrat,WI,6,437,143.0
Tammy Baldwin,Democrat,WI,7,523,179.0
Tammy Baldwin,Democrat,WI,8,847,223.0
Tammy Baldwin,Democrat,WI,9,1515,390.0
Tammy Baldwin,Democrat,WI,10,2290,558.0
Tammy Baldwin,Democrat,WI,11,2498,544.0
Tammy Baldwin,Democrat,WI,12,2461,561.0
Tammy Baldwin,Democrat,WI,13,2410,546.0
Tammy Baldwin,Democrat,WI,14,2285,493.0
Tammy Baldwin,Democrat,WI,15,2076,375.0
Tammy Baldwin,Democrat,WI,16,1717,301.0
Tammy Baldwin,Democrat,WI,17,1285,249.0
Tammy Baldwin,Democrat,WI,18,633,124.0
Tammy Baldwin,Democrat,WI,19,301,44.0
Tammy Baldwin,Democrat,WI,20,129,30.0
Tammy Baldwin,Democrat,WI,21,43,17.0
Tammy Baldwin,Democrat,WI,22,35,12.0
Tammy Baldwin,Democrat,WI,23,6,2.0
Tammy Duckworth,Democrat,IL,0,9,8.0
Tammy Duckworth,Democrat,IL,1,7,3.0
Tammy Duckworth,Democrat,IL,2,14,6.0
Tammy Duckworth,Democrat,IL,3,124,39.0
Tammy Duckworth,Democrat,IL,4,275,99.0
Tammy Duckworth,Democrat,IL,5,410,142.0
Tammy Duckworth,Democrat,IL,6,364,149.0
Tammy Duckworth,Democrat,IL,7,501,204.0
Tammy Duckworth,Democrat,IL,8,717,291.0
Tammy Duckworth,Democrat,IL,9,1043,399.0
Tammy Duckworth,Democrat,IL,10,1040,383.0
Tammy Duckworth,Democrat,IL,11,1171,464.0
Tammy Duckworth,Democrat,IL,12,1014,388.0
Tammy Duckworth,Democrat,IL,13,1029,419.0
Tammy Duckworth,Democrat,IL,14,1025,378.0
Tammy Duckworth,Democrat,IL,15,1035,410.0
Tammy Duckworth,Democrat,IL,16,1058,436.0
Tammy Duckworth,Democrat,IL,17,910,382.0
Tammy Duckworth,Democrat,IL,18,520,218.0
Tammy Duckworth,Democrat,IL,19,394,150.0
Tammy Duckworth,Democrat,IL,20,318,139.0
Tammy Duckworth,Democrat,IL,21,174,91.0
Tammy Duckworth,Democrat,IL,22,72,33.0
Tammy Duckworth,Democrat,IL,23,26,13.0
Ted Cruz,Republican,TX,0,52,21.0
Ted Cruz,Republican,TX,1,172,76.0
Ted Cruz,Republican,TX,2,516,280.0
Ted Cruz,Republican,TX,3,1106,560.0
Ted Cruz,Republican,TX,4,1856,929.0
Ted Cruz,Republican,TX,5,2401,1226.0
Ted Cruz,Republican,TX,6,2500,1220.0
Ted Cruz,Republican,TX,7,2888,1341.0
Ted Cruz,Republican,TX,8,3644,1705.0
Ted Cruz,Republican,TX,9,4054,1918.0
Ted Cruz,Republican,TX,10,4159,1866.0
Ted Cruz,Republican,TX,11,4248,1933.0
Ted Cruz,Republican,TX,12,3793,1720.0
Ted Cruz,Republican,TX,13,3527,1570.0
Ted Cruz,Republican,TX,14,3108,1373.0
Ted Cruz,Republican,TX,15,3077,1372.0
Ted Cruz,Republican,TX,16,2758,1226.0
Ted Cruz,Republican,TX,17,2193,893.0
Ted Cruz,Republican,TX,18,1778,757.0
Ted Cruz,Republican,TX,19,1291,566.0
Ted Cruz,Republican,TX,20,921,391.0
Ted Cruz,Republican,TX,21,518,216.0
Ted Cruz,Republican,TX,22,140,59.0
Ted Cruz,Republican,TX,23,53,18.0
Ted Deutch D-FL,Democrat,FL,0,155,55.0
Ted Deutch D-FL,Democrat,FL,1,41,15.0
Ted Deutch D-FL,Democrat,FL,2,16,6.0
Ted Deutch D-FL,Democrat,FL,3,10,6.0
Ted Deutch D-FL,Democrat,FL,4,6,1.0
Ted Deutch D-FL,Democrat,FL,5,10,4.0
Ted Deutch D-FL,Democrat,FL,6,50,12.0
Ted Deutch D-FL,Democrat,FL,7,187,63.0
Ted Deutch D-FL,Democrat,FL,8,234,88.0
Ted Deutch D-FL,Democrat,FL,9,821,273.0
Ted Deutch D-FL,Democrat,FL,10,965,335.0
Ted Deutch D-FL,Democrat,FL,11,975,345.0
Ted Deutch D-FL,Democrat,FL,12,901,308.0
Ted Deutch D-FL,Democrat,FL,13,911,347.0
Ted Deutch D-FL,Democrat,FL,14,1013,391.0
Ted Deutch D-FL,Democrat,FL,15,867,310.0
Ted Deutch D-FL,Democrat,FL,16,989,400.0
Ted Deutch D-FL,Democrat,FL,17,878,327.0
Ted Deutch D-FL,Democrat,FL,18,642,221.0
Ted Deutch D-FL,Democrat,FL,19,526,156.0
Ted Deutch D-FL,Democrat,FL,20,537,164.0
Ted Deutch D-FL,Democrat,FL,21,426,150.0
Ted Deutch D-FL,Democrat,FL,22,360,132.0
Ted Deutch D-FL,Democrat,FL,23,257,86.0
Ted Lieu,Democrat,CA,0,132,88.0
Ted Lieu,Democrat,CA,1,328,205.0
Ted Lieu,Democrat,CA,2,642,385.0
Ted Lieu,Democrat,CA,3,1036,591.0
Ted Lieu,Democrat,CA,4,1287,714.0
Ted Lieu,Democrat,CA,5,1348,774.0
Ted Lieu,Democrat,CA,6,1515,796.0
Ted Lieu,Democrat,CA,7,1590,800.0
Ted Lieu,Democrat,CA,8,1567,735.0
Ted Lieu,Democrat,CA,9,1605,738.0
Ted Lieu,Democrat,CA,10,1487,713.0
Ted Lieu,Democrat,CA,11,1403,700.0
Ted Lieu,Democrat,CA,12,1314,639.0
Ted Lieu,Democrat,CA,13,1202,597.0
Ted Lieu,Democrat,CA,14,1187,596.0
Ted Lieu,Democrat,CA,15,972,516.0
Ted Lieu,Democrat,CA,16,916,475.0
Ted Lieu,Democrat,CA,17,743,416.0
Ted Lieu,Democrat,CA,18,590,311.0
Ted Lieu,Democrat,CA,19,365,226.0
Ted Lieu,Democrat,CA,20,240,155.0
Ted Lieu,Democrat,CA,21,72,38.0
Ted Lieu,Democrat,CA,22,16,10.0
Ted Lieu,Democrat,CA,23,33,18.0
Teresa Leger Fernandez,Democrat,NM,0,4,3.0
Teresa Leger Fernandez,Democrat,NM,1,12,5.0
Teresa Leger Fernandez,Democrat,NM,2,20,14.0
Teresa Leger Fernandez,Democrat,NM,3,58,28.0
Teresa Leger Fernandez,Democrat,NM,4,103,55.0
Teresa Leger Fernandez,Democrat,NM,5,123,63.0
Teresa Leger Fernandez,Democrat,NM,6,131,62.0
Teresa Leger Fernandez,Democrat,NM,7,210,79.0
Teresa Leger Fernandez,Democrat,NM,8,302,60.0
Teresa Leger Fernandez,Democrat,NM,9,368,84.0
Teresa Leger Fernandez,Democrat,NM,10,332,79.0
Teresa Leger Fernandez,Democrat,NM,11,300,81.0
Teresa Leger Fernandez,Democrat,NM,12,358,96.0
Teresa Leger Fernandez,Democrat,NM,13,300,55.0
Teresa Leger Fernandez,Democrat,NM,14,349,87.0
Teresa Leger Fernandez,Democrat,NM,15,299,79.0
Teresa Leger Fernandez,Democrat,NM,16,277,33.0
Teresa Leger Fernandez,Democrat,NM,17,105,30.0
Teresa Leger Fernandez,Democrat,NM,18,65,19.0
Teresa Leger Fernandez,Democrat,NM,19,57,14.0
Teresa Leger Fernandez,Democrat,NM,20,48,6.0
Teresa Leger Fernandez,Democrat,NM,21,11,2.0
Teresa Leger Fernandez,Democrat,NM,22,14,4.0
Teresa Leger Fernandez,Democrat,NM,23,4,1.0
Terri A. Sewell,Democrat,AL,0,18,3.0
Terri A. Sewell,Democrat,AL,1,11,1.0
Terri A. Sewell,Democrat,AL,2,28,4.0
Terri A. Sewell,Democrat,AL,3,76,12.0
Terri A. Sewell,Democrat,AL,4,157,41.0
Terri A. Sewell,Democrat,AL,5,185,41.0
Terri A. Sewell,Democrat,AL,6,254,53.0
Terri A. Sewell,Democrat,AL,7,379,77.0
Terri A. Sewell,Democrat,AL,8,824,163.0
Terri A. Sewell,Democrat,AL,9,1061,221.0
Terri A. Sewell,Democrat,AL,10,1138,212.0
Terri A. Sewell,Democrat,AL,11,1084,207.0
Terri A. Sewell,Democrat,AL,12,1007,193.0
Terri A. Sewell,Democrat,AL,13,1036,180.0
Terri A. Sewell,Democrat,AL,14,972,194.0
Terri A. Sewell,Democrat,AL,15,847,131.0
Terri A. Sewell,Democrat,AL,16,698,119.0
Terri A. Sewell,Democrat,AL,17,501,92.0
Terri A. Sewell,Democrat,AL,18,367,82.0
Terri A. Sewell,Democrat,AL,19,238,50.0
Terri A. Sewell,Democrat,AL,20,177,33.0
Terri A. Sewell,Democrat,AL,21,135,27.0
Terri A. Sewell,Democrat,AL,22,61,9.0
Terri A. Sewell,Democrat,AL,23,34,5.0
"Tester, Jon",Democrat,MT,0,3,0.0
"Tester, Jon",Democrat,MT,4,2,0.0
"Tester, Jon",Democrat,MT,5,3,0.0
"Tester, Jon",Democrat,MT,6,58,2.0
"Tester, Jon",Democrat,MT,7,190,18.0
"Tester, Jon",Democrat,MT,8,388,59.0
"Tester, Jon",Democrat,MT,9,613,95.0
"Tester, Jon",Democrat,MT,10,631,101.0
"Tester, Jon",Democrat,MT,11,682,85.0
"Tester, Jon",Democrat,MT,12,735,84.0
"Tester, Jon",Democrat,MT,13,707,100.0
"Tester, Jon",Democrat,MT,14,724,103.0
"Tester, Jon",Democrat,MT,15,752,92.0
"Tester, Jon",Democrat,MT,16,483,63.0
"Tester, Jon",Democrat,MT,17,336,51.0
"Tester, Jon",Democrat,MT,18,278,40.0
"Tester, Jon",Democrat,MT,19,180,32.0
"Tester, Jon",Democrat,MT,20,124,19.0
"Tester, Jon",Democrat,MT,21,58,10.0
"Tester, Jon",Democrat,MT,22,11,3.0
Thom Tillis,Republican,NC,0,4,1.0
Thom Tillis,Republican,NC,1,5,1.0
Thom Tillis,Republican,NC,2,11,0.0
Thom Tillis,Republican,NC,3,69,15.0
Thom Tillis,Republican,NC,4,123,28.0
Thom Tillis,Republican,NC,5,208,47.0
Thom Tillis,Republican,NC,6,238,69.0
Thom Tillis,Republican,NC,7,296,72.0
Thom Tillis,Republican,NC,8,428,91.0
Thom Tillis,Republican,NC,9,661,127.0
Thom Tillis,Republican,NC,10,747,153.0
Thom Tillis,Republican,NC,11,856,166.0
Thom Tillis,Republican,NC,12,771,160.0
Thom Tillis,Republican,NC,13,732,146.0
Thom Tillis,Republican,NC,14,658,139.0
Thom Tillis,Republican,NC,15,613,115.0
Thom Tillis,Republican,NC,16,603,112.0
Thom Tillis,Republican,NC,17,482,98.0
Thom Tillis,Republican,NC,18,285,55.0
Thom Tillis,Republican,NC,19,142,21.0
Thom Tillis,Republican,NC,20,94,14.0
Thom Tillis,Republican,NC,21,88,14.0
Thom Tillis,Republican,NC,22,62,9.0
Thom Tillis,Republican,NC,23,12,0.0
Thomas Massie,Republican,KY,0,347,135.0
Thomas Massie,Republican,KY,1,281,131.0
Thomas Massie,Republican,KY,2,474,204.0
Thomas Massie,Republican,KY,3,700,266.0
Thomas Massie,Republican,KY,4,975,389.0
Thomas Massie,Republican,KY,5,1123,512.0
Thomas Massie,Republican,KY,6,1230,514.0
Thomas Massie,Republican,KY,7,1458,578.0
Thomas Massie,Republican,KY,8,1544,565.0
Thomas Massie,Republican,KY,9,1795,709.0
Thomas Massie,Republican,KY,10,1827,708.0
Thomas Massie,Republican,KY,11,1556,592.0
Thomas Massie,Republican,KY,12,1436,537.0
Thomas Massie,Republican,KY,13,1390,529.0
Thomas Massie,Republican,KY,14,1388,510.0
Thomas Massie,Republican,KY,15,1431,551.0
Thomas Massie,Republican,KY,16,1341,528.0
Thomas Massie,Republican,KY,17,1310,497.0
Thomas Massie,Republican,KY,18,1098,424.0
Thomas Massie,Republican,KY,19,975,361.0
Thomas Massie,Republican,KY,20,915,335.0
Thomas Massie,Republican,KY,21,910,329.0
Thomas Massie,Republican,KY,22,762,278.0
Thomas Massie,Republican,KY,23,502,173.0
Thomas P. Tiffany,Republican,WI,0,1,0.0
Thomas P. Tiffany,Republican,WI,1,7,3.0
Thomas P. Tiffany,Republican,WI,2,59,42.0
Thomas P. Tiffany,Republican,WI,3,178,115.0
Thomas P. Tiffany,Republican,WI,4,259,164.0
Thomas P. Tiffany,Republican,WI,5,251,140.0
Thomas P. Tiffany,Republican,WI,6,234,131.0
Thomas P. Tiffany,Republican,WI,7,314,215.0
Thomas P. Tiffany,Republican,WI,8,368,233.0
Thomas P. Tiffany,Republican,WI,9,278,178.0
Thomas P. Tiffany,Republican,WI,10,289,177.0
Thomas P. Tiffany,Republican,WI,11,296,183.0
Thomas P. Tiffany,Republican,WI,12,276,181.0
Thomas P. Tiffany,Republican,WI,13,232,142.0
Thomas P. Tiffany,Republican,WI,14,229,136.0
Thomas P. Tiffany,Republican,WI,15,226,129.0
Thomas P. Tiffany,Republican,WI,16,153,78.0
Thomas P. Tiffany,Republican,WI,17,83,49.0
Thomas P. Tiffany,Republican,WI,18,42,19.0
Thomas P. Tiffany,Republican,WI,19,33,19.0
Thomas P. Tiffany,Republican,WI,20,19,12.0
Thomas P. Tiffany,Republican,WI,21,10,7.0
Thomas P. Tiffany,Republican,WI,22,3,1.0
Thomas P. Tiffany,Republican,WI,23,3,0.0
Thomas R. Suozzi,Democrat,NY,0,1,0.0
Thomas R. Suozzi,Democrat,NY,1,6,3.0
Thomas R. Suozzi,Democrat,NY,2,35,3.0
Thomas R. Suozzi,Democrat,NY,3,99,16.0
Thomas R. Suozzi,Democrat,NY,4,277,47.0
Thomas R. Suozzi,Democrat,NY,5,279,66.0
Thomas R. Suozzi,Democrat,NY,6,278,65.0
Thomas R. Suozzi,Democrat,NY,7,305,76.0
Thomas R. Suozzi,Democrat,NY,8,369,89.0
Thomas R. Suozzi,Democrat,NY,9,470,97.0
Thomas R. Suozzi,Democrat,NY,10,429,100.0
Thomas R. Suozzi,Democrat,NY,11,490,125.0
Thomas R. Suozzi,Democrat,NY,12,498,94.0
Thomas R. Suozzi,Democrat,NY,13,555,112.0
Thomas R. Suozzi,Democrat,NY,14,372,72.0
Thomas R. Suozzi,Democrat,NY,15,373,69.0
Thomas R. Suozzi,Democrat,NY,16,335,72.0
Thomas R. Suozzi,Democrat,NY,17,388,78.0
Thomas R. Suozzi,Democrat,NY,18,161,30.0
Thomas R. Suozzi,Democrat,NY,19,78,13.0
Thomas R. Suozzi,Democrat,NY,20,69,14.0
Thomas R. Suozzi,Democrat,NY,21,66,13.0
Thomas R. Suozzi,Democrat,NY,22,24,3.0
Thomas R. Suozzi,Democrat,NY,23,15,1.0
Tim Burchett,Republican,TN,0,133,46.0
Tim Burchett,Republican,TN,1,257,95.0
Tim Burchett,Republican,TN,2,583,192.0
Tim Burchett,Republican,TN,3,844,305.0
Tim Burchett,Republican,TN,4,984,350.0
Tim Burchett,Republican,TN,5,1039,348.0
Tim Burchett,Republican,TN,6,991,339.0
Tim Burchett,Republican,TN,7,984,307.0
Tim Burchett,Republican,TN,8,1072,324.0
Tim Burchett,Republican,TN,9,1166,384.0
Tim Burchett,Republican,TN,10,1101,379.0
Tim Burchett,Republican,TN,11,1092,392.0
Tim Burchett,Republican,TN,12,1051,329.0
Tim Burchett,Republican,TN,13,997,287.0
Tim Burchett,Republican,TN,14,962,315.0
Tim Burchett,Republican,TN,15,930,270.0
Tim Burchett,Republican,TN,16,657,220.0
Tim Burchett,Republican,TN,17,374,132.0
Tim Burchett,Republican,TN,18,192,62.0
Tim Burchett,Republican,TN,19,121,34.0
Tim Burchett,Republican,TN,20,76,37.0
Tim Burchett,Republican,TN,21,53,23.0
Tim Burchett,Republican,TN,22,31,5.0
Tim Burchett,Republican,TN,23,51,17.0
Tim Kaine,Democrat,VA,0,3,0.0
Tim Kaine,Democrat,VA,1,20,1.0
Tim Kaine,Democrat,VA,2,53,7.0
Tim Kaine,Democrat,VA,3,165,34.0
Tim Kaine,Democrat,VA,4,284,82.0
Tim Kaine,Democrat,VA,5,588,202.0
Tim Kaine,Democrat,VA,6,761,214.0
Tim Kaine,Democrat,VA,7,879,283.0
Tim Kaine,Democrat,VA,8,936,278.0
Tim Kaine,Democrat,VA,9,925,269.0
Tim Kaine,Democrat,VA,10,960,281.0
Tim Kaine,Democrat,VA,11,880,279.0
Tim Kaine,Democrat,VA,12,887,262.0
Tim Kaine,Democrat,VA,13,812,241.0
Tim Kaine,Democrat,VA,14,620,199.0
Tim Kaine,Democrat,VA,15,420,139.0
Tim Kaine,Democrat,VA,16,398,117.0
Tim Kaine,Democrat,VA,17,328,106.0
Tim Kaine,Democrat,VA,18,199,63.0
Tim Kaine,Democrat,VA,19,118,32.0
Tim Kaine,Democrat,VA,20,47,14.0
Tim Kaine,Democrat,VA,21,49,12.0
Tim Kaine,Democrat,VA,22,26,6.0
Tim Kaine,Democrat,VA,23,11,1.0
Tim Ryan D-OH,Democrat,OH,0,44,12.0
Tim Ryan D-OH,Democrat,OH,1,3,0.0
Tim Ryan D-OH,Democrat,OH,2,4,1.0
Tim Ryan D-OH,Democrat,OH,3,1,0.0
Tim Ryan D-OH,Democrat,OH,5,1,0.0
Tim Ryan D-OH,Democrat,OH,6,15,2.0
Tim Ryan D-OH,Democrat,OH,7,104,24.0
Tim Ryan D-OH,Democrat,OH,8,272,65.0
Tim Ryan D-OH,Democrat,OH,9,527,145.0
Tim Ryan D-OH,Democrat,OH,10,828,174.0
Tim Ryan D-OH,Democrat,OH,11,1005,235.0
Tim Ryan D-OH,Democrat,OH,12,1050,294.0
Tim Ryan D-OH,Democrat,OH,13,888,222.0
Tim Ryan D-OH,Democrat,OH,14,975,220.0
Tim Ryan D-OH,Democrat,OH,15,988,242.0
Tim Ryan D-OH,Democrat,OH,16,946,240.0
Tim Ryan D-OH,Democrat,OH,17,751,182.0
Tim Ryan D-OH,Democrat,OH,18,387,99.0
Tim Ryan D-OH,Democrat,OH,19,290,69.0
Tim Ryan D-OH,Democrat,OH,20,212,61.0
Tim Ryan D-OH,Democrat,OH,21,189,56.0
Tim Ryan D-OH,Democrat,OH,22,161,37.0
Tim Ryan D-OH,Democrat,OH,23,128,35.0
Tim Scott,Republican,SC,0,29,3.0
Tim Scott,Republican,SC,1,13,4.0
Tim Scott,Republican,SC,2,12,2.0
Tim Scott,Republican,SC,3,93,13.0
Tim Scott,Republican,SC,4,220,37.0
Tim Scott,Republican,SC,5,303,77.0
Tim Scott,Republican,SC,6,364,98.0
Tim Scott,Republican,SC,7,430,97.0
Tim Scott,Republican,SC,8,786,174.0
Tim Scott,Republican,SC,9,1257,283.0
Tim Scott,Republican,SC,10,1380,301.0
Tim Scott,Republican,SC,11,1261,275.0
Tim Scott,Republican,SC,12,1439,321.0
Tim Scott,Republican,SC,13,1238,285.0
Tim Scott,Republican,SC,14,1218,270.0
Tim Scott,Republican,SC,15,1166,231.0
Tim Scott,Republican,SC,16,1261,270.0
Tim Scott,Republican,SC,17,1017,211.0
Tim Scott,Republican,SC,18,583,134.0
Tim Scott,Republican,SC,19,313,49.0
Tim Scott,Republican,SC,20,215,34.0
Tim Scott,Republican,SC,21,191,30.0
Tim Scott,Republican,SC,22,109,22.0
Tim Scott,Republican,SC,23,55,7.0
Tim Walberg,Republican,MI,0,7,2.0
Tim Walberg,Republican,MI,1,3,0.0
Tim Walberg,Republican,MI,2,2,0.0
Tim Walberg,Republican,MI,3,7,3.0
Tim Walberg,Republican,MI,4,76,19.0
Tim Walberg,Republican,MI,5,150,32.0
Tim Walberg,Republican,MI,6,158,49.0
Tim Walberg,Republican,MI,7,198,50.0
Tim Walberg,Republican,MI,8,277,55.0
Tim Walberg,Republican,MI,9,672,110.0
Tim Walberg,Republican,MI,10,739,158.0
Tim Walberg,Republican,MI,11,747,162.0
Tim Walberg,Republican,MI,12,760,177.0
Tim Walberg,Republican,MI,13,720,138.0
Tim Walberg,Republican,MI,14,679,119.0
Tim Walberg,Republican,MI,15,628,127.0
Tim Walberg,Republican,MI,16,722,160.0
Tim Walberg,Republican,MI,17,577,114.0
Tim Walberg,Republican,MI,18,332,49.0
Tim Walberg,Republican,MI,19,225,50.0
Tim Walberg,Republican,MI,20,115,20.0
Tim Walberg,Republican,MI,21,119,31.0
Tim Walberg,Republican,MI,22,48,17.0
Tim Walberg,Republican,MI,23,10,0.0
Tina Smith,Democrat,MN,0,1,0.0
Tina Smith,Democrat,MN,2,6,3.0
Tina Smith,Democrat,MN,3,52,15.0
Tina Smith,Democrat,MN,4,187,74.0
Tina Smith,Democrat,MN,5,305,107.0
Tina Smith,Democrat,MN,6,358,126.0
Tina Smith,Democrat,MN,7,433,171.0
Tina Smith,Democrat,MN,8,580,220.0
Tina Smith,Democrat,MN,9,845,314.0
Tina Smith,Democrat,MN,10,847,289.0
Tina Smith,Democrat,MN,11,899,262.0
Tina Smith,Democrat,MN,12,929,279.0
Tina Smith,Democrat,MN,13,881,276.0
Tina Smith,Democrat,MN,14,859,248.0
Tina Smith,Democrat,MN,15,844,228.0
Tina Smith,Democrat,MN,16,849,263.0
Tina Smith,Democrat,MN,17,610,183.0
Tina Smith,Democrat,MN,18,300,107.0
Tina Smith,Democrat,MN,19,200,47.0
Tina Smith,Democrat,MN,20,95,22.0
Tina Smith,Democrat,MN,21,46,12.0
Tina Smith,Democrat,MN,22,16,8.0
Tina Smith,Democrat,MN,23,2,1.0
Todd Young,Republican,IN,0,20,0.0
Todd Young,Republican,IN,1,4,1.0
Todd Young,Republican,IN,2,7,2.0
Todd Young,Republican,IN,3,54,8.0
Todd Young,Republican,IN,4,239,51.0
Todd Young,Republican,IN,5,502,100.0
Todd Young,Republican,IN,6,492,99.0
Todd Young,Republican,IN,7,495,84.0
Todd Young,Republican,IN,8,594,115.0
Todd Young,Republican,IN,9,956,157.0
Todd Young,Republican,IN,10,1241,169.0
Todd Young,Republican,IN,11,1199,185.0
Todd Young,Republican,IN,12,1172,214.0
Todd Young,Republican,IN,13,1128,160.0
Todd Young,Republican,IN,14,1013,152.0
Todd Young,Republican,IN,15,960,145.0
Todd Young,Republican,IN,16,1014,144.0
Todd Young,Republican,IN,17,858,127.0
Todd Young,Republican,IN,18,572,70.0
Todd Young,Republican,IN,19,261,27.0
Todd Young,Republican,IN,20,129,16.0
Todd Young,Republican,IN,21,72,14.0
Todd Young,Republican,IN,22,43,4.0
Todd Young,Republican,IN,23,16,0.0
Tom Cotton,Republican,AR,0,6,4.0
Tom Cotton,Republican,AR,1,48,24.0
Tom Cotton,Republican,AR,2,158,92.0
Tom Cotton,Republican,AR,3,524,371.0
Tom Cotton,Republican,AR,4,945,638.0
Tom Cotton,Republican,AR,5,1124,744.0
Tom Cotton,Republican,AR,6,1173,735.0
Tom Cotton,Republican,AR,7,1155,684.0
Tom Cotton,Republican,AR,8,1483,822.0
Tom Cotton,Republican,AR,9,1653,874.0
Tom Cotton,Republican,AR,10,1552,774.0
Tom Cotton,Republican,AR,11,1403,672.0
Tom Cotton,Republican,AR,12,1221,520.0
Tom Cotton,Republican,AR,13,1138,457.0
Tom Cotton,Republican,AR,14,1144,500.0
Tom Cotton,Republican,AR,15,1211,564.0
Tom Cotton,Republican,AR,16,781,334.0
Tom Cotton,Republican,AR,17,379,134.0
Tom Cotton,Republican,AR,18,227,99.0
Tom Cotton,Republican,AR,19,198,98.0
Tom Cotton,Republican,AR,20,133,66.0
Tom Cotton,Republican,AR,21,47,20.0
Tom Cotton,Republican,AR,22,11,2.0
Tom Cotton,Republican,AR,23,8,3.0
Tom Emmer R-MN,Republican,MN,4,2,0.0
Tom Emmer R-MN,Republican,MN,6,17,1.0
Tom Emmer R-MN,Republican,MN,7,33,0.0
Tom Emmer R-MN,Republican,MN,8,90,2.0
Tom Emmer R-MN,Republican,MN,9,259,10.0
Tom Emmer R-MN,Republican,MN,10,452,12.0
Tom Emmer R-MN,Republican,MN,11,463,31.0
Tom Emmer R-MN,Republican,MN,12,493,27.0
Tom Emmer R-MN,Republican,MN,13,489,24.0
Tom Emmer R-MN,Republican,MN,14,494,21.0
Tom Emmer R-MN,Republican,MN,15,503,27.0
Tom Emmer R-MN,Republican,MN,16,429,21.0
Tom Emmer R-MN,Republican,MN,17,184,14.0
Tom Emmer R-MN,Republican,MN,18,76,5.0
Tom Emmer R-MN,Republican,MN,19,53,6.0
Tom Emmer R-MN,Republican,MN,20,65,9.0
Tom Emmer R-MN,Republican,MN,21,21,2.0
Tom Emmer R-MN,Republican,MN,22,3,0.0
Tom Emmer R-MN,Republican,MN,23,2,0.0
Tom Graves R-GA,Republican,GA,0,3,0.0
Tom Graves R-GA,Republican,GA,4,1,1.0
Tom Graves R-GA,Republican,GA,5,1,0.0
Tom Graves R-GA,Republican,GA,6,4,0.0
Tom Graves R-GA,Republican,GA,7,14,0.0
Tom Graves R-GA,Republican,GA,8,66,3.0
Tom Graves R-GA,Republican,GA,9,401,58.0
Tom Graves R-GA,Republican,GA,10,549,73.0
Tom Graves R-GA,Republican,GA,11,514,61.0
Tom Graves R-GA,Republican,GA,12,471,71.0
Tom Graves R-GA,Republican,GA,13,435,55.0
Tom Graves R-GA,Republican,GA,14,417,56.0
Tom Graves R-GA,Republican,GA,15,490,71.0
Tom Graves R-GA,Republican,GA,16,402,66.0
Tom Graves R-GA,Republican,GA,17,298,53.0
Tom Graves R-GA,Republican,GA,18,172,38.0
Tom Graves R-GA,Republican,GA,19,72,14.0
Tom Graves R-GA,Republican,GA,20,45,10.0
Tom Graves R-GA,Republican,GA,21,41,7.0
Tom Graves R-GA,Republican,GA,22,32,6.0
Tom Graves R-GA,Republican,GA,23,12,1.0
Tom O'Halleran D-AZ,Democrat,AZ,3,2,0.0
Tom O'Halleran D-AZ,Democrat,AZ,4,8,0.0
Tom O'Halleran D-AZ,Democrat,AZ,5,12,1.0
Tom O'Halleran D-AZ,Democrat,AZ,6,43,4.0
Tom O'Halleran D-AZ,Democrat,AZ,7,110,7.0
Tom O'Halleran D-AZ,Democrat,AZ,8,576,43.0
Tom O'Halleran D-AZ,Democrat,AZ,9,574,44.0
Tom O'Halleran D-AZ,Democrat,AZ,10,290,13.0
Tom O'Halleran D-AZ,Democrat,AZ,11,792,66.0
Tom O'Halleran D-AZ,Democrat,AZ,12,406,46.0
Tom O'Halleran D-AZ,Democrat,AZ,13,265,23.0
Tom O'Halleran D-AZ,Democrat,AZ,14,296,30.0
Tom O'Halleran D-AZ,Democrat,AZ,15,754,69.0
Tom O'Halleran D-AZ,Democrat,AZ,16,372,23.0
Tom O'Halleran D-AZ,Democrat,AZ,17,160,22.0
Tom O'Halleran D-AZ,Democrat,AZ,18,442,31.0
Tom O'Halleran D-AZ,Democrat,AZ,19,160,19.0
Tom O'Halleran D-AZ,Democrat,AZ,20,189,13.0
Tom O'Halleran D-AZ,Democrat,AZ,21,22,0.0
Tom O'Halleran D-AZ,Democrat,AZ,22,4,1.0
Tom O'Halleran D-AZ,Democrat,AZ,23,1,0.0
Tom Reed R-NY,Republican,NY,0,2,1.0
Tom Reed R-NY,Republican,NY,1,1,0.0
Tom Reed R-NY,Republican,NY,5,1,1.0
Tom Reed R-NY,Republican,NY,6,14,0.0
Tom Reed R-NY,Republican,NY,7,15,1.0
Tom Reed R-NY,Republican,NY,8,72,14.0
Tom Reed R-NY,Republican,NY,9,251,26.0
Tom Reed R-NY,Republican,NY,10,377,45.0
Tom Reed R-NY,Republican,NY,11,333,53.0
Tom Reed R-NY,Republican,NY,12,289,32.0
Tom Reed R-NY,Republican,NY,13,287,47.0
Tom Reed R-NY,Republican,NY,14,295,40.0
Tom Reed R-NY,Republican,NY,15,307,42.0
Tom Reed R-NY,Republican,NY,16,286,34.0
Tom Reed R-NY,Republican,NY,17,233,33.0
Tom Reed R-NY,Republican,NY,18,119,20.0
Tom Reed R-NY,Republican,NY,19,53,6.0
Tom Reed R-NY,Republican,NY,20,53,14.0
Tom Reed R-NY,Republican,NY,21,52,7.0
Tom Reed R-NY,Republican,NY,22,17,1.0
Tom Reed R-NY,Republican,NY,23,4,1.0
Tom Udall D-NM,Democrat,NM,0,1,0.0
Tom Udall D-NM,Democrat,NM,3,1,1.0
Tom Udall D-NM,Democrat,NM,5,10,0.0
Tom Udall D-NM,Democrat,NM,6,13,4.0
Tom Udall D-NM,Democrat,NM,7,150,34.0
Tom Udall D-NM,Democrat,NM,8,403,127.0
Tom Udall D-NM,Democrat,NM,9,617,192.0
Tom Udall D-NM,Democrat,NM,10,725,242.0
Tom Udall D-NM,Democrat,NM,11,796,283.0
Tom Udall D-NM,Democrat,NM,12,873,299.0
Tom Udall D-NM,Democrat,NM,13,842,269.0
Tom Udall D-NM,Democrat,NM,14,844,273.0
Tom Udall D-NM,Democrat,NM,15,822,242.0
Tom Udall D-NM,Democrat,NM,16,659,225.0
Tom Udall D-NM,Democrat,NM,17,291,91.0
Tom Udall D-NM,Democrat,NM,18,169,60.0
Tom Udall D-NM,Democrat,NM,19,98,35.0
Tom Udall D-NM,Democrat,NM,20,64,28.0
Tom Udall D-NM,Democrat,NM,21,27,10.0
Tom Udall D-NM,Democrat,NM,22,9,3.0
Tom Udall D-NM,Democrat,NM,23,6,5.0
Tommy Tuberville,Republican,AL,0,4,1.0
Tommy Tuberville,Republican,AL,1,14,4.0
Tommy Tuberville,Republican,AL,2,50,11.0
Tommy Tuberville,Republican,AL,3,128,35.0
Tommy Tuberville,Republican,AL,4,371,178.0
Tommy Tuberville,Republican,AL,5,356,170.0
Tommy Tuberville,Republican,AL,6,405,164.0
Tommy Tuberville,Republican,AL,7,405,166.0
Tommy Tuberville,Republican,AL,8,656,250.0
Tommy Tuberville,Republican,AL,9,662,279.0
Tommy Tuberville,Republican,AL,10,733,320.0
Tommy Tuberville,Republican,AL,11,741,327.0
Tommy Tuberville,Republican,AL,12,632,265.0
Tommy Tuberville,Republican,AL,13,540,236.0
Tommy Tuberville,Republican,AL,14,539,246.0
Tommy Tuberville,Republican,AL,15,430,192.0
Tommy Tuberville,Republican,AL,16,336,151.0
Tommy Tuberville,Republican,AL,17,195,82.0
Tommy Tuberville,Republican,AL,18,128,56.0
Tommy Tuberville,Republican,AL,19,49,20.0
Tommy Tuberville,Republican,AL,20,46,30.0
Tommy Tuberville,Republican,AL,21,30,21.0
Tommy Tuberville,Republican,AL,22,10,1.0
Tommy Tuberville,Republican,AL,23,2,1.0
"Trone, David",Democrat,MD,0,2,0.0
"Trone, David",Democrat,MD,7,11,0.0
"Trone, David",Democrat,MD,8,45,9.0
"Trone, David",Democrat,MD,9,290,36.0
"Trone, David",Democrat,MD,10,461,72.0
"Trone, David",Democrat,MD,11,469,69.0
"Trone, David",Democrat,MD,12,546,101.0
"Trone, David",Democrat,MD,13,623,121.0
"Trone, David",Democrat,MD,14,605,98.0
"Trone, David",Democrat,MD,15,582,92.0
"Trone, David",Democrat,MD,16,532,88.0
"Trone, David",Democrat,MD,17,481,79.0
"Trone, David",Democrat,MD,18,318,42.0
"Trone, David",Democrat,MD,19,173,22.0
"Trone, David",Democrat,MD,20,125,18.0
"Trone, David",Democrat,MD,21,77,11.0
"Trone, David",Democrat,MD,22,26,6.0
"Trone, David",Democrat,MD,23,4,0.0
Troy A. Carter,Democrat,LA,0,3,1.0
Troy A. Carter,Democrat,LA,1,9,2.0
Troy A. Carter,Democrat,LA,2,33,9.0
Troy A. Carter,Democrat,LA,3,93,21.0
Troy A. Carter,Democrat,LA,4,171,43.0
Troy A. Carter,Democrat,LA,5,155,47.0
Troy A. Carter,Democrat,LA,6,195,51.0
Troy A. Carter,Democrat,LA,7,254,64.0
Troy A. Carter,Democrat,LA,8,280,79.0
Troy A. Carter,Democrat,LA,9,313,76.0
Troy A. Carter,Democrat,LA,10,302,59.0
Troy A. Carter,Democrat,LA,11,228,46.0
Troy A. Carter,Democrat,LA,12,223,49.0
Troy A. Carter,Democrat,LA,13,213,46.0
Troy A. Carter,Democrat,LA,14,175,31.0
Troy A. Carter,Democrat,LA,15,140,26.0
Troy A. Carter,Democrat,LA,16,115,28.0
Troy A. Carter,Democrat,LA,17,76,14.0
Troy A. Carter,Democrat,LA,18,48,14.0
Troy A. Carter,Democrat,LA,19,27,6.0
Troy A. Carter,Democrat,LA,20,20,6.0
Troy A. Carter,Democrat,LA,21,11,0.0
Troy A. Carter,Democrat,LA,22,5,3.0
Troy A. Carter,Democrat,LA,23,5,0.0
Troy Balderson,Republican,OH,0,9,2.0
Troy Balderson,Republican,OH,3,7,0.0
Troy Balderson,Republican,OH,4,19,1.0
Troy Balderson,Republican,OH,5,56,15.0
Troy Balderson,Republican,OH,6,70,21.0
Troy Balderson,Republican,OH,7,82,23.0
Troy Balderson,Republican,OH,8,179,34.0
Troy Balderson,Republican,OH,9,303,58.0
Troy Balderson,Republican,OH,10,396,95.0
Troy Balderson,Republican,OH,11,460,112.0
Troy Balderson,Republican,OH,12,381,72.0
Troy Balderson,Republican,OH,13,395,64.0
Troy Balderson,Republican,OH,14,359,79.0
Troy Balderson,Republican,OH,15,313,61.0
Troy Balderson,Republican,OH,16,332,74.0
Troy Balderson,Republican,OH,17,227,35.0
Troy Balderson,Republican,OH,18,111,30.0
Troy Balderson,Republican,OH,19,66,14.0
Troy Balderson,Republican,OH,20,46,5.0
Troy Balderson,Republican,OH,21,68,20.0
Troy Balderson,Republican,OH,22,39,13.0
Troy Balderson,Republican,OH,23,9,0.0
Troy E. Nehls,Republican,TX,0,3,2.0
Troy E. Nehls,Republican,TX,1,12,3.0
Troy E. Nehls,Republican,TX,2,30,13.0
Troy E. Nehls,Republican,TX,3,157,73.0
Troy E. Nehls,Republican,TX,4,300,147.0
Troy E. Nehls,Republican,TX,5,314,150.0
Troy E. Nehls,Republican,TX,6,310,157.0
Troy E. Nehls,Republican,TX,7,294,155.0
Troy E. Nehls,Republican,TX,8,417,230.0
Troy E. Nehls,Republican,TX,9,504,257.0
Troy E. Nehls,Republican,TX,10,462,255.0
Troy E. Nehls,Republican,TX,11,384,204.0
Troy E. Nehls,Republican,TX,12,371,198.0
Troy E. Nehls,Republican,TX,13,308,159.0
Troy E. Nehls,Republican,TX,14,282,135.0
Troy E. Nehls,Republican,TX,15,271,143.0
Troy E. Nehls,Republican,TX,16,202,108.0
Troy E. Nehls,Republican,TX,17,130,56.0
Troy E. Nehls,Republican,TX,18,93,49.0
Troy E. Nehls,Republican,TX,19,68,39.0
Troy E. Nehls,Republican,TX,20,70,44.0
Troy E. Nehls,Republican,TX,21,31,15.0
Troy E. Nehls,Republican,TX,22,20,11.0
Troy E. Nehls,Republican,TX,23,3,1.0
Val Demings D-FL,Democrat,FL,0,29,9.0
Val Demings D-FL,Democrat,FL,1,6,2.0
Val Demings D-FL,Democrat,FL,5,1,1.0
Val Demings D-FL,Democrat,FL,6,12,4.0
Val Demings D-FL,Democrat,FL,7,96,29.0
Val Demings D-FL,Democrat,FL,8,349,107.0
Val Demings D-FL,Democrat,FL,9,979,271.0
Val Demings D-FL,Democrat,FL,10,1115,359.0
Val Demings D-FL,Democrat,FL,11,1141,368.0
Val Demings D-FL,Democrat,FL,12,1031,356.0
Val Demings D-FL,Democrat,FL,13,1037,355.0
Val Demings D-FL,Democrat,FL,14,1145,369.0
Val Demings D-FL,Democrat,FL,15,1215,435.0
Val Demings D-FL,Democrat,FL,16,1148,389.0
Val Demings D-FL,Democrat,FL,17,667,205.0
Val Demings D-FL,Democrat,FL,18,442,156.0
Val Demings D-FL,Democrat,FL,19,350,109.0
Val Demings D-FL,Democrat,FL,20,268,105.0
Val Demings D-FL,Democrat,FL,21,283,111.0
Val Demings D-FL,Democrat,FL,22,150,71.0
Val Demings D-FL,Democrat,FL,23,67,35.0
Veronica Escobar,Democrat,TX,0,22,9.0
Veronica Escobar,Democrat,TX,1,39,18.0
Veronica Escobar,Democrat,TX,2,66,34.0
Veronica Escobar,Democrat,TX,3,127,58.0
Veronica Escobar,Democrat,TX,4,281,138.0
Veronica Escobar,Democrat,TX,5,324,146.0
Veronica Escobar,Democrat,TX,6,471,184.0
Veronica Escobar,Democrat,TX,7,485,225.0
Veronica Escobar,Democrat,TX,8,729,298.0
Veronica Escobar,Democrat,TX,9,1012,378.0
Veronica Escobar,Democrat,TX,10,1104,388.0
Veronica Escobar,Democrat,TX,11,1087,368.0
Veronica Escobar,Democrat,TX,12,1017,332.0
Veronica Escobar,Democrat,TX,13,961,292.0
Veronica Escobar,Democrat,TX,14,896,305.0
Veronica Escobar,Democrat,TX,15,845,286.0
Veronica Escobar,Democrat,TX,16,889,272.0
Veronica Escobar,Democrat,TX,17,782,235.0
Veronica Escobar,Democrat,TX,18,678,205.0
Veronica Escobar,Democrat,TX,19,490,154.0
Veronica Escobar,Democrat,TX,20,401,108.0
Veronica Escobar,Democrat,TX,21,222,72.0
Veronica Escobar,Democrat,TX,22,116,43.0
Veronica Escobar,Democrat,TX,23,72,30.0
Vicente Gonzalez,Democrat,TX,0,4,0.0
Vicente Gonzalez,Democrat,TX,1,2,0.0
Vicente Gonzalez,Democrat,TX,2,2,1.0
Vicente Gonzalez,Democrat,TX,3,14,2.0
Vicente Gonzalez,Democrat,TX,4,57,8.0
Vicente Gonzalez,Democrat,TX,5,88,16.0
Vicente Gonzalez,Democrat,TX,6,115,30.0
Vicente Gonzalez,Democrat,TX,7,113,22.0
Vicente Gonzalez,Democrat,TX,8,221,27.0
Vicente Gonzalez,Democrat,TX,9,422,73.0
Vicente Gonzalez,Democrat,TX,10,459,73.0
Vicente Gonzalez,Democrat,TX,11,433,61.0
Vicente Gonzalez,Democrat,TX,12,491,71.0
Vicente Gonzalez,Democrat,TX,13,427,77.0
Vicente Gonzalez,Democrat,TX,14,510,83.0
Vicente Gonzalez,Democrat,TX,15,448,72.0
Vicente Gonzalez,Democrat,TX,16,369,48.0
Vicente Gonzalez,Democrat,TX,17,211,34.0
Vicente Gonzalez,Democrat,TX,18,120,18.0
Vicente Gonzalez,Democrat,TX,19,62,6.0
Vicente Gonzalez,Democrat,TX,20,31,6.0
Vicente Gonzalez,Democrat,TX,21,20,3.0
Vicente Gonzalez,Democrat,TX,22,12,3.0
Vicente Gonzalez,Democrat,TX,23,2,0.0
Vicky Hartzler R-MO,Republican,MO,0,5,1.0
Vicky Hartzler R-MO,Republican,MO,1,5,1.0
Vicky Hartzler R-MO,Republican,MO,3,2,0.0
Vicky Hartzler R-MO,Republican,MO,4,5,0.0
Vicky Hartzler R-MO,Republican,MO,5,33,4.0
Vicky Hartzler R-MO,Republican,MO,6,94,13.0
Vicky Hartzler R-MO,Republican,MO,7,326,38.0
Vicky Hartzler R-MO,Republican,MO,8,874,200.0
Vicky Hartzler R-MO,Republican,MO,9,1161,278.0
Vicky Hartzler R-MO,Republican,MO,10,975,204.0
Vicky Hartzler R-MO,Republican,MO,11,673,129.0
Vicky Hartzler R-MO,Republican,MO,12,710,136.0
Vicky Hartzler R-MO,Republican,MO,13,722,150.0
Vicky Hartzler R-MO,Republican,MO,14,763,163.0
Vicky Hartzler R-MO,Republican,MO,15,688,132.0
Vicky Hartzler R-MO,Republican,MO,16,521,113.0
Vicky Hartzler R-MO,Republican,MO,17,351,66.0
Vicky Hartzler R-MO,Republican,MO,18,210,36.0
Vicky Hartzler R-MO,Republican,MO,19,164,29.0
Vicky Hartzler R-MO,Republican,MO,20,137,12.0
Vicky Hartzler R-MO,Republican,MO,21,135,35.0
Vicky Hartzler R-MO,Republican,MO,22,45,7.0
Vicky Hartzler R-MO,Republican,MO,23,29,9.0
W. Gregory Steube,Republican,FL,0,9,2.0
W. Gregory Steube,Republican,FL,1,4,2.0
W. Gregory Steube,Republican,FL,2,18,7.0
W. Gregory Steube,Republican,FL,3,87,46.0
W. Gregory Steube,Republican,FL,4,207,100.0
W. Gregory Steube,Republican,FL,5,326,166.0
W. Gregory Steube,Republican,FL,6,351,197.0
W. Gregory Steube,Republican,FL,7,343,194.0
W. Gregory Steube,Republican,FL,8,395,199.0
W. Gregory Steube,Republican,FL,9,601,318.0
W. Gregory Steube,Republican,FL,10,727,352.0
W. Gregory Steube,Republican,FL,11,650,323.0
W. Gregory Steube,Republican,FL,12,612,325.0
W. Gregory Steube,Republican,FL,13,534,285.0
W. Gregory Steube,Republican,FL,14,425,226.0
W. Gregory Steube,Republican,FL,15,421,200.0
W. Gregory Steube,Republican,FL,16,405,198.0
W. Gregory Steube,Republican,FL,17,361,198.0
W. Gregory Steube,Republican,FL,18,247,113.0
W. Gregory Steube,Republican,FL,19,134,68.0
W. Gregory Steube,Republican,FL,20,95,46.0
W. Gregory Steube,Republican,FL,21,52,36.0
W. Gregory Steube,Republican,FL,22,55,32.0
W. Gregory Steube,Republican,FL,23,8,5.0
"Waltz, Michael",Republican,FL,0,11,4.0
"Waltz, Michael",Republican,FL,1,1,0.0
"Waltz, Michael",Republican,FL,5,11,1.0
"Waltz, Michael",Republican,FL,6,81,4.0
"Waltz, Michael",Republican,FL,7,114,12.0
"Waltz, Michael",Republican,FL,8,135,26.0
"Waltz, Michael",Republican,FL,9,331,79.0
"Waltz, Michael",Republican,FL,10,454,94.0
"Waltz, Michael",Republican,FL,11,384,97.0
"Waltz, Michael",Republican,FL,12,385,77.0
"Waltz, Michael",Republican,FL,13,316,76.0
"Waltz, Michael",Republican,FL,14,366,84.0
"Waltz, Michael",Republican,FL,15,322,70.0
"Waltz, Michael",Republican,FL,16,288,66.0
"Waltz, Michael",Republican,FL,17,251,62.0
"Waltz, Michael",Republican,FL,18,176,50.0
"Waltz, Michael",Republican,FL,19,103,16.0
"Waltz, Michael",Republican,FL,20,93,17.0
"Waltz, Michael",Republican,FL,21,68,12.0
"Waltz, Michael",Republican,FL,22,59,21.0
"Waltz, Michael",Republican,FL,23,27,10.0
Warren Davidson,Republican,OH,0,49,24.0
Warren Davidson,Republican,OH,1,94,42.0
Warren Davidson,Republican,OH,2,164,73.0
Warren Davidson,Republican,OH,3,258,123.0
Warren Davidson,Republican,OH,4,386,177.0
Warren Davidson,Republican,OH,5,394,171.0
Warren Davidson,Republican,OH,6,332,136.0
Warren Davidson,Republican,OH,7,329,131.0
Warren Davidson,Republican,OH,8,294,130.0
Warren Davidson,Republican,OH,9,325,146.0
Warren Davidson,Republican,OH,10,294,124.0
Warren Davidson,Republican,OH,11,310,131.0
Warren Davidson,Republican,OH,12,269,114.0
Warren Davidson,Republican,OH,13,270,117.0
Warren Davidson,Republican,OH,14,203,89.0
Warren Davidson,Republican,OH,15,251,97.0
Warren Davidson,Republican,OH,16,234,84.0
Warren Davidson,Republican,OH,17,278,114.0
Warren Davidson,Republican,OH,18,244,83.0
Warren Davidson,Republican,OH,19,103,44.0
Warren Davidson,Republican,OH,20,67,27.0
Warren Davidson,Republican,OH,21,90,36.0
Warren Davidson,Republican,OH,22,76,26.0
Warren Davidson,Republican,OH,23,71,34.0
"Wenstrup, Brad",Republican,OH,0,8,0.0
"Wenstrup, Brad",Republican,OH,1,1,0.0
"Wenstrup, Brad",Republican,OH,2,3,0.0
"Wenstrup, Brad",Republican,OH,3,2,0.0
"Wenstrup, Brad",Republican,OH,5,3,0.0
"Wenstrup, Brad",Republican,OH,6,29,2.0
"Wenstrup, Brad",Republican,OH,7,89,11.0
"Wenstrup, Brad",Republican,OH,8,155,18.0
"Wenstrup, Brad",Republican,OH,9,628,84.0
"Wenstrup, Brad",Republican,OH,10,691,89.0
"Wenstrup, Brad",Republican,OH,11,711,124.0
"Wenstrup, Brad",Republican,OH,12,667,93.0
"Wenstrup, Brad",Republican,OH,13,586,73.0
"Wenstrup, Brad",Republican,OH,14,563,66.0
"Wenstrup, Brad",Republican,OH,15,543,77.0
"Wenstrup, Brad",Republican,OH,16,592,97.0
"Wenstrup, Brad",Republican,OH,17,528,66.0
"Wenstrup, Brad",Republican,OH,18,380,67.0
"Wenstrup, Brad",Republican,OH,19,286,40.0
"Wenstrup, Brad",Republican,OH,20,154,23.0
"Wenstrup, Brad",Republican,OH,21,123,21.0
"Wenstrup, Brad",Republican,OH,22,72,15.0
"Wenstrup, Brad",Republican,OH,23,10,0.0
Wesley Hunt,Republican,TX,0,5,2.0
Wesley Hunt,Republican,TX,1,38,10.0
Wesley Hunt,Republican,TX,2,136,54.0
Wesley Hunt,Republican,TX,3,280,94.0
Wesley Hunt,Republican,TX,4,327,138.0
Wesley Hunt,Republican,TX,5,351,171.0
Wesley Hunt,Republican,TX,6,388,209.0
Wesley Hunt,Republican,TX,7,314,173.0
Wesley Hunt,Republican,TX,8,274,148.0
Wesley Hunt,Republican,TX,9,249,132.0
Wesley Hunt,Republican,TX,10,212,102.0
Wesley Hunt,Republican,TX,11,188,90.0
Wesley Hunt,Republican,TX,12,172,95.0
Wesley Hunt,Republican,TX,13,127,70.0
Wesley Hunt,Republican,TX,14,125,54.0
Wesley Hunt,Republican,TX,15,110,48.0
Wesley Hunt,Republican,TX,16,96,42.0
Wesley Hunt,Republican,TX,17,42,18.0
Wesley Hunt,Republican,TX,18,14,7.0
Wesley Hunt,Republican,TX,19,7,3.0
Wesley Hunt,Republican,TX,20,4,2.0
Wesley Hunt,Republican,TX,23,7,2.0
"Wexton, Jennifer",Democrat,VA,0,4,1.0
"Wexton, Jennifer",Democrat,VA,1,1,0.0
"Wexton, Jennifer",Democrat,VA,2,1,0.0
"Wexton, Jennifer",Democrat,VA,6,1,0.0
"Wexton, Jennifer",Democrat,VA,7,14,5.0
"Wexton, Jennifer",Democrat,VA,8,42,6.0
"Wexton, Jennifer",Democrat,VA,9,174,37.0
"Wexton, Jennifer",Democrat,VA,10,361,72.0
"Wexton, Jennifer",Democrat,VA,11,451,93.0
"Wexton, Jennifer",Democrat,VA,12,505,94.0
"Wexton, Jennifer",Democrat,VA,13,505,109.0
"Wexton, Jennifer",Democrat,VA,14,530,120.0
"Wexton, Jennifer",Democrat,VA,15,520,111.0
"Wexton, Jennifer",Democrat,VA,16,539,111.0
"Wexton, Jennifer",Democrat,VA,17,523,104.0
"Wexton, Jennifer",Democrat,VA,18,405,91.0
"Wexton, Jennifer",Democrat,VA,19,338,76.0
"Wexton, Jennifer",Democrat,VA,20,217,64.0
"Wexton, Jennifer",Democrat,VA,21,101,25.0
"Wexton, Jennifer",Democrat,VA,22,34,10.0
"Wexton, Jennifer",Democrat,VA,23,17,5.0
"Wild, Susan",Democrat,PA,0,10,0.0
"Wild, Susan",Democrat,PA,1,6,0.0
"Wild, Susan",Democrat,PA,2,3,1.0
"Wild, Susan",Democrat,PA,3,3,1.0
"Wild, Susan",Democrat,PA,4,1,0.0
"Wild, Susan",Democrat,PA,5,2,1.0
"Wild, Susan",Democrat,PA,6,12,1.0
"Wild, Susan",Democrat,PA,7,31,6.0
"Wild, Susan",Democrat,PA,8,70,9.0
"Wild, Susan",Democrat,PA,9,260,33.0
"Wild, Susan",Democrat,PA,10,420,46.0
"Wild, Susan",Democrat,PA,11,481,76.0
"Wild, Susan",Democrat,PA,12,482,63.0
"Wild, Susan",Democrat,PA,13,477,84.0
"Wild, Susan",Democrat,PA,14,537,91.0
"Wild, Susan",Democrat,PA,15,502,69.0
"Wild, Susan",Democrat,PA,16,507,84.0
"Wild, Susan",Democrat,PA,17,383,60.0
"Wild, Susan",Democrat,PA,18,244,40.0
"Wild, Susan",Democrat,PA,19,138,31.0
"Wild, Susan",Democrat,PA,20,78,19.0
"Wild, Susan",Democrat,PA,21,73,18.0
"Wild, Susan",Democrat,PA,22,40,9.0
"Wild, Susan",Democrat,PA,23,35,6.0
William R. Timmons IV,Republican,SC,0,4,0.0
William R. Timmons IV,Republican,SC,1,8,0.0
William R. Timmons IV,Republican,SC,2,12,1.0
William R. Timmons IV,Republican,SC,3,24,5.0
William R. Timmons IV,Republican,SC,4,51,13.0
William R. Timmons IV,Republican,SC,5,115,19.0
William R. Timmons IV,Republican,SC,6,156,40.0
William R. Timmons IV,Republican,SC,7,150,47.0
William R. Timmons IV,Republican,SC,8,149,44.0
William R. Timmons IV,Republican,SC,9,275,73.0
William R. Timmons IV,Republican,SC,10,377,91.0
William R. Timmons IV,Republican,SC,11,393,108.0
William R. Timmons IV,Republican,SC,12,400,128.0
William R. Timmons IV,Republican,SC,13,328,106.0
William R. Timmons IV,Republican,SC,14,271,80.0
William R. Timmons IV,Republican,SC,15,294,94.0
William R. Timmons IV,Republican,SC,16,310,74.0
William R. Timmons IV,Republican,SC,17,250,77.0
William R. Timmons IV,Republican,SC,18,134,49.0
William R. Timmons IV,Republican,SC,19,101,36.0
William R. Timmons IV,Republican,SC,20,56,16.0
William R. Timmons IV,Republican,SC,21,35,9.0
William R. Timmons IV,Republican,SC,22,43,17.0
William R. Timmons IV,Republican,SC,23,24,5.0
Yassamin Ansari,Democrat,AZ,0,16,9.0
Yassamin Ansari,Democrat,AZ,1,17,12.0
Yassamin Ansari,Democrat,AZ,2,68,40.0
Yassamin Ansari,Democrat,AZ,3,106,68.0
Yassamin Ansari,Democrat,AZ,4,165,107.0
Yassamin Ansari,Democrat,AZ,5,229,137.0
Yassamin Ansari,Democrat,AZ,6,287,178.0
Yassamin Ansari,Democrat,AZ,7,266,173.0
Yassamin Ansari,Democrat,AZ,8,280,168.0
Yassamin Ansari,Democrat,AZ,9,306,166.0
Yassamin Ansari,Democrat,AZ,10,319,192.0
Yassamin Ansari,Democrat,AZ,11,256,163.0
Yassamin Ansari,Democrat,AZ,12,241,150.0
Yassamin Ansari,Democrat,AZ,13,232,132.0
Yassamin Ansari,Democrat,AZ,14,230,145.0
Yassamin Ansari,Democrat,AZ,15,181,106.0
Yassamin Ansari,Democrat,AZ,16,155,92.0
Yassamin Ansari,Democrat,AZ,17,78,43.0
Yassamin Ansari,Democrat,AZ,18,34,23.0
Yassamin Ansari,Democrat,AZ,19,23,12.0
Yassamin Ansari,Democrat,AZ,20,5,4.0
Yassamin Ansari,Democrat,AZ,21,4,2.0
Yassamin Ansari,Democrat,AZ,22,4,3.0
Yassamin Ansari,Democrat,AZ,23,10,9.0
Young Kim,Republican,CA,0,6,1.0
Young Kim,Republican,CA,1,38,12.0
Young Kim,Republican,CA,2,154,23.0
Young Kim,Republican,CA,3,261,66.0
Young Kim,Republican,CA,4,310,80.0
Young Kim,Republican,CA,5,417,125.0
Young Kim,Republican,CA,6,439,111.0
Young Kim,Republican,CA,7,618,139.0
Young Kim,Republican,CA,8,734,190.0
Young Kim,Republican,CA,9,644,163.0
Young Kim,Republican,CA,10,615,135.0
Young Kim,Republican,CA,11,675,178.0
Young Kim,Republican,CA,12,621,144.0
Young Kim,Republican,CA,13,571,148.0
Young Kim,Republican,CA,14,490,117.0
Young Kim,Republican,CA,15,354,77.0
Young Kim,Republican,CA,16,282,83.0
Young Kim,Republican,CA,17,239,52.0
Young Kim,Republican,CA,18,226,45.0
Young Kim,Republican,CA,19,186,41.0
Young Kim,Republican,CA,20,85,26.0
Young Kim,Republican,CA,21,15,3.0
Young Kim,Republican,CA,22,9,2.0
Young Kim,Republican,CA,23,5,2.0
Yvette D. Clarke,Democrat,NY,0,21,8.0
Yvette D. Clarke,Democrat,NY,1,6,2.0
Yvette D. Clarke,Democrat,NY,2,8,3.0
Yvette D. Clarke,Democrat,NY,3,19,5.0
Yvette D. Clarke,Democrat,NY,4,51,17.0
Yvette D. Clarke,Democrat,NY,5,97,40.0
Yvette D. Clarke,Democrat,NY,6,160,64.0
Yvette D. Clarke,Democrat,NY,7,231,102.0
Yvette D. Clarke,Democrat,NY,8,380,156.0
Yvette D. Clarke,Democrat,NY,9,686,257.0
Yvette D. Clarke,Democrat,NY,10,1011,352.0
Yvette D. Clarke,Democrat,NY,11,1004,333.0
Yvette D. Clarke,Democrat,NY,12,1080,411.0
Yvette D. Clarke,Democrat,NY,13,1066,383.0
Yvette D. Clarke,Democrat,NY,14,1096,349.0
Yvette D. Clarke,Democrat,NY,15,831,271.0
Yvette D. Clarke,Democrat,NY,16,809,255.0
Yvette D. Clarke,Democrat,NY,17,866,268.0
Yvette D. Clarke,Democrat,NY,18,444,124.0
Yvette D. Clarke,Democrat,NY,19,347,111.0
Yvette D. Clarke,Democrat,NY,20,326,98.0
Yvette D. Clarke,Democrat,NY,21,247,82.0
Yvette D. Clarke,Democrat,NY,22,126,40.0
Yvette D. Clarke,Democrat,NY,23,79,23.0
Zoe Lofgren,Democrat,CA,0,3,0.0
Zoe Lofgren,Democrat,CA,1,37,14.0
Zoe Lofgren,Democrat,CA,2,45,16.0
Zoe Lofgren,Democrat,CA,3,92,41.0
Zoe Lofgren,Democrat,CA,4,111,49.0
Zoe Lofgren,Democrat,CA,5,138,63.0
Zoe Lofgren,Democrat,CA,6,294,125.0
Zoe Lofgren,Democrat,CA,7,390,147.0
Zoe Lofgren,Democrat,CA,8,425,130.0
Zoe Lofgren,Democrat,CA,9,404,119.0
Zoe Lofgren,Democrat,CA,10,392,135.0
Zoe Lofgren,Democrat,CA,11,426,127.0
Zoe Lofgren,Democrat,CA,12,435,125.0
Zoe Lofgren,Democrat,CA,13,339,87.0
Zoe Lofgren,Democrat,CA,14,326,95.0
Zoe Lofgren,Democrat,CA,15,170,43.0
Zoe Lofgren,Democrat,CA,16,120,30.0
Zoe Lofgren,Democrat,CA,17,91,26.0
Zoe Lofgren,Democrat,CA,18,62,11.0
Zoe Lofgren,Democrat,CA,19,41,18.0
Zoe Lofgren,Democrat,CA,20,29,2.0
Zoe Lofgren,Democrat,CA,21,10,2.0
Zoe Lofgren,Democrat,CA,22,4,1.0
Zoe Lofgren,Democrat,CA,23,2,1.0
