year,party,hour_local,n,anger,share_angry,negative,disgust,joy,optimism,fear,sadness,anger_se,anger_dev
2011,Democrat,6,352,0.21018626664193685,0.1875,0.13670362784531873,0.21758348744531925,0.4071051080629166,0.40975862882227043,0.07867977394595403,0.11479612278741445,0.016172122497791076,0.003997464792886624
2011,Democrat,7,716,0.2276177847408039,0.19692737430167598,0.1728037084324686,0.235510096427407,0.420929269331856,0.4292593908154109,0.09523524302311565,0.12231342300093687,0.011711133480424178,0.021428982891753684
2011,Democrat,8,1222,0.2109956756587035,0.18330605564648117,0.15237044347093842,0.21811045015249067,0.4305564300012325,0.4485777503785673,0.09547169788614061,0.11681986602446988,0.008698946048554413,0.004806873809653278
2011,Democrat,9,1974,0.19877139136469768,0.16818642350557245,0.1325585759288972,0.20666326857440875,0.43901015003141025,0.45558087598473934,0.08865792517127562,0.10862920750423194,0.006603691697089488,-0.0074174104843525435
2011,Democrat,10,2516,0.19566356012096484,0.16891891891891891,0.1340117618306103,0.2027703703072778,0.4549627836108125,0.4717147636739241,0.1004343969631379,0.11832327336007774,0.00581839651451408,-0.010525241728085388
2011,Democrat,11,2636,0.20658534094610015,0.18133535660091046,0.14289631031663652,0.21394457122468571,0.444609705819282,0.47357913164551935,0.09729979810310593,0.11660591506346925,0.0058457279129700305,0.00039653909704992496
2011,Democrat,12,2436,0.20961854140670305,0.19170771756978652,0.1408983709119346,0.21622494010354906,0.46001475927789276,0.4749690279361145,0.10075651596184462,0.11579021474473447,0.006217715584641137,0.003429739557652828
2011,Democrat,13,2404,0.21390803187977858,0.18718801996672213,0.14568473400118856,0.21945744186284147,0.45885421899178325,0.4803536757613732,0.09874011926254576,0.11502622571652182,0.006219562805570963,0.007719230030728358
2011,Democrat,14,2529,0.1898587393652119,0.16330565440885725,0.12999592798439522,0.19580436499105136,0.4672851710456555,0.48259299437004666,0.100250167063739,0.10806132970155376,0.005771053004690768,-0.016330062483838337
2011,Democrat,15,2314,0.2110354733080245,0.1853932584269663,0.1456162850509334,0.2184468916878539,0.45266396592209374,0.46608442525289207,0.10260839657894237,0.11508974753957735,0.006355527948857003,0.004846671458974272
2011,Democrat,16,2054,0.19937026767402946,0.1733203505355404,0.13582283634651168,0.20545915277319313,0.4567332714211156,0.4755723157527148,0.09572079912836445,0.11256696797200925,0.006621604755000369,-0.006818534175020763
2011,Democrat,17,1532,0.21657071725949256,0.19321148825065274,0.1456645955830872,0.22308156851195188,0.4533849774319411,0.4646569114383894,0.10114170488729397,0.11861875056813158,0.007873118989280791,0.010381915410442338
2011,Democrat,18,791,0.2227015131013056,0.1997471554993679,0.14949265737413261,0.22340029990477145,0.44973714686559296,0.46833882401915156,0.09721927124919787,0.11026697246211802,0.010794932341682393,0.01651271125225537
2011,Democrat,19,459,0.2134232890532476,0.19172113289760348,0.16106925124260912,0.2219681857855816,0.4660178090177866,0.46835003305563383,0.09271909818174986,0.1242263044559342,0.014367377925391443,0.007234487204197365
2011,Democrat,20,323,0.21344448773092345,0.17956656346749225,0.17279060315535383,0.22358157192774972,0.457598216814384,0.46555713648351355,0.12361698673501749,0.13970369975812064,0.016874414850098062,0.007255685881873225
2011,Republican,6,637,0.1303030343483578,0.09105180533751962,0.09999515942471128,0.14235548616578478,0.4687939267693266,0.4914458020498137,0.07804687596452561,0.10203972192454844,0.008943729998497895,-0.06286072353603964
2011,Republican,7,1068,0.1333547521270079,0.0898876404494382,0.0853797298484815,0.14117116400011037,0.4697819128536623,0.46667039934467275,0.06338032617535415,0.08903649201126566,0.006776887579240369,-0.05980900575738954
2011,Republican,8,2185,0.16143680355560622,0.12173913043478261,0.11786112001027754,0.17980693538036002,0.41809910280689666,0.40271492543709153,0.08379450770077941,0.110037220635364,0.005240743295492433,-0.03172695432879122
2011,Republican,9,3679,0.17708179613293842,0.1331883664039141,0.12130249805097752,0.19198711098369983,0.4185376888226852,0.4254403387195856,0.08506085086831852,0.10917852644004347,0.0042663246548988246,-0.016081961751459012
2011,Republican,10,3899,0.18864906269344678,0.1515773275198769,0.12967549584102875,0.203556718689321,0.41482696330395036,0.4154314853294692,0.08956559104751771,0.11220835089692131,0.00444962916866478,-0.004514695190950657
2011,Republican,11,3689,0.19238573833330597,0.15288696123610734,0.13778205253307546,0.20794509970877137,0.41833116391440917,0.42345672707316007,0.08689852925769805,0.1132233993124543,0.004551074983290935,-0.0007780195510914689
2011,Republican,12,3443,0.19436871530766744,0.15596863200697067,0.13302964454888974,0.20750473819512386,0.4197579788571835,0.4373102182086374,0.08563996358144885,0.1081718049230416,0.004692220775015461,0.0012049574232700089
2011,Republican,13,3366,0.20201426142234846,0.16428995840760546,0.13534124247730886,0.21541500237988406,0.4205148029669597,0.43011717640075986,0.08770096593873163,0.10893677339949427,0.0048705216567551885,0.008850503537951027
2011,Republican,14,3453,0.20588229004322808,0.1673906747755575,0.1414505617082906,0.21668399935855256,0.4126590439350399,0.4350449286142077,0.08793314643200975,0.11073586130444615,0.004869633881193688,0.012718532158830648
2011,Republican,15,3335,0.2027274601005096,0.1619190404797601,0.14151246687704544,0.2142944511133658,0.4162862156480104,0.4304373637276019,0.08865183152194167,0.11018781800582625,0.0048939555023283995,0.009563702216112163
2011,Republican,16,2955,0.19300668006936206,0.15465313028764804,0.1299785069606776,0.2055957684504552,0.41688550972787886,0.42948368105977497,0.08081222218280112,0.10557563336591304,0.005022352012238936,-0.000157077815035378
2011,Republican,17,2255,0.20009456248396384,0.16097560975609757,0.13807573421592897,0.2103843744575746,0.42147725055277135,0.4407853453071115,0.08307719347758957,0.1045657732309216,0.006016200184830046,0.006930804599566409
2011,Republican,18,1406,0.2016266380995777,0.1593172119487909,0.14386815496097394,0.20886376354635386,0.4296762844243592,0.4394032319942767,0.0671981557296883,0.10523077628110267,0.007609861103644625,0.008462880215180268
2011,Republican,19,903,0.23300289903826193,0.21040974529346623,0.16006041827865858,0.23964562587613283,0.4204885454112014,0.44287923285077563,0.07318559676926513,0.1150781962409995,0.010087059268646144,0.0398391411538645
2011,Republican,20,611,0.22086860521798635,0.19148936170212766,0.16838049935100755,0.23208731318688333,0.4436986656179697,0.43858997100497765,0.07777431395564856,0.13365069156780887,0.012164158846438558,0.02770484733358891
2011,Republican,21,536,0.266461208023117,0.23880597014925373,0.204981630556407,0.2709526346575941,0.44305827857148067,0.4443357988085195,0.06507462717127055,0.13564394467593685,0.014435227067291587,0.07329745013871958
2011,Republican,22,414,0.2508333037452151,0.21497584541062803,0.19416093750117833,0.25565592846990637,0.416047539509122,0.4676190309039798,0.08442585187365756,0.12818412992041467,0.015726795499819306,0.057669545860817684
2012,Democrat,6,365,0.20470514821577562,0.17534246575342466,0.1376531680104999,0.20556039569567736,0.4582237143528788,0.4708539550626421,0.09940117519501954,0.1209818247948097,0.01572306039854899,0.0319483907816277
2012,Democrat,7,795,0.20789092502340017,0.18238993710691823,0.14526562123052753,0.2080606005699286,0.47886749085788644,0.48661857898399796,0.09266427679971423,0.11889524136218917,0.01095009855346618,0.03513416758925225
2012,Democrat,8,1531,0.1700013991461119,0.1410842586544742,0.12759707072673088,0.17272409240354478,0.5165893665855844,0.4931884947756657,0.0856148001189197,0.1181798759071676,0.00723193615142827,-0.002755358288036025
2012,Democrat,9,2617,0.16381443913169788,0.1322124570118456,0.11116713123265433,0.16341718822720513,0.5192563956390596,0.5148670028231078,0.09258241054200185,0.10076564095147811,0.005282809381999841,-0.008942318302450042
2012,Democrat,10,3357,0.17234254685056608,0.14119749776586238,0.11639321233041303,0.174849693719736,0.4975374279652509,0.5050537965314822,0.0980763319772406,0.10172943032014031,0.0047611928205056496,-0.0004142105835818477
2012,Democrat,11,3720,0.1707189211484185,0.13951612903225807,0.12017494764711623,0.1720699813603724,0.5134816364895913,0.52357888452556,0.09719461944681512,0.10661715312212486,0.0044526972131255435,-0.0020378362857294274
2012,Democrat,12,3298,0.17240646714224606,0.13705275924802912,0.11763914072680105,0.1729959871080857,0.5063250021648403,0.5215926152367931,0.09251523195365484,0.1046439231998299,0.004794634993735688,-0.0003502902919018669
2012,Democrat,13,3101,0.18641589706648298,0.1618832634633989,0.12854242936754734,0.18801365657723054,0.5174731302006162,0.5192217776782045,0.0917249565618368,0.11363798058530215,0.0052478567055049994,0.01365913963233506
2012,Democrat,14,3445,0.170429051071081,0.13933236574746008,0.11272469537294806,0.17022478069491004,0.5229878725869248,0.5353497420428172,0.09010626507581027,0.10152049340180652,0.004672907128954768,-0.0023277063630669226
2012,Democrat,15,3100,0.16383304995304393,0.13161290322580646,0.10740392617918851,0.1639047055209296,0.5241774402160738,0.5338201362689236,0.09065180121169936,0.09595662902454816,0.004800025080011039,-0.008923707481103993
2012,Democrat,16,2802,0.18150431289072338,0.15203426124197003,0.12266745416263965,0.18242592330713578,0.5137434106010699,0.5162248726388098,0.0911050668598846,0.10338315964250332,0.005429393395983767,0.008747555456575462
2012,Democrat,17,1963,0.16934221688045026,0.14926133469179828,0.1160600841041169,0.16941381268055233,0.5446482086646686,0.5294308196924061,0.0994043310413159,0.10476934044278866,0.006319492232917817,-0.0034145405536976647
2012,Democrat,18,1005,0.16777370692142726,0.13930348258706468,0.12198015498738754,0.1674067555695068,0.5483543333602114,0.5420852921791931,0.09389524876107624,0.11098989258423003,0.008458079586900417,-0.00498305051272066
2012,Democrat,19,575,0.16908166469844138,0.1426086956521739,0.12203828955899276,0.16718159067970903,0.5356799193042452,0.5158230775481333,0.08084759430473913,0.11681772636816554,0.011545675564852186,-0.003675092735706542
2012,Democrat,20,421,0.12713413125992423,0.09501187648456057,0.0842770472071587,0.1302535549976427,0.5984053296952856,0.5305060891527461,0.07872015662212588,0.09174022325723832,0.01131920572525475,-0.04562262617422369
2012,Republican,6,680,0.15303520414608476,0.11911764705882352,0.11705568659167244,0.16235465896315873,0.4611995110986754,0.501782591860084,0.08832464613403906,0.11259965252624277,0.00970805474842981,-0.055132741532763624
2012,Republican,7,1174,0.19400938029489853,0.16609880749574105,0.12186572178818478,0.20406882803263604,0.4440015385671498,0.41310098232087417,0.08358654361321342,0.11367985987409099,0.008464974687824174,-0.014158565383949856
2012,Republican,8,2324,0.185992380285759,0.16049913941480207,0.14312091414262051,0.2017371126740334,0.4521499774360664,0.42454807013261214,0.09702080137105562,0.1300001478242638,0.0059133067976977,-0.022175565393089375
2012,Republican,9,3829,0.19213905417495114,0.16218333768607993,0.14117005616146147,0.207867314571918,0.4399020892706451,0.4265693626171973,0.10381092922658663,0.12797724040817166,0.00458091824464379,-0.016028891503897247
2012,Republican,10,4201,0.20813543977182855,0.1771006903118305,0.15605572959717368,0.22566219639967283,0.43166889845318446,0.4133493539693676,0.0999755542288594,0.13228839340146878,0.004547881903676178,-3.2505907019836355e-05
2012,Republican,11,3954,0.21187694918823116,0.18310571573090542,0.16147216716614615,0.23043500192283917,0.43170344681887934,0.4240353391570551,0.10392947274295082,0.13753083752165324,0.00469378609292647,0.0037090035093827745
2012,Republican,12,3438,0.21516732010519574,0.18411867364746945,0.16772514631927155,0.2305926169189416,0.42840443860220445,0.42888993473502485,0.10502676439277585,0.13266367862302292,0.005095377121047354,0.006999374426347349
2012,Republican,13,3438,0.22228883701179408,0.19429901105293776,0.16665749075111647,0.23490442325677474,0.44001519562754565,0.4301863718015879,0.10175167323618915,0.13005641749623886,0.005243936215656484,0.014120891332945695
2012,Republican,14,3431,0.21592153036338257,0.18274555523171088,0.15540481775652842,0.23009109944219155,0.44237691445272886,0.43819750846694494,0.10140010096155556,0.12420742299597189,0.005086767618452571,0.007753584684534187
2012,Republican,15,3355,0.21932942274175085,0.19582712369597616,0.1581645797035586,0.23057107310991973,0.43939058768567135,0.43716587513038435,0.09842829329736154,0.12321339951017553,0.0051939109249290235,0.011161477062902464
2012,Republican,16,2858,0.19842756856242658,0.16794961511546536,0.14431110546895498,0.21153348708066483,0.45360240850342143,0.43879939938935814,0.10522210219735834,0.11482650703770754,0.005403156283591118,-0.009740377116421811
2012,Republican,17,1941,0.20608713219325178,0.17568263781555898,0.14464601560395993,0.21368585807515528,0.46202109700010296,0.45015920335829973,0.0912198701291405,0.11613103616282168,0.006737399410629851,-0.0020808134855966054
2012,Republican,18,1119,0.20508085488873576,0.17336907953529937,0.1384789144828994,0.21400148758433354,0.4497344017946815,0.4372202197586663,0.08797625418551852,0.11594660672999192,0.008668114738569797,-0.0030870907901126288
2012,Republican,19,800,0.2340766607754631,0.205,0.16790612210170366,0.2420612979028374,0.4492073661764152,0.4264742739225039,0.08650232300860808,0.12194876300171018,0.011387025107804179,0.025908715096614715
2012,Republican,20,527,0.20460230789626233,0.17836812144212524,0.15277173468821895,0.21808217215109651,0.4705675611532235,0.4338595615116706,0.07935196673851001,0.12676169634734827,0.012670725618196238,-0.003565637782586062
2012,Republican,21,435,0.23416197959376478,0.21149425287356322,0.185593880083808,0.2453008416933061,0.45178030641406947,0.4106698097586204,0.07037335700922828,0.13276873005596898,0.014768751772230604,0.025994033914916392
2012,Republican,22,402,0.26043029481994534,0.23134328358208955,0.22081722985126023,0.26664837257964397,0.4240511481613106,0.4222535643360545,0.0697317915587496,0.12376528005555865,0.016311923888366126,0.05226234914109695
2013,Democrat,4,411,0.15585803468156506,0.12165450121654502,0.1311400202397538,0.15629407663324307,0.5709375734497633,0.5639485236916718,0.07941631642691428,0.10364662832977055,0.01319461970047811,-0.022307789835955633
2013,Democrat,5,550,0.17471204896372827,0.14181818181818182,0.13140505347570236,0.17771949778141624,0.5363939925418658,0.5368411570101638,0.09692391708747229,0.12145150365985252,0.012014395932683655,-0.003453775553792421
2013,Democrat,6,1164,0.1761010788665937,0.1400343642611684,0.12003001212134407,0.1813843973245811,0.49705476882384253,0.48788880391600076,0.09915001913357072,0.10869430537860443,0.00818905145228217,-0.0020647456509269857
2013,Democrat,7,2454,0.1867658163877409,0.15851670741646293,0.12782835964086053,0.18638150065590056,0.5025909358640099,0.5046863121359314,0.08998829833901326,0.11017851653708466,0.005837013060651742,0.008599991870220203
2013,Democrat,8,4040,0.16988151566353674,0.14232673267326731,0.11674030597497753,0.17086309355390858,0.5208794157108347,0.5172634596726626,0.09021870012943735,0.10878397523872739,0.004361156627051463,-0.008284308853983957
2013,Democrat,9,6339,0.16912505035487707,0.14103170847136773,0.11175404668814722,0.17178103211721502,0.5167361853611488,0.5170640452444791,0.09486526583479625,0.11001274063563235,0.0034549768954362896,-0.009040774162643622
2013,Democrat,10,7927,0.1737347841585614,0.14280307808754888,0.11979233389564503,0.17604356782038108,0.5084846950267946,0.5302860190823672,0.10053925887241906,0.11458156214597205,0.0031052488105334595,-0.004431040358959304
2013,Democrat,11,8509,0.1784490430728969,0.14925373134328357,0.11749814435650192,0.17963996687451966,0.522557387216827,0.5385679812739166,0.09789366797563326,0.10861775403989432,0.0030521822651847406,0.000283218555376219
2013,Democrat,12,7980,0.18288636379510534,0.15463659147869674,0.1225855834963822,0.18408423561228202,0.5182477581506142,0.5365693561934672,0.10013805141583211,0.11606893590085424,0.0031986498404671334,0.0047205392775846455
2013,Democrat,13,7604,0.17775437720110154,0.15005260389268807,0.11896051572345681,0.17954967260166713,0.5204715010146539,0.5414911801724703,0.09997537433369912,0.1169782250403485,0.003225083548871346,-0.0004114473164191501
2013,Democrat,14,7726,0.1817587819313252,0.15337820346880662,0.12459489123904444,0.18336919105118477,0.5167703859950373,0.5333739208888553,0.10274489663246346,0.11630242698188942,0.0032425499697519033,0.0035929574138044984
2013,Democrat,15,7204,0.17966727534664417,0.1511660188784009,0.12223192827868444,0.17998109842112275,0.5272678293531832,0.5420607527791508,0.09543318115184467,0.11067402883007996,0.0033608250737687403,0.0015014508291234796
2013,Democrat,16,6329,0.1706722529898157,0.14125454258176648,0.11786608934217938,0.17342121799182583,0.5262232985974228,0.5335240655210499,0.09641404458058818,0.11235416131360443,0.0034734125643673263,-0.007493571527704995
2013,Democrat,17,5038,0.19080126256067875,0.16514489876935293,0.12880194503029252,0.19127725252368477,0.5092302766979242,0.5224673596368647,0.10008393496520997,0.11660642810574422,0.004129448778795025,0.01263543804315806
2013,Democrat,18,3019,0.18782746377263776,0.15932427956276912,0.13087591586265335,0.1872779659511359,0.5291867709683785,0.5339014679761113,0.09496852876797426,0.11484103606003218,0.005393180867777514,0.009661639255117066
2013,Democrat,19,1905,0.18197867096648637,0.15065616797900264,0.13108052599538372,0.18284088501393833,0.5211796217842463,0.5204879787017217,0.09619457701910433,0.11444920484377487,0.006676363841219342,0.003812846448965679
2013,Democrat,20,1485,0.16136750322844995,0.1286195286195286,0.11074443742905678,0.1618413705833457,0.551411373029002,0.5390718472666838,0.08319510061917858,0.11013776610859416,0.00709962093085624,-0.016798321289070745
2013,Democrat,21,1107,0.18840746321591742,0.15989159891598917,0.14194593811754722,0.1952904053755919,0.5263418653734236,0.5134237981628536,0.09576794368891313,0.13098283246657605,0.008700930255217225,0.010241638698396727
2013,Democrat,22,733,0.1775875818721269,0.14870395634379263,0.12478255067261426,0.1781268817821129,0.5409753984704329,0.5186315163433816,0.08575717221131093,0.12002646255447932,0.01051137398948073,-0.0005782426453938005
2013,Democrat,23,382,0.18893171345000764,0.16230366492146597,0.13809878966394393,0.19108925011321043,0.5737044795682039,0.4956822077943627,0.07392248486202815,0.12965546125736263,0.015662802847667547,0.01076588893248695
2013,Republican,5,408,0.2101328056568152,0.18137254901960784,0.12797913829511826,0.2158148516033429,0.3965170953968339,0.456859357209931,0.11804054952432018,0.09789455252101499,0.01481109862407306,-0.020891440089596314
2013,Republican,6,1297,0.2153093076972384,0.20123361603700848,0.1381450854254414,0.22446966694227047,0.41482670196571153,0.44066555952903175,0.10755083862722276,0.11438161861970045,0.00847257168036458,-0.015714938049173094
2013,Republican,7,2342,0.22063321491622268,0.19171648163962426,0.143250413438827,0.23299607891532936,0.41757836704954415,0.3957888329941239,0.10462765740662142,0.11902066291111858,0.006388196217655568,-0.01039103083018883
2013,Republican,8,4874,0.21515868036647756,0.1842429216249487,0.14926694643515678,0.23225938054678713,0.4214607421221337,0.40757113824696706,0.11660438219854814,0.1253704595513096,0.004298399688911372,-0.015865565379933944
2013,Republican,9,8573,0.22942979424241547,0.2009798203662662,0.1616609677501545,0.24495441630852247,0.4141993195834337,0.41183059821414825,0.11188729179648937,0.13099648375409592,0.0033423217748987082,-0.001594451503996036
2013,Republican,10,9107,0.22748550029531445,0.20083452289447679,0.1556855913210183,0.24194044414313537,0.42624349287168367,0.42486376426230443,0.11183118005904434,0.1307085577586296,0.003251967897022069,-0.0035387454510970584
2013,Republican,11,8456,0.2309556551938297,0.20068590350047305,0.15659605679874994,0.24294909170969514,0.43839668854046787,0.43629813242377447,0.1060094931042844,0.12288047236795938,0.0034029502860881853,-6.859055258179314e-05
2013,Republican,12,7667,0.23665306706221886,0.20946915351506457,0.16233690579568524,0.250229513076588,0.43084000285625706,0.42952117132266165,0.10838551035365161,0.12551628935454603,0.0035992242437681544,0.0056288213158073586
2013,Republican,13,7643,0.23589269549743191,0.2153604605521392,0.16217010159427894,0.24705306263984148,0.4367542865037373,0.4398371597672649,0.11171322595576368,0.12394395051572785,0.0036241740837512147,0.0048684497510204094
2013,Republican,14,7746,0.2342816517833996,0.20797831138652206,0.15443694009252484,0.24421768884447215,0.43668808335992165,0.440756725551649,0.10945615450926284,0.12170539897834806,0.0035742055947504217,0.0032574060369880975
2013,Republican,15,7534,0.23894109107128844,0.21542341385718078,0.15958950283298,0.25059571024345667,0.44362909252061117,0.43904728078863625,0.10899053503338788,0.12480199588255035,0.0036725274088749036,0.007916845324876937
2013,Republican,16,6697,0.22512385892316453,0.2006868747200239,0.15394179205419153,0.23639465473623988,0.45017202890454294,0.44431917829234896,0.10819367837563143,0.12456315245487133,0.0037719632548857155,-0.005900386823246978
2013,Republican,17,4777,0.2278211850030373,0.2024283022817668,0.1517407470494608,0.23681828236667082,0.45779223112852085,0.4491837323901199,0.10476768584810829,0.12237270375484044,0.004511051589841184,-0.003203060743374203
2013,Republican,18,2982,0.2395661547929948,0.21495640509725017,0.16155883697403275,0.24932364199128149,0.44402331011688384,0.44320261105457803,0.10452415259131172,0.13042143560411304,0.005829662777374221,0.008541909046583307
2013,Republican,19,2122,0.24253803508160468,0.22384542884071632,0.1680149242175922,0.24996103104607717,0.4420343021347392,0.44030901991993077,0.10612600050376365,0.1294208539508961,0.006974409673661787,0.011513789335193175
2013,Republican,20,1510,0.24165429387654838,0.21059602649006623,0.1682472330904319,0.24872966850491007,0.43168038250014973,0.4295497750138728,0.09680635443432195,0.1360145082336462,0.008248494150219412,0.010630048130136877
2013,Republican,21,1145,0.2274180137007355,0.21222707423580786,0.16624953533262501,0.2371821391510098,0.4280945859581037,0.43851530614581496,0.09686316739153686,0.13799958694929573,0.009007637387880416,-0.0036062320456760055
2013,Republican,22,748,0.24123177308536928,0.2232620320855615,0.19117954055334188,0.24649174302943389,0.42944952129961594,0.4429459421245511,0.11342277245989497,0.13295190525116687,0.011603671928452165,0.010207527338957773
2013,Republican,23,344,0.22276327941772464,0.18604651162790697,0.13947474345636587,0.2242306378713354,0.4738718463029431,0.46988042426934507,0.07760306618306352,0.10127728105371081,0.0163312590402507,-0.008260966328686864
2014,Democrat,2,342,0.12420638276628976,0.08771929824561403,0.10479574820111173,0.11728821967575939,0.6086346209090072,0.6634480637887613,0.053912300330570394,0.1049131684574402,0.012428212770746015,-0.02072445707461887
2014,Democrat,3,548,0.11313886527077424,0.08759124087591241,0.1092331804265863,0.10933060932268872,0.6314682665078758,0.6614344157737401,0.06136150200796878,0.10816473102904041,0.009603499921780157,-0.031791974570134385
2014,Democrat,4,822,0.15310512424940628,0.12043795620437957,0.12962840708556705,0.14996134185678622,0.5751716934746117,0.6165003174804876,0.06740530263071703,0.12306129452636479,0.009409759135680386,0.008174284408497656
2014,Democrat,5,931,0.1470116991874843,0.12567132116004295,0.11128087955204145,0.1415793210979267,0.5927120610080243,0.5974540140111676,0.07114751858583719,0.09886168167355174,0.008702247755884844,0.0020808593465756753
2014,Democrat,6,2184,0.15233335566289907,0.11996336996336997,0.12127113819305466,0.15435413035437048,0.5615360947827307,0.5643824324798139,0.08239425198081625,0.10918604807553799,0.005591727286828137,0.007402515821990446
2014,Democrat,7,3199,0.1639543057490104,0.12816505157861832,0.11932317976528768,0.16552486489056753,0.5246703026882626,0.5403453298752983,0.09116790368904107,0.11057934675117645,0.004746868259252341,0.019023465908101778
2014,Democrat,8,5122,0.14697626671715278,0.1181179226864506,0.1094719480492403,0.1498115448023337,0.5405550751005882,0.5507640896560239,0.09458099398284689,0.10625968234166605,0.0035704568742873366,0.0020454268762441496
2014,Democrat,9,9934,0.15239614251692982,0.11516005637205556,0.13053574482579863,0.15855060394889728,0.5031004287955939,0.5430499718859019,0.12432184801932435,0.12603459617792204,0.002535740563143485,0.0074653026760211905
2014,Democrat,10,10172,0.1410987688491212,0.10705859221392057,0.10721211351036161,0.1443939579950061,0.5377045159636356,0.5642062296670273,0.09553869035011842,0.11312843508663362,0.0024403079180024267,-0.003832070991787423
2014,Democrat,11,10423,0.15234472442186556,0.12059867600498897,0.11337932954199738,0.15561173025877495,0.532724707692259,0.553616534224366,0.09841283250654247,0.11031652247342166,0.0025217252221435894,0.007413884580956931
2014,Democrat,12,9860,0.15314229907976598,0.12271805273833672,0.11671978738858496,0.15533118122894862,0.5377344858217994,0.5603170039789641,0.096903597325267,0.1116991006596388,0.002620731175076954,0.008211459238857355
2014,Democrat,13,9314,0.1450103027704835,0.11273351943311144,0.10672271501787674,0.14675407288435047,0.5566289580224827,0.5705076140124712,0.09551439039760232,0.10460340679339811,0.0026047231575310405,7.94629295748639e-05
2014,Democrat,14,9434,0.145076682173893,0.11278354886580454,0.10989037101854811,0.1490594160867741,0.5485118028267956,0.5602125482147416,0.09744498786165144,0.11355155492790804,0.0025920693963404737,0.00014584233298436944
2014,Democrat,15,8542,0.13939058192913165,0.10735190821821587,0.10309760772726263,0.142346925472381,0.5594200102032453,0.567919580383467,0.09012697383436936,0.10399465427681188,0.002680343357252609,-0.00554025791177698
2014,Democrat,16,7351,0.1348069180124934,0.10297918650523738,0.09837966758706741,0.13803262464320024,0.5631399923982916,0.5655241009412244,0.08965940128725795,0.10184387464954012,0.0028278501562538265,-0.010123921828415233
2014,Democrat,17,5574,0.13558360447990667,0.10423394330821673,0.10014406670532827,0.14022428447422097,0.5695378454579197,0.560570274178436,0.09066961184234246,0.10414904285318198,0.003288548954969243,-0.00934723536100196
2014,Democrat,18,3721,0.14358572131666053,0.11421660843859177,0.10979587174391071,0.14530503408128867,0.5682752367482741,0.5598848756005774,0.08875481140014166,0.11218219060309129,0.0041793771539273385,-0.0013451185242480956
2014,Democrat,19,2242,0.13301009442353992,0.1008028545941124,0.10010303576377903,0.13607983530356144,0.6023346565284349,0.5463696074456867,0.07351603831977058,0.10383851899363326,0.005194207173430351,-0.011920745417368706
2014,Democrat,20,1689,0.12323607630281097,0.09117821195973949,0.0917655703149319,0.12479482030842283,0.6068457161115517,0.5537851327112692,0.0749515983715263,0.10160850268381148,0.005629515862925104,-0.021694763538097656
2014,Democrat,21,1038,0.15066711943792196,0.13005780346820808,0.11721258604049374,0.15254943352058056,0.5804037728606183,0.5209220320956247,0.07713697882735229,0.11531499881514479,0.008245557208280567,0.0057362795970133384
2014,Democrat,22,694,0.1226102032991239,0.09654178674351585,0.09376815466850362,0.12732967368718934,0.6098393480469921,0.5150368188129422,0.08015489684933158,0.10395448757013473,0.008674913325242426,-0.022320636541784733
2014,Democrat,23,329,0.09804492134255524,0.060790273556231005,0.08866473416586217,0.10469957285965467,0.6509828835691815,0.5335049417470001,0.06785876532212624,0.1030207425992834,0.010711458935129816,-0.046885918498353385
2014,Republican,5,336,0.2035687694276151,0.17261904761904762,0.11128772911303843,0.20056291102775417,0.43503662354556755,0.46476660120727803,0.1111049645558177,0.08611789315805904,0.015552735739321808,0.009813164695809118
2014,Republican,6,1456,0.17133807295141487,0.1311813186813187,0.13299255004692515,0.18686445748432193,0.3924240438225372,0.3950543258144715,0.15184843318043073,0.1091490717061698,0.006678852984632969,-0.022417531780391103
2014,Republican,7,2413,0.1879931476236955,0.14960629921259844,0.13337254355028305,0.20232119388554912,0.4318707243373816,0.3971390750946557,0.12678186268541056,0.10838525425515362,0.005614619187609706,-0.005762457108110464
2014,Republican,8,4979,0.18418004079267336,0.15384615384615385,0.13162457760523308,0.19688232523280857,0.45655400462004914,0.4373002553913839,0.1154153762617846,0.11696215705816275,0.003962110942771738,-0.009575563939132614
2014,Republican,9,7602,0.19357148661967677,0.16732438831886345,0.1417592803684644,0.20619080603878354,0.461270278072889,0.44633573299155993,0.11989590413083137,0.1176911630997666,0.003310929953388696,-0.0001841181121292057
2014,Republican,10,8395,0.19246761753180017,0.1650982727814175,0.1390332000567844,0.20209982735784351,0.48278977738964046,0.4723186202483177,0.11842414207566261,0.1126310424519755,0.0031874505896957684,-0.001287987200005808
2014,Republican,11,7831,0.19149092996959535,0.16638998850721493,0.1370416795604997,0.2009057800410749,0.49507328181289345,0.4797081787948123,0.11630860818976942,0.11227271323870187,0.0032845517990028527,-0.0022646747622106222
2014,Republican,12,7493,0.19871768330964765,0.1732283464566929,0.1423708239836743,0.20767804449040084,0.48876446146030395,0.4809135408564556,0.11571275264538186,0.11142292881511767,0.0033961645027469427,0.004962078577841672
2014,Republican,13,7597,0.18975507451858328,0.16506515729893378,0.13373223157294992,0.19786743948084587,0.5012152048922393,0.4856413696384788,0.11821587276130736,0.10823721632327576,0.003323392453939884,-0.004000530213222692
2014,Republican,14,7832,0.18982136106205127,0.16496424923391215,0.12882755623940376,0.19865139162987688,0.5023326654882818,0.4822865875377924,0.11122121314843499,0.10625352783384756,0.0032821094545111684,-0.0039342436697547
2014,Republican,15,7545,0.20000840968154915,0.1803843605036448,0.1367978989137238,0.2068035490900362,0.5046647044893594,0.48476609754276745,0.10902433900632867,0.10577892101418555,0.003472692115987719,0.006252804949743174
2014,Republican,16,6387,0.1973058821795532,0.17441678409268827,0.1366235539974576,0.2053698737567828,0.502796280582132,0.47839010580286384,0.11588060566983419,0.10272748960973556,0.0037339824356546823,0.0035502774477472188
2014,Republican,17,4505,0.19302030839976936,0.1695893451720311,0.13275808768197542,0.1975099295689895,0.5120898386935386,0.4943234166716506,0.1163572346669137,0.1049129812783881,0.004390530444659806,-0.0007352963320366168
2014,Republican,18,2809,0.20068403104905022,0.17159131363474547,0.1329546458817146,0.20384704929800693,0.5054958189418888,0.49332919793439534,0.10940702920227556,0.10498319349681708,0.005668415565340561,0.006928426317244246
2014,Republican,19,1991,0.20230470210877924,0.17930688096433953,0.1436806460190541,0.20989665889757952,0.4993216259499038,0.4649850737620641,0.11309536555134105,0.10960282586091154,0.006914803324488537,0.008549097376973264
2014,Republican,20,1370,0.21975015670292242,0.20656934306569344,0.1498454802548071,0.2269018442183053,0.49093279801988904,0.46147257072314024,0.12675739081991144,0.11830573185605343,0.008587499389670057,0.025994551971116442
2014,Republican,21,975,0.20077481950155626,0.17743589743589744,0.1418818744808101,0.20623320403341683,0.5058324957863451,0.463419266999341,0.12111004119452376,0.11971300666817487,0.009650103071987118,0.007019214769750287
2014,Republican,22,497,0.19257935225660022,0.1710261569416499,0.14076655061088195,0.20149103361903362,0.502904433534074,0.4537023637205797,0.12611071338363636,0.11308970726029553,0.013098442474234057,-0.0011762524752057524
2015,Democrat,3,351,0.10666084444771211,0.05982905982905983,0.08890640922388238,0.10076668674784296,0.6152929550294162,0.6556718511151367,0.06807688539555865,0.09441843110022594,0.010537014794277136,-0.054888059477523995
2015,Democrat,4,553,0.1506246101299796,0.13381555153707053,0.13115607872756896,0.14540703413388262,0.5571385605696919,0.6226133707065344,0.0998626911387885,0.11663308487043027,0.011168633241303197,-0.010924293795256501
2015,Democrat,5,775,0.16299924896639442,0.13419354838709677,0.1328044499305167,0.16169194671235257,0.5184654832517187,0.5776977516957108,0.10424789002045028,0.12057813913891872,0.00967783776018372,0.0014503450411583185
2015,Democrat,6,2031,0.175660859134139,0.15460364352535697,0.14829773843949426,0.17500278002003336,0.5571300368201206,0.5598116414183554,0.10197600948185019,0.11410773873415371,0.006362078707827365,0.014111955208902904
2015,Democrat,7,2832,0.17942046996098837,0.1528954802259887,0.13818704927255715,0.17546186948591044,0.5333489899050495,0.5579460883180289,0.11750861531449745,0.11260133580071852,0.005365573529425952,0.017871566035752268
2015,Democrat,8,4219,0.16528856728100563,0.13676226593979615,0.13121333613348102,0.16491594401396356,0.5262897493089032,0.5595064322543857,0.11020466037602085,0.1119453170429275,0.004213645343989932,0.003739663355769529
2015,Democrat,9,7900,0.17739654472869926,0.14974683544303796,0.13355089350924768,0.17691834889210856,0.5115026123165094,0.560801739851897,0.11824497182034192,0.11381394999602786,0.0031750688550180478,0.015847640803463153
2015,Democrat,10,9534,0.16704866834411636,0.1355149989511223,0.12684429428333177,0.16753825217360196,0.5198958447474944,0.5616537844818863,0.1123910394931618,0.11279818873195271,0.0028038803471250665,0.005499764418880254
2015,Democrat,11,9918,0.16693846184895458,0.1410566646501311,0.12427206946732615,0.16593879293527378,0.5393864076924645,0.5727652894237413,0.11188670810448473,0.11294548660184325,0.0027785946277814784,0.00538955792371848
2015,Democrat,12,9908,0.16565946177391938,0.13766653209527654,0.12568544570338303,0.16401254060442438,0.5387962327951522,0.5866575872982023,0.11359581399961274,0.10819090467082094,0.0027716225332959344,0.004110557848683277
2015,Democrat,13,9955,0.16708812547907503,0.13932697137117026,0.12709930153718682,0.16541172238122925,0.5395065800065109,0.5856206433295115,0.1121906881046162,0.10609112275756861,0.0027748902328914144,0.00553922155383893
2015,Democrat,14,9730,0.16091298010127997,0.13268242548818088,0.12316588487124112,0.16106784316421108,0.5426294207661714,0.5755139760279172,0.1087756630320883,0.10753827054653688,0.0027399600305777084,-0.000635923823956136
2015,Democrat,15,8492,0.15816212376158287,0.12764955252001883,0.12038088820672102,0.15822972362191828,0.5466468683746106,0.5740043368120666,0.11115048016769481,0.10489031243956377,0.0028929381331584706,-0.0033867801636532358
2015,Democrat,16,7553,0.14957028037257958,0.12193830266119422,0.11095752703978407,0.14948461100574512,0.56176620724055,0.579908222748973,0.10853567388530524,0.10470907594581977,0.0030027654989314718,-0.011978623552656525
2015,Democrat,17,5807,0.1513255796952079,0.12553814361976925,0.11323689356163918,0.15165959120357117,0.5728523087075061,0.5764673558110797,0.10694295499755757,0.10316206738139472,0.003449165046710722,-0.010223324230028197
2015,Democrat,18,3726,0.156978749335777,0.12640901771336555,0.1238146910012703,0.15884850801344136,0.5531291730003431,0.5645524613862688,0.10932157530070154,0.11484653938382212,0.00438653697607115,-0.004570154589459113
2015,Democrat,19,2286,0.12955970595065627,0.10323709536307961,0.10150241708675886,0.13142843130663892,0.6043919041525281,0.5696202216813323,0.09955419601639529,0.10394230789944126,0.005068743239329941,-0.03198919797457983
2015,Democrat,20,1574,0.12650961162782187,0.09529860228716645,0.09841599897903082,0.12779961827061975,0.6117537503685149,0.5636840854473223,0.08612390639487622,0.09805944546633501,0.006128176846366898,-0.03503929229741423
2015,Democrat,21,1249,0.1295911229986942,0.0944755804643715,0.10333781025577128,0.12955221413613094,0.593190139816109,0.5597807179530225,0.09176342948686608,0.10696797200692616,0.006773427898775557,-0.03195778092654189
2015,Democrat,22,745,0.1424058402363436,0.11543624161073826,0.12123148838439393,0.1422238059410663,0.5972615403391971,0.530756843097558,0.07144339275015081,0.12063113301867406,0.009444895803651208,-0.019143063688892514
2015,Democrat,23,429,0.12996448337975325,0.09557109557109557,0.12552065682534502,0.14237431234122191,0.5887838043988898,0.47682052000701464,0.08760895505536669,0.15559065598117444,0.012025669954112252,-0.031584420545482855
2015,Republican,5,522,0.19167394642593247,0.14559386973180077,0.1126948756621205,0.1877901393142297,0.44958950929482866,0.47628388025127066,0.10989830932415794,0.08200880457019126,0.012100603563721063,0.0207264965844646
2015,Republican,6,1469,0.1460972911265531,0.1123213070115725,0.09387504612285849,0.14752928021321438,0.49424749203381324,0.4757591587753803,0.10606704481197121,0.07974375217647081,0.006309743962355137,-0.024850158714914777
2015,Republican,7,2825,0.15584975016641273,0.12106194690265487,0.10498540068762295,0.16159949271865517,0.4927638901087694,0.45435510103500126,0.1134445795904746,0.08676424704459125,0.004761652456640664,-0.015097699675055143
2015,Republican,8,5982,0.16222712531719613,0.1280508191240388,0.1132311608567279,0.16820570805862942,0.49286270897588885,0.46439602780320866,0.11209994867058401,0.09629835146135239,0.003407692832281468,-0.008720324524271739
2015,Republican,9,8765,0.16174726384246688,0.13120365088419852,0.10976321104329151,0.16461462329353774,0.5185425397787771,0.49145401632583274,0.10926806942296267,0.08756959056997055,0.0028288716660930724,-0.009200185999000993
2015,Republican,10,9554,0.1630075919795097,0.1344986393133766,0.11132448965318566,0.16593103577382473,0.532513469927723,0.5104795094279317,0.10803337679310865,0.09069037605216425,0.0027664799451549513,-0.007939857861958166
2015,Republican,11,9111,0.16714423989156763,0.1399407309845242,0.11421490392083226,0.16823743556225135,0.5321301471550286,0.516594851348895,0.10449048607332026,0.0897613679544495,0.002857391795646084,-0.0038032099499002436
2015,Republican,12,8518,0.17088064938470618,0.14428269546841982,0.11680818300124833,0.17042408713264673,0.5431560696903345,0.5232154323408819,0.10894460997127223,0.09149107201033418,0.0030009006224494357,-6.680045676168977e-05
2015,Republican,13,8539,0.1697863459990972,0.1417027755006441,0.11573584513631702,0.1705762499528703,0.5429761002983473,0.5191314032372527,0.10657618016875789,0.09162731072001071,0.003003599870407966,-0.0011611038423706699
2015,Republican,14,8720,0.174671554765632,0.14873853211009175,0.1176589057771991,0.173733343433593,0.542680586833526,0.5196810074844782,0.10737771394602749,0.08778782898913684,0.003025556803802965,0.00372410492416414
2015,Republican,15,8456,0.17703525617063048,0.1491248817407758,0.12169691406922066,0.17601365038837405,0.5336728758348979,0.5198776707689339,0.11044429156568775,0.08795058234927818,0.00308525153330938,0.006087806329162615
2015,Republican,16,7801,0.17918595854390434,0.15510831944622483,0.12317888758885549,0.17795979990192315,0.5432729107093048,0.5233789656341478,0.10733862961657964,0.09102524768215146,0.0032428579030947887,0.008238508702436476
2015,Republican,17,5864,0.18015974149343622,0.15416098226466576,0.11935932556426758,0.17849684080166492,0.5320964956426285,0.527550142764725,0.10926364862901161,0.09500785445641043,0.003709817652956992,0.009212291651968352
2015,Republican,18,3788,0.18273318441421946,0.15760295670538543,0.12596534387041458,0.17993250463517832,0.5220325714993362,0.521206542304958,0.11387173496304746,0.09455130529838762,0.004664854621296969,0.011785734572751588
2015,Republican,19,2439,0.16934342624254176,0.14309143091430915,0.1195110283861133,0.17038047675603896,0.5237339553526325,0.5149309802166553,0.10696038433107005,0.09602290747840722,0.005503160190496054,-0.0016040235989261131
2015,Republican,20,1769,0.18553148567941885,0.1622385528547202,0.14868513030213776,0.1887710970592695,0.5117986861481071,0.5028327639273132,0.11556912963426003,0.1085997462623272,0.006824521543140673,0.014584035837950982
2015,Republican,21,1168,0.1958644227459644,0.16695205479452055,0.1615947442995791,0.20086033892425492,0.5064340508909743,0.4849133234445567,0.11225176005574798,0.12569589980029539,0.008496960780572434,0.024916972904496543
2015,Republican,22,639,0.2089081420534012,0.19561815336463223,0.16388064044701148,0.21253925605920465,0.4946184745226026,0.4682634397641594,0.10266240036511481,0.12480356329352434,0.011962754929806687,0.03796069221193332
2016,Democrat,3,340,0.14094416395185844,0.11764705882352941,0.10923779495060444,0.13466877786524814,0.6447436515673283,0.6688166440437164,0.08991775311433765,0.09551982186625109,0.01425963340125572,-0.05785817805481955
2016,Democrat,4,436,0.14814985857597218,0.11238532110091744,0.10904861053445487,0.1407349864138427,0.5669248484463832,0.593473871110366,0.08437612524241157,0.09803531140328274,0.01255777492460282,-0.0506524834307058
2016,Democrat,5,779,0.1756406453897189,0.1643132220795892,0.14369831079484438,0.17079727958519592,0.5431369005144121,0.5737770285047303,0.12520528700745476,0.11610472088605549,0.010405006210656362,-0.023161696616959077
2016,Democrat,6,2053,0.1743046896100313,0.15538236726741353,0.1411296421871441,0.17223858090364355,0.5713878042385331,0.540716025092595,0.1121512919988055,0.11323412584233439,0.006549214804854355,-0.024497652396646696
2016,Democrat,7,2946,0.22665718179107602,0.2090970807875085,0.17430658805090332,0.22153525916260122,0.4895186083654014,0.528849447849292,0.13271961938788973,0.12897857313739225,0.006052320707663192,0.02785483978439804
2016,Democrat,8,4746,0.22173428837395576,0.20396123050990309,0.17940902213564633,0.21892526247648517,0.47556187136166833,0.5182503849155911,0.1502604553108235,0.13928147055678858,0.004647682179589074,0.022931946367277772
2016,Democrat,9,8812,0.22853002169045725,0.2085792101679528,0.1830139402709264,0.22525137995276304,0.4545715625682796,0.5192287448427758,0.15722331638808654,0.13748103742327294,0.0034567310093081903,0.029727679683779262
2016,Democrat,10,10187,0.2181353477624107,0.19770295474624522,0.1664806055525588,0.2152401060941082,0.47220389447173594,0.5287981557907012,0.15152497754679192,0.13309628802835372,0.003129643096319242,0.019333005755732713
2016,Democrat,11,10741,0.210494907380202,0.18983334885020017,0.16127258679033155,0.20634293180567223,0.48332422744069076,0.5460286313865066,0.1575087975540164,0.13120632128609322,0.002988445213266672,0.011692565373524005
2016,Democrat,12,10889,0.1950298685725506,0.1712737625126274,0.14602313976903497,0.1906322996616254,0.5065519405466125,0.560231051371704,0.13853933045456102,0.1256294744315897,0.0028960440127525485,-0.0037724734341273714
2016,Democrat,13,10640,0.19728581782693438,0.17396616541353382,0.14880456146279733,0.1930834084153578,0.49766847255578023,0.5570851039913434,0.144333240619591,0.13044582948555183,0.0029354216032533662,-0.0015165241797436002
2016,Democrat,14,10671,0.19680126864597408,0.17196139068503422,0.15232325191302132,0.19520355571099252,0.49688871677055685,0.5506120973643083,0.14363499866142554,0.13174694136710055,0.002916514859877691,-0.0020010733607039033
2016,Democrat,15,9592,0.18158919634971807,0.15252293577981652,0.1369773830162381,0.17939652409069543,0.5250358943808712,0.5647090470726703,0.1325492486952145,0.11826624499002411,0.002990975712903576,-0.017213145656959916
2016,Democrat,16,8556,0.17848348793586305,0.15474520804114072,0.1251808492817346,0.17486218054325622,0.538758095482285,0.5681595423645477,0.13061700136569587,0.1103362866711414,0.0031322151034219765,-0.020318854070814935
2016,Democrat,17,6372,0.1757709631846229,0.14861895794099184,0.12801660541046916,0.1727578198668481,0.5467283328990651,0.5694235042271766,0.127869636879929,0.11762921266251625,0.0036224145345630696,-0.023031378822055082
2016,Democrat,18,4191,0.18517659261114486,0.15962777380100215,0.13325780924283295,0.18081976759383703,0.5419646845903826,0.5635418484599222,0.1250180758192977,0.11753893527452305,0.0046118764665594525,-0.013625749395533127
2016,Democrat,19,2916,0.19180677429005116,0.1721536351165981,0.1398906932401727,0.1879200987718726,0.5517048216665219,0.5464688616596222,0.13111253881107426,0.11830618330539397,0.005644679336609674,-0.0069955677166268215
2016,Democrat,20,2084,0.16509466447218119,0.1401151631477927,0.11577765464979571,0.15967711432159462,0.5911398452171258,0.5592693685084285,0.10762541601646623,0.11288517706798687,0.006147791479782386,-0.0337076775344968
2016,Democrat,21,1572,0.20706757300375764,0.18447837150127228,0.13887283304546552,0.1984361296776758,0.5410378781226096,0.5305596177096529,0.11621614040732242,0.11533445694795443,0.007825854876509738,0.008265230997079653
2016,Democrat,22,1051,0.2327128158546417,0.21788772597526165,0.1636462496709013,0.2246086580490961,0.5158918778262288,0.5107945619221,0.12142857450054344,0.1298920048784454,0.01030193536643156,0.033910473847963724
2016,Democrat,23,608,0.19567877453013544,0.17927631578947367,0.12637034447221882,0.18752150237866627,0.5952063109534241,0.5108410460571146,0.10779229966589667,0.11479476041246303,0.012730514907402226,-0.003123567476542549
2016,Republican,5,461,0.19972685585101488,0.18655097613882862,0.14819621609361264,0.19682450634033424,0.4700110761747734,0.5129157173954387,0.12664088636733706,0.12424487163516776,0.013939504435909656,0.04216104609038701
2016,Republican,6,1317,0.14171916557067188,0.10326499620349279,0.09861798477168185,0.1472378924666517,0.4988706135686032,0.48919842989044654,0.11090332170419434,0.0972465723777726,0.006674159405070705,-0.01584664418995599
2016,Republican,7,2704,0.1535221823310678,0.125,0.11003674742410624,0.16208774754130034,0.5008484636649204,0.45076174826513477,0.11958631943436353,0.10468675331030035,0.004953006745709699,-0.004043627429560076
2016,Republican,8,5834,0.1502570942356189,0.11998628728145355,0.11193274926339508,0.15668968303671205,0.515398019426373,0.485268128338456,0.11734021972070033,0.10709538528822454,0.003347459767509206,-0.007308715525008974
2016,Republican,9,9105,0.15180088083015808,0.12542559033498077,0.11401581222160512,0.15744429941236449,0.5323952650270573,0.5097559973171502,0.12253665623576256,0.10440219287606614,0.002736063617045974,-0.005764928930469787
2016,Republican,10,10520,0.15122472087269695,0.12072243346007605,0.11081136153899014,0.15648151020893028,0.5352237742797458,0.5212242976470652,0.1219696635514287,0.1074677290684834,0.002553944915479061,-0.006341088887930918
2016,Republican,11,10080,0.16272647975154483,0.13859126984126985,0.11963873392616357,0.16607736541117202,0.5392679436925507,0.530461899636014,0.1250334787528522,0.10548466657281905,0.0027300468235411665,0.005160669990916966
2016,Republican,12,9326,0.15563639872678467,0.1299592536993352,0.1177970251700506,0.1607343274498318,0.5484113520497489,0.5324352996002618,0.1197488924530917,0.10545321468213134,0.002781827629275636,-0.001929411033843198
2016,Republican,13,9372,0.15917503813021697,0.13348271446862997,0.11948819309476268,0.1626696136426912,0.5483599506051554,0.5313946983407916,0.11813762263861746,0.10500911424046591,0.0028049721313039787,0.0016092283695890996
2016,Republican,14,9692,0.15866304127592862,0.13433759801898473,0.11512868825120512,0.16208343160265862,0.554478834633509,0.5351624698961904,0.11816525925520183,0.10090547482225755,0.002753463969098945,0.0010972315153007506
2016,Republican,15,9435,0.15410988746056947,0.12633810280869104,0.1134180042953154,0.1564852813261235,0.556030253530443,0.5412738340360936,0.11919410088596541,0.10266354100124256,0.002730070888143544,-0.003455922300058395
2016,Republican,16,8264,0.16288552823491595,0.13770571151984512,0.1194393925623212,0.16610141344797155,0.5449677889366552,0.5352640356021029,0.12196632529386217,0.10706960212570928,0.0030116698175919874,0.005319718474288082
2016,Republican,17,5831,0.15273448716784563,0.12416395129480363,0.11470893833445568,0.1555848018065174,0.5491877504724011,0.5404179618894974,0.11912194532859745,0.10639830384099362,0.003449649231654752,-0.004831322592782239
2016,Republican,18,3450,0.16723676741393148,0.1426086956521739,0.12410458195367423,0.16922860147903904,0.5271543039223584,0.5282119702079427,0.13128185368750406,0.11480497259147249,0.004707491363475249,0.009670957653303613
2016,Republican,19,2258,0.17391054808992013,0.1488042515500443,0.13777479979149693,0.177434251771372,0.5206244465733315,0.5064700952911728,0.1335994022375796,0.1243477256426652,0.005985613072038987,0.016344738329292258
2016,Republican,20,1756,0.1683648192258244,0.15034168564920272,0.14321193103284727,0.17313018004072656,0.5546778222309439,0.5227089834907082,0.12286892611120248,0.12039372134648246,0.006649781415140701,0.010799009465196546
2016,Republican,21,1218,0.18877953297668099,0.16584564860426929,0.1673756824203324,0.19573156191349605,0.5270706456051741,0.49326698984706097,0.1304836634182171,0.12710600993588372,0.008276750726222951,0.03121372321605312
2016,Republican,22,688,0.16982524965647447,0.15261627906976744,0.1517619002056457,0.1801209419486546,0.5407714236271839,0.49141427916867203,0.14682208350115067,0.12529649797198905,0.01068370118734955,0.012259439895846602
2016,Republican,23,315,0.14357100354862354,0.10476190476190476,0.14830563553675477,0.15901028494838448,0.515315764663475,0.4382587500567001,0.11348600492088332,0.13051440163796382,0.01375989358141695,-0.01399480621200433
2017,Democrat,0,384,0.4724083644092995,0.4869791666666667,0.3559513839851813,0.4635047165308303,0.26583450261508307,0.3152698311569111,0.14855931117684426,0.18915758652049894,0.019946086028606376,0.09620119859628828
2017,Democrat,2,433,0.39873094574976325,0.394919168591224,0.29864059046193675,0.3782091538140047,0.28388824917625544,0.43469524452802627,0.157695430418042,0.1657397139206632,0.018009538133653115,0.02252377993675203
2017,Democrat,3,803,0.3882108502273226,0.3711083437110834,0.3059554092103562,0.37420964998379813,0.2803502920945436,0.4146772651813674,0.1580741842472195,0.17127442695687561,0.013201114872633622,0.012003684414311377
2017,Democrat,4,970,0.4126989446421989,0.4144329896907217,0.2985743383414318,0.39323808402207094,0.32006274773547255,0.4193668441990986,0.1474985331685772,0.16702584602783635,0.012570474462299117,0.03649177882918769
2017,Democrat,5,1730,0.35378950519024294,0.35260115606936415,0.27121721736574006,0.3428020603427222,0.4028870971038981,0.4355702072637683,0.15460589974607217,0.16324083153427596,0.009324435102613493,-0.022417660622768287
2017,Democrat,6,2813,0.37406499111505775,0.3679345894063278,0.28963753604218384,0.3661515883196886,0.34135391561695533,0.4151887045363729,0.15986000547585152,0.1691430801054919,0.007274605386059872,-0.0021421746979534695
2017,Democrat,7,4862,0.40715807908188195,0.40559440559440557,0.31123334785589296,0.3983399126734638,0.29966082268491073,0.38273067023240775,0.17846672480826503,0.18204505629835596,0.005578351851580626,0.030950913268870728
2017,Democrat,8,7864,0.40446479943168084,0.4064089521871821,0.310212975843365,0.3954026223347325,0.3120038030836492,0.408945050888701,0.17695816925306174,0.18260419389770896,0.004416939999742813,0.02825763361866962
2017,Democrat,9,12443,0.3782614687296048,0.37434702242224543,0.2937504333311376,0.3728146965803392,0.3314534341690965,0.41777595811344087,0.16886084129105222,0.1780089575411183,0.00348081799497711,0.0020543029165935867
2017,Democrat,10,15184,0.37370252920535113,0.37006059009483666,0.28930002558238066,0.3681483530621972,0.33506553459062915,0.42186369648884325,0.16954616162815186,0.16728625634748456,0.0031359485178835255,-0.0025046366076600934
2017,Democrat,11,15976,0.3759061271501767,0.37287180771156736,0.2939503942267424,0.36945942237914453,0.3284779432499225,0.4254313730625422,0.1727386278881,0.17793552570689622,0.003050407023650782,-0.0003010386628345407
2017,Democrat,12,15917,0.37962909293091973,0.3824213105484702,0.2883573092946915,0.37177105399720234,0.3429387657620643,0.4329848728848207,0.16960866220033943,0.17166307645296308,0.0030751476899066577,0.0034219271179085076
2017,Democrat,13,15733,0.38136643840944556,0.38110976927477275,0.2957649150743227,0.37460448696602844,0.33661157840582046,0.43051532691320704,0.1673901310790771,0.1748992457514031,0.003096908102975236,0.005159272596434339
2017,Democrat,14,15600,0.3733912521588783,0.371474358974359,0.2872218043321239,0.36499323107842474,0.3474108626063053,0.4407072674604551,0.1690308710980044,0.1705913479374244,0.003078344553528641,-0.0028159136541329177
2017,Democrat,15,14513,0.36794165034836107,0.36684351960311445,0.2845155482181195,0.36095684684886437,0.353796483481481,0.44085810324397257,0.16801153291258103,0.16994096041323145,0.0031841450200425572,-0.008265515464650153
2017,Democrat,16,13452,0.35933237425268677,0.35660124888492417,0.276821251961101,0.3531327547478566,0.3659678457943233,0.4440599412744485,0.16992293945640707,0.16512899186909824,0.003287886621305965,-0.016874791560324454
2017,Democrat,17,10978,0.3601661373851251,0.3581708872290035,0.2780104044754298,0.35409856428968095,0.3637256668066374,0.435935891319238,0.16654929551301875,0.16591628981614376,0.003667903779361128,-0.016041028427886128
2017,Democrat,18,7789,0.3680389132633763,0.36782642187700604,0.2743605281438303,0.35916800067417726,0.3612050099929323,0.4244224292586397,0.15658753103051573,0.1625782131701794,0.004351548304405004,-0.008168252549634936
2017,Democrat,19,5312,0.3589661746079061,0.35542168674698793,0.2757722680142536,0.35106441555425516,0.36454579491516803,0.42598935579998537,0.15689104032015122,0.15947178847193985,0.00523937478933347,-0.01724099120510514
2017,Democrat,20,3738,0.38314738314585844,0.3817549491706795,0.3011656909032589,0.37602178286947907,0.33751006438117825,0.3999710126837029,0.1562829803415176,0.17040930220788997,0.006364241892888444,0.0069402173328472205
2017,Democrat,21,2658,0.4024546382266557,0.4033107599699022,0.30240297470995287,0.3924158054268712,0.3228376945255582,0.3805815012506409,0.15927012471569404,0.16406129533845434,0.007517410417130654,0.0262474724136445
2017,Democrat,22,1776,0.4024838863256878,0.3975225225225225,0.3174090284097343,0.3968778360846897,0.31800251072907176,0.3612118694623974,0.1485941117666903,0.17929919400128644,0.009283205839652909,0.0262767205126766
2017,Democrat,23,947,0.4203805692126107,0.4139387539598733,0.318416650288757,0.40942040449716427,0.3106765018064537,0.3516749303744675,0.1454009104932146,0.1639689712439995,0.0126580594594664,0.044173403399599465
2017,Republican,5,466,0.22384595099332955,0.2017167381974249,0.13990126667512268,0.21835621379619632,0.4245043212653821,0.4585561890089125,0.12452025308729402,0.11960268922573827,0.014158283368983064,0.08786963024745181
2017,Republican,6,1685,0.144174800651253,0.11097922848664689,0.10315039389267928,0.14698033019933485,0.507691168653273,0.49619525998930286,0.10805759438553975,0.10297622166308698,0.005960577427432068,0.008198479905375256
2017,Republican,7,3156,0.13565922684824985,0.10361216730038023,0.10329008441412064,0.14035586314807033,0.5213661725909942,0.5048171970943114,0.10690334309642031,0.10724626868079135,0.00427930125489606,-0.0003170938976278792
2017,Republican,8,6068,0.13465436555841329,0.10234014502307186,0.09734692484585183,0.13580142140848012,0.5464093887286897,0.5445694570934883,0.10348668962903688,0.09961947462858844,0.003080470649822127,-0.0013219551874644464
2017,Republican,9,8476,0.1268431101443858,0.09473808400188768,0.090318100221167,0.1297495463079478,0.5547513965742642,0.5589754855826232,0.10644235263126776,0.0975994149197918,0.0024951641373580206,-0.009133210601491942
2017,Republican,10,9624,0.12487086396792506,0.09133416458852868,0.08498488747807782,0.12551170916715365,0.5782366647218228,0.5834561916367121,0.09627665783365157,0.08924054388153883,0.0023326752085041174,-0.011105456777952674
2017,Republican,11,9267,0.12994441321236044,0.09744253803820006,0.09041377564680271,0.12900602632728117,0.5822002192690053,0.6001708036373239,0.10149161539558979,0.09239213995078142,0.002445624326356302,-0.006031907533517289
2017,Republican,12,9018,0.1328248793136264,0.09991128853404302,0.08821561467137443,0.130041021054295,0.5906552341095376,0.6011374449548653,0.09294659733503456,0.08715533056689055,0.0025146334148237045,-0.003151441432251323
2017,Republican,13,8982,0.13145268027830567,0.0976397238922289,0.08664074296826722,0.1291707999288017,0.5894294933385258,0.601553970720008,0.09352796669713273,0.08599166479728995,0.0025001147506795644,-0.00452364046757206
2017,Republican,14,9160,0.13753687951578575,0.1064410480349345,0.09081379062305871,0.13434462849402548,0.5870554554162295,0.6007694677822394,0.09822157577384776,0.08650993508669064,0.002537699263502247,0.001560558769908016
2017,Republican,15,9094,0.13823727676247569,0.1071035847811744,0.08994612009408416,0.13473578340025533,0.5882137481525734,0.6014108672792967,0.09809823102313245,0.08864321641611479,0.0025752462659137903,0.0022609560165979536
2017,Republican,16,8532,0.13689142786003727,0.1030239099859353,0.09032486523611004,0.1335694825858427,0.5907433276706315,0.5994423640863747,0.10064654499059325,0.08920999293947357,0.0026493769076429458,0.0009151071141595413
2017,Republican,17,6708,0.1396931524329625,0.10673822301729279,0.08613500570392524,0.13451269236064228,0.5842341513241895,0.6023815301491018,0.09875930033724968,0.08565723242143199,0.0029989092541006664,0.003716831687084754
2017,Republican,18,4308,0.15590230265922825,0.12349117920148561,0.10033154289024186,0.14984459633635877,0.5761590796938303,0.5902352195764704,0.10125454455535615,0.08981921299345128,0.0039944916999699945,0.019925981913350516
2017,Republican,19,2834,0.14169067492966206,0.10621030345800989,0.09934932790761031,0.13988652934853302,0.5723201353607361,0.5696416422841386,0.10787389720992192,0.09458621621365877,0.0046927541799713195,0.005714354183784326
2017,Republican,20,2232,0.14774923751966887,0.10797491039426524,0.10740106980300484,0.14294007152909793,0.5741245817411007,0.574927414015543,0.10142845803839205,0.10270719389025602,0.005347017961138711,0.011772916773791137
2017,Republican,21,1590,0.15705505853559845,0.12578616352201258,0.12090351985358933,0.15468286660400296,0.5484278636562796,0.5511489992545414,0.10939533558539437,0.1101917940909453,0.006660549359077509,0.02107873778972072
2017,Republican,22,990,0.15622948402270787,0.1191919191919192,0.11650382324752181,0.15325488098332601,0.5468171218551244,0.5434371844522016,0.10933051100706287,0.10727222628204736,0.008284540972014748,0.020253163276830133
2017,Republican,23,422,0.16921514015362302,0.12322274881516587,0.13386867987185108,0.1727413677100657,0.5321029378630892,0.5080764924476179,0.11069870965612691,0.10998320429568219,0.01342724629280094,0.033238819407745285
2018,Democrat,0,371,0.4402366613233688,0.4501347708894879,0.3513417492709763,0.4313759137562544,0.3257868982841464,0.3787747160682199,0.15468525019602353,0.20180533304710113,0.021131827395596967,0.06498792685211169
2018,Democrat,2,587,0.4608812801479608,0.4684838160136286,0.3559125303957148,0.4343759337958945,0.2925517962181709,0.43398374131066786,0.18417816470477102,0.16052433029229687,0.016079743074971356,0.0856325456767037
2018,Democrat,3,1030,0.4796076853732461,0.48349514563106794,0.3942774727906652,0.4566118019596827,0.2678149358934533,0.4134447771784605,0.2016011930165758,0.195804927170783,0.012188089802231922,0.10435895090198899
2018,Democrat,4,1274,0.4789057220555286,0.4858712715855573,0.3838224589757605,0.4521036615666131,0.28969992654985827,0.4308914420888664,0.1979806974491476,0.18249517832107817,0.011028830132982236,0.1036569875842715
2018,Democrat,5,1813,0.4956347965337418,0.5173745173745173,0.392894934511744,0.47211815182030226,0.27812445528396357,0.41596043122813137,0.21773758575526234,0.19336084352309985,0.009259631376658329,0.1203860620624847
2018,Democrat,6,2931,0.4426678950707382,0.44933469805527126,0.3438335628756673,0.41980555261946334,0.3072277245293516,0.44355629075141273,0.19927935079062636,0.18335098628506333,0.007296600987494172,0.06741916059948111
2018,Democrat,7,4705,0.44101199681457925,0.44824654622741766,0.3512457617585509,0.42494854561234335,0.3057350772007405,0.42087758763858557,0.21509040064528767,0.19878827740589708,0.0058037014493502685,0.06576326234332214
2018,Democrat,8,7256,0.40191573539990477,0.4065600882028666,0.31836439562192503,0.387013489093612,0.3459641850262607,0.4603364182441817,0.20338284052231878,0.18342287000198104,0.00467286161409211,0.026667000928647655
2018,Democrat,9,10810,0.38069478964215964,0.38085106382978723,0.307480375194988,0.36913178949293773,0.36747095209372355,0.47217343998181216,0.19975241085490303,0.18454693090265392,0.0037957985600510524,0.0054460551709025196
2018,Democrat,10,13154,0.3777719438076904,0.38345750342101265,0.3036059677049034,0.3631358615987434,0.3681037223513281,0.4843267368676527,0.19878817646063213,0.1789498156956423,0.0034044015461024025,0.0025232093364332964
2018,Democrat,11,14716,0.3789921728258719,0.38108181571079097,0.3025802088718566,0.3661818038205155,0.3610091083434516,0.48024445459052095,0.2042143582361344,0.183893110445954,0.0032330638816758634,0.00374343835461477
2018,Democrat,12,14252,0.3783026972519696,0.3804378332865563,0.30415006460428573,0.3650843968728705,0.3678242302948611,0.488961188515299,0.20688767601072816,0.18371860049260477,0.0032824159584549754,0.0030539627807124603
2018,Democrat,13,14328,0.3830952840897313,0.3863065326633166,0.3025009722062313,0.3679677774431704,0.3709523725132571,0.49213268789670095,0.20184266831215456,0.17803048888760364,0.0032756758414425806,0.007846549618474197
2018,Democrat,14,14589,0.3659705706647722,0.3654808417300706,0.294683081418823,0.3539692584576314,0.38104016090287063,0.49772798768211807,0.19879378800502737,0.17819354547449037,0.00322627001829658,-0.00927816380648494
2018,Democrat,15,14180,0.3628714755761873,0.35796897038081804,0.28398597513115176,0.34815167639396655,0.378839801770897,0.5111310947758023,0.19716009365950352,0.1735477542433407,0.003235886620808469,-0.012377258895069798
2018,Democrat,16,12458,0.346488393047255,0.3415475999357842,0.27981314945582203,0.33481580268465005,0.4020965414383471,0.5145552939273953,0.19325193774988922,0.17074391112243764,0.0034368599203006248,-0.028760341424002134
2018,Democrat,17,10023,0.34402055150194527,0.34201336925072334,0.2735197351927947,0.33240033532529517,0.40312768059303133,0.5063157320577957,0.18940524401046652,0.17091981690246166,0.003827714952163704,-0.031228182969311846
2018,Democrat,18,7195,0.3534138682600282,0.35302293259207784,0.28127550638934157,0.3426300474488493,0.38435048157215906,0.49362140240243496,0.19192146749431144,0.17634625698021036,0.004548882940923269,-0.02183486621122893
2018,Democrat,19,5064,0.3392908178156942,0.33313586097946285,0.2635441818564446,0.3294922820385104,0.41240818202295115,0.49701081711118805,0.17995557790591035,0.1656137207297882,0.005396299700118014,-0.035957916655562916
2018,Democrat,20,3560,0.33355142635900237,0.3258426966292135,0.26757002967452953,0.3258960197837971,0.39886293026920816,0.4814067353618075,0.18054394370129365,0.17621815929076834,0.0063517536216749874,-0.04169730811225475
2018,Democrat,21,2236,0.3586258607018324,0.35688729874776387,0.2831457508990311,0.3488459100306187,0.39020689263115577,0.44949539762810004,0.16512699181820834,0.1874118751214404,0.008169456860040869,-0.01662287376942473
2018,Democrat,22,1420,0.36535633418308966,0.36338028169014086,0.29611120148247083,0.35842398280855003,0.37443261995081933,0.41547479194385645,0.175756879214322,0.18223878939727872,0.010344196886464697,-0.009892400288167458
2018,Democrat,23,713,0.35450851179523524,0.3590462833099579,0.28116494377628937,0.3469917868325411,0.37096872729762637,0.41038581411364694,0.16007086925886488,0.16723021582816563,0.014404115120629753,-0.02074022267602188
2018,Republican,3,357,0.2762335082842168,0.25210084033613445,0.181609740642849,0.25861623473674145,0.41801035215984245,0.49193774918955163,0.12170439362082452,0.1044758377956743,0.017501789200795967,0.12935621483145646
2018,Republican,4,588,0.2665155639572601,0.2534013605442177,0.19172971294206873,0.2514169520451402,0.45731141324056834,0.5273597746537871,0.13399218651545267,0.1170854746311789,0.01389298654844921,0.1196382705044998
2018,Republican,5,953,0.248423339340226,0.23294858342077648,0.1652719913330149,0.2324799230011475,0.48556965186455114,0.5493414686481661,0.12428476066027591,0.1056524855480505,0.010930057803923383,0.10154604588746569
2018,Republican,6,1813,0.1919428523782984,0.16602316602316602,0.13911570669732315,0.18727073751947848,0.5034209554752985,0.5427921811872307,0.11459438383689184,0.11426476271072032,0.006891182260245374,0.04506555892553807
2018,Republican,7,3464,0.15065090399742015,0.12211316397228637,0.10746481341053624,0.14850475167286717,0.5654859653390153,0.5663745134909461,0.10468137265212875,0.11236160333705507,0.004424421163787878,0.003773610544659828
2018,Republican,8,5928,0.14022559641718874,0.10897435897435898,0.09564718283195515,0.1388548885000959,0.5858638212594578,0.5993155642476545,0.10724813853902365,0.10397390838003592,0.003291490543165674,-0.006651697035571585
2018,Republican,9,8994,0.13812381661429646,0.10851678897042473,0.0959123303981112,0.1367535487805531,0.5815969902795226,0.6095296975036439,0.11134841947051911,0.10059915569249299,0.0026378084882925155,-0.008753476838463864
2018,Republican,10,9997,0.13282872263577464,0.10653195958787637,0.0916879266816915,0.13033643289772606,0.6041184588816347,0.62814918223862,0.10583272098702047,0.10282339814740513,0.0024814833832429934,-0.014048570816985684
2018,Republican,11,9214,0.13844461780742323,0.11156935098762752,0.09322352524031885,0.1341307591691889,0.6112216229462907,0.644044422452458,0.10716808439032884,0.10165501468340252,0.002641969972269156,-0.00843267564533709
2018,Republican,12,9040,0.14253585598633967,0.11482300884955753,0.09452157263403611,0.13633965376344204,0.605613615923145,0.6451921977972781,0.11400044794038322,0.09683870108070808,0.0026933577604187986,-0.004341437466420656
2018,Republican,13,9071,0.14120592106202592,0.11564325873663323,0.09580539226340733,0.13686230212000125,0.6051855967554133,0.6400664979461574,0.11281299909830164,0.09819756960593844,0.0026636663822188432,-0.005671372390734397
2018,Republican,14,9233,0.1414785799903249,0.11372251705837756,0.09354140625399732,0.13714718441313986,0.6092567905350623,0.6441560288905116,0.11437339215257669,0.09277998214682588,0.0026507854363216825,-0.005398713462435423
2018,Republican,15,9229,0.1398799960009644,0.11203814064362336,0.09002728639432396,0.13332584221087584,0.608518109403832,0.6484785709597828,0.11176307812785297,0.09013551488164108,0.0026331722095856093,-0.00699729745179592
2018,Republican,16,8419,0.13678940507673035,0.1074949518945243,0.08939005247022061,0.13151735977185305,0.618924210372171,0.6547885650090988,0.11351862538700289,0.09095091013800234,0.0027114165695252723,-0.010087888376029974
2018,Republican,17,6273,0.15719683850439442,0.13167543440140284,0.10361327127436123,0.15031529409092625,0.5999673823773309,0.6402698393307463,0.12300743563863065,0.10033879128615682,0.003416788490571527,0.0103195450516341
2018,Republican,18,3777,0.16295718040539464,0.13899920571882446,0.10855447137994637,0.15652984912466059,0.5988000310466249,0.6316028692175678,0.10914363083885803,0.10252941440115763,0.004515243025652529,0.01607988695263432
2018,Republican,19,2558,0.1540550751764687,0.12705238467552776,0.11216942991115127,0.1517673358029924,0.5844907280725031,0.6059907002016273,0.11209220525738,0.12891753346322832,0.005285876539301361,0.007177781723708365
2018,Republican,20,2078,0.14280413456608052,0.1126082771896054,0.10490649288713608,0.1393843019677862,0.5978292575530901,0.6156657146699135,0.1001360561186403,0.12307821920287686,0.005673357292585772,-0.004073158886679806
2018,Republican,21,1690,0.17609780569155783,0.142603550295858,0.13050576448523213,0.1731585320732804,0.5445491856046727,0.5670957979018739,0.12499879073067816,0.13035815196558173,0.006859273519229345,0.029220512238797514
2018,Republican,22,991,0.22033745920150255,0.20080726538849647,0.1615582546440078,0.2122793574267707,0.5193383068877238,0.5476028876958037,0.12057497856248542,0.13057987381470146,0.010193946684742486,0.07346016574874223
2018,Republican,23,474,0.2749891557823081,0.2679324894514768,0.20894858110912207,0.26900059121998837,0.44160282291581987,0.4656078246135249,0.10970605647521495,0.16008874275210758,0.016310153056033876,0.12811186232954777
2019,Democrat,0,455,0.3732695386581287,0.378021978021978,0.2895524543502808,0.3585847280960489,0.3709036834445874,0.4621453262415234,0.17158349409064913,0.1692173530009913,0.017964609895691947,0.04215518030126114
2019,Democrat,1,639,0.4113505510504012,0.4162754303599374,0.30604484772906493,0.39042752950651943,0.32324678047103966,0.4388065333769646,0.18074613196719932,0.16332129847130072,0.015404840530251745,0.08023619269353366
2019,Democrat,2,1294,0.4195515001048744,0.4273570324574961,0.3122936923439554,0.391520532843451,0.3156741966336528,0.47604683617747445,0.18795545593964244,0.16896979890078584,0.010894203117556286,0.08843714174800688
2019,Democrat,3,2360,0.4191949087735739,0.4211864406779661,0.32405595844399415,0.39582037246959695,0.3210222545472542,0.47028029421186546,0.20372582332298192,0.1771659593539849,0.008076629548080331,0.08808055041670637
2019,Democrat,4,3638,0.39377160262529715,0.39362286970863114,0.3111774811843315,0.3720776671972515,0.33880681655671263,0.48820036617640167,0.19922929839243875,0.18421122351358735,0.0064649336208690775,0.06265724426842961
2019,Democrat,5,5214,0.3938749431269683,0.39451476793248946,0.31615156845165654,0.37338068095129806,0.3468710953260511,0.4963328936664187,0.20213551377339234,0.18448527825352892,0.00541975045007767,0.06276058477010077
2019,Democrat,6,7786,0.37575371103685284,0.3704084253788852,0.2988205561161749,0.35716196768966185,0.3604407303815209,0.5014690300037057,0.20707332878720447,0.1767074759675665,0.004391902250256915,0.04463935267998531
2019,Democrat,7,11273,0.35685352071822135,0.3519027765457287,0.28246745621496944,0.34019031600285926,0.3780456882970928,0.5088269343631237,0.20500692895329908,0.17519675840686547,0.003618371844670133,0.025739162361353818
2019,Democrat,8,15148,0.3480804501212841,0.3432796408766834,0.26968404102223525,0.3298769351886844,0.38782506136423855,0.518629216770896,0.19293877445659036,0.16950611311672803,0.003100294937336203,0.016966091764416547
2019,Democrat,9,21332,0.3247464760080467,0.31933245827864243,0.2522672874143734,0.3099908866895696,0.4102117297408538,0.5302110211622039,0.19138918311400677,0.16638404465852924,0.0025734103148249785,-0.0063678823488208525
2019,Democrat,10,24777,0.3250461099488726,0.31948984945715786,0.2535097831173096,0.31111596600504493,0.4142875260934213,0.5338895556570471,0.19424866651437714,0.16552228779747508,0.002391756005729741,-0.006068248407994914
2019,Democrat,11,26805,0.32896799919870556,0.3240067151650811,0.257327637484813,0.3142957580231882,0.41103502903300404,0.5371498848765538,0.19720225633427604,0.16787275393118062,0.002296053456623375,-0.00214635915816197
2019,Democrat,12,25389,0.32653859608145364,0.3206900626255465,0.25136529084217973,0.3103465764741175,0.42019542430801265,0.5459774062950119,0.19372892702757893,0.1623115542087167,0.0023607041783434974,-0.004575762275413897
2019,Democrat,13,25347,0.33451218591205595,0.32966426007022526,0.2593634081119268,0.31800898980477094,0.4157181032469875,0.5425217198801189,0.1966160286520818,0.16557008225220415,0.0023768409207991317,0.003397827555188415
2019,Democrat,14,24789,0.3253517032343791,0.3192141675743273,0.2529699572319054,0.3101234857440682,0.42556156679479057,0.5468316335686827,0.19311408925726714,0.16342228213546053,0.002388111651449826,-0.005762655122488414
2019,Democrat,15,23147,0.31882985319282825,0.31269710977664494,0.24419784887466534,0.3032603453108966,0.43322716811237716,0.5509463107736153,0.18789257059860057,0.15775489282410493,0.0024652442289213898,-0.012284505164039283
2019,Democrat,16,21259,0.31716693347911634,0.3129968483936215,0.2417987363209437,0.30152109910993036,0.4347263516148546,0.5508406346340439,0.18880398872291698,0.16039251809151367,0.0025592611614752327,-0.013947424877751191
2019,Democrat,17,17430,0.31277636295109423,0.3065404475043029,0.23655323891639865,0.2965013914904811,0.44085281776925267,0.5538717548421687,0.18328985649081428,0.15561444201961916,0.0028160018574913542,-0.0183379954057733
2019,Democrat,18,12623,0.312682080769799,0.30658322110433334,0.23572784003856406,0.29633773155379833,0.44523943348163253,0.5485433831515169,0.1787840831950627,0.15399501299041263,0.003311142940232332,-0.018432277587068557
2019,Democrat,19,8186,0.30812677599045646,0.2996579526020034,0.22860443443361128,0.2914771405793294,0.4509772891212005,0.5442420825019871,0.1669507104064234,0.15169011491764725,0.004091493332628808,-0.022987582366411075
2019,Democrat,20,5433,0.3136908217759149,0.3066445794220504,0.23592616034990163,0.300485613256708,0.44076183593410095,0.5178883088337449,0.16907620895032568,0.15597728045915094,0.0050628829256867515,-0.017423536580952637
2019,Democrat,21,3830,0.34361912237362346,0.34046997389033945,0.2639039054379845,0.33220711950086274,0.4032587994859668,0.48533886664233344,0.18196148229586617,0.17525825342370133,0.006181420135192006,0.012504764016755932
2019,Democrat,22,2306,0.34123909348633674,0.33738074588031225,0.2577857457931095,0.3258464437669526,0.41341433371972547,0.4813805590139368,0.1705883214487884,0.17399232323521366,0.007972159127216409,0.010124735129469209
2019,Democrat,23,1020,0.3494680608015544,0.34411764705882353,0.27633868707047193,0.33779898725139595,0.38250854146648566,0.46033921937421696,0.1636511665383153,0.171316994259627,0.011952872529133173,0.01835370244468687
2019,Republican,2,617,0.32242096392241587,0.31766612641815234,0.24470492391194243,0.315734280429545,0.4049455963235161,0.4363175483029547,0.15127522010141847,0.12761131941448034,0.015065154105928198,0.06401217790522401
2019,Republican,3,1115,0.3328978364957254,0.32107623318385653,0.25026106929110004,0.3199848242433984,0.40112687974099087,0.4624867801074223,0.14796418624328692,0.13490139380715488,0.011275355023595576,0.07448905047853355
2019,Republican,4,1739,0.311743894177813,0.3064979873490512,0.2354635330558529,0.29646149345916223,0.4351227158070566,0.5104247696942459,0.15665155895592034,0.13499514019044995,0.008874488423220115,0.05333510816062115
2019,Republican,5,2444,0.32334286746016055,0.3117839607201309,0.24295988358230367,0.30743517798033226,0.4157586081858317,0.5027640662706684,0.15255861518121097,0.13997625911767622,0.007522626679166759,0.0649340814429687
2019,Republican,6,3397,0.29843288846793736,0.2896673535472476,0.22011161925622283,0.2853139984228972,0.4502290303821349,0.49566472468863154,0.13490078609330103,0.1236821924702807,0.006337814608100146,0.0400241024507455
2019,Republican,7,5520,0.2742941587450965,0.2614130434782609,0.1946436901337765,0.26118052780891404,0.4686980939476137,0.5072348689478214,0.12903529455774781,0.11586061496189728,0.004817274116383075,0.015885372727904634
2019,Republican,8,8973,0.2612215417265636,0.2466287752145325,0.18893582678972548,0.250501388907171,0.4811870703604413,0.5261989265401009,0.13624289089783834,0.11513150776145345,0.0036965754666933473,0.002812755709371728
2019,Republican,9,12971,0.2535167530103777,0.24053658160511912,0.1846931639179345,0.2423649182703704,0.49414896408968906,0.5472592888809938,0.1322552674684875,0.11824114131983551,0.0030540060189451776,-0.004892033006814178
2019,Republican,10,13779,0.2570445725658104,0.24522824588141376,0.1903615906340207,0.2463319248314905,0.4958303884137185,0.5503750787695766,0.13528159299298081,0.11977723198138857,0.002968177163306776,-0.0013642134513814352
2019,Republican,11,13685,0.25648437772081617,0.24362440628425283,0.1866129945690681,0.24457743847133592,0.5035971914778219,0.5611983168557161,0.13501384485343518,0.11674266092011015,0.002982351113629176,-0.0019244082963756903
2019,Republican,12,12854,0.2533387358637697,0.23953633110315856,0.18508385391827745,0.2403689602012302,0.5107265002364209,0.5671302628859481,0.13330975840518028,0.11314123680145481,0.0030515902799245946,-0.0050700501534221565
2019,Republican,13,12489,0.2502581687367166,0.23716870846344784,0.1799428663527261,0.23791186015034912,0.5091831280226979,0.5666329661556933,0.13361113269398592,0.11240371209120728,0.003078327825176684,-0.00815061728047528
2019,Republican,14,12149,0.24867338415598106,0.2352456992345049,0.17638470926920075,0.2361409928248664,0.5164565479040631,0.5702123074670132,0.13227811868254075,0.11241545717255157,0.0031216518814786488,-0.009735401861210802
2019,Republican,15,11742,0.24370319255607228,0.23164707886220406,0.17392873248481402,0.23044568612484548,0.5256652962888932,0.5774748268692841,0.1289588014741032,0.1082777254924456,0.003150093017791415,-0.014705593461119576
2019,Republican,16,10996,0.23663258495942255,0.221989814477992,0.16913284158867978,0.22322394841880985,0.5323545789970651,0.5884004981584712,0.13249734480251335,0.10816115017969496,0.0032141531315741387,-0.021776201057769312
2019,Republican,17,7956,0.24867653286284938,0.2356711915535445,0.17613046182708275,0.23416971851952886,0.5155857924436692,0.5744201481121542,0.13315122238016894,0.10833301664706528,0.0038588549707052103,-0.00973225315434248
2019,Republican,18,5417,0.26956167458366614,0.2577072180173528,0.19369528661293778,0.2544008232947994,0.4899187023850381,0.540734982555562,0.13199844744972142,0.11952194275576206,0.0048162871057006425,0.011152888566474284
2019,Republican,19,3640,0.2847452821183162,0.2813186813186813,0.20912560255882065,0.27316741282849544,0.4780956731042262,0.5089532512626457,0.13369947239125896,0.1275885774958674,0.006062504399203292,0.026336496101124318
2019,Republican,20,2730,0.2725946035969579,0.2619047619047619,0.20069523474366588,0.2606096284880197,0.47948661037761675,0.5186532331149575,0.1335741871619945,0.12311842443111042,0.006759357997692571,0.014185817579766058
2019,Republican,21,1974,0.2614835376550256,0.24518743667679838,0.1880544739604452,0.2500394514904347,0.4779711058299626,0.5222806818703079,0.12667157455159234,0.12736486742865546,0.007826990741690978,0.003074751637833717
2019,Republican,22,1139,0.2932224766554882,0.2721685689201054,0.21341417113415523,0.2827317012605585,0.4479307090324743,0.47203204686131206,0.11414544083177226,0.12865701425555665,0.010809173737250185,0.03481369063829631
2019,Republican,23,435,0.3038417402087529,0.2689655172413793,0.2275985892744328,0.295318652160637,0.4047880207156313,0.42283421036755214,0.1069394813288517,0.13764924613609053,0.017516434384959246,0.045432954191561015
2020,Democrat,0,530,0.34819913112628714,0.330188679245283,0.2943337685101279,0.3418812374004497,0.3366578215372942,0.4436758584870061,0.1995831883899024,0.19347125263093917,0.016609014514709315,0.05189312721957512
2020,Democrat,1,445,0.3692328035507058,0.3707865168539326,0.3190164601864565,0.3550256868144183,0.30028199548257534,0.4670020957236712,0.1918687414001213,0.1706566677878747,0.01796471876036334,0.07292679964399379
2020,Democrat,2,1086,0.38669024609607294,0.3867403314917127,0.3445555182021844,0.3756575565896654,0.3233738524644613,0.47355783859809814,0.2054657744083804,0.18681406551666735,0.011922100071660339,0.09038424218936092
2020,Democrat,3,2343,0.35862957241790344,0.35381988903115663,0.31451193931760174,0.34561675851862533,0.33897915907598464,0.501064493593959,0.20530455784929413,0.19773099872447006,0.007955825242369688,0.06232356851119142
2020,Democrat,4,3892,0.3486444148404202,0.34275436793422404,0.30624506595285605,0.33739450410090266,0.3522451282700812,0.5116739730419589,0.2125966782440079,0.18950263371503023,0.006187228640998964,0.05233841093370817
2020,Democrat,5,5529,0.3417235166845086,0.33875926930728884,0.30394144978973775,0.33177852220439147,0.35180224168831425,0.5153330014135098,0.2159101291169943,0.18539340132028795,0.005119533937436813,0.0454175127777966
2020,Democrat,6,8328,0.33432052152443925,0.3260086455331412,0.295220732323079,0.32696731267820134,0.3489434207803523,0.5074910905033683,0.21891390781186582,0.18485609022609703,0.004136961592822732,0.03801451761772723
2020,Democrat,7,11504,0.321932412068351,0.3113699582753825,0.2809921656663494,0.31538405084002297,0.3480812380649481,0.5083020033805987,0.22030193291943564,0.18231130073313964,0.0034640515292750245,0.02562640816163897
2020,Democrat,8,17593,0.30094738018807565,0.28801227761041326,0.26493286316014975,0.29749810736412413,0.36098637160330976,0.5160191112347695,0.21473431406715604,0.18046025333082052,0.002751868412918343,0.0046413762813636295
2020,Democrat,9,25167,0.2843078149808221,0.26844677553939683,0.2528480608114387,0.28279644565373835,0.3601282818612909,0.5206843179246651,0.21783288020257455,0.18086750245938665,0.0022485652006201257,-0.011998188925889941
2020,Democrat,10,29324,0.285856173580078,0.2699495293957168,0.251077182367885,0.28399856025169185,0.36041953509949054,0.5201564061883328,0.2210129463170091,0.1795367829457578,0.002079865051162256,-0.010449830326634046
2020,Democrat,11,31065,0.28871460510598446,0.27410268791244163,0.25516304248193045,0.2874013617771331,0.3622289170794601,0.5211735408256991,0.2216618615285575,0.1820506785158173,0.0020299410097373914,-0.007591398800727567
2020,Democrat,12,31364,0.291811596911895,0.2769736003060834,0.25285242655631385,0.28918800378729803,0.3588053991609158,0.5202631402846025,0.22051276667088998,0.17847780635793445,0.002028848484058734,-0.004494406994817013
2020,Democrat,13,30297,0.29038705287371985,0.2753737993860778,0.2542890399529328,0.28803932167372703,0.3584809986073598,0.526583838487363,0.22587159290583864,0.17869934205950855,0.002057877484259109,-0.00591895103299217
2020,Democrat,14,29509,0.29432927636521855,0.2809990172489749,0.254160692189712,0.29045062758561063,0.3569495917523385,0.5274306832208151,0.22296578529637517,0.17600885708100714,0.002097679284168022,-0.0019767275414934726
2020,Democrat,15,27851,0.2941944087387917,0.27937955549172383,0.25493960443330277,0.2917336580370263,0.35426751374117765,0.5214409603323514,0.22422507848679193,0.1783238229969163,0.0021570249693238877,-0.0021115951679203104
2020,Democrat,16,25154,0.2888535214829818,0.27419098354138505,0.2522772706640207,0.28710357146868937,0.3649183947016793,0.5239768032904042,0.2176674987642878,0.17974296628111075,0.0022595195758333573,-0.0074524824237302
2020,Democrat,17,21160,0.28235297610437265,0.2683364839319471,0.24052489689320058,0.27916924294138445,0.3778813420527193,0.5327433607478526,0.2118779526938929,0.17304702230534624,0.0024482860287889053,-0.013953027802339368
2020,Democrat,18,16211,0.28516084391733004,0.27111220776016287,0.24321463024461593,0.2820521864810149,0.37087069178019283,0.5234941144448113,0.20606615981978713,0.17248215155990718,0.0028061896322474716,-0.01114515998938198
2020,Democrat,19,11401,0.2940560158066999,0.2800631523550566,0.25622592277679435,0.29189627876045515,0.3630482948333675,0.506241428727001,0.21144836825942648,0.1868932666724278,0.0033927638494539204,-0.0022499881000121458
2020,Democrat,20,7602,0.3124208293329744,0.30215732701920545,0.2666891702601867,0.30827183320273527,0.3544533078390169,0.4933750521870584,0.20753126582932618,0.18778660943357028,0.004232920938205017,0.016114825426262358
2020,Democrat,21,4661,0.3371322094724066,0.3291139240506329,0.2862570049344388,0.33311580245070777,0.3380632735701904,0.4682093137062765,0.20434438970516006,0.1955552673384122,0.0055356934778329975,0.04082620556569455
2020,Democrat,22,2364,0.3600227203542783,0.350253807106599,0.3033053735521261,0.3561308063823153,0.313461700193454,0.4227133378669755,0.1903600253477179,0.20784475469241603,0.007897947094375924,0.06371671644756627
2020,Democrat,23,1149,0.34439806557998864,0.32550043516100957,0.28593809679837523,0.3359322866819656,0.34291313210132657,0.448580208026988,0.17145428322644676,0.1828092425600427,0.011261580722361084,0.04809206167327662
2020,Republican,0,335,0.3033390849745318,0.28059701492537314,0.2516309226122893,0.30453641864457237,0.3343990954765077,0.42374405084567063,0.16364592101647338,0.17967135844084978,0.019752545101449203,0.036662189448305293
2020,Republican,1,458,0.31869265898720534,0.29694323144104806,0.24439773347821517,0.3202095802092526,0.3205323017051842,0.4158785177890911,0.15657686826866526,0.14262819918600525,0.016685034819047238,0.0520157634609788
2020,Republican,2,934,0.33802041883442785,0.3351177730192719,0.2740948969794675,0.3324580336103268,0.34694594517699195,0.43815302467910966,0.16566334715077147,0.14283896655709796,0.012272258364128845,0.07134352330820132
2020,Republican,3,1856,0.3058915604514337,0.29040948275862066,0.24539792373779445,0.2975460346311467,0.41622492603409195,0.5115550382445156,0.16166810803644757,0.14098543099981756,0.00858693506702141,0.03921466492520714
2020,Republican,4,2889,0.2931909273136291,0.2834890965732087,0.23143014790954963,0.28337198083797344,0.44135565075363453,0.5339822793415209,0.152950879816864,0.1293621817892227,0.006819543458998224,0.02651403178740258
2020,Republican,5,3716,0.3204310783706365,0.3135091496232508,0.25512094309431826,0.3074416931956932,0.4111232825670696,0.51534722809353,0.16912935500187837,0.13997384407973584,0.006237197407438593,0.05375418284440997
2020,Republican,6,4972,0.3192948616106604,0.31013676588897826,0.25544471623222553,0.3096330775652674,0.40036772019528594,0.49871567208960516,0.17653578727636096,0.1415541323920081,0.005354219283227475,0.052617966084433865
2020,Republican,7,6952,0.2911903314425458,0.28222094361334865,0.22849492509044075,0.2807885311849113,0.4133633155587316,0.5138892067040497,0.17361410568196725,0.13223743428130794,0.004369360921934326,0.02451343591631927
2020,Republican,8,10776,0.2813705110761877,0.2702301410541945,0.21964019647081537,0.2726243274282414,0.43022060938651896,0.5241070642162311,0.1706491340056415,0.13268463251659918,0.0034813174015971703,0.014693615549961181
2020,Republican,9,14788,0.24891769400216684,0.23363538003786855,0.19536246517602443,0.2421850855624737,0.4527010626172456,0.5485709536305362,0.16369046767759998,0.13144098108328026,0.0028174565245288196,-0.017759201524059687
2020,Republican,10,16261,0.2570545016149348,0.2421130311788943,0.20075182932909524,0.248210213974647,0.447286086996091,0.5490493411047344,0.169682657228046,0.12870562344725472,0.002735557240863687,-0.009622393911291716
2020,Republican,11,16115,0.26281958815430473,0.247471300031027,0.2047317173430584,0.25437444246351243,0.4372448313949364,0.5441589031892381,0.17227159003645362,0.12497177999585132,0.0027730398116093367,-0.003857307371921803
2020,Republican,12,15366,0.2616990489495069,0.24912143693869582,0.20330236850584482,0.2519455401297912,0.44757353485713186,0.5542233042719519,0.16918935565208598,0.1261171824429109,0.002837275578822108,-0.0049778465767196245
2020,Republican,13,15277,0.2600223388343603,0.2452706683249329,0.20002578234938156,0.2503958064010855,0.44255665039523,0.5562417861566481,0.1739890348408431,0.12479711746479473,0.0028324833988041726,-0.006654556691866209
2020,Republican,14,13914,0.25333088970155704,0.2358775334195774,0.191158867159764,0.24363177894825883,0.4534503844342012,0.5574211241139989,0.16727463246314267,0.11774633997210994,0.002926789912743124,-0.013346005824669493
2020,Republican,15,13540,0.24967227760056498,0.23234859675036929,0.19222474008726978,0.24098023118559914,0.45376597219573245,0.5596266529416566,0.16765474501695962,0.12149798550448371,0.00295704429712293,-0.017004617925661547
2020,Republican,16,11903,0.25070872524932625,0.23313450390657817,0.19074050480003063,0.24186057059840274,0.4553204679766874,0.5556727817947847,0.17026361980312585,0.11870945218295932,0.0031531828969888617,-0.015968170276900284
2020,Republican,17,9259,0.2601969034518338,0.24246678907009397,0.20209110356019225,0.2519429865549095,0.44244353051931257,0.5433911318547351,0.17317143383993452,0.12609224123564428,0.003622208829342973,-0.006479992074392704
2020,Republican,18,6522,0.26547484626746926,0.2523765716038025,0.19913617591536054,0.25578582163536573,0.4359429331005279,0.5355390484729106,0.1707768554544937,0.12207275170536426,0.004336087036290639,-0.0012020492587572762
2020,Republican,19,5273,0.2735412773638155,0.2550730134648208,0.20957338170440035,0.2645628140912007,0.43736702687135814,0.5240044781259794,0.16051419901946995,0.1297189087153757,0.004885282239690914,0.006864381837588973
2020,Republican,20,4005,0.2888147745694798,0.27565543071161047,0.22455874453220265,0.2792395393030437,0.42629862302558474,0.5117733142524725,0.1636719516377324,0.14512852281762215,0.005678537068023024,0.02213787904325326
2020,Republican,21,2796,0.2912169725710602,0.2771816881258941,0.22139722529364228,0.27964130478467425,0.42681986179591846,0.5074778387615476,0.15364757969556442,0.14022024847182027,0.006795803558481636,0.024540077044833686
2020,Republican,22,1682,0.30100288725702823,0.28953626634958385,0.23739096206874785,0.28956317482211635,0.41787350044849325,0.47867293643801695,0.1497318894663542,0.14128337829045987,0.008931087423022852,0.0343259917308017
2020,Republican,23,698,0.3236939048869562,0.31805157593123207,0.2560728662643971,0.3145745698399949,0.39044948941347507,0.4518821772840408,0.12796220626417856,0.15423490179844074,0.014021051666970175,0.057017009360729676
2021,Democrat,0,541,0.31298688443484346,0.29944547134935307,0.2498687470713527,0.29585773112379743,0.43381878147469816,0.5277132976700357,0.16933117673281312,0.15591031506867623,0.01572993917318156,0.0918597717335154
2021,Democrat,1,610,0.2714358782410988,0.260655737704918,0.21598751333801716,0.2522317930994952,0.4675340968161272,0.6038386597404959,0.14853236830190253,0.13468238398448,0.014063964484596674,0.05030876553977076
2021,Democrat,2,1645,0.2764788754387705,0.2632218844984802,0.2284935747825266,0.25420922709283583,0.4615628731587058,0.6248804965008355,0.15336303002764343,0.14036574722027073,0.00877563296566178,0.05535176273744241
2021,Democrat,3,3217,0.26324713427195934,0.2483680447622008,0.22883444276522819,0.24186814618176777,0.46269889656795354,0.6313722635418718,0.17217085843374283,0.1457804191526388,0.006076976201598412,0.04212002157063127
2021,Democrat,4,5394,0.24907127008451377,0.23303670745272526,0.20921238268923528,0.23099299791026592,0.481059462578106,0.6435264803324665,0.16449610523810118,0.14399912105241294,0.004605962034014566,0.027944157383185703
2021,Democrat,5,7083,0.24602164984070612,0.22829309614570098,0.2106992422562014,0.22889680580579067,0.4744238052392263,0.6411334241466387,0.17629561806091051,0.14854710523522185,0.004008032126187636,0.02489453713937806
2021,Democrat,6,9406,0.2468823059845689,0.22942802466510737,0.2052879416468806,0.2290922658179429,0.4696617743747001,0.6332534518269709,0.17423191213548717,0.1439206661244503,0.003477622345968819,0.02575519328324083
2021,Democrat,7,12567,0.24560952891327462,0.22933078698177767,0.20693557902476856,0.22939681304164283,0.46363114270669836,0.6207790406218289,0.17980918645163774,0.14197337206151758,0.0029893367519120296,0.02448241621194655
2021,Democrat,8,18472,0.2274433261735522,0.20809874404504114,0.1933759463545353,0.214590510127926,0.47305001705698285,0.6299517218192389,0.1767493799735073,0.1414740738666553,0.002390001714711058,0.006316213472224136
2021,Democrat,9,25661,0.21124874880326128,0.19001597755348584,0.17718920425255547,0.20017558547668268,0.48248177796268277,0.6336320600024204,0.17680071654060586,0.14213863594009576,0.00195382243697269,-0.009878363898066789
2021,Democrat,10,28738,0.2087758161527539,0.18519034031595796,0.17565277671942153,0.1985365249760611,0.48204180224269183,0.6280464419236907,0.17352800967233978,0.14248186621358153,0.0018413620473192412,-0.01235129654857417
2021,Democrat,11,29072,0.21539447744493148,0.19255641166758394,0.17833454971315066,0.20340239560820306,0.48184816745594,0.6352911069197138,0.17462316046368773,0.1394584319087455,0.0018559321391483333,-0.005732635256396584
2021,Democrat,12,29442,0.21478380263429006,0.19322736227158482,0.17833831621558413,0.20317225124295094,0.4827220538479815,0.6333938662849753,0.17683893239463475,0.14057350978359343,0.0018458134397800452,-0.006343310067038005
2021,Democrat,13,29016,0.22419793578371897,0.20526606010476978,0.18147349324855147,0.2106274739071187,0.4770147863499603,0.6324440584781723,0.17984199366390366,0.13897277068285818,0.0018891866424067879,0.0030708230823909
2021,Democrat,14,28063,0.21444936456422825,0.19363574813811782,0.17623585160813363,0.20246797223075852,0.4835353657266401,0.6345735482642179,0.17584828825164256,0.1376765377312974,0.0018853149278894507,-0.006677748137099815
2021,Democrat,15,25630,0.2129198177136776,0.19063597346859149,0.1756641693790574,0.20113417666376007,0.48753556946879,0.6331876947277255,0.17419930042812898,0.13724741814779776,0.0019687277371749946,-0.008207294987650465
2021,Democrat,16,23552,0.2119345221556258,0.18873131793478262,0.17315457463081924,0.19981175111244107,0.49669255201471335,0.6384422237694075,0.17380281227870792,0.13244938128782055,0.0020590120826986195,-0.009192590545702262
2021,Democrat,17,19416,0.2142830533551216,0.19350020601565718,0.17180001671775147,0.2015190544299997,0.4915734911470603,0.6314652541075138,0.17404358578251503,0.1347166391136662,0.0022782755892521256,-0.006844059346206466
2021,Democrat,18,13963,0.21939096608054642,0.19931246866719188,0.17677143642849508,0.2054983301493479,0.48590124311494015,0.621733343138437,0.17017921377650722,0.1373286601476153,0.0027144671224040126,-0.0017361466207816423
2021,Democrat,19,9379,0.22330614716593689,0.20417955005864163,0.176892192914115,0.2095155330744824,0.5026297812566168,0.6196507476858544,0.16534805684041612,0.13499191847090355,0.003352772490198794,0.00217903446460882
2021,Democrat,20,6274,0.24184375800457175,0.22425884603124005,0.19614222353119964,0.22822540736897348,0.47748056168099884,0.5991292693732371,0.16499594514411695,0.1455468220256535,0.004222156718522357,0.020716645303243686
2021,Democrat,21,3940,0.24048227550376794,0.21776649746192894,0.19568417728914014,0.2289837343753008,0.4630707043151579,0.5750038003655349,0.1734378656591667,0.15415473658388226,0.0052778956035551845,0.019355162802439874
2021,Democrat,22,2027,0.2480222345775496,0.23186975826344353,0.20054028656820252,0.23449813434440636,0.46588915720817253,0.5599520904545915,0.15798337693217285,0.1519439052505539,0.0074829214980475555,0.026895121876221534
2021,Democrat,23,989,0.28417422001780257,0.268958543983822,0.21544721823656993,0.26243713869844143,0.45632892240100625,0.553242898514613,0.1501326726910096,0.13767275045304753,0.011559024974050305,0.0630471073164745
2021,Republican,0,601,0.42518332462677244,0.415973377703827,0.3411025528198638,0.431808731362174,0.250445112297017,0.2962051501285328,0.1450013745438227,0.17418805639354043,0.015333941718349316,0.01611222658753314
2021,Republican,1,878,0.4349050399831948,0.4419134396355353,0.36190084656244376,0.4339164767503433,0.24833185188175266,0.33318426120964756,0.1698931401087913,0.18372718326096127,0.012724463674038159,0.025833941943955496
2021,Republican,2,1758,0.44963223961143794,0.4539249146757679,0.3856185304463986,0.44972471026565974,0.27959251433634225,0.3453893307911654,0.18548792280218077,0.19169835809462485,0.009446142641777068,0.040561141572198645
2021,Republican,3,3518,0.4369041893164367,0.44485503126776577,0.38047156390520775,0.43696439232742873,0.2972630521998253,0.36935243238387877,0.19327492400787552,0.19460748891227558,0.0066444347709064735,0.027833091277197408
2021,Republican,4,5663,0.45687425803909854,0.4672435105067985,0.38923201492850495,0.45482730827242157,0.2931506111812516,0.3751008738762808,0.2029638502412725,0.19905602725261518,0.005280219182021062,0.047803159999859235
2021,Republican,5,7305,0.45479045892233116,0.471047227926078,0.38920305839631053,0.4513143830583351,0.2960207830075478,0.37724955139055716,0.20831527583534376,0.20333158513365351,0.004652476258909924,0.045719360883091864
2021,Republican,6,8287,0.45209012811142524,0.4651864365874261,0.38135612259181595,0.4482937057584495,0.3050982190327072,0.38405591800746647,0.20570031435554684,0.20070458056281115,0.004380655381954436,0.04301903007218594
2021,Republican,7,10757,0.43363649432252244,0.445942177186948,0.3648983404100552,0.43061958193804795,0.3120537754123137,0.3891039591618443,0.20212544146419595,0.19312964430630541,0.0038222892272344773,0.024565396283283136
2021,Republican,8,15652,0.4034548902398234,0.4120240224891388,0.33884015742498313,0.40239283424646705,0.34061292742476057,0.4135859951786526,0.20193525260822073,0.1877314556707073,0.0031424166179330566,-0.0056162077994159065
2021,Republican,9,20703,0.40566634362691834,0.41312853209679756,0.33733340932176487,0.40343019056930113,0.3397083740803836,0.4167521688081965,0.20117795137985958,0.18640148598103903,0.0027397451048239746,-0.003404754412320965
2021,Republican,10,22168,0.40728666554891174,0.4181252255503428,0.33911038189464465,0.40486937152869706,0.3386591956003878,0.42096050696683013,0.20663196802419417,0.1882734690182508,0.002639603816381249,-0.0017844324903275588
2021,Republican,11,21551,0.41371898581421,0.4242030532225883,0.34179188630555024,0.41081626497856516,0.33218628717828835,0.4130299465030836,0.20527253840251317,0.189926963100379,0.0026772863518081144,0.004647887774970716
2021,Republican,12,21050,0.4068070478953594,0.41852731591448933,0.33401297825355153,0.40300630947933347,0.342458261715131,0.42316931163152177,0.20274413584637502,0.18711093516168661,0.0027069375281750887,-0.0022640501438799254
2021,Republican,13,19712,0.4094936886299424,0.41781655844155846,0.3360886945528683,0.40711972439907207,0.3366455751493758,0.4161624066786931,0.20872748692116666,0.1894960441304529,0.0028111959607273625,0.000422590590703098
2021,Republican,14,18831,0.40039716904989253,0.4073070999946896,0.3283359834374046,0.3965173615124157,0.3432210886938714,0.42520693468517406,0.2080929383991017,0.1789823693249658,0.0028506997405201304,-0.008673928989346769
2021,Republican,15,17503,0.4009934988843829,0.40924412957778666,0.32745650818931527,0.39778332137517897,0.3484423241914139,0.42504296073816056,0.20232442704327408,0.18046104383936318,0.0029650695342899242,-0.008077599154856396
2021,Republican,16,15099,0.3887114560954808,0.39625140737797204,0.3191284480642256,0.38470510523059415,0.35836071034572836,0.4347394915665,0.201208337512942,0.17490029970993964,0.0031822745977724168,-0.0203596419437585
2021,Republican,17,11032,0.3843450122401442,0.3899564902102973,0.3116646419768534,0.3805187722406603,0.3601623376049007,0.4297873380213559,0.1918236670055848,0.17362951910623164,0.003719480747557765,-0.024726085799095077
2021,Republican,18,7506,0.3898492607600054,0.39515054622968293,0.31968375456824905,0.38585495861571517,0.34609130212188816,0.42008368010589764,0.19359393819041582,0.17606030731355732,0.004500552514516762,-0.019221837279233878
2021,Republican,19,5430,0.37962575546490684,0.3843462246777164,0.3077072584605497,0.37623469370887247,0.3582274003852241,0.4244065948265466,0.18876091576126466,0.17667838685183648,0.005273350162473602,-0.029445342574332456
2021,Republican,20,4184,0.3971662219567269,0.39890057361376674,0.3266938058925988,0.394794509966945,0.32678494988526635,0.3899616783158275,0.1866820477265072,0.17590040590678188,0.005966865698138747,-0.011904876082512394
2021,Republican,21,3037,0.3993284325312411,0.4003951267698387,0.3202365154254728,0.39593961679216894,0.32573467999427486,0.3853720512374828,0.17189035322676618,0.17809686032934977,0.007056573270816153,-0.009742665507998183
2021,Republican,22,1803,0.39864666527679526,0.3910149750415973,0.3206562707418239,0.3945437761631092,0.31247976566863744,0.3770441209920127,0.16550001081857155,0.17000658932300539,0.008960668954846464,-0.010424432762444036
2021,Republican,23,884,0.4060800619764734,0.4061085972850679,0.3346692927814367,0.4017854752514208,0.283701025223469,0.3481282719365654,0.14741124081893137,0.16483185727336777,0.012804422701165651,-0.002991036062765906
2022,Democrat,0,388,0.34801362132888825,0.327319587628866,0.2692006697320768,0.3256026323879925,0.4174474538435929,0.5163486812866207,0.16847891902752682,0.15042373697038203,0.019645251267768973,0.09927667280026525
2022,Democrat,1,476,0.288923929957086,0.2668067226890756,0.22285776803545856,0.2646597250278632,0.45998796583701146,0.5986705899489027,0.1735952150266414,0.13437399718746104,0.016074025474041624,0.040186981428463
2022,Democrat,2,1317,0.29482726035137563,0.27790432801822323,0.23141996816517368,0.2718072748982016,0.4603505505308305,0.5961472609383743,0.17562539810590566,0.14872968939734776,0.009946418549326982,0.04609031182275264
2022,Democrat,3,2780,0.2908064810151281,0.2823741007194245,0.23493026938526423,0.2670477471414873,0.4581430192473981,0.6078703636320294,0.18430190326716323,0.15000189540777087,0.006771308283385352,0.042069532486505135
2022,Democrat,4,4856,0.26624606583235616,0.25144151565074135,0.2081836959235724,0.24358173547434595,0.48150365198740874,0.6347110994445748,0.16951946793388747,0.13274767983565183,0.004983129247588315,0.017509117303733168
2022,Democrat,5,7034,0.26719709922371415,0.2536252487915837,0.21088261112445908,0.2444282181373378,0.4721549127102883,0.6324821342151418,0.1722018006787656,0.1378417040620191,0.004125775342319055,0.01846015069509116
2022,Democrat,6,8389,0.2722498365450697,0.2579568482536655,0.21137689072072008,0.2503811011025597,0.47360502026758894,0.6251242459876671,0.1731290037651936,0.13319167409484967,0.003855312137719129,0.023512888016446687
2022,Democrat,7,10533,0.2655114989764562,0.2516851799107567,0.20532932682712093,0.24289010278168818,0.47358080523393975,0.6293186463707761,0.18132530036079542,0.1325992673891811,0.0033654494113380547,0.016774550447833214
2022,Democrat,8,14119,0.25804847309216333,0.24109356186698774,0.20070131007944314,0.23891154455474317,0.4742831838274439,0.6235800749421826,0.17925460075660293,0.13494989799930712,0.002885393779426988,0.009311524563540341
2022,Democrat,9,19061,0.2462864945098886,0.22952625780389277,0.19168984488929958,0.2274001968338201,0.4797415099080882,0.6325270079914144,0.18060867684225343,0.13001096223808215,0.00242634226810787,-0.0024504540187343937
2022,Democrat,10,20077,0.2455133225579381,0.22847038900234098,0.18703453001859596,0.22770411461467774,0.4797080410078716,0.6259485444790132,0.18382986627293735,0.13022486071231326,0.0023666272927587583,-0.0032236259706849013
2022,Democrat,11,20797,0.24075215720132628,0.22296485069962013,0.18277405154551957,0.22235304265264105,0.4848768437133606,0.6347752903395466,0.18048466092538967,0.12809113598959193,0.0022994743507850504,-0.007984791327296709
2022,Democrat,12,20546,0.24295074169082603,0.2264187676433369,0.18691811807440192,0.22444910876184396,0.4862266751325813,0.6356752854895886,0.18187241959256162,0.12944759119321164,0.002330873365038124,-0.005786206837796959
2022,Democrat,13,19473,0.23997427435108148,0.22323216761670003,0.18139340247079155,0.2213546102493724,0.4953740746480543,0.6397789731356641,0.17773524167562135,0.12666055605097468,0.0023718042718521098,-0.008762674177541507
2022,Democrat,14,18494,0.2418484400632862,0.22612739266789228,0.1851070664053999,0.2239531496707354,0.4876588207942094,0.6309096718279921,0.18459996175614352,0.12864850139813128,0.002440110963460985,-0.0068885084653367845
2022,Democrat,15,16810,0.2402713861346914,0.2214158239143367,0.18163781243110916,0.22271643160877816,0.49008247543466793,0.6272472639479229,0.17890972257072382,0.12854408401918888,0.0025701581460299437,-0.008465562393931592
2022,Democrat,16,14862,0.2409364712227997,0.2239940788588346,0.1856288539463077,0.22367719429112218,0.4889329826743191,0.6260284484703923,0.18834640986758971,0.13370210812574992,0.0027338446610335435,-0.0078004773058232835
2022,Democrat,17,12038,0.23726559401652494,0.2193055324804785,0.18434921751603187,0.2199921739813526,0.4956155635470973,0.6239671476519075,0.18389090832747107,0.13019294196405265,0.003007318642047036,-0.011471354512098048
2022,Democrat,18,8450,0.23922062847606243,0.2203550295857988,0.18649498952865412,0.22271461680570076,0.4969304659760959,0.6212227239798115,0.18002854126227258,0.13318441961214122,0.0035914738359147224,-0.009516320052560562
2022,Democrat,19,5837,0.24607818980602503,0.22956998458112043,0.187103810144202,0.22693126161862148,0.49276395831260295,0.6150502848164644,0.19108916284630217,0.12873113745223894,0.004369641794216185,-0.0026587587225979648
2022,Democrat,20,3751,0.27516258976707036,0.26366302319381496,0.20978157561822897,0.25706825623342383,0.4600688249936168,0.5752282583204892,0.19876940259855203,0.136683738913106,0.005686226982817434,0.026425641238447373
2022,Democrat,21,2401,0.272298969624945,0.2611411911703457,0.19850900538711003,0.24864135440656204,0.4607621279016823,0.5855509191815482,0.17915596283775603,0.13664776702620546,0.007045978896303011,0.023562021096321994
2022,Democrat,22,1339,0.2755943266887015,0.2576549663928305,0.21614530191063336,0.2558430457269304,0.44782550339715704,0.5632474317498466,0.18709440580033646,0.14710885297111984,0.00954944762219533,0.026857378160078493
2022,Democrat,23,638,0.31053422727668806,0.29780564263322884,0.2394419306897205,0.2936407596239277,0.4200360513829442,0.5145905672303959,0.18505689071938045,0.15574547731562818,0.014410958440903777,0.061797278748065065
2022,Republican,0,390,0.46266378266736863,0.4897435897435897,0.384913044453312,0.4641931543246103,0.24795905001676427,0.3073061622261332,0.2024252479012387,0.17487719874494734,0.020024238061016508,0.03040627883521163
2022,Republican,1,708,0.4134558468989996,0.4194915254237288,0.34563615793752944,0.41344496906645556,0.25363418137020627,0.32749941321431875,0.1880898578579164,0.17157407077608136,0.014132588232798681,-0.018801656933157385
2022,Republican,2,1640,0.4559260273562381,0.4658536585365854,0.38497798834862074,0.45539466622143576,0.28502561736812176,0.3479994984249948,0.18855884183232285,0.19522153159274105,0.009704525372103706,0.02366852352408111
2022,Republican,3,3212,0.4518071465102311,0.46201743462017436,0.3886622017354065,0.44772731127425597,0.2964326780487158,0.3785544346257172,0.20670507149959325,0.19837585094127952,0.00693445783017646,0.019549642678074075
2022,Republican,4,5329,0.4667122378470165,0.4839557140176393,0.3953206426179744,0.46144337169050076,0.2963982503356555,0.3866720185186948,0.20948688919996072,0.20736338532283177,0.005421297408555129,0.03445473401485949
2022,Republican,5,6758,0.4558965937880034,0.4720331459011542,0.39170931965557054,0.4518662729701862,0.2964952544515363,0.38593695731247885,0.21192996615135906,0.20651801422979219,0.004802629167448204,0.023639089955846404
2022,Republican,6,7440,0.468093912396267,0.48413978494623655,0.39760740369774894,0.46191037598426543,0.29931104959702864,0.38094811687372393,0.21230433181554745,0.20602398830796442,0.004609291016302218,0.03583640856411002
2022,Republican,7,8864,0.4505959863210316,0.4644629963898917,0.3814946239427932,0.4457870631639796,0.3043950415623892,0.39105245187732146,0.20755509034942626,0.20218755987928616,0.004223433826004227,0.018338482488874597
2022,Republican,8,13059,0.4277338249800823,0.4426832069836894,0.36420794811776436,0.4247727700923052,0.32897171666983677,0.4078656066883661,0.21033992445481411,0.20075248158367476,0.0034562747211754905,-0.0045236788520747195
2022,Republican,9,15769,0.4338028602268794,0.44739679117255376,0.36849274304422197,0.4301334307922079,0.321668014548402,0.4082197008456446,0.21056797635483498,0.205098773719035,0.0031447932210981076,0.0015453563947224191
2022,Republican,10,16508,0.43480937789638113,0.4490550036346014,0.36352993244023624,0.4301952837328256,0.32291879011909896,0.4083150769414632,0.21420772343635958,0.19813807307113945,0.003057953354091532,0.0025518740642241355
2022,Republican,11,15887,0.4350964395937439,0.4481022219424687,0.36524322526618536,0.42992721975776277,0.32221269647715917,0.40853253480483953,0.21675655399331634,0.19626376523516165,0.003118475450658543,0.0028389357615868915
2022,Republican,12,14756,0.4276099090581365,0.4406343182434264,0.36090119934685905,0.4240463992963121,0.32694771506444403,0.406425863237718,0.21326719122614024,0.19700536677915795,0.0032397263944755695,-0.0046475947740204915
2022,Republican,13,13710,0.436784885372059,0.4539022611232677,0.3678065994065112,0.4325531437640492,0.31963616330638517,0.4024795738338913,0.21836786615128345,0.19780299638212542,0.003357681669890087,0.004527381539902009
2022,Republican,14,13025,0.43070619222209316,0.443531669865643,0.3549430147725186,0.42455902721761457,0.3281980162088879,0.40953243591220273,0.21139401619369075,0.18942286400546296,0.0034484598790568465,-0.0015513116100638324
2022,Republican,15,12440,0.4179369953293855,0.42877813504823153,0.34866204171279974,0.41208782679280803,0.3397350452898723,0.41737626956414936,0.20766153387342418,0.18729077873244684,0.00351402947119393,-0.0143205085027715
2022,Republican,16,10076,0.40415844087782504,0.41375545851528384,0.3354742155833123,0.3979100042937635,0.34694544398973604,0.4233929658195491,0.20959128015737502,0.1865121324233945,0.003887098589078026,-0.028099062954331955
2022,Republican,17,6711,0.3978869077982554,0.40932796900610935,0.32697289340674246,0.39046537712616886,0.35063624776537056,0.4250933867976008,0.20441772610509348,0.18107071077321216,0.004747972002681904,-0.03437059603390158
2022,Republican,18,4456,0.4027068426946882,0.4127019748653501,0.3328753964135227,0.3932703992622968,0.3386995571858168,0.4182633067767764,0.2027937745273843,0.18028912858856103,0.005819728632751364,-0.029550661137468792
2022,Republican,19,3276,0.409511520400085,0.4194139194139194,0.33062324220314193,0.40105294315636236,0.3346251150793868,0.4065848220633263,0.2022690727652343,0.17884396152742552,0.006796825414537193,-0.022745983432072014
2022,Republican,20,2469,0.42475790039924005,0.4313487241798299,0.3486568023578074,0.4208421074163279,0.3017369491733164,0.37688922547969517,0.1973510366350936,0.1946812643459819,0.00780355677159199,-0.007499603432916946
2022,Republican,21,1702,0.4363685057610142,0.44770857814336074,0.3457443068216015,0.42631748495552335,0.29498313614807486,0.3667378821601756,0.18587314941647837,0.18871410233521294,0.009307085679706098,0.004111001928857216
2022,Republican,22,1191,0.44277849764384075,0.45004198152812763,0.3661836363078235,0.4299610009273056,0.2797364455731437,0.34672554527580624,0.19478403095204436,0.20916373219370754,0.011356088159916922,0.010520993811683754
2022,Republican,23,542,0.4297034821646611,0.43357933579335795,0.32850286057364964,0.4188465633295559,0.27521959442827454,0.3352182226631845,0.16729863062054193,0.17752073236871718,0.0168310470434446,-0.0025540216674959093
2023,Democrat,1,380,0.3954663389619734,0.3894736842105263,0.3254936950808195,0.37517387495670274,0.36341177692244714,0.4954197218200486,0.17254483510960678,0.16349036312711082,0.020207688147724424,0.11029175976447614
2023,Democrat,2,818,0.38337415499523886,0.38875305623471884,0.2975246566222539,0.3514342769794849,0.40192284114592797,0.5404190771255533,0.16198700070574715,0.14496189090002026,0.013528260939941706,0.09819957579774158
2023,Democrat,3,1697,0.3678678455633596,0.3576900412492634,0.3050496343632476,0.34649959959734056,0.38560396551144127,0.5233004641492506,0.1866306757272326,0.1589161275052364,0.009337790199210279,0.08269326636586233
2023,Democrat,4,2975,0.35690347414088097,0.359327731092437,0.29946042839038584,0.33635553932772216,0.4007524934160609,0.5318796962236657,0.19345738157223002,0.16573329429932626,0.007049266498242664,0.07172889494338369
2023,Democrat,5,4259,0.3551577198415681,0.3543085231274947,0.28924212894935675,0.3326633330970306,0.3902032823365485,0.5331445358003472,0.19126266111619988,0.16068497561843312,0.005806309200844592,0.0699831406440708
2023,Democrat,6,5016,0.3434157532946529,0.3363237639553429,0.2747350679272209,0.3198454729980415,0.4118199581792801,0.5527726627842291,0.1933804162582728,0.1527157291921117,0.005359219590506376,0.058241174097155624
2023,Democrat,7,6544,0.32799876902706,0.32182151589242053,0.26678236196963456,0.30794134142221985,0.42417394769594896,0.5605814978449741,0.19552599936281814,0.15365685782697586,0.004641924204001231,0.04282418982956271
2023,Democrat,8,8714,0.2951675783309755,0.28597658939637366,0.24217901383389553,0.27797532596807933,0.44832198415961544,0.5824033017585553,0.1825710114367964,0.1533756794861441,0.003910884580790382,0.009992999133478231
2023,Democrat,9,11679,0.2820398185883366,0.2718554670776608,0.22984970028379845,0.2628995507633149,0.46627734119592645,0.607329966555863,0.17925960641154645,0.14594073746093744,0.0033156486032831023,-0.0031347606091606806
2023,Democrat,10,12468,0.27918517728879055,0.2722168752005133,0.22980690657487676,0.2621642779826686,0.4680017115764725,0.6043344180714871,0.1803964117271805,0.14833808439854115,0.003202204560150166,-0.005989401908706726
2023,Democrat,11,12699,0.2841609063782989,0.27348610126781636,0.23159358118279683,0.2661402523053011,0.4700844161805494,0.6074277606850832,0.18217886674068784,0.14812676759360602,0.0032001486267344715,-0.0010136728191983968
2023,Democrat,12,12456,0.27311149019997777,0.2618015414258189,0.22261737638337759,0.25609782093258987,0.47260751640147863,0.6087646063356783,0.18474206849230965,0.14572153691265657,0.0031846313527762946,-0.012063088997519511
2023,Democrat,13,11665,0.2739275189792235,0.2647235319331333,0.221566257558469,0.2571048470125388,0.47549488145254865,0.608326733443348,0.18182287533129607,0.14592984495640593,0.003285464036634061,-0.011247060218273763
2023,Democrat,14,10987,0.26642406735967805,0.2533903704377901,0.2168596474795318,0.249195818176658,0.4788067057673076,0.6159145310605891,0.18027559644084898,0.14242462866366673,0.0033459883376078187,-0.018750511837819228
2023,Democrat,15,10059,0.26281223755907307,0.25370315140670047,0.2160286910062122,0.24671743741158617,0.4951159134754384,0.6177144380050149,0.18209492853401596,0.13835115446384583,0.0035047958479858593,-0.02236234163842421
2023,Democrat,16,8882,0.25742598167672814,0.24555280342265257,0.2101606547043612,0.24074744884832977,0.49764024971016935,0.6219498962827658,0.1786324130207377,0.1427078910721531,0.003685411773341168,-0.027748597520769136
2023,Democrat,17,6957,0.2599836548233309,0.2492453643811988,0.21409895965108677,0.24357512414227034,0.5009115237188916,0.6131168289132287,0.1766310042444768,0.13885385827618532,0.004175931591093267,-0.025190924374166368
2023,Democrat,18,4621,0.26547158540459703,0.25232633629084616,0.2202594230220609,0.24899813346887237,0.5036300649958465,0.6052840619090621,0.16930458023468,0.13878196569561096,0.0052394469814144905,-0.019702993792900247
2023,Democrat,19,2796,0.25598154424503844,0.24713876967095852,0.21076322886341708,0.2403622465721133,0.5182280128216171,0.6109639748770048,0.16200868759008832,0.14018668752488078,0.006634732528006985,-0.02919303495245884
2023,Democrat,20,1768,0.27727377410699944,0.2686651583710407,0.22884676166304663,0.25890836867159317,0.4829239242447317,0.5885652246159645,0.18143507638394124,0.1478786995577546,0.00848940412672489,-0.007900805090497842
2023,Democrat,21,1074,0.28988930185583855,0.27932960893854747,0.2415742398070794,0.27862706537500675,0.4666231155887184,0.5485482752046529,0.17422788108445814,0.16278244393922778,0.010965095747493481,0.004714722658341275
2023,Democrat,22,496,0.2980433807787185,0.2903225806451613,0.2583864329062635,0.28395906653191383,0.45679607325338667,0.5368597650432945,0.20959853743120366,0.17520650962345122,0.016320143863133237,0.012868801581221223
2023,Republican,1,585,0.43855490397391284,0.4512820512820513,0.35760377504440966,0.4379495403235858,0.27123454425754584,0.3337861444578212,0.20080402319072785,0.16701159031791055,0.016018203997495543,0.029604375468471167
2023,Republican,2,1403,0.46400526149201066,0.46970776906628653,0.3633837882609917,0.4613259149962905,0.281084787907744,0.34071762716770704,0.21765026286229788,0.1720783522764801,0.01042729940413967,0.05505473298656899
2023,Republican,3,2680,0.4716759977832701,0.48507462686567165,0.3833558170732159,0.46518581992036095,0.2824281573030618,0.3539293115114126,0.2234776853224082,0.17740987571696543,0.007572503930261525,0.0627254692778284
2023,Republican,4,4188,0.4710296633919753,0.48376313276026744,0.3820860912250475,0.4603689198817839,0.2907491850585756,0.37208676396781504,0.21132145901226174,0.1789487021012986,0.006137901498014205,0.062079134886533605
2023,Republican,5,5342,0.4735045783190864,0.49138899288655935,0.37803805343860264,0.4595111481003667,0.301679486398195,0.385477273252687,0.208753146039488,0.16961476272008671,0.005481127290175372,0.06455404981364471
2023,Republican,6,5936,0.4685278476814136,0.48601752021563344,0.37541633697733684,0.45718884298099693,0.2988148959871865,0.3829337373218842,0.21412023732489988,0.1805894499289429,0.005173115998256842,0.05957731917597192
2023,Republican,7,7406,0.43764891215200685,0.45017553335133675,0.3511406909207393,0.4254399969296838,0.32930979338961736,0.41268392985624036,0.2045304527494097,0.17070982349513875,0.0046286639403371466,0.028698383646565184
2023,Republican,8,9655,0.4180429885977062,0.43013982392542727,0.3338395996965277,0.4065434843235698,0.3497509684328063,0.43360045354606913,0.20957441486166004,0.1636919946565545,0.004026137605680167,0.009092460092264554
2023,Republican,9,12147,0.4034933476325513,0.4133530912982629,0.3254524778645319,0.3930280591291684,0.3656919626074584,0.45073297281669883,0.20829334330805305,0.16544131409661156,0.003577114954397228,-0.005457180872890377
2023,Republican,10,12542,0.40105425848699783,0.4132514750438527,0.3201745176562241,0.38877797953480314,0.3629680047576688,0.4514964010349719,0.20857068157872238,0.16013701752431453,0.0035291652795903087,-0.00789627001844384
2023,Republican,11,12288,0.4010723433571002,0.4100748697916667,0.3216969820031039,0.3882992934337229,0.36306031226009355,0.4546515693422937,0.20518578396049256,0.16036959705892664,0.003547785886935509,-0.007878185148341488
2023,Republican,12,11584,0.40003095925866805,0.4088397790055249,0.31966437095709593,0.3876086517518276,0.36574161293461677,0.4557626535991388,0.20683490227502613,0.15803314427519088,0.0036537956301975687,-0.008919569246773618
2023,Republican,13,10866,0.40010524108135886,0.405945150009203,0.3157345218215582,0.38619834499154393,0.37366291619715575,0.4604312295769783,0.20291551539276537,0.15131785215966104,0.0037920496297650665,-0.008845287424082804
2023,Republican,14,10142,0.39818029831859825,0.4082035101557878,0.3166077736036902,0.38605228160449023,0.37205764061926155,0.4515811640559783,0.20500269831628198,0.1581382505889351,0.003917206121024315,-0.010770230186843421
2023,Republican,15,9929,0.3851238232553294,0.39440024171618493,0.3058940672594191,0.37124711760356444,0.38539266229964253,0.46899908170828525,0.19741385934617126,0.15177787078546562,0.003924726197737172,-0.023826705250112268
2023,Republican,16,8441,0.3805953811738495,0.3823006752754413,0.29964941148189395,0.3675775352895027,0.3810011456727592,0.460642468620766,0.1926640839871589,0.14520286634686208,0.004234711771915664,-0.028355147331592168
2023,Republican,17,5779,0.38307036068263073,0.3900328776604949,0.2951081633273055,0.3655753614363873,0.3860948596030105,0.46663811862822296,0.1945819946844437,0.14630631065972086,0.005113299995031681,-0.02588016782281094
2023,Republican,18,3740,0.37247888010025104,0.3783422459893048,0.2786831155108701,0.3551791409313191,0.391315184317076,0.46648029157030274,0.18331837131303141,0.14741584914176162,0.006316364461593233,-0.036471648405190626
2023,Republican,19,2523,0.3574224723927681,0.363059849385652,0.28241577527802875,0.3434754052936582,0.410081286680524,0.4736479476654959,0.18428756263034343,0.14176177222438946,0.0076648739096081935,-0.05152805611267358
2023,Republican,20,1547,0.38877951648115205,0.40206851971557855,0.3095365806062674,0.380047236575547,0.3674163866140076,0.4322847579211555,0.17897946546281643,0.17117277889722585,0.00989684104574367,-0.020171012024289614
2023,Republican,21,922,0.3949141592684317,0.3969631236442516,0.31703866582397683,0.3896195101400195,0.3529998730285267,0.4020034569212581,0.18037236717260904,0.17456411597937135,0.012879034146189317,-0.01403636923700996
2023,Republican,22,459,0.37705231137261247,0.3747276688453159,0.28993383437356546,0.3618483566648625,0.3487609188825152,0.4407835352449619,0.1949400976107482,0.1641945517419032,0.01737621827633426,-0.0318982171328292
2024,Democrat,1,345,0.3138328126442713,0.3188405797101449,0.25069479785110477,0.2940274300283172,0.45570214856011065,0.531499916277286,0.12465282516769957,0.13184620061808305,0.01999752665731457,0.06414541343719132
2024,Democrat,2,662,0.28010479722796655,0.26586102719033233,0.21546717344894387,0.26205086291928037,0.46511678379718385,0.573345411506276,0.1471606853102922,0.11765209837251109,0.013776397886655575,0.030417398020886555
2024,Democrat,3,1565,0.2869866167840819,0.2779552715654952,0.21959241210552194,0.268869766997346,0.48805843279741634,0.5674495710262333,0.14967276058338297,0.12430166186580358,0.009273239292085653,0.037299217577001886
2024,Democrat,4,2814,0.2807892995959978,0.26652452025586354,0.22066953690467248,0.26366618809167114,0.4845710189469614,0.5724902070478577,0.1587567034329062,0.13437227377345007,0.006845633313960792,0.031101900388917803
2024,Democrat,5,3850,0.2669222216791921,0.25792207792207794,0.20492579402096642,0.2462361384680277,0.4990062047905809,0.6053617176475221,0.15584164858493324,0.1258676258238734,0.005713905417582307,0.01723482247211211
2024,Democrat,6,5080,0.2632297519568765,0.2531496062992126,0.20951536947941063,0.2442399567292864,0.5022429268121514,0.6076594675644521,0.15644266877316973,0.1269783413012908,0.004973161999627561,0.013542352749796482
2024,Democrat,7,6760,0.2652196482259273,0.25488165680473374,0.2106770912860038,0.2463868082012601,0.498760217588709,0.611728208499944,0.16907365668183413,0.1263349217338592,0.0042951722153206934,0.01553224901884731
2024,Democrat,8,10100,0.2534119843490108,0.24099009900990098,0.19881657099052757,0.23388683787385683,0.5157662385243388,0.6298322862171393,0.1598588323215539,0.12909500917346023,0.0034574427644985467,0.003724585141930803
2024,Democrat,9,14694,0.24245726873132442,0.23138696066421668,0.19342055132784777,0.22450295631687317,0.5250135640281237,0.6413217357729529,0.16464654748581617,0.12853166202779281,0.002833574929249314,-0.007230130475755575
2024,Democrat,10,16101,0.25121901119195544,0.2418483324017142,0.19656793756810634,0.23215570153330606,0.5176107274864058,0.6362253641222652,0.1663565270517212,0.1279974928220948,0.0027276429830932454,0.0015316119848754473
2024,Democrat,11,16125,0.2519547493958687,0.24235658914728683,0.196272331804889,0.2328238439851029,0.5104149739704738,0.6356666389868068,0.17092750895655778,0.12738890762970775,0.002725026782026931,0.002267350188788708
2024,Democrat,12,16530,0.23973925562501652,0.2277676950998185,0.18865324407099693,0.22240402620500974,0.5275408670466779,0.6444741380626603,0.16559925392375446,0.1277478190043719,0.0026453364280241767,-0.009948143582063473
2024,Democrat,13,16156,0.24212451237730573,0.23062639267145332,0.18751402000294048,0.2237263952996296,0.5250422036461376,0.6460478777695882,0.16637691552158457,0.1273286133160315,0.0026756004378209576,-0.007562886829774268
2024,Democrat,14,15639,0.24454062037830118,0.23185625679391264,0.18936445648295555,0.22552992247780618,0.5265219641248645,0.6469334939224247,0.16598029004132578,0.12111095761177217,0.002737018693720516,-0.005146778828778814
2024,Democrat,15,14564,0.23913921172336008,0.2259681406207086,0.18689728424515342,0.22213289575889555,0.5364028949171444,0.6460792239377722,0.16291212732174665,0.11995940606703992,0.002821702425309838,-0.010548187483719912
2024,Democrat,16,13581,0.23929645323748172,0.22987997938296148,0.1868641644401896,0.2216772116541626,0.5408140841933252,0.6473804761100305,0.1648599642155628,0.1214754002449728,0.0029243833892617878,-0.010390945969598275
2024,Democrat,17,10478,0.2458781908598182,0.2356365718648597,0.19283550614786754,0.22746477791887346,0.5341821939013912,0.6362008367290289,0.15965306730371193,0.12189305981015493,0.0033734401318230613,-0.0038092083472617833
2024,Democrat,18,6811,0.2513431073928061,0.24152106885919836,0.20037217768576587,0.23298714801182607,0.5308116509887739,0.6246817660658968,0.1598857364879415,0.12548077137323924,0.004227001490413343,0.0016557081857260791
2024,Democrat,19,4597,0.267582459193941,0.26038720904938,0.2142771391246611,0.24784548044705523,0.5117096020006436,0.6138861217511316,0.16480101143340795,0.1347557525990228,0.005260665661703982,0.01789505998686103
2024,Democrat,20,2930,0.25618135216804827,0.24505119453924915,0.20282693620657535,0.23898988636719132,0.5283299691450651,0.6126492568598456,0.16517043114916355,0.1379705484470181,0.00648642908599153,0.0064939529609682745
2024,Democrat,21,1822,0.30208322215870304,0.30021953896816683,0.2350825497234735,0.2786775840848631,0.48800136792753607,0.5844798093553302,0.16445297829622277,0.14613114687017115,0.008684942457487983,0.05239582295162304
2024,Democrat,22,1013,0.30517780629923497,0.30009871668311944,0.2152903208692732,0.27897624189892795,0.4791249286007368,0.5737727279315159,0.15350902687274617,0.13720178034897573,0.011677441726992413,0.05549040709215497
2024,Democrat,23,421,0.2891708421222246,0.28028503562945367,0.24330865224599926,0.2757639826989938,0.4733911259719248,0.5277264483157996,0.14646437985163333,0.16051590817619885,0.018086677485409482,0.039483442915144606
2024,Republican,0,304,0.37496857413727985,0.3782894736842105,0.3070507506337507,0.36564909762359765,0.3674227846832333,0.3936040658843826,0.1417195697324228,0.1600515786052902,0.022085974908713633,-0.036689784995412755
2024,Republican,1,501,0.3901508721288762,0.3852295409181637,0.3054208377066687,0.3824116568436136,0.35737372650588284,0.3828014061617072,0.1418293573244841,0.15413365029672277,0.01763781891901784,-0.021507487003816383
2024,Republican,2,1313,0.3907516207843905,0.392993145468393,0.30263988637671824,0.37813751909403753,0.37440751396191946,0.41742154211337873,0.17097688528020374,0.14905760408877783,0.010809580924185349,-0.02090673834830209
2024,Republican,3,2611,0.41798658361562147,0.4243584833397166,0.33065319742065935,0.40327691914811903,0.368109928271389,0.42014719907812165,0.1917823826808023,0.16021020366635128,0.007845777889221334,0.006328224482928857
2024,Republican,4,4247,0.4084152919698611,0.4125264892865552,0.31937874849551395,0.39420452750182033,0.365635091181005,0.4328915987017735,0.18418291216149965,0.15630176237867438,0.006107317056378942,-0.0032430671628315144
2024,Republican,5,5728,0.42177999887835593,0.43610335195530725,0.33060551333470134,0.40609458213687977,0.3516079441133471,0.4265473740634361,0.1933922976417683,0.1577477205685189,0.005240510021473309,0.010121639745663324
2024,Republican,6,6625,0.42899473873849187,0.43849056603773584,0.3417671403551193,0.4153727231455159,0.3444757766876862,0.41325733792648284,0.1981572288946723,0.1607772296447096,0.004923871417921553,0.017336379605799257
2024,Republican,7,8220,0.40818651124544403,0.4187347931873479,0.3263426248884761,0.3967448408158559,0.36765020725735376,0.4300925502601168,0.19966975219152333,0.16374916558690966,0.004403130241850059,-0.0034718478872485803
2024,Republican,8,12039,0.3984042371608559,0.40850568984134894,0.3252204647757101,0.3880107632070558,0.37577423851369085,0.4455236431956353,0.2078820597469749,0.16689541540563105,0.003630151924479018,-0.01325412197183673
2024,Republican,9,15818,0.3917772794374313,0.4039701605765583,0.3198552153125269,0.381294068405062,0.3881351843105721,0.4588977782574033,0.20909783337736274,0.1631852093472465,0.0031572633262614783,-0.019881079695261317
2024,Republican,10,16631,0.41036929820687357,0.42276471649329567,0.33157536843502367,0.398040466255903,0.3752109527712881,0.44593739245563124,0.20982084425075978,0.16497498809751793,0.0031055377656565115,-0.001289060925819041
2024,Republican,11,16283,0.41436435255923076,0.42885217711723883,0.3391278943696338,0.40348052312356597,0.36786193639790804,0.44177209806530093,0.2132246512139511,0.16728560128778577,0.0031329486177731325,0.0027059934265381558
2024,Republican,12,15766,0.41953814388234484,0.4340352657617658,0.33919129488441835,0.4072127819545548,0.36610793766773436,0.4396709046193903,0.20900492598215828,0.16794714728286664,0.003193001577696639,0.00787978474965223
2024,Republican,13,14979,0.41256352188884804,0.42606315508378395,0.3349242160672414,0.4009687889633017,0.37341233193589285,0.4450274240694044,0.2108843473032275,0.16645995663797059,0.0032788795084912783,0.000905162756155431
2024,Republican,14,14789,0.41843213133692586,0.43498546216782746,0.3372809259980763,0.405716080292485,0.3659381962139357,0.44089845538564293,0.2143140817316741,0.16453512894723707,0.0032884612695138933,0.006773772204233253
2024,Republican,15,14288,0.4089923527267961,0.4221724524076148,0.3294487263840985,0.39693901114459623,0.3827079769043309,0.44681834627737704,0.20726454542281483,0.16356727753212877,0.0033513985180136626,-0.0026660064058964816
2024,Republican,16,12647,0.4056388052932677,0.42041590891120423,0.3258893083679022,0.39472134423216776,0.37935559544489544,0.44372468861769887,0.2029601462907826,0.16430435440521987,0.003557262851759163,-0.006019553839424929
2024,Republican,17,9381,0.4065085293802023,0.41989126958746403,0.3221757054372253,0.3946232870504575,0.3757399627957233,0.4375556058311622,0.19889998851703772,0.1629029516558175,0.00412562511229505,-0.005149829752490287
2024,Republican,18,6521,0.40181719568064456,0.4102131574911823,0.32032327400732885,0.389363532814928,0.37600305117588173,0.43862309643780656,0.19752787347677897,0.1628430055229005,0.004932867170898847,-0.009841163452048052
2024,Republican,19,4364,0.4035927121226371,0.4156736938588451,0.32438221349223306,0.3890728889938912,0.38680894311278885,0.4472687800245626,0.1977810562689858,0.16184261638165803,0.006054403911967322,-0.008065647010055521
2024,Republican,20,3084,0.4555755169141431,0.4721141374837873,0.37491540759091446,0.4469724943660243,0.32843943497715045,0.3787832000557377,0.20890282599262086,0.1846635561328002,0.007251220845240844,0.0439171577814505
2024,Republican,21,2033,0.4942799175125618,0.5184456468273487,0.4088636212548185,0.48556254841721685,0.28904488721273314,0.343309123462329,0.21598631240137972,0.21379484866543746,0.008968699771264133,0.08262155837986918
2024,Republican,22,1120,0.4814624575552963,0.5035714285714286,0.399970346147893,0.46618083210612116,0.2887874826884529,0.36109525328502057,0.2081533512670181,0.19863366181879039,0.011920421933924183,0.06980409842260371
2024,Republican,23,391,0.40169772649746,0.4040920716112532,0.35218797756574544,0.3950387407165697,0.3285517132259867,0.38429528114188205,0.19450514836837074,0.18366320641077769,0.01962404185838453,-0.009960632635232614
2025,Democrat,0,527,0.5318166178631715,0.5483870967741935,0.39363661885793466,0.5103491573705845,0.2549151955879306,0.3542428646268468,0.17053668323614452,0.18703221912501095,0.01758788711461554,0.020869724848871063
2025,Democrat,1,1191,0.5094008225987499,0.5298068849706129,0.4001707142266061,0.49570871973066183,0.2744904894961981,0.35952521636253215,0.18783792541507008,0.21615714679404116,0.011748886134921283,-0.001546070415550549
2025,Democrat,2,3073,0.511011182709533,0.5314025382362512,0.41009055934949445,0.4983452903359869,0.28213600366501507,0.3719854703490655,0.21123412988226517,0.22893419600050355,0.0073912942325741575,6.428969523264438e-05
2025,Democrat,3,5539,0.48827405900636084,0.5046037190828669,0.38926014557766353,0.4713124190289867,0.305371541418838,0.4045559471875959,0.20835150640444755,0.21699572874575795,0.00552850484524545,-0.02267283400793957
2025,Democrat,4,9606,0.47841641467097873,0.4951072246512596,0.38268272623979005,0.4638746814800253,0.3193777159908614,0.4153844178927174,0.2142170427694838,0.216548640193802,0.004205620853848603,-0.03253047834332168
2025,Democrat,5,14112,0.4929441428565809,0.5109126984126984,0.39431660215803466,0.4797161279505638,0.30699613493656497,0.4031608373906343,0.216689847707198,0.22162958699975574,0.003483785361481124,-0.018002750157719516
2025,Democrat,6,15330,0.5025526926199835,0.5230267449445531,0.40184808163428654,0.48735563176218116,0.2964747681829833,0.3987459445504966,0.22212346976148165,0.22312973335996483,0.003321501548300689,-0.00839420039431693
2025,Democrat,7,16195,0.5148295868879805,0.5354121642482248,0.4119766123560434,0.5004017385516423,0.2860005211329485,0.3859933275985036,0.2250847105605211,0.22339874460293177,0.003227685673900429,0.003882693873680121
2025,Democrat,8,16722,0.5171116239097563,0.5377347207271858,0.41334764284281755,0.5036019023964584,0.28470932013807043,0.3876514888190798,0.23011182325478563,0.22595109077749825,0.003160893267557287,0.006164730895455883
2025,Democrat,9,16996,0.5257916118481469,0.5463050129442222,0.41558042311913374,0.511551625343509,0.2743303705444306,0.37823066230849417,0.2305466285955638,0.22473193906193586,0.003134853384238887,0.014844718833846526
2025,Democrat,10,16641,0.5251224086722667,0.5488251907938225,0.41519623982522547,0.5094929659184741,0.2755683185156181,0.38158767890941997,0.2335228800334319,0.22347273149989158,0.0031625200699917553,0.014175515657966264
2025,Democrat,11,16305,0.5179891802541048,0.5396504139834407,0.40974288384827584,0.5036899951757844,0.282401194411485,0.38558037751989727,0.23033599667530993,0.22225517474845444,0.0032006242733166506,0.007042287239804379
2025,Democrat,12,15116,0.5089982191877209,0.5306297962423921,0.4014624204565333,0.49435236314092285,0.2939286375722729,0.3942184687186869,0.226640070942761,0.22067963251611525,0.003333377606505208,-0.0019486738265794834
2025,Democrat,13,12541,0.507216807976331,0.5282672833107408,0.39864698127892007,0.4919288844755666,0.2956094478057458,0.39130954032828597,0.21878599358472897,0.22009263328889905,0.003667345781294155,-0.003730085037969455
2025,Democrat,14,9306,0.5162342969492942,0.5393294648613798,0.4034408087578562,0.5001845402115075,0.2893322580445449,0.37908721672098417,0.21714550146320966,0.21773018141049158,0.004246310086289063,0.0052874039349938284
2025,Democrat,15,6722,0.5094990503238013,0.5281166319547753,0.4000214631506429,0.4919463578060605,0.3083383245520406,0.39108815459816887,0.20587782687871953,0.2094730467317203,0.005032726880757962,-0.0014478426904991348
2025,Democrat,16,4930,0.5115515302732572,0.5306288032454362,0.40062580266344017,0.4930297745328442,0.3039758101985063,0.3844200066644056,0.2069674605233538,0.2099301353238644,0.005868052609846433,0.0006046372589567639
2025,Democrat,17,3159,0.5117882994361352,0.5308641975308642,0.4004288854573633,0.4936154074359587,0.2909403905622135,0.36617970921941767,0.20492163288161447,0.21145218392791615,0.007348537900651526,0.0008414064218348338
2025,Democrat,18,1595,0.5178071056670717,0.5373040752351097,0.4169073841358655,0.5010803740430728,0.28125205939361203,0.33870790102562887,0.2006901032105964,0.2115345853167735,0.010339512811829666,0.006860212652771258
2025,Democrat,19,834,0.5032675969392079,0.513189448441247,0.41106959051194064,0.4865929932384897,0.289111016236125,0.3390507934680901,0.1815571387871269,0.20746413047304846,0.014103632493699949,-0.007679296075092545
2025,Democrat,20,358,0.5812182085648407,0.6033519553072626,0.46661938779646606,0.56703217670207,0.1967680412279598,0.26093687901049645,0.18797332478697573,0.22277871303666155,0.02062894656602136,0.07027131555054034
2025,Democrat,23,361,0.63254934478902,0.6565096952908587,0.515834625246367,0.6119102277080954,0.19134786369800155,0.2623665938089367,0.1887980950312622,0.2424088355690406,0.02046559918185417,0.12160245177471962
2025,Republican,0,453,0.39679529388058954,0.40176600441501104,0.30695533262083624,0.37998884997719173,0.33664396702811517,0.38371152482787046,0.1287880543769475,0.14514105674907335,0.018548914612651547,0.03184618616303092
2025,Republican,1,1351,0.3694797504729806,0.36417468541820874,0.2880892861050434,0.35406573007274816,0.3700612497227825,0.42784507766601765,0.143422259677196,0.149828483808998,0.010639022663877336,0.004530642755421976
2025,Republican,2,3757,0.33505055686969104,0.32951823263241947,0.25000239667597446,0.31788848084936777,0.44410048109187483,0.48742495348408327,0.13952529850358375,0.13487485798927545,0.006230999196583119,-0.029898550847867578
2025,Republican,3,7982,0.3328004777485743,0.3278626910548735,0.24030272275245831,0.31255007334019913,0.46007270315119825,0.5127160816349963,0.1395415992447635,0.13780003829905402,0.004302066442988401,-0.03214862996898432
2025,Republican,4,13594,0.342113603899721,0.33941444755038985,0.23773758935371134,0.3183494624470418,0.4550616190498439,0.5256735831424082,0.14724340688333978,0.13238260794852444,0.003293231149921501,-0.02283550381783761
2025,Republican,5,16934,0.34394486180021683,0.343155781268454,0.23850510112301207,0.3190526965564981,0.45425837864073393,0.5321976393943003,0.1509977977483398,0.13187262842672443,0.002952940936741478,-0.02100424591734179
2025,Republican,6,17813,0.3669870390417104,0.3669230337394038,0.2539866604089274,0.34107207858238897,0.4387019212629547,0.5181331919106852,0.15599935330460574,0.13208911606937598,0.0029222699669619744,0.002037931324151754
2025,Republican,7,17280,0.36855983190886304,0.3695023148148148,0.2573720932549299,0.34359434034734104,0.42890916109150834,0.5112100757614287,0.15906869463597778,0.13537609787912247,0.0029627148881133467,0.0036107241913044263
2025,Republican,8,16598,0.3738735570683668,0.3727557537052657,0.26220512843649374,0.34732733661583154,0.4298386687260181,0.5127973999976063,0.1599057772033155,0.13377418381999492,0.0030399374505174688,0.008924449350808161
2025,Republican,9,16473,0.3726185478577131,0.3726704304012627,0.26107142860819005,0.3477262614636027,0.42682905844090485,0.5088109302175959,0.16558339622324056,0.136254336960585,0.003052537217990049,0.007669440140154471
2025,Republican,10,16458,0.3641682736649903,0.36146554866934016,0.2532120885482424,0.33892078918108015,0.4357910659844659,0.5177567243448274,0.1630024987504419,0.13305651132819338,0.0030427638629616604,-0.0007808340525682911
2025,Republican,11,15809,0.36434647649749513,0.3638433803529635,0.25156314687687803,0.3382912059688928,0.43968560301284426,0.5174370464290986,0.15818893638679185,0.13256458214150896,0.0030976814200569963,-0.0006026312200634876
2025,Republican,12,13611,0.3562844173853965,0.3537579898611417,0.24407190906396953,0.33037254997792453,0.443269803438849,0.5237114509100896,0.15360618905961718,0.13212789723751026,0.0033094414702462046,-0.008664690332162106
2025,Republican,13,10797,0.35903247260199866,0.3560248217097342,0.25168080584427194,0.33430072127748167,0.44113247333802824,0.5093181601648232,0.14681337210941464,0.13514286394625133,0.003722730773424842,-0.005916635115559954
2025,Republican,14,9053,0.3807779762670009,0.3796531536507235,0.2741842341694454,0.3574567231853526,0.41419819879835174,0.4734938425014968,0.1496683255662117,0.1405843623499652,0.004154427361385343,0.015828868549442265
2025,Republican,15,7831,0.3930588795374991,0.3936917379645001,0.28046819773154663,0.3666636034317791,0.40668302494640085,0.4677743887421266,0.1443160099426101,0.14440591515551732,0.004487566303146115,0.028109771819940454
2025,Republican,16,6323,0.39395332355588375,0.3939585639727977,0.2905183962442854,0.36822257735706815,0.3914739029049265,0.44290622847386574,0.1503578922911629,0.1471292650348149,0.0049885242310958085,0.02900421583832513
2025,Republican,17,4495,0.40093008466386076,0.3971078976640712,0.31102058227887236,0.3791344262336332,0.36282710685219627,0.41469103218138104,0.15027329484363386,0.15563825787644878,0.005904721739399887,0.035980976946302146
2025,Republican,18,2463,0.3853670544905336,0.37758830694275275,0.30892161847374106,0.3702477552308661,0.35917150001357323,0.3840594848058664,0.14217534983049288,0.16291494597860476,0.007893332718146686,0.020417946772974982
2025,Republican,19,1291,0.4165640971702715,0.41518202943454685,0.32920577624096015,0.39893038328239255,0.32884571764987514,0.35936926400879043,0.13479868748919976,0.15897907337497005,0.01109414063624307,0.05161498945271287
2025,Republican,20,539,0.402162756706918,0.4025974025974026,0.33020103172138193,0.3964248510148438,0.31956061188145396,0.32054780052062504,0.12633189610559803,0.17153818263363002,0.016889588349072816,0.03721364898935936
2026,Democrat,0,408,0.5667642832987065,0.5833333333333334,0.4336719956692975,0.5470457182119728,0.2318138575601373,0.3012311861727058,0.20845575005446068,0.19749897953086332,0.019670682363621808,0.09084642514156316
2026,Democrat,1,986,0.5068305468193348,0.5243407707910751,0.391472828895034,0.4931721435727563,0.2757087335619569,0.3367824180766706,0.21029088157984763,0.1952309530132977,0.012960754419705223,0.030912688662191434
2026,Democrat,2,2530,0.507344526204229,0.525296442687747,0.4014906684361884,0.49485944310560265,0.27768447517892236,0.35139220539800703,0.20936107488161343,0.19879667247597702,0.008111759263125016,0.031426668047085604
2026,Democrat,3,4498,0.48208509187643506,0.4979991107158737,0.3868925389538698,0.46842720244287295,0.3023929520057313,0.3837345585337993,0.21753950821850307,0.19279458653357787,0.006120261597859071,0.006167233719291676
2026,Democrat,4,7823,0.46883027782057385,0.4815288252588521,0.37443036276346936,0.45404962052034115,0.3188418771699392,0.40515147093663245,0.21467100130147074,0.1867670079265335,0.00465176002629993,-0.007087580336569532
2026,Democrat,5,11452,0.4609126370283124,0.47537548026545584,0.36654532972762666,0.4471615161327515,0.33072927226173393,0.41588400837258116,0.21507538663319917,0.19333922004859364,0.0038670975895453994,-0.015005221128830959
2026,Democrat,6,13065,0.47406533679028867,0.4894756984309223,0.37912927410550434,0.460548344307814,0.3214172504050675,0.4025569349759031,0.21665722135387766,0.19333319043383498,0.003640672602732002,-0.0018525213668547091
2026,Democrat,7,13199,0.4881836273084933,0.5060989468899159,0.38965339392022197,0.47317254177983126,0.3129977129028419,0.3992095496844893,0.2213132250503327,0.1994569294837807,0.0036013812738715963,0.012265769151349915
2026,Democrat,8,13539,0.49145740250803643,0.5104512888691927,0.3950124318550564,0.47843488172375326,0.3052868499554961,0.39216591654262434,0.22534149373438592,0.20103463788499415,0.0035622657532788132,0.015539544350893053
2026,Democrat,9,13836,0.4855598005603546,0.501879155825383,0.3873753154527874,0.4720898449336318,0.30540516667751755,0.39256138162264437,0.22168708358274467,0.19904528000541047,0.0035136350192417573,0.009641942403211201
2026,Democrat,10,13371,0.4839996896746439,0.5007852815795378,0.38806084160090043,0.4702233338793185,0.3113892264602879,0.39651384295386677,0.22753704893368276,0.19796318774950253,0.003585980243169322,0.008081831517500526
2026,Democrat,11,12940,0.478897996965261,0.49451313755795984,0.38354869646016543,0.465194050325016,0.3208620231374062,0.40615673759445503,0.2239987980004528,0.19660833758187596,0.003651082079787595,0.002980138808117594
2026,Democrat,12,12035,0.47437429647638507,0.48815953469048606,0.37947032796229146,0.4600393930468654,0.322530717030748,0.411257117574297,0.22132900026534025,0.19376139492121508,0.0037810663440952528,-0.0015435616807583097
2026,Democrat,13,9689,0.47372698345004727,0.4921044483434823,0.37428243550567625,0.45741467435070177,0.32301801630039745,0.40895841162553154,0.21683877267220572,0.18870598164687236,0.004201347302449702,-0.002190874707096113
2026,Democrat,14,7198,0.46881549447041526,0.4847179772158933,0.37367294213199265,0.45434521254397636,0.331982566591168,0.40734203931546625,0.21554933826995573,0.18971475165627927,0.004898137413694291,-0.007102363686728119
2026,Democrat,15,5337,0.44469056526008427,0.45381300356005244,0.349580674990126,0.4294883134473497,0.3512305367239977,0.4197684689936226,0.20075460205727821,0.18071954202663215,0.005641862935775956,-0.03122729289705911
2026,Democrat,16,4130,0.4603555666044305,0.46779661016949153,0.35882841183149455,0.44613734217108053,0.3376185375534688,0.3978959215137449,0.19521298585797842,0.1857773825693109,0.006411347386224205,-0.015562291552712881
2026,Democrat,17,2937,0.4385485069453336,0.4497786857337419,0.3482543599714849,0.42581549359680204,0.35432629300418395,0.403480056316868,0.1934523057746062,0.17763944381260074,0.007550998189035268,-0.03736935121180979
2026,Democrat,18,1607,0.42672929773165125,0.43186060983198504,0.34163666284428973,0.41525117840122966,0.3729667480543543,0.4001896794167925,0.17353457116534066,0.17126380223647575,0.010123924644818162,-0.049188560425492134
2026,Democrat,19,804,0.39511738266779656,0.39676616915422885,0.3138755313915708,0.3870760209120541,0.3942679083345467,0.3981039806886516,0.16166522882071402,0.1593871367631934,0.014240785598570813,-0.08080047548934682
2026,Republican,0,514,0.3547829231953951,0.33852140077821014,0.2801713357146844,0.346163272447268,0.32262244221939185,0.37107155279162185,0.12980233658112383,0.13938000329846248,0.016256156354468462,0.028751048080660646
2026,Republican,1,1290,0.3675545426298568,0.36046511627906974,0.2938129457609923,0.3549465653796991,0.3494975630901465,0.38904704095709114,0.13163740056505527,0.13735490065291814,0.01081869248928076,0.04152266751512235
2026,Republican,2,3312,0.33574709119592966,0.3242753623188406,0.2577496979518902,0.3242198073331622,0.3932642443767796,0.43608103339180154,0.13767440389216976,0.13255718718243512,0.006508989645069762,0.009715216081195188
2026,Republican,3,6953,0.3198777341282719,0.3145404861210988,0.23905373794104295,0.30577486188696235,0.42905036307096867,0.4788566799195451,0.13994081309949932,0.13136459443695156,0.004488174577988338,-0.006154140986462553
2026,Republican,4,11557,0.3153607765900812,0.30639439300856625,0.22800895710518615,0.29943260702748487,0.43487889068399826,0.4987883651297482,0.14221331083387903,0.12313760666497728,0.0034533199326080527,-0.010671098524653255
2026,Republican,5,15427,0.32051634728794015,0.3134763725935049,0.23059885626953372,0.3030476746797248,0.4380124626376523,0.5051369726416811,0.14269271235166084,0.12192560714757847,0.0030148612552379508,-0.00551552782679432
2026,Republican,6,15909,0.32614513115744115,0.317178955308316,0.23206344660442757,0.3078944124485128,0.4351951309938556,0.5059351088690551,0.14712735355306397,0.11968296182578553,0.0029781748928026444,0.00011325604270667755
2026,Republican,7,15803,0.3393662707646587,0.33265835600835286,0.23945585053463256,0.3189286173212339,0.42833307246891034,0.5016663537047733,0.1466078784350871,0.12006979103018682,0.0030232919491547643,0.013334395649924224
2026,Republican,8,15514,0.327238933693067,0.3217738816552791,0.2289261976074547,0.3071671294661226,0.4441154838904469,0.513890128220008,0.14234375505100882,0.11703324742313026,0.0030281482027034123,0.0012070585783325316
2026,Republican,9,15559,0.3254037558848618,0.31589433768237035,0.23496902617560422,0.30679058195843295,0.4389927765893441,0.5099533130691326,0.14493080576261283,0.12009976574280998,0.0030213439586842775,-0.000628119229872659
2026,Republican,10,15312,0.32124782103187,0.31334900731452453,0.22638216899127997,0.3015660576458121,0.44689848286575307,0.5147004925022208,0.14592333774363914,0.1131641331936263,0.0030273089702208514,-0.004784054082864475
2026,Republican,11,14476,0.31758196855218473,0.309408676429953,0.22033129988318184,0.2988109058076382,0.4562425611112007,0.5222913803747021,0.14180551285382412,0.11400131240495977,0.00312030016721367,-0.008449906562549736
2026,Republican,12,12903,0.31670051461781046,0.30884290475083315,0.2257158951073892,0.29764377347076804,0.4441318606258309,0.5123067611776044,0.14205859603978796,0.11659704414282566,0.003271682206762144,-0.009331360496924013
2026,Republican,13,10460,0.3149891066202897,0.3060229445506692,0.22498888234615888,0.296930278359777,0.4539746745494657,0.5103885093322345,0.13533780870649315,0.11749271796090283,0.003641623812981679,-0.011042768494444744
2026,Republican,14,8296,0.33020830971405846,0.32292671166827386,0.2439063248552108,0.3127946689753661,0.43640903845461304,0.48403092610940296,0.1342170575715652,0.12157913962132796,0.004166812997087804,0.004176434599323986
2026,Republican,15,7663,0.32744573383098274,0.320240114837531,0.2336726991172783,0.3097967602687257,0.43036935835992635,0.4721269680017686,0.12598610717058717,0.12291232240693183,0.004295833879433246,0.001413858716248273
2026,Republican,16,6995,0.3383097130751332,0.33037884203002144,0.2444988390481152,0.3206212515329637,0.4116696914035183,0.4505144180849812,0.1259182120456671,0.1263243308445283,0.004508826948770993,0.012277837960398719
2026,Republican,17,5456,0.34969923708795625,0.3407258064516129,0.2571240674834342,0.3312489117847863,0.3892557873024726,0.4211999745201388,0.12430901131220572,0.12714531145864602,0.005193598243742751,0.02366736197322178
2026,Republican,18,3014,0.34270811600158857,0.3297942932979429,0.26602979586316783,0.3312743609939846,0.3749610642892047,0.3925553060815915,0.1199702996575671,0.13944035030187027,0.006858234275550421,0.0166762408868541
2026,Republican,19,1550,0.3417185980409023,0.33483870967741935,0.2540700295086079,0.3287727154857449,0.38781637030097865,0.3958611237401924,0.11042787602021088,0.12967822203803206,0.009670549249829316,0.01568672292616785
2026,Republican,20,709,0.3621656231704327,0.3526093088857546,0.29137525629063044,0.35014375427157235,0.33981773964252865,0.3450142891055606,0.10848809484417363,0.14853066862041947,0.014380953734518469,0.036133748055698245
