name,party,era,band,n,share_angry
Chris Van Hollen,Democrat,Trump II,09-17 work,1210,0.9024793388429752
Patty Murray,Democrat,Trump II,09-17 work,980,0.8724489795918368
Mazie K. Hirono,Democrat,Trump II,05-08 morning,465,0.8709677419354839
Chris Van Hollen,Democrat,Trump II,05-08 morning,397,0.8564231738035264
Patty Murray,Democrat,Trump II,05-08 morning,887,0.8556933483652762
Patty Murray,Democrat,Trump II,00-04 night,423,0.8321513002364066
Lloyd Doggett,Democrat,Trump II,05-08 morning,521,0.8253358925143954
Lloyd Doggett,Democrat,Trump II,09-17 work,696,0.8204022988505747
"Pascrell Jr., Bill",Democrat,Biden,09-17 work,1027,0.8120740019474196
Mazie K. Hirono,Democrat,Trump II,00-04 night,760,0.8118421052631579
Mazie K. Hirono,Democrat,Trump II,21-23 late,207,0.8115942028985508
Lance Gooden,Republican,Trump II,09-17 work,615,0.8065040650406504
Charles E. Schumer,Democrat,Trump II,09-17 work,2207,0.8060715903942003
Steve Scalise,Republican,Biden,05-08 morning,277,0.8050541516245487
Pramila Jayapal,Democrat,Trump II,05-08 morning,1124,0.8042704626334519
Lance Gooden,Republican,Trump II,05-08 morning,481,0.8024948024948025
Tammy Duckworth,Democrat,Trump II,09-17 work,692,0.7976878612716763
Tom Cotton,Republican,Biden,00-04 night,916,0.7958515283842795
Lance Gooden,Republican,Trump II,00-04 night,205,0.7951219512195122
Steve Scalise,Republican,Biden,09-17 work,662,0.7915407854984894
Pramila Jayapal,Democrat,Trump II,09-17 work,1287,0.7871017871017871
Pramila Jayapal,Democrat,Trump II,00-04 night,791,0.7850821744627055
Brian Babin,Republican,Biden,09-17 work,1290,0.7790697674418605
Charles E. Schumer,Democrat,Trump II,05-08 morning,648,0.7762345679012346
Tom Cotton,Republican,Biden,05-08 morning,2201,0.7696501590186279
Raja Krishnamoorthi,Democrat,Trump II,05-08 morning,318,0.7672955974842768
Christopher Murphy,Democrat,Trump II,09-17 work,1254,0.766347687400319
Raja Krishnamoorthi,Democrat,Trump II,00-04 night,236,0.7627118644067796
Shri Thanedar,Democrat,Trump II,05-08 morning,555,0.7621621621621621
Christopher Murphy,Democrat,Trump II,05-08 morning,839,0.7544696066746126
Lance Gooden,Republican,Biden,09-17 work,1797,0.7479131886477463
Andrew S. Clyde,Republican,Biden,09-17 work,1096,0.7463503649635036
Ronny Jackson,Republican,Biden,05-08 morning,1453,0.7460426703372333
Jason Crow,Democrat,Trump II,09-17 work,618,0.7459546925566343
Jared Huffman,Democrat,Trump II,05-08 morning,257,0.7431906614785992
Adam B. Schiff,Democrat,Trump,00-04 night,463,0.7429805615550756
Lance Gooden,Republican,Biden,00-04 night,463,0.7429805615550756
Jamie Raskin,Democrat,Trump II,05-08 morning,350,0.7428571428571429
Greg Casar,Democrat,Trump II,09-17 work,649,0.7411402157164869
Mark R. Warner,Democrat,Trump II,09-17 work,1367,0.7410387710314558
James E. Clyburn,Democrat,Trump II,05-08 morning,208,0.7403846153846154
Hakeem S. Jeffries,Democrat,Trump II,05-08 morning,351,0.7350427350427351
Christopher Murphy,Democrat,Trump II,00-04 night,390,0.7333333333333333
John B. Larson,Democrat,Trump II,09-17 work,1471,0.7321549966009517
James P. McGovern,Democrat,Trump II,09-17 work,1212,0.7318481848184818
Raja Krishnamoorthi,Democrat,Trump II,09-17 work,513,0.7309941520467836
Mike Levin,Democrat,Trump II,05-08 morning,698,0.7306590257879656
Hakeem S. Jeffries,Democrat,Trump,05-08 morning,464,0.7306034482758621
Robert Garcia,Democrat,Trump II,09-17 work,544,0.7279411764705882
Shri Thanedar,Democrat,Trump II,09-17 work,959,0.7247132429614181
Tammy Duckworth,Democrat,Trump II,05-08 morning,352,0.7244318181818182
Elizabeth Warren,Democrat,Trump II,09-17 work,2685,0.7240223463687151
Jason Crow,Democrat,Trump II,05-08 morning,549,0.7231329690346083
Steve Scalise,Republican,Trump,05-08 morning,532,0.7218045112781954
"Greene, Marjorie Taylor",Republican,Biden,05-08 morning,255,0.7215686274509804
Tom Cotton,Republican,Biden,09-17 work,3771,0.7215592680986476
Jerrold Nadler,Democrat,Trump II,09-17 work,765,0.7202614379084967
Mazie K. Hirono,Democrat,Trump,00-04 night,249,0.7188755020080321
James P. McGovern,Democrat,Trump II,05-08 morning,494,0.7186234817813765
Mike Levin,Democrat,Trump II,00-04 night,511,0.7181996086105675
Adam B. Schiff,Democrat,Trump,05-08 morning,1256,0.7181528662420382
Brian Babin,Republican,Biden,05-08 morning,337,0.7181008902077152
Jeff Merkley,Democrat,Trump II,00-04 night,447,0.7136465324384788
Greg Casar,Democrat,Trump II,05-08 morning,513,0.7134502923976608
James E. Clyburn,Democrat,Trump II,09-17 work,526,0.7129277566539924
Lance Gooden,Republican,Biden,05-08 morning,768,0.7122395833333334
Jason Crow,Democrat,Trump II,00-04 night,405,0.7111111111111111
Richard Blumenthal,Democrat,Trump II,05-08 morning,746,0.710455764075067
"Frank Pallone, Jr.",Democrat,Trump II,05-08 morning,948,0.709915611814346
Gwen Moore,Democrat,Trump II,05-08 morning,530,0.7094339622641509
Adam B. Schiff,Democrat,Trump,09-17 work,2340,0.7042735042735043
Dave Min,Democrat,Trump II,05-08 morning,216,0.7037037037037037
Robert Garcia,Democrat,Trump II,05-08 morning,539,0.7031539888682746
Thomas P. Tiffany,Republican,Biden,05-08 morning,421,0.7007125890736342
"Frank Pallone, Jr.",Democrat,Trump II,09-17 work,1141,0.6967572304995618
Andrew S. Clyde,Republican,Biden,05-08 morning,371,0.6954177897574124
Hakeem S. Jeffries,Democrat,Trump,09-17 work,1510,0.6947019867549669
Jeff Merkley,Democrat,Trump II,05-08 morning,654,0.6941896024464832
Emanuel Cleaver,Democrat,Trump II,09-17 work,873,0.6918671248568156
Sara Jacobs,Democrat,Trump II,00-04 night,242,0.6900826446280992
John W. Hickenlooper,Democrat,Trump II,05-08 morning,1238,0.6890145395799677
"Greene, Marjorie Taylor",Republican,Biden,21-23 late,276,0.6884057971014492
Thomas P. Tiffany,Republican,Biden,09-17 work,921,0.6883821932681867
Ronny Jackson,Republican,Biden,09-17 work,3220,0.6860248447204969
Tammy Baldwin,Democrat,Trump II,09-17 work,836,0.6854066985645934
Elizabeth Warren,Democrat,Trump II,05-08 morning,1518,0.6844532279314888
Alex Padilla,Democrat,Trump II,05-08 morning,557,0.6840215439856373
Jimmy Gomez,Democrat,Trump II,09-17 work,573,0.6823734729493892
Jacky Rosen,Democrat,Trump II,00-04 night,289,0.6816608996539792
Alex Padilla,Democrat,Trump II,09-17 work,1139,0.6812993854258121
Jeff Merkley,Democrat,Trump II,09-17 work,698,0.6805157593123209
Pete Aguilar,Democrat,Trump II,05-08 morning,244,0.680327868852459
Andy Biggs,Republican,Biden,00-04 night,1460,0.6794520547945205
Ted Lieu,Democrat,Trump II,05-08 morning,1169,0.679213002566296
Kevin Kiley,Independent,Trump II,09-17 work,602,0.6777408637873754
Pat Fallon,Republican,Biden,05-08 morning,865,0.6763005780346821
Delia C. Ramirez,Democrat,Trump II,09-17 work,1253,0.6759776536312849
Mark R. Warner,Democrat,Trump II,05-08 morning,583,0.6740994854202401
Hakeem S. Jeffries,Democrat,Trump II,09-17 work,400,0.6725
Guy Reschenthaler,Republican,Biden,09-17 work,1429,0.6710986703988804
Shontel M. Brown,Democrat,Trump II,05-08 morning,602,0.6710963455149501
John W. Hickenlooper,Democrat,Trump II,09-17 work,1944,0.6707818930041153
Richard J. Durbin,Democrat,Trump II,05-08 morning,850,0.6705882352941176
Sara Jacobs,Democrat,Trump II,09-17 work,634,0.6703470031545742
Richard J. Durbin,Democrat,Trump II,09-17 work,1130,0.6699115044247788
Richard Blumenthal,Democrat,Trump II,09-17 work,1677,0.6696481812760883
Daniel S. Goldman,Democrat,Trump II,05-08 morning,744,0.6693548387096774
John Garamendi,Democrat,Trump II,00-04 night,248,0.6693548387096774
Mary Gay Scanlon,Democrat,Trump II,09-17 work,1168,0.6686643835616438
Kirsten E. Gillibrand,Democrat,Trump II,09-17 work,1403,0.6678545972915182
Sheldon Whitehouse,Democrat,Trump II,05-08 morning,1251,0.6674660271782574
"Donald S. Beyer, Jr.",Democrat,Trump,05-08 morning,1180,0.6669491525423729
Jeff Merkley,Democrat,Trump,00-04 night,327,0.6666666666666666
Hakeem S. Jeffries,Democrat,Trump,18-20 evening,258,0.6666666666666666
"Greene, Marjorie Taylor",Republican,Biden,09-17 work,2012,0.6665009940357853
Sydney Kamlager-Dove,Democrat,Trump II,05-08 morning,581,0.6660929432013769
John B. Larson,Democrat,Trump II,05-08 morning,576,0.6649305555555556
Steve Scalise,Republican,Trump,00-04 night,247,0.6639676113360324
Richard J. Durbin,Democrat,Trump II,00-04 night,205,0.6634146341463415
Richard Blumenthal,Democrat,Trump,05-08 morning,811,0.6633785450061652
Lance Gooden,Republican,Trump,05-08 morning,216,0.6620370370370371
"Good, Bob",Republican,Biden,09-17 work,1414,0.6605374823196606
Christopher A. Coons,Democrat,Trump II,09-17 work,674,0.6602373887240356
Pat Fallon,Republican,Biden,00-04 night,273,0.6593406593406593
Eric Burlison,Republican,Biden,09-17 work,1240,0.6588709677419354
Mary E. Miller,Republican,Biden,00-04 night,246,0.6585365853658537
Ted Lieu,Democrat,Trump II,00-04 night,748,0.6577540106951871
Tom Cotton,Republican,Biden,18-20 evening,213,0.6572769953051644
Juan Vargas,Democrat,Trump II,05-08 morning,204,0.6568627450980392
Maxine Dexter,Democrat,Trump II,00-04 night,282,0.6560283687943262
Daniel S. Goldman,Democrat,Trump II,09-17 work,1584,0.6559343434343434
Chip Roy,Republican,Biden,05-08 morning,1275,0.6541176470588236
Kevin Kiley,Independent,Trump II,05-08 morning,528,0.6534090909090909
Alex Padilla,Democrat,Trump II,00-04 night,222,0.6531531531531531
Josh Brecheen,Republican,Biden,09-17 work,764,0.6531413612565445
Steve Scalise,Republican,Trump,09-17 work,746,0.6528150134048257
John Garamendi,Democrat,Trump II,09-17 work,331,0.6525679758308157
Sara Jacobs,Democrat,Trump II,05-08 morning,554,0.6516245487364621
Ted Lieu,Democrat,Trump II,09-17 work,1461,0.6516084873374401
Shontel M. Brown,Democrat,Trump II,09-17 work,924,0.6515151515151515
Dwight Evans,Democrat,Trump II,09-17 work,1060,0.6509433962264151
Becca Balint,Democrat,Trump II,09-17 work,658,0.6504559270516718
John Garamendi,Democrat,Trump II,05-08 morning,460,0.65
Robert Garcia,Democrat,Trump II,00-04 night,394,0.649746192893401
Rashida Tlaib,Democrat,Trump II,09-17 work,1044,0.6484674329501916
Nicole Malliotakis,Republican,Biden,00-04 night,523,0.6481835564053537
Jimmy Gomez,Democrat,Trump II,00-04 night,295,0.6474576271186441
Andy Biggs,Republican,Biden,05-08 morning,3057,0.6467124631992149
Mark Takano,Democrat,Trump II,05-08 morning,232,0.646551724137931
Bernie Moreno,Republican,Trump II,05-08 morning,291,0.6460481099656358
Veronica Escobar,Democrat,Trump II,00-04 night,206,0.6456310679611651
Bernard Sanders,Independent,Trump II,05-08 morning,680,0.6455882352941177
"Donald S. Beyer, Jr.",Democrat,Trump II,09-17 work,993,0.6455186304128903
Thomas P. Tiffany,Republican,Trump II,00-04 night,361,0.6454293628808865
Maxine Dexter,Democrat,Trump II,09-17 work,250,0.644
Mary Gay Scanlon,Democrat,Trump II,05-08 morning,556,0.6438848920863309
Jason Smith,Republican,Biden,09-17 work,2460,0.6426829268292683
James Comer,Republican,Biden,05-08 morning,509,0.6424361493123772
Becca Balint,Democrat,Trump II,05-08 morning,380,0.6421052631578947
Pat Fallon,Republican,Biden,09-17 work,2531,0.6420387198735678
Raphael G. Warnock,Democrat,Trump II,09-17 work,980,0.6418367346938776
Bennie G. Thompson,Democrat,Trump II,05-08 morning,427,0.6416861826697893
Christopher A. Coons,Democrat,Trump II,05-08 morning,410,0.6414634146341464
Yassamin Ansari,Democrat,Trump II,00-04 night,368,0.6413043478260869
Sydney Kamlager-Dove,Democrat,Trump II,09-17 work,840,0.6404761904761904
Jamie Raskin,Democrat,Trump II,09-17 work,723,0.640387275242047
Marsha Blackburn,Republican,Biden,09-17 work,6465,0.6402165506573859
Bernard Sanders,Independent,Trump II,09-17 work,1361,0.639235855988244
Maxine Waters,Democrat,Trump,09-17 work,880,0.6386363636363637
Brandon Gill,Republican,Trump II,00-04 night,315,0.638095238095238
Jimmy Gomez,Democrat,Trump II,05-08 morning,483,0.6376811594202898
Dwight Evans,Democrat,Trump II,05-08 morning,353,0.6373937677053825
Sheldon Whitehouse,Democrat,Trump II,09-17 work,2284,0.6366024518388792
Tammy Baldwin,Democrat,Trump II,05-08 morning,487,0.6344969199178645
Mary E. Miller,Republican,Biden,05-08 morning,733,0.6343792633015006
Ted Lieu,Democrat,Trump,00-04 night,1334,0.6334332833583208
Jerrold Nadler,Democrat,Trump II,05-08 morning,341,0.6334310850439883
Jefferson Van Drew,Republican,Biden,09-17 work,710,0.6309859154929578
Lisa Blunt Rochester,Democrat,Trump II,05-08 morning,425,0.6305882352941177
Mike Levin,Democrat,Trump II,09-17 work,863,0.6303592120509849
Dave Min,Democrat,Trump II,09-17 work,246,0.6300813008130082
Guy Reschenthaler,Republican,Biden,05-08 morning,508,0.6299212598425197
"Greene, Marjorie Taylor",Republican,Biden,18-20 evening,399,0.6290726817042607
"Jesús G. ""Chuy"" García",Democrat,Trump II,09-17 work,620,0.6290322580645161
Gwen Moore,Democrat,Trump II,09-17 work,563,0.6287744227353463
Lauren Boebert,Republican,Biden,00-04 night,1990,0.628643216080402
Jasmine Crockett,Democrat,Trump II,09-17 work,1042,0.6285988483685221
Yassamin Ansari,Democrat,Trump II,05-08 morning,1043,0.6279961649089166
Mazie K. Hirono,Democrat,Trump,05-08 morning,379,0.6279683377308707
John Kennedy,Republican,Trump II,09-17 work,457,0.6258205689277899
Debbie Wasserman Schultz,Democrat,Trump II,05-08 morning,1027,0.6251217137293087
Judy Chu,Democrat,Trump,05-08 morning,1079,0.6246524559777572
Kirsten E. Gillibrand,Democrat,Trump II,05-08 morning,678,0.6238938053097345
"Bishop, Dan",Republican,Biden,21-23 late,279,0.6236559139784946
Emanuel Cleaver,Democrat,Trump II,05-08 morning,895,0.623463687150838
Scott Perry,Republican,Biden,09-17 work,701,0.62339514978602
Marsha Blackburn,Republican,Biden,18-20 evening,427,0.6229508196721312
Darrell Issa,Republican,Trump II,05-08 morning,220,0.6227272727272727
Maxine Dexter,Democrat,Trump II,05-08 morning,318,0.6226415094339622
Maxine Waters,Democrat,Trump,05-08 morning,416,0.6225961538461539
Ron Wyden,Democrat,Trump II,05-08 morning,445,0.6224719101123596
Mary E. Miller,Republican,Biden,18-20 evening,241,0.6224066390041494
Darrell Issa,Republican,Biden,05-08 morning,860,0.622093023255814
Jason Smith,Republican,Biden,05-08 morning,868,0.6209677419354839
Adam B. Schiff,Democrat,Trump II,05-08 morning,783,0.6206896551724138
Raphael G. Warnock,Democrat,Trump II,05-08 morning,526,0.6197718631178707
Summer L. Lee,Democrat,Trump II,05-08 morning,391,0.618925831202046
Jefferson Van Drew,Republican,Trump II,09-17 work,204,0.6176470588235294
"Lesko, Debbie",Republican,Biden,18-20 evening,216,0.6157407407407407
Josh Hawley,Republican,Biden,05-08 morning,1979,0.6149570490146539
Darrell Issa,Republican,Biden,09-17 work,1553,0.6149388280746941
Nanette Diaz Barragán,Democrat,Trump II,05-08 morning,350,0.6142857142857143
Mark Pocan,Democrat,Trump II,09-17 work,686,0.6137026239067055
Ben Ray Luján,Democrat,Trump II,05-08 morning,546,0.6135531135531136
Steve Cohen,Democrat,Trump II,05-08 morning,248,0.6129032258064516
Debbie Wasserman Schultz,Democrat,Trump II,09-17 work,1460,0.6123287671232877
James Comer,Republican,Trump II,05-08 morning,486,0.6111111111111112
Catherine Cortez Masto,Democrat,Trump II,05-08 morning,725,0.6110344827586207
Delia C. Ramirez,Democrat,Trump II,05-08 morning,708,0.6101694915254238
Ron Wyden,Democrat,Trump II,00-04 night,364,0.6098901098901099
John Kennedy,Republican,Trump II,05-08 morning,469,0.6098081023454158
Darrell Issa,Republican,Biden,00-04 night,489,0.6094069529652352
"Donald S. Beyer, Jr.",Democrat,Trump II,05-08 morning,641,0.608424336973479
Nanette Diaz Barragán,Democrat,Trump II,09-17 work,604,0.6076158940397351
Rosa L. DeLauro,Democrat,Trump II,05-08 morning,629,0.6073131955484896
"Bishop, Dan",Republican,Biden,09-17 work,2659,0.6069951109439639
Ben Ray Luján,Democrat,Trump II,09-17 work,1020,0.6068627450980392
Bennie G. Thompson,Democrat,Trump II,09-17 work,379,0.6068601583113457
Cory A. Booker,Democrat,Trump II,05-08 morning,778,0.6066838046272494
Bernie Moreno,Republican,Trump II,09-17 work,460,0.6065217391304348
Bob Gibbs R-OH,Republican,Biden,09-17 work,515,0.6058252427184466
Adam B. Schiff,Democrat,Trump II,09-17 work,1302,0.6044546850998463
Chris Van Hollen,Democrat,Trump,09-17 work,2440,0.603688524590164
Janice D. Schakowsky,Democrat,Trump II,09-17 work,290,0.603448275862069
Christopher Murphy,Democrat,Trump,00-04 night,320,0.603125
Elise M. Stefanik,Republican,Biden,09-17 work,8091,0.6030156964528488
Ruben Gallego,Democrat,Trump II,00-04 night,670,0.6029850746268657
Robin L. Kelly,Democrat,Trump II,09-17 work,994,0.60261569416499
Ralph Norman,Republican,Biden,05-08 morning,478,0.602510460251046
"Bishop, Dan",Republican,Biden,18-20 evening,410,0.6024390243902439
Richard Blumenthal,Democrat,Trump,21-23 late,470,0.6021276595744681
"Lesko, Debbie",Republican,Biden,09-17 work,3686,0.6020075963103635
"Banks, Jim",Republican,Biden,09-17 work,3143,0.6016544702513522
Andrew S. Clyde,Republican,Trump II,05-08 morning,386,0.6010362694300518
Jasmine Crockett,Democrat,Trump II,05-08 morning,496,0.6008064516129032
Marsha Blackburn,Republican,Biden,05-08 morning,3335,0.6
Andy Biggs,Republican,Biden,09-17 work,5008,0.5998402555910544
Steve Cohen,Democrat,Trump II,09-17 work,562,0.599644128113879
Ilhan Omar,Democrat,Trump II,05-08 morning,684,0.5994152046783626
Yassamin Ansari,Democrat,Trump II,09-17 work,1972,0.5993914807302231
Chip Roy,Republican,Biden,09-17 work,4724,0.5990685859441152
Ruben Gallego,Democrat,Trump II,05-08 morning,710,0.5985915492957746
Guy Reschenthaler,Republican,Trump,09-17 work,346,0.5982658959537572
Bernard Sanders,Independent,Trump,21-23 late,301,0.5980066445182725
Mary E. Miller,Republican,Biden,09-17 work,2323,0.5979337064141197
Doris O. Matsui,Democrat,Trump II,05-08 morning,268,0.5970149253731343
Keith Self,Republican,Biden,09-17 work,865,0.5965317919075145
"Gaetz, Matt",Republican,Biden,21-23 late,218,0.5963302752293578
Billy Long R-MO,Republican,Biden,05-08 morning,265,0.5962264150943396
Brandon Gill,Republican,Trump II,05-08 morning,965,0.5958549222797928
Ronny Jackson,Republican,Biden,18-20 evening,282,0.5957446808510638
Ron Johnson,Republican,Biden,18-20 evening,425,0.5952941176470589
Linda T. Sánchez,Democrat,Trump II,09-17 work,237,0.5949367088607594
Joaquin Castro,Democrat,Trump II,05-08 morning,475,0.5936842105263158
Chip Roy,Republican,Trump II,09-17 work,1008,0.5932539682539683
"Randy K. Weber, Sr.",Republican,Biden,09-17 work,816,0.5931372549019608
Veronica Escobar,Democrat,Trump II,09-17 work,951,0.5930599369085173
Claudia Tenney,Republican,Biden,05-08 morning,1190,0.592436974789916
Eric Burlison,Republican,Trump II,09-17 work,2075,0.592289156626506
Tim Kaine,Democrat,Trump II,09-17 work,1082,0.5914972273567468
Charles E. Schumer,Democrat,Trump,05-08 morning,1035,0.591304347826087
Jim Jordan,Republican,Trump,05-08 morning,641,0.5912636505460218
Deborah K. Ross,Democrat,Trump II,09-17 work,1053,0.5906932573599241
Linda T. Sánchez,Democrat,Trump II,05-08 morning,283,0.5901060070671378
Catherine Cortez Masto,Democrat,Trump II,00-04 night,422,0.590047393364929
Bonnie Watson Coleman,Democrat,Trump II,09-17 work,604,0.5894039735099338
Suzan K. DelBene,Democrat,Trump II,09-17 work,460,0.5891304347826087
Catherine Cortez Masto,Democrat,Trump II,09-17 work,952,0.5882352941176471
Ted Cruz,Republican,Biden,00-04 night,2289,0.5880297072957623
Chris Van Hollen,Democrat,Trump,05-08 morning,983,0.5879959308240081
Wesley Hunt,Republican,Biden,05-08 morning,529,0.5879017013232514
Jason Smith,Republican,Biden,00-04 night,228,0.5877192982456141
Richard Blumenthal,Democrat,Trump,09-17 work,7164,0.5873813512004467
Jacky Rosen,Democrat,Trump II,05-08 morning,681,0.5873715124816447
Brad Knott,Republican,Trump II,05-08 morning,373,0.5871313672922251
W. Gregory Steube,Republican,Trump II,05-08 morning,431,0.5870069605568445
Veronica Escobar,Democrat,Trump II,05-08 morning,646,0.586687306501548
Cory A. Booker,Democrat,Trump II,09-17 work,1759,0.5861284820920978
Andrew Ogles,Republican,Biden,09-17 work,867,0.5859284890426759
Summer L. Lee,Democrat,Trump II,09-17 work,734,0.5858310626702997
Rashida Tlaib,Democrat,Trump II,05-08 morning,485,0.5855670103092784
"Green, Mark",Republican,Biden,09-17 work,3614,0.5843940232429441
Ted Lieu,Democrat,Trump,18-20 evening,476,0.5840336134453782
Jacky Rosen,Democrat,Trump II,09-17 work,560,0.5839285714285715
Mike Quigley,Democrat,Trump II,09-17 work,675,0.5837037037037037
Thomas P. Tiffany,Republican,Trump II,05-08 morning,711,0.5836849507735584
Rashida Tlaib,Democrat,Trump II,00-04 night,216,0.5833333333333334
Andrew Ogles,Republican,Trump II,00-04 night,336,0.5833333333333334
Brittany Pettersen,Democrat,Trump II,05-08 morning,554,0.5830324909747292
"Cloud, Michael",Republican,Biden,09-17 work,718,0.5821727019498607
James Lankford,Republican,Biden,18-20 evening,385,0.5818181818181818
Richard E. Neal,Democrat,Trump II,05-08 morning,306,0.5816993464052288
Mark Pocan,Democrat,Trump II,05-08 morning,762,0.5800524934383202
Ted Lieu,Democrat,Biden,18-20 evening,471,0.5796178343949044
Robin L. Kelly,Democrat,Trump II,05-08 morning,423,0.5791962174940898
Marsha Blackburn,Republican,Biden,00-04 night,1288,0.5791925465838509
Kelly Morrison,Democrat,Trump II,05-08 morning,377,0.5782493368700266
Keith Self,Republican,Biden,05-08 morning,263,0.5779467680608364
Bill Foster,Democrat,Trump II,09-17 work,367,0.5776566757493188
"McCarthy, Kevin",Republican,Biden,09-17 work,329,0.5775075987841946
Judy Chu,Democrat,Trump II,05-08 morning,594,0.5774410774410774
Elise M. Stefanik,Republican,Biden,05-08 morning,4070,0.5771498771498772
Ron Wyden,Democrat,Trump,05-08 morning,969,0.5758513931888545
Ilhan Omar,Democrat,Trump II,09-17 work,1256,0.5756369426751592
Lisa Blunt Rochester,Democrat,Trump II,09-17 work,723,0.5753803596127247
Troy E. Nehls,Republican,Biden,18-20 evening,226,0.5752212389380531
James Comer,Republican,Trump,09-17 work,287,0.5749128919860628
Doris O. Matsui,Democrat,Trump II,09-17 work,562,0.5747330960854092
"Duncan, Jeff",Republican,Biden,05-08 morning,242,0.5743801652892562
Joaquin Castro,Democrat,Trump II,09-17 work,916,0.574235807860262
Marc A. Veasey,Democrat,Trump II,09-17 work,270,0.5740740740740741
Mark Harris,Republican,Trump II,09-17 work,781,0.5736235595390525
Brandon Gill,Republican,Trump II,09-17 work,1784,0.5723094170403588
Lance Gooden,Republican,Trump,09-17 work,610,0.5721311475409836
Juan Vargas,Democrat,Trump II,09-17 work,215,0.5720930232558139
Sydney Kamlager-Dove,Democrat,Trump II,00-04 night,222,0.5720720720720721
Suzan K. DelBene,Democrat,Trump II,05-08 morning,299,0.5719063545150501
Brendan F. Boyle,Democrat,Trump II,05-08 morning,619,0.5718901453957996
Louie Gohmert R-TX,Republican,Biden,09-17 work,413,0.5714285714285714
Ted Cruz,Republican,Biden,05-08 morning,5992,0.5712616822429907
Teresa Leger Fernandez,Democrat,Trump II,09-17 work,597,0.5711892797319933
Elijah Crane,Republican,Biden,05-08 morning,431,0.5707656612529002
Patty Murray,Democrat,Trump,09-17 work,1395,0.5706093189964158
Brittany Pettersen,Democrat,Trump II,09-17 work,686,0.5699708454810496
Lois Frankel,Democrat,Trump II,09-17 work,423,0.5697399527186762
Madison Cawthorn R-NC,Republican,Biden,18-20 evening,395,0.569620253164557
Bonnie Watson Coleman,Democrat,Trump II,05-08 morning,467,0.569593147751606
Kevin Hern,Republican,Biden,05-08 morning,346,0.569364161849711
Brian J. Mast,Republican,Biden,18-20 evening,780,0.5692307692307692
Lauren Boebert,Republican,Biden,05-08 morning,2733,0.5689718258324186
Mazie K. Hirono,Democrat,Trump,09-17 work,294,0.5680272108843537
Andy Biggs,Republican,Biden,18-20 evening,421,0.5676959619952494
Brian Schatz,Democrat,Trump II,05-08 morning,451,0.5676274944567627
Eric Burlison,Republican,Biden,05-08 morning,386,0.5673575129533679
Richard Blumenthal,Democrat,Trump,18-20 evening,1658,0.5663449939686369
Patty Murray,Democrat,Trump,00-04 night,562,0.5658362989323843
Bernard Sanders,Independent,Trump,09-17 work,10315,0.5656810470189045
Bill Hagerty,Republican,Biden,09-17 work,6123,0.56557243181447
Bradley Scott Schneider,Democrat,Trump II,09-17 work,604,0.5645695364238411
Yvette D. Clarke,Democrat,Trump II,09-17 work,535,0.5644859813084112
Rick Scott,Republican,Biden,09-17 work,8669,0.5640789018341216
Chip Roy,Republican,Trump II,05-08 morning,1146,0.5636998254799301
"Buck, Ken",Republican,Biden,09-17 work,385,0.5636363636363636
Mo Brooks R-AL,Republican,Biden,09-17 work,960,0.5635416666666667
"Donald S. Beyer, Jr.",Democrat,Trump,09-17 work,8326,0.56353591160221
Brad Knott,Republican,Trump II,09-17 work,630,0.5634920634920635
James R. Walkinshaw,Democrat,Trump II,09-17 work,323,0.5634674922600619
Steve Cohen,Democrat,Trump,18-20 evening,991,0.5630676084762866
"Vance, J.D. ",Republican,Biden,09-17 work,714,0.5630252100840336
Adam B. Schiff,Democrat,Trump II,00-04 night,567,0.562610229276896
Josh Hawley,Republican,Biden,00-04 night,633,0.5624012638230648
Edward J. Markey,Democrat,Trump II,05-08 morning,553,0.5623869801084991
Rick Scott,Republican,Biden,05-08 morning,2822,0.5623671155209071
Jackie Speier D-CA,Democrat,Trump,05-08 morning,898,0.5612472160356348
Rick Scott,Republican,Biden,21-23 late,221,0.5610859728506787
Eric Schmitt,Republican,Trump II,05-08 morning,1613,0.5610663360198388
Ralph Norman,Republican,Biden,09-17 work,1673,0.5606694560669456
Beth Van Duyne,Republican,Biden,05-08 morning,803,0.5603985056039851
Rosa L. DeLauro,Democrat,Trump II,09-17 work,1119,0.5603217158176944
"Jesús G. ""Chuy"" García",Democrat,Trump II,05-08 morning,384,0.5598958333333334
Steve Cohen,Democrat,Trump,09-17 work,4491,0.5597862391449566
Pat Fallon,Republican,Trump II,05-08 morning,1012,0.5592885375494071
Judy Chu,Democrat,Trump,09-17 work,2157,0.5591098748261474
Rick Scott,Republican,Biden,18-20 evening,968,0.5588842975206612
Patty Murray,Democrat,Trump,05-08 morning,1015,0.5586206896551724
Billy Long R-MO,Republican,Biden,09-17 work,1928,0.5586099585062241
Lisa C. McClain,Republican,Biden,09-17 work,3618,0.5583195135433942
Ayanna Pressley,Democrat,Trump II,09-17 work,1322,0.5582450832072617
Dan Crenshaw,Republican,Biden,05-08 morning,1027,0.557935735150925
Andrew S. Clyde,Republican,Trump II,09-17 work,760,0.5578947368421052
Sean Casten,Democrat,Trump II,00-04 night,900,0.5577777777777778
Hakeem S. Jeffries,Democrat,Biden,00-04 night,312,0.5576923076923077
Christopher Murphy,Democrat,Trump,05-08 morning,1241,0.5576148267526189
Jeff Merkley,Democrat,Trump,05-08 morning,1695,0.5575221238938053
Tina Smith,Democrat,Trump II,09-17 work,976,0.5573770491803278
Andrew Ogles,Republican,Trump II,05-08 morning,943,0.5567338282078473
Mike Quigley,Democrat,Trump II,05-08 morning,663,0.5565610859728507
Ron Johnson,Republican,Biden,09-17 work,2421,0.5563816604708798
Edward J. Markey,Democrat,Trump II,09-17 work,1337,0.5557217651458489
Chip Roy,Republican,Trump II,00-04 night,441,0.5555555555555556
Tom Cotton,Republican,Trump II,05-08 morning,1514,0.5554821664464994
Charles E. Schumer,Democrat,Trump,09-17 work,8438,0.5553448684522398
Mary E. Miller,Republican,Trump II,09-17 work,1014,0.5552268244575936
"Banks, Jim",Republican,Biden,21-23 late,281,0.5551601423487544
Nydia M. Velázquez,Democrat,Trump II,09-17 work,480,0.5541666666666667
Kevin Mullin,Democrat,Trump II,05-08 morning,244,0.5532786885245902
Ted Cruz,Republican,Biden,21-23 late,291,0.5532646048109966
"Duncan, Jeff",Republican,Biden,09-17 work,1814,0.5523704520396913
Eric Schmitt,Republican,Biden,05-08 morning,737,0.5522388059701493
Josh Hawley,Republican,Biden,09-17 work,4185,0.55221027479092
W. Gregory Steube,Republican,Biden,18-20 evening,261,0.5517241379310345
Mary E. Miller,Republican,Trump II,05-08 morning,746,0.5509383378016086
Eric Schmitt,Republican,Biden,00-04 night,285,0.5508771929824562
James Comer,Republican,Biden,09-17 work,1834,0.5507088331515813
Tim Kaine,Democrat,Trump II,05-08 morning,616,0.5503246753246753
Mark Meadows R-NC,Republican,Trump,21-23 late,289,0.5501730103806228
Wesley Hunt,Republican,Biden,09-17 work,611,0.5499181669394435
Ron Wyden,Democrat,Trump,09-17 work,693,0.5497835497835498
Ted Cruz,Republican,Biden,09-17 work,14391,0.549718574108818
Darrell Issa,Republican,Trump II,09-17 work,337,0.5489614243323442
"Grijalva, Raul",Democrat,Trump,09-17 work,3457,0.5487416835406421
Bill Hagerty,Republican,Biden,18-20 evening,1212,0.5486798679867987
James Lankford,Republican,Biden,09-17 work,3234,0.5482374768089053
Joe Wilson,Republican,Trump II,09-17 work,644,0.5481366459627329
Nydia M. Velázquez,Democrat,Trump II,05-08 morning,208,0.5480769230769231
Chip Roy,Republican,Biden,00-04 night,376,0.5478723404255319
Nicole Malliotakis,Republican,Biden,05-08 morning,849,0.5477031802120141
Joni Ernst,Republican,Biden,09-17 work,3733,0.5472810072327886
Thomas P. Tiffany,Republican,Trump II,09-17 work,1102,0.5471869328493648
John Kennedy,Republican,Biden,05-08 morning,1135,0.547136563876652
Judy Chu,Democrat,Trump II,09-17 work,501,0.5469061876247505
W. Gregory Steube,Republican,Trump II,09-17 work,686,0.5466472303206997
Brian J. Mast,Republican,Biden,09-17 work,3694,0.5465619924201408
Claudia Tenney,Republican,Biden,00-04 night,366,0.546448087431694
Troy E. Nehls,Republican,Biden,05-08 morning,873,0.5463917525773195
Barry Moore,Republican,Biden,09-17 work,2216,0.5455776173285198
Charles E. Schumer,Democrat,Trump,18-20 evening,1812,0.5452538631346578
Jim Jordan,Republican,Trump,09-17 work,778,0.5449871465295629
Troy E. Nehls,Republican,Biden,00-04 night,301,0.5448504983388704
Paul A. Gosar,Republican,Trump II,05-08 morning,213,0.5446009389671361
Paul Tonko,Democrat,Trump II,05-08 morning,415,0.5445783132530121
Mark Harris,Republican,Trump II,05-08 morning,553,0.5443037974683544
Brian Schatz,Democrat,Trump II,09-17 work,645,0.5441860465116279
Chip Roy,Republican,Biden,18-20 evening,340,0.5441176470588235
Deborah K. Ross,Democrat,Trump II,05-08 morning,524,0.5438931297709924
Zoe Lofgren,Democrat,Trump II,05-08 morning,342,0.543859649122807
Don Bacon,Republican,Trump II,00-04 night,1041,0.5437079731027857
Lauren Boebert,Republican,Biden,09-17 work,4349,0.5431133593929639
Brittany Pettersen,Democrat,Trump II,00-04 night,256,0.54296875
Andrew Ogles,Republican,Trump II,09-17 work,1179,0.542832909245123
Brian J. Mast,Republican,Biden,05-08 morning,993,0.5427995971802618
W. Gregory Steube,Republican,Biden,09-17 work,2738,0.5427319211102994
"LaMalfa, Doug",Republican,Biden,09-17 work,813,0.5424354243542435
"Banks, Jim",Republican,Biden,18-20 evening,472,0.5423728813559322
Claudia Tenney,Republican,Trump II,05-08 morning,1107,0.5420054200542005
Joaquin Castro,Democrat,Trump,09-17 work,548,0.541970802919708
Ayanna Pressley,Democrat,Trump II,05-08 morning,515,0.541747572815534
Kevin Hern,Republican,Biden,09-17 work,1974,0.541033434650456
Aaron Bean,Republican,Biden,09-17 work,540,0.5407407407407407
Troy E. Nehls,Republican,Biden,09-17 work,2360,0.5406779661016949
Christopher R. Deluzio,Democrat,Trump II,09-17 work,769,0.5396618985695709
Joe Wilson,Republican,Biden,18-20 evening,215,0.5395348837209303
John Kennedy,Republican,Biden,09-17 work,2755,0.5393829401088929
Ronny Jackson,Republican,Biden,00-04 night,520,0.5384615384615384
Gabe Amo,Democrat,Trump II,05-08 morning,580,0.5379310344827586
Don Bacon,Republican,Trump II,18-20 evening,530,0.5377358490566038
Dan Crenshaw,Republican,Biden,00-04 night,214,0.5373831775700935
"Herbert C. Conaway, Jr.",Democrat,Trump II,09-17 work,229,0.537117903930131
Joni Ernst,Republican,Biden,05-08 morning,1596,0.5369674185463659
Paul A. Gosar,Republican,Trump,00-04 night,352,0.5369318181818182
James Comer,Republican,Biden,18-20 evening,231,0.5367965367965368
Joni Ernst,Republican,Trump II,05-08 morning,734,0.5367847411444142
Ted Lieu,Democrat,Trump,09-17 work,4788,0.5367585630743525
Jackie Speier D-CA,Democrat,Trump,18-20 evening,276,0.5362318840579711
Yvette D. Clarke,Democrat,Trump II,05-08 morning,211,0.5355450236966824
Paul Tonko,Democrat,Trump II,09-17 work,325,0.5353846153846153
John W. Rose,Republican,Trump II,09-17 work,325,0.5353846153846153
Charles E. Schumer,Democrat,Trump,21-23 late,710,0.5352112676056338
Rand Paul,Republican,Trump II,09-17 work,2527,0.5350217649386625
Ron Wyden,Democrat,Trump,00-04 night,714,0.5350140056022409
Ralph Norman,Republican,Trump II,05-08 morning,490,0.5346938775510204
Ron Johnson,Republican,Biden,05-08 morning,511,0.5342465753424658
Tom Cotton,Republican,Trump,00-04 night,307,0.5342019543973942
Jackie Speier D-CA,Democrat,Trump,09-17 work,2734,0.5332845647403073
Debbie Wasserman Schultz,Democrat,Trump,05-08 morning,557,0.533213644524237
Barry Moore,Republican,Biden,05-08 morning,469,0.5330490405117271
"Lee, Barbara",Democrat,Trump,05-08 morning,758,0.5329815303430079
Zoe Lofgren,Democrat,Trump II,09-17 work,259,0.5328185328185329
Eric Schmitt,Republican,Trump II,09-17 work,2371,0.532686630113876
Pat Fallon,Republican,Trump II,09-17 work,667,0.5322338830584707
W. Gregory Steube,Republican,Biden,05-08 morning,748,0.5320855614973262
Salud O. Carbajal,Democrat,Trump II,05-08 morning,312,0.532051282051282
Doug Collins,Republican,Trump,18-20 evening,312,0.532051282051282
Bernard Sanders,Independent,Trump,05-08 morning,2810,0.5320284697508897
Gregory W. Meeks,Democrat,Trump II,09-17 work,656,0.5320121951219512
Dan Crenshaw,Republican,Trump,05-08 morning,617,0.5316045380875203
Ted Lieu,Democrat,Trump,05-08 morning,2291,0.5312090790048014
Ralph Norman,Republican,Trump II,09-17 work,514,0.5311284046692607
"Gaetz, Matt",Republican,Biden,09-17 work,2505,0.530938123752495
"Grijalva, Raul",Democrat,Trump,05-08 morning,635,0.5307086614173229
Tom Cotton,Republican,Trump II,09-17 work,1168,0.5299657534246576
Jake Auchincloss,Democrat,Trump II,09-17 work,387,0.5297157622739018
Bernard Sanders,Independent,Biden,09-17 work,4186,0.5293836598184424
Darren Soto,Democrat,Trump II,09-17 work,597,0.5293132328308208
Brendan F. Boyle,Democrat,Trump II,09-17 work,1317,0.5292331055429005
Rand Paul,Republican,Trump II,05-08 morning,1836,0.528322440087146
Richard E. Neal,Democrat,Trump II,09-17 work,328,0.5274390243902439
Elijah Crane,Republican,Biden,00-04 night,220,0.5272727272727272
Josh Hawley,Republican,Biden,18-20 evening,404,0.5272277227722773
Martin Heinrich,Democrat,Trump II,05-08 morning,463,0.5269978401727862
Mark Meadows R-NC,Republican,Trump,18-20 evening,353,0.5269121813031161
Andrew Ogles,Republican,Biden,05-08 morning,245,0.5265306122448979
Steve Cohen,Democrat,Trump,05-08 morning,798,0.5263157894736842
Martin Heinrich,Democrat,Trump II,09-17 work,631,0.526148969889065
Hakeem S. Jeffries,Democrat,Biden,05-08 morning,652,0.5260736196319018
Mark Pocan,Democrat,Trump,05-08 morning,824,0.5254854368932039
Seth Moulton,Democrat,Trump II,09-17 work,805,0.5254658385093167
Madison Cawthorn R-NC,Republican,Biden,09-17 work,1751,0.5254140491147915
Ronny Jackson,Republican,Trump II,05-08 morning,556,0.5251798561151079
Bernard Sanders,Independent,Trump,18-20 evening,985,0.5248730964467005
Lisa C. McClain,Republican,Biden,05-08 morning,644,0.5248447204968945
André Carson,Democrat,Trump II,09-17 work,404,0.5247524752475248
Ruben Gallego,Democrat,Trump II,09-17 work,1035,0.5246376811594203
Michael F. Bennet,Democrat,Trump II,09-17 work,715,0.5244755244755245
Mark Pocan,Democrat,Trump II,00-04 night,227,0.5242290748898678
Edward J. Markey,Democrat,Trump,21-23 late,210,0.5238095238095238
Gabe Amo,Democrat,Trump II,09-17 work,1452,0.5234159779614325
Christopher R. Deluzio,Democrat,Trump II,05-08 morning,484,0.5227272727272727
Barry Loudermilk,Republican,Biden,09-17 work,639,0.5226917057902973
"Casey, Robert Jr.",Democrat,Trump,21-23 late,314,0.5222929936305732
Adriano Espaillat,Democrat,Biden,00-04 night,247,0.5222672064777328
Ronny Jackson,Republican,Trump II,09-17 work,546,0.521978021978022
Teresa Leger Fernandez,Democrat,Trump II,05-08 morning,395,0.5215189873417722
Sheldon Whitehouse,Democrat,Trump,21-23 late,376,0.5212765957446809
Ben Cline,Republican,Biden,05-08 morning,472,0.5211864406779662
Mark Kelly,Democrat,Trump II,09-17 work,1115,0.5210762331838565
Salud O. Carbajal,Democrat,Trump II,09-17 work,357,0.5210084033613446
Pat Fallon,Republican,Trump II,00-04 night,438,0.5205479452054794
Claudia Tenney,Republican,Biden,21-23 late,250,0.52
Mike Lee,Republican,Biden,18-20 evening,881,0.5198637911464246
Scott Perry,Republican,Trump II,09-17 work,633,0.5197472353870458
"Donald S. Beyer, Jr.",Democrat,Trump,21-23 late,281,0.5195729537366548
Harriet M. Hageman,Republican,Biden,09-17 work,537,0.5195530726256983
Ben Cline,Republican,Trump II,05-08 morning,591,0.5194585448392555
Rick Scott,Republican,Biden,00-04 night,701,0.5192582025677603
"Green, Mark",Republican,Biden,05-08 morning,289,0.5190311418685121
Jerrold Nadler,Democrat,Trump,21-23 late,268,0.5186567164179104
Jim Bridenstine R-OK,Republican,Obama,18-20 evening,226,0.5176991150442478
Bernard Sanders,Independent,Biden,05-08 morning,1132,0.5176678445229682
Alan Lowenthal D-CA,Democrat,Trump,05-08 morning,1076,0.5176579925650557
Kelly Morrison,Democrat,Trump II,09-17 work,632,0.5174050632911392
John Barrasso,Republican,Trump II,05-08 morning,406,0.5172413793103449
Daniel S. Goldman,Democrat,Biden,05-08 morning,468,0.5170940170940171
Kevin Kiley,Independent,Biden,05-08 morning,617,0.5170178282009724
James Lankford,Republican,Biden,05-08 morning,973,0.5169578622816033
Chris Van Hollen,Democrat,Biden,18-20 evening,385,0.5168831168831168
Elizabeth Warren,Democrat,Biden,09-17 work,6644,0.5168573148705599
Anthony Brown D-MD,Democrat,Trump,09-17 work,1384,0.5166184971098265
Mike Lee,Republican,Biden,09-17 work,6411,0.5164560910934332
Chris Stewart R-UT,Republican,Biden,09-17 work,736,0.5163043478260869
Valerie P. Foushee,Democrat,Trump II,05-08 morning,407,0.515970515970516
Bernard Sanders,Independent,Biden,18-20 evening,471,0.5159235668789809
Josh Hawley,Republican,Trump,05-08 morning,863,0.5156431054461182
Tom Cotton,Republican,Trump II,00-04 night,458,0.5152838427947598
Randy Fine,Republican,Trump II,09-17 work,2438,0.5151763740771124
Rick Scott,Republican,Trump II,09-17 work,2920,0.5150684931506849
Randy Fine,Republican,Trump II,05-08 morning,1189,0.5147182506307821
Gregory W. Meeks,Democrat,Trump,21-23 late,253,0.5138339920948617
Claudia Tenney,Republican,Biden,09-17 work,5784,0.5136583679114799
Tina Smith,Democrat,Trump II,05-08 morning,625,0.5136
Steny H. Hoyer,Democrat,Trump II,09-17 work,616,0.512987012987013
"Donald S. Beyer, Jr.",Democrat,Trump,18-20 evening,1156,0.5129757785467128
Mike Lee,Republican,Trump II,05-08 morning,4248,0.5127118644067796
August Pfluger,Republican,Biden,09-17 work,2799,0.5126831011075385
Judy Chu,Democrat,Trump II,00-04 night,359,0.5125348189415042
Dan Crenshaw,Republican,Biden,09-17 work,2636,0.5125189681335357
James A. Himes,Democrat,Trump II,05-08 morning,209,0.5119617224880383
Jeff Merkley,Democrat,Trump,09-17 work,6259,0.5117430899504714
Keith Self,Republican,Trump II,05-08 morning,1292,0.5116099071207431
Rand Paul,Republican,Trump II,00-04 night,346,0.5115606936416185
Christopher Murphy,Democrat,Trump,18-20 evening,270,0.5111111111111111
Lisa C. McClain,Republican,Biden,18-20 evening,376,0.5106382978723404
Jerrold Nadler,Democrat,Trump,05-08 morning,382,0.5104712041884817
Mark Pocan,Democrat,Trump,09-17 work,4352,0.5101102941176471
Byron Donalds,Republican,Biden,05-08 morning,938,0.509594882729211
Steve Cohen,Democrat,Trump,21-23 late,693,0.5093795093795094
Mark Meadows R-NC,Republican,Trump,09-17 work,1881,0.5093035619351409
Ben Cline,Republican,Biden,09-17 work,1944,0.5087448559670782
Virginia Foxx,Republican,Biden,09-17 work,698,0.5085959885386819
Mike Lee,Republican,Biden,05-08 morning,1914,0.5083594566353187
"Lamborn, Doug",Republican,Biden,09-17 work,1326,0.5082956259426847
Betty McCollum,Democrat,Trump II,09-17 work,736,0.5081521739130435
"Posey, Bill",Republican,Biden,09-17 work,313,0.5079872204472844
Roger Marshall,Republican,Biden,09-17 work,1540,0.5077922077922078
Richard Hudson,Republican,Biden,09-17 work,1940,0.5077319587628866
Wesley Hunt,Republican,Biden,00-04 night,264,0.5075757575757576
James P. McGovern,Democrat,Trump,21-23 late,801,0.5068664169787765
Kathleen Rice D-NY,Democrat,Trump,18-20 evening,219,0.5068493150684932
Joe Wilson,Republican,Trump II,05-08 morning,399,0.506265664160401
Eric Burlison,Republican,Trump II,05-08 morning,1027,0.5053554040895814
Rick Scott,Republican,Trump II,05-08 morning,1425,0.5052631578947369
"Lee, Barbara",Democrat,Trump,09-17 work,4559,0.5051546391752577
Steve Cohen,Democrat,Biden,05-08 morning,598,0.5050167224080268
Byron Donalds,Republican,Biden,09-17 work,1846,0.5043336944745396
Sander Levin D-MI,Democrat,Trump,09-17 work,1034,0.5038684719535783
Marsha Blackburn,Republican,Trump,09-17 work,1691,0.5038438793613247
Hakeem S. Jeffries,Democrat,Biden,09-17 work,925,0.5037837837837837
Margaret Wood Hassan,Democrat,Trump II,09-17 work,491,0.5030549898167006
Alexandria Ocasio-Cortez,Democrat,Trump II,09-17 work,704,0.5028409090909091
Elijah Crane,Republican,Biden,09-17 work,911,0.5027442371020856
"Banks, Jim",Republican,Trump,09-17 work,3519,0.5024154589371981
"Gaetz, Matt",Republican,Trump,09-17 work,3103,0.5020947470190139
Haley M. Stevens,Democrat,Trump II,09-17 work,530,0.5018867924528302
Mike Lee,Republican,Biden,00-04 night,702,0.5014245014245015
Jerrold Nadler,Democrat,Trump,09-17 work,3233,0.5013918960717599
John Kennedy,Republican,Biden,00-04 night,379,0.5013192612137203
Roger Williams,Republican,Biden,05-08 morning,401,0.5012468827930174
John Barrasso,Republican,Biden,05-08 morning,727,0.5006877579092159
Lori Trahan,Democrat,Trump II,09-17 work,789,0.5006337135614702
Ben Cline,Republican,Trump II,09-17 work,690,0.5
Warren Davidson,Republican,Biden,00-04 night,466,0.5
Elizabeth Warren,Democrat,Biden,00-04 night,330,0.5
Keith Self,Republican,Trump II,09-17 work,1484,0.49932614555256066
Scott Perry,Republican,Trump II,05-08 morning,545,0.4990825688073395
Sheldon Whitehouse,Democrat,Biden,18-20 evening,932,0.4989270386266094
Bill Foster,Democrat,Trump II,05-08 morning,321,0.4984423676012461
Warren Davidson,Republican,Biden,05-08 morning,620,0.49838709677419357
Mike Lee,Republican,Trump II,18-20 evening,1525,0.49836065573770494
Jerrold Nadler,Democrat,Trump,18-20 evening,516,0.49806201550387597
Lois Frankel,Democrat,Trump II,05-08 morning,221,0.497737556561086
August Pfluger,Republican,Biden,18-20 evening,203,0.4975369458128079
Richard McCormick,Republican,Biden,09-17 work,995,0.49748743718592964
Edward J. Markey,Democrat,Trump,09-17 work,6513,0.4973130661753416
Mike Lee,Republican,Trump II,09-17 work,9220,0.4972885032537961
Jim Jordan,Republican,Biden,09-17 work,3652,0.49726177437020813
Mark Pocan,Democrat,Trump,18-20 evening,612,0.49673202614379086
Norma J. Torres,Democrat,Trump II,09-17 work,609,0.49589490968801314
Ami Bera,Democrat,Trump II,05-08 morning,228,0.4956140350877193
Gregory W. Meeks,Democrat,Trump,18-20 evening,456,0.4956140350877193
Norma J. Torres,Democrat,Trump II,00-04 night,220,0.4954545454545455
Jeanne Shaheen,Democrat,Trump II,09-17 work,989,0.4954499494438827
James Comer,Republican,Trump II,09-17 work,533,0.49530956848030017
Debbie Wasserman Schultz,Democrat,Trump,09-17 work,2752,0.4952761627906977
Christopher Murphy,Democrat,Trump,09-17 work,2319,0.4950409659335921
Adam B. Schiff,Democrat,Biden,00-04 night,576,0.4947916666666667
Kevin Kiley,Independent,Biden,09-17 work,991,0.4944500504540868
Ted Cruz,Republican,Biden,18-20 evening,1711,0.494447691408533
Roger Williams,Republican,Biden,09-17 work,1932,0.4943064182194617
Lauren Boebert,Republican,Biden,18-20 evening,253,0.49407114624505927
Adam B. Schiff,Democrat,Biden,09-17 work,2442,0.49385749385749383
Bill Hagerty,Republican,Biden,05-08 morning,1199,0.493744787322769
Bradley Scott Schneider,Democrat,Trump II,05-08 morning,462,0.4935064935064935
Val Demings D-FL,Democrat,Trump,21-23 late,377,0.493368700265252
Elizabeth Warren,Democrat,Trump,18-20 evening,1620,0.49320987654320986
Jodey C. Arrington,Republican,Biden,09-17 work,1673,0.4931261207411835
James A. Himes,Democrat,Trump II,09-17 work,363,0.4931129476584022
Ken Calvert,Republican,Trump,05-08 morning,215,0.4930232558139535
Byron Donalds,Republican,Biden,00-04 night,211,0.4928909952606635
Andy Harris,Republican,Trump II,05-08 morning,323,0.49226006191950467
Joseph D. Morelle,Democrat,Trump II,09-17 work,1240,0.49112903225806454
Claudia Tenney,Republican,Biden,18-20 evening,835,0.49101796407185627
Kevin Brady R-TX,Republican,Biden,05-08 morning,220,0.4909090909090909
Mike Lee,Republican,Trump II,00-04 night,1915,0.4908616187989556
Jeff Merkley,Democrat,Trump,18-20 evening,587,0.4906303236797274
Gregory W. Meeks,Democrat,Trump,09-17 work,3098,0.48999354422207875
Kevin Mullin,Democrat,Trump II,09-17 work,288,0.4895833333333333
Tom McClintock,Republican,Biden,09-17 work,556,0.4892086330935252
Nicole Malliotakis,Republican,Biden,09-17 work,3091,0.48883856357165967
Josh Hawley,Republican,Trump II,05-08 morning,894,0.4888143176733781
Andy Biggs,Republican,Trump,00-04 night,536,0.48880597014925375
Wesley Hunt,Republican,Trump II,05-08 morning,798,0.48872180451127817
Sheldon Whitehouse,Democrat,Trump,18-20 evening,1670,0.48862275449101794
"Graham, Lindsey",Republican,Biden,09-17 work,903,0.4883720930232558
Derrick Van Orden,Republican,Trump II,18-20 evening,215,0.4883720930232558
Alan Lowenthal D-CA,Democrat,Trump,09-17 work,2452,0.48817292006525287
Rashida Tlaib,Democrat,Biden,18-20 evening,250,0.488
Mark R. Warner,Democrat,Trump,09-17 work,779,0.4878048780487805
Brian Schatz,Democrat,Trump II,00-04 night,595,0.48739495798319327
Edward J. Markey,Democrat,Trump,18-20 evening,813,0.4870848708487085
Sean Casten,Democrat,Trump II,05-08 morning,848,0.48702830188679247
Michael F. Bennet,Democrat,Trump II,05-08 morning,604,0.4867549668874172
Roger Marshall,Republican,Biden,05-08 morning,1091,0.4867094408799267
Eric Schmitt,Republican,Biden,09-17 work,2069,0.48670855485741904
"Henry C. ""Hank"" Johnson, Jr.",Democrat,Trump II,09-17 work,444,0.4864864864864865
Steven Horsford,Democrat,Trump II,09-17 work,808,0.4863861386138614
"Rosendale, Matthew ",Republican,Biden,18-20 evening,218,0.48623853211009177
Ted Lieu,Democrat,Biden,00-04 night,1317,0.4859529233105543
Robert Garcia,Democrat,Biden,09-17 work,741,0.48582995951417
John W. Rose,Republican,Trump II,05-08 morning,210,0.4857142857142857
"Gaetz, Matt",Republican,Biden,18-20 evening,418,0.48564593301435405
Lateefah Simon,Democrat,Trump II,05-08 morning,206,0.4854368932038835
Jodey C. Arrington,Republican,Biden,05-08 morning,375,0.48533333333333334
Jack Reed,Democrat,Trump II,09-17 work,715,0.4853146853146853
Jodey C. Arrington,Republican,Biden,18-20 evening,235,0.4851063829787234
Sheldon Whitehouse,Democrat,Biden,09-17 work,6540,0.48486238532110093
Sheldon Whitehouse,Democrat,Biden,05-08 morning,1370,0.4846715328467153
Darren Soto,Democrat,Trump II,05-08 morning,975,0.4841025641025641
Randy Fine,Republican,Trump II,00-04 night,345,0.48405797101449277
"Rosendale, Matthew ",Republican,Biden,09-17 work,1872,0.483974358974359
Greg Landsman,Democrat,Trump II,09-17 work,1149,0.48389904264577893
Ted Deutch D-FL,Democrat,Trump,21-23 late,577,0.48353552859618715
Ritchie Torres,Democrat,Trump II,05-08 morning,633,0.4834123222748815
Elizabeth Warren,Democrat,Biden,05-08 morning,2346,0.4833759590792839
Gregory F. Murphy,Republican,Biden,18-20 evening,288,0.4826388888888889
John Barrasso,Republican,Biden,09-17 work,2491,0.4825371336812525
Doug Collins,Republican,Trump,05-08 morning,456,0.4824561403508772
Nancy Mace,Republican,Trump II,05-08 morning,4836,0.4824234904880066
Glenn Ivey,Democrat,Trump II,09-17 work,651,0.4823348694316436
Steven Horsford,Democrat,Trump II,05-08 morning,726,0.4820936639118457
Gary J. Palmer,Republican,Biden,09-17 work,697,0.48206599713055953
Betty McCollum,Democrat,Trump II,05-08 morning,578,0.4809688581314879
Tommy Tuberville,Republican,Trump II,09-17 work,1075,0.48093023255813955
Rashida Tlaib,Democrat,Trump,05-08 morning,687,0.48034934497816595
Mark Kelly,Democrat,Trump II,05-08 morning,885,0.480225988700565
Lori Trahan,Democrat,Trump II,05-08 morning,498,0.4799196787148594
Julie Johnson,Democrat,Trump II,05-08 morning,446,0.4798206278026906
James P. McGovern,Democrat,Trump,05-08 morning,515,0.4796116504854369
Steve Daines,Republican,Biden,00-04 night,317,0.4794952681388013
Ted Lieu,Democrat,Biden,09-17 work,3375,0.4794074074074074
Andy Kim,Democrat,Trump II,09-17 work,409,0.4792176039119804
"Rosendale, Matthew ",Republican,Biden,05-08 morning,449,0.47884187082405344
Tom Udall D-NM,Democrat,Trump,18-20 evening,236,0.4788135593220339
Marsha Blackburn,Republican,Trump,05-08 morning,896,0.47879464285714285
Barry Loudermilk,Republican,Biden,05-08 morning,278,0.4784172661870504
Valerie P. Foushee,Democrat,Trump II,09-17 work,864,0.47800925925925924
Mark Takano,Democrat,Trump,05-08 morning,724,0.47790055248618785
Josh Hawley,Republican,Trump II,09-17 work,1580,0.4778481012658228
Thomas Massie,Republican,Trump II,05-08 morning,932,0.47639484978540775
Warren Davidson,Republican,Biden,09-17 work,1312,0.4763719512195122
"LaTurner, Jake",Republican,Biden,09-17 work,1617,0.47557204700061845
Eric Burlison,Republican,Trump II,00-04 night,467,0.4753747323340471
Tommy Tuberville,Republican,Biden,18-20 evening,223,0.47533632286995514
Elise M. Stefanik,Republican,Biden,00-04 night,1200,0.475
Bobby Rush D-IL,Democrat,Trump,18-20 evening,339,0.4749262536873156
Sheldon Whitehouse,Democrat,Trump,05-08 morning,478,0.47489539748953974
Steny H. Hoyer,Democrat,Trump II,05-08 morning,278,0.4748201438848921
Elizabeth Warren,Democrat,Trump,09-17 work,11310,0.47480106100795755
Timothy M. Kennedy,Democrat,Trump II,09-17 work,571,0.4746059544658494
Paul A. Gosar,Republican,Biden,05-08 morning,1161,0.47459086993970717
Jim Jordan,Republican,Trump II,09-17 work,959,0.4744525547445255
Laura Friedman,Democrat,Trump II,09-17 work,409,0.4743276283618582
Seth Moulton,Democrat,Trump II,05-08 morning,426,0.47417840375586856
Bernard Sanders,Independent,Trump,00-04 night,241,0.4730290456431535
Vicky Hartzler R-MO,Republican,Biden,09-17 work,1094,0.4725776965265082
Richard J. Durbin,Democrat,Trump,18-20 evening,851,0.47238542890716806
Claudia Tenney,Republican,Trump II,09-17 work,1660,0.472289156626506
Robert Garcia,Democrat,Biden,05-08 morning,413,0.4721549636803874
"Banks, Jim",Republican,Biden,05-08 morning,305,0.4721311475409836
Yvette Herrell R-NM,Republican,Biden,05-08 morning,447,0.4720357941834452
Karen Bass D-CA,Democrat,Trump,18-20 evening,424,0.4716981132075472
Kamala Harris D-CA,Democrat,Trump,05-08 morning,704,0.4715909090909091
Mark Alford,Republican,Biden,09-17 work,1266,0.471563981042654
Adam Smith,Democrat,Trump II,00-04 night,422,0.471563981042654
Elise M. Stefanik,Republican,Trump II,05-08 morning,823,0.47144592952612396
Kevin Brady R-TX,Republican,Biden,09-17 work,1203,0.4713216957605985
Gregory W. Meeks,Democrat,Trump,05-08 morning,278,0.4712230215827338
Norma J. Torres,Democrat,Trump II,05-08 morning,448,0.47098214285714285
Tommy Tuberville,Republican,Trump II,00-04 night,308,0.4707792207792208
Steve Scalise,Republican,Trump II,05-08 morning,376,0.47074468085106386
Joni Ernst,Republican,Trump II,09-17 work,1024,0.470703125
Josh Hawley,Republican,Trump,00-04 night,368,0.4701086956521739
Martin Heinrich,Democrat,Trump,05-08 morning,351,0.4700854700854701
Amy Klobuchar,Democrat,Trump II,05-08 morning,1345,0.46988847583643123
Paul A. Gosar,Republican,Biden,09-17 work,2493,0.46971520256718813
Ron Johnson,Republican,Trump II,09-17 work,511,0.46966731898238745
Debbie Wasserman Schultz,Democrat,Trump,18-20 evening,245,0.46938775510204084
Sheldon Whitehouse,Democrat,Trump,09-17 work,7896,0.4688449848024316
"Ferguson, A. Drew",Republican,Biden,09-17 work,990,0.4686868686868687
Rashida Tlaib,Democrat,Biden,05-08 morning,749,0.46862483311081443
Dan Crenshaw,Republican,Trump,09-17 work,1831,0.468596395412343
Edward J. Markey,Democrat,Trump,05-08 morning,459,0.4684095860566449
Tommy Tuberville,Republican,Trump II,05-08 morning,790,0.46835443037974683
Elise M. Stefanik,Republican,Biden,18-20 evening,346,0.4682080924855491
Tom Cotton,Republican,Trump,05-08 morning,932,0.4678111587982833
Ron Wyden,Democrat,Trump II,09-17 work,383,0.46736292428198434
Steve Cohen,Democrat,Biden,09-17 work,2429,0.4672704816797036
Harry Reid D-NV,Democrat,Obama,05-08 morning,916,0.4672489082969432
Anna Paulina Luna,Republican,Biden,09-17 work,2418,0.46691480562448306
Elizabeth Warren,Democrat,Biden,18-20 evening,688,0.46656976744186046
Scott Fitzgerald,Republican,Biden,09-17 work,1181,0.46655376799322607
Troy E. Nehls,Republican,Trump II,05-08 morning,461,0.46637744034707157
August Pfluger,Republican,Biden,05-08 morning,669,0.4663677130044843
Claudia Tenney,Republican,Trump II,00-04 night,311,0.4662379421221865
Ritchie Torres,Democrat,Biden,05-08 morning,1105,0.4660633484162896
Eric Schmitt,Republican,Trump II,00-04 night,391,0.46547314578005117
Ro Khanna,Democrat,Trump II,00-04 night,1474,0.4654002713704206
Andy Kim,Democrat,Trump II,05-08 morning,243,0.46502057613168724
Katherine Clark D-MA,Democrat,Trump,09-17 work,2542,0.46498819826907944
Pramila Jayapal,Democrat,Trump,00-04 night,607,0.4645799011532125
Andrea Salinas,Democrat,Trump II,09-17 work,801,0.46441947565543074
Alexandria Ocasio-Cortez,Democrat,Trump II,05-08 morning,308,0.4642857142857143
Ilhan Omar,Democrat,Trump,05-08 morning,1620,0.4641975308641975
Tim Walberg,Republican,Biden,09-17 work,1542,0.46368352788586253
Anna Paulina Luna,Republican,Biden,05-08 morning,783,0.46360153256704983
Josh Hawley,Republican,Trump II,00-04 night,313,0.46325878594249204
Karen Bass D-CA,Democrat,Trump,09-17 work,1740,0.4632183908045977
Jeanne Shaheen,Democrat,Trump II,05-08 morning,650,0.46307692307692305
James Lankford,Republican,Biden,00-04 night,270,0.46296296296296297
Adam Smith,Democrat,Trump II,09-17 work,374,0.4625668449197861
Darren Soto,Democrat,Trump II,00-04 night,227,0.46255506607929514
Val T. Hoyle,Democrat,Trump II,09-17 work,227,0.46255506607929514
Madeleine Dean,Democrat,Trump II,09-17 work,413,0.46246973365617433
Thomas Massie,Republican,Trump II,09-17 work,1471,0.46227056424201224
Karen Bass D-CA,Democrat,Trump,05-08 morning,567,0.4620811287477954
Nicole Malliotakis,Republican,Trump II,00-04 night,275,0.4618181818181818
Greg Landsman,Democrat,Trump II,05-08 morning,650,0.46153846153846156
Julie Johnson,Democrat,Trump II,09-17 work,594,0.4612794612794613
Virginia Foxx,Republican,Trump II,05-08 morning,321,0.46105919003115264
Daniel S. Goldman,Democrat,Biden,09-17 work,1688,0.4609004739336493
Don Bacon,Republican,Trump II,05-08 morning,1541,0.4607397793640493
Ted Lieu,Democrat,Biden,05-08 morning,2174,0.4604415823367065
Mike Johnson,Republican,Biden,09-17 work,2009,0.4604280736684918
"Mooney, Alex",Republican,Biden,09-17 work,522,0.45977011494252873
Tammy Duckworth,Democrat,Trump,18-20 evening,723,0.45919778699861685
Ritchie Torres,Democrat,Trump II,09-17 work,954,0.4591194968553459
Richard J. Durbin,Democrat,Trump,05-08 morning,1416,0.4590395480225989
Morgan McGarvey,Democrat,Trump II,05-08 morning,414,0.45893719806763283
Pete Stauber,Republican,Trump II,05-08 morning,580,0.4586206896551724
Clay Higgins,Republican,Biden,09-17 work,1195,0.4585774058577406
Zoe Lofgren,Democrat,Trump II,00-04 night,229,0.4585152838427948
Nancy Mace,Republican,Trump II,09-17 work,9538,0.4584818620255819
Seth Moulton,Democrat,Trump,05-08 morning,286,0.458041958041958
Lisa C. McClain,Republican,Trump II,09-17 work,1553,0.4578235672891178
Yvette Herrell R-NM,Republican,Biden,09-17 work,1138,0.45782073813708263
Chuck Grassley,Republican,Trump II,00-04 night,225,0.4577777777777778
"Braun, Mike",Republican,Biden,18-20 evening,260,0.4576923076923077
Ilhan Omar,Democrat,Trump,00-04 night,437,0.4576659038901602
Mark Alford,Republican,Biden,05-08 morning,481,0.4573804573804574
Greg Stanton,Democrat,Trump II,00-04 night,210,0.45714285714285713
Sam T. Liccardo,Democrat,Trump II,00-04 night,440,0.45681818181818185
Ken Calvert,Republican,Trump,09-17 work,230,0.45652173913043476
Morgan McGarvey,Democrat,Trump II,09-17 work,745,0.4563758389261745
Andy Harris,Republican,Biden,09-17 work,868,0.45622119815668205
"Lesko, Debbie",Republican,Biden,05-08 morning,882,0.4557823129251701
Don Bacon,Republican,Trump II,09-17 work,3175,0.4554330708661417
Paul A. Gosar,Republican,Trump II,00-04 night,213,0.45539906103286387
Joe Crowley D-NY,Democrat,Trump,18-20 evening,378,0.455026455026455
Tom McClintock,Republican,Biden,05-08 morning,200,0.455
Ron Johnson,Republican,Trump II,05-08 morning,308,0.45454545454545453
Kathy Castor,Democrat,Trump II,09-17 work,513,0.45419103313840153
Roger F. Wicker,Republican,Biden,05-08 morning,872,0.4541284403669725
Janice D. Schakowsky,Democrat,Trump,05-08 morning,269,0.45353159851301117
Amy Klobuchar,Democrat,Trump II,00-04 night,419,0.45346062052505964
Kathy Castor,Democrat,Trump II,05-08 morning,318,0.4528301886792453
Steve Cohen,Democrat,Biden,18-20 evening,413,0.45278450363196127
Mark Kelly,Democrat,Trump II,00-04 night,453,0.45253863134657835
Warren Davidson,Republican,Trump II,00-04 night,347,0.45244956772334294
Markwayne Mullin R-OK,Republican,Biden,09-17 work,1267,0.452249408050513
"Braun, Mike",Republican,Biden,09-17 work,2278,0.45171202809482003
Rashida Tlaib,Democrat,Trump,18-20 evening,297,0.4511784511784512
Nancy Pelosi,Democrat,Trump,18-20 evening,284,0.4507042253521127
Keith Self,Republican,Trump II,00-04 night,515,0.45048543689320386
Andy Biggs,Republican,Trump,05-08 morning,2937,0.45045965270684374
Jon Ossoff,Democrat,Trump II,09-17 work,353,0.45042492917847027
Pat Harrigan,Republican,Trump II,09-17 work,946,0.4503171247357294
Randy Feenstra,Republican,Biden,05-08 morning,522,0.4501915708812261
Brad Sherman,Democrat,Trump II,09-17 work,411,0.45012165450121655
"Gilbert Ray Cisneros, Jr.",Democrat,Trump II,09-17 work,380,0.45
Brian Schatz,Democrat,Trump,05-08 morning,907,0.4498346196251378
Christopher Murphy,Democrat,Biden,00-04 night,436,0.44954128440366975
Brian Babin,Republican,Trump II,09-17 work,436,0.44954128440366975
Sean Casten,Democrat,Trump II,09-17 work,1119,0.4495084897229669
Tom Udall D-NM,Democrat,Trump,09-17 work,4018,0.44947735191637633
James P. McGovern,Democrat,Trump,09-17 work,4458,0.44930462090623596
Joaquin Castro,Democrat,Trump,05-08 morning,325,0.4492307692307692
Scott H. Peters,Democrat,Trump II,05-08 morning,472,0.4491525423728814
Ilhan Omar,Democrat,Trump,09-17 work,5195,0.4490856592877767
Nancy Pelosi,Democrat,Trump II,05-08 morning,265,0.4490566037735849
Kamala Harris D-CA,Democrat,Trump,09-17 work,3673,0.4489518105091206
Martin Heinrich,Democrat,Trump II,00-04 night,234,0.44871794871794873
Lloyd Doggett,Democrat,Trump,18-20 evening,1266,0.4486571879936809
Summer L. Lee,Democrat,Biden,05-08 morning,515,0.44854368932038835
Doug Collins,Republican,Trump,09-17 work,2210,0.4484162895927602
Rashida Tlaib,Democrat,Trump,09-17 work,2635,0.4481973434535104
Nancy Mace,Republican,Biden,00-04 night,761,0.4480946123521682
Adam B. Schiff,Democrat,Biden,05-08 morning,1136,0.4480633802816901
"Gaetz, Matt",Republican,Trump,21-23 late,360,0.44722222222222224
Brad Sherman,Democrat,Trump II,05-08 morning,246,0.44715447154471544
Marcy Kaptur,Democrat,Trump,05-08 morning,217,0.4470046082949309
Paul A. Gosar,Republican,Biden,18-20 evening,253,0.44664031620553357
Haley M. Stevens,Democrat,Trump II,05-08 morning,280,0.44642857142857145
Pat Toomey R-PA,Republican,Biden,09-17 work,587,0.4463373083475298
"Henry C. ""Hank"" Johnson, Jr.",Democrat,Trump II,05-08 morning,204,0.44607843137254904
Jack Reed,Democrat,Trump II,05-08 morning,240,0.44583333333333336
Paul A. Gosar,Republican,Biden,00-04 night,507,0.4457593688362919
Nikema Williams,Democrat,Trump II,05-08 morning,424,0.44575471698113206
Nancy Pelosi,Democrat,Trump,00-04 night,1201,0.4454621149042465
Luz M. Rivas,Democrat,Trump II,05-08 morning,348,0.4454022988505747
Gregory W. Meeks,Democrat,Trump II,05-08 morning,200,0.445
W. Gregory Steube,Republican,Trump,05-08 morning,236,0.4449152542372881
Eugene Simon Vindman,Democrat,Trump II,09-17 work,1189,0.4449116904962153
Chrissy Houlahan,Democrat,Trump II,09-17 work,452,0.4446902654867257
Lloyd Doggett,Democrat,Trump,05-08 morning,673,0.4442793462109955
Maxwell Frost,Democrat,Trump II,09-17 work,1220,0.44426229508196724
Ro Khanna,Democrat,Trump II,05-08 morning,1452,0.44421487603305787
"Santos, George",Republican,Biden,09-17 work,358,0.4441340782122905
Wesley Hunt,Republican,Trump II,09-17 work,710,0.44366197183098594
"Swalwell, Eric",Democrat,Biden,09-17 work,2600,0.44346153846153846
"Banks, Jim",Republican,Trump,21-23 late,212,0.44339622641509435
Mark DeSaulnier,Democrat,Trump II,09-17 work,894,0.4429530201342282
Thomas Massie,Republican,Biden,05-08 morning,2595,0.44277456647398844
Nikema Williams,Democrat,Trump II,09-17 work,899,0.44271412680756395
Adam Smith,Democrat,Trump II,05-08 morning,450,0.44222222222222224
Thomas Massie,Republican,Trump II,00-04 night,545,0.44220183486238535
Eleanor Holmes Norton,Democrat,Trump II,09-17 work,319,0.44200626959247646
Josh Hawley,Republican,Trump,09-17 work,2600,0.4419230769230769
Tim Kaine,Democrat,Trump,05-08 morning,879,0.44141069397042093
Joe Kennedy D-MA,Democrat,Trump,09-17 work,2234,0.44136078782453
Ro Khanna,Democrat,Trump II,09-17 work,2214,0.44128274616079494
Diana Harshbarger,Republican,Trump II,09-17 work,553,0.4412296564195298
Glenn Ivey,Democrat,Trump II,05-08 morning,331,0.44108761329305135
Pramila Jayapal,Democrat,Trump,05-08 morning,3435,0.4410480349344978
Tom Cotton,Republican,Trump,18-20 evening,254,0.4409448818897638
Jackie Speier D-CA,Democrat,Biden,09-17 work,948,0.4409282700421941
Tim Kaine,Democrat,Trump,09-17 work,1591,0.4406033940917662
Richard J. Durbin,Democrat,Trump,09-17 work,9583,0.4405718459772514
Steve Daines,Republican,Biden,05-08 morning,688,0.44040697674418605
Carol Shea-Porter D-NH,Democrat,Trump,09-17 work,243,0.4403292181069959
Rand Paul,Republican,Biden,00-04 night,359,0.4401114206128134
Jim Hagedorn R-MN,Republican,Biden,09-17 work,1380,0.4398550724637681
Zoe Lofgren,Democrat,Trump,05-08 morning,357,0.43977591036414565
Seth Moulton,Democrat,Trump,09-17 work,580,0.4396551724137931
Rand Paul,Republican,Biden,09-17 work,2946,0.43957909029192127
Steve Cohen,Democrat,Biden,21-23 late,273,0.43956043956043955
Rick Scott,Republican,Trump,05-08 morning,954,0.4392033542976939
"Green, Mark",Republican,Trump,09-17 work,2307,0.4390983961855223
Elise M. Stefanik,Republican,Trump II,09-17 work,1492,0.4383378016085791
Joaquin Castro,Democrat,Biden,09-17 work,1306,0.43797856049004597
Mo Brooks R-AL,Republican,Trump,05-08 morning,411,0.43795620437956206
Scott H. Peters,Democrat,Trump II,09-17 work,555,0.43783783783783786
Bobby Rush D-IL,Democrat,Trump,09-17 work,3314,0.4375377187688594
Chrissy Houlahan,Democrat,Trump II,05-08 morning,352,0.4375
Mike Rogers,Republican,Biden,09-17 work,1943,0.4369531652084406
Jackie Speier D-CA,Democrat,Biden,05-08 morning,261,0.4367816091954023
Dan Crenshaw,Republican,Trump II,05-08 morning,600,0.43666666666666665
Gary C. Peters,Democrat,Trump II,09-17 work,497,0.43661971830985913
Lizzie Fletcher,Democrat,Trump II,05-08 morning,591,0.4365482233502538
Brian Babin,Republican,Trump II,05-08 morning,456,0.43640350877192985
Bonnie Watson Coleman,Democrat,Trump,05-08 morning,275,0.43636363636363634
Mary E. Miller,Republican,Trump II,00-04 night,204,0.4362745098039216
Steve Daines,Republican,Biden,09-17 work,1625,0.4356923076923077
"Swalwell, Eric",Democrat,Biden,05-08 morning,964,0.43568464730290457
Lloyd Doggett,Democrat,Trump,09-17 work,6351,0.43567942056369074
Scott Fitzgerald,Republican,Biden,05-08 morning,225,0.43555555555555553
Sean Casten,Democrat,Trump,00-04 night,294,0.43537414965986393
Ruben Gallego,Democrat,Trump,05-08 morning,625,0.4352
Robert Menendez,Democrat,Trump II,09-17 work,1060,0.4349056603773585
Melanie A. Stansbury,Democrat,Trump II,00-04 night,276,0.43478260869565216
Melanie A. Stansbury,Democrat,Trump II,05-08 morning,635,0.4346456692913386
"Menendez, Bob",Democrat,Trump,18-20 evening,718,0.43454038997214484
Derrick Van Orden,Republican,Trump II,00-04 night,1222,0.43453355155482815
Greg Stanton,Democrat,Trump II,09-17 work,1471,0.4343983684568321
Thomas Massie,Republican,Biden,09-17 work,6095,0.4342904019688269
Thomas Massie,Republican,Biden,00-04 night,1532,0.43407310704960833
James P. McGovern,Democrat,Trump,18-20 evening,970,0.43402061855670104
"Frank Pallone, Jr.",Democrat,Trump,09-17 work,549,0.4335154826958106
Mitch McConnell,Republican,Biden,09-17 work,1517,0.43309162821357944
Ruben Gallego,Democrat,Trump,09-17 work,1626,0.43296432964329645
Luis Gutierrez D-IL,Democrat,Trump,09-17 work,1749,0.43281875357347055
Martin Heinrich,Democrat,Trump,09-17 work,409,0.43276283618581907
Carlos A. Gimenez,Republican,Biden,05-08 morning,731,0.4322845417236662
Troy E. Nehls,Republican,Trump II,09-17 work,539,0.4322820037105751
Nancy Mace,Republican,Trump II,18-20 evening,738,0.43224932249322495
"Frank Pallone, Jr.",Democrat,Biden,18-20 evening,250,0.432
Steve Cohen,Democrat,Biden,00-04 night,220,0.4318181818181818
Dan Crenshaw,Republican,Trump II,09-17 work,1459,0.4318026045236463
Ro Khanna,Democrat,Trump,00-04 night,3011,0.4317502490866822
Mike Doyle D-PA,Democrat,Trump,18-20 evening,248,0.4314516129032258
"Swalwell, Eric",Democrat,Biden,18-20 evening,756,0.4312169312169312
Greg Stanton,Democrat,Trump II,05-08 morning,782,0.4309462915601023
Nancy Pelosi,Democrat,Trump,05-08 morning,2140,0.4308411214953271
Beth Van Duyne,Republican,Biden,09-17 work,3827,0.430363208779723
Rand Paul,Republican,Biden,05-08 morning,2024,0.43033596837944665
Ashley Hinson,Republican,Biden,00-04 night,244,0.430327868852459
"Swalwell, Eric",Democrat,Trump,18-20 evening,1118,0.43023255813953487
Andy Harris,Republican,Biden,05-08 morning,279,0.43010752688172044
Patrick Leahy D-VT,Democrat,Trump,18-20 evening,672,0.43005952380952384
Angie Craig,Democrat,Trump II,05-08 morning,1114,0.42998204667863554
W. Gregory Steube,Republican,Trump,09-17 work,1312,0.4298780487804878
Nancy Mace,Republican,Trump II,00-04 night,2295,0.42962962962962964
Ritchie Torres,Democrat,Biden,00-04 night,412,0.42961165048543687
Chris Van Hollen,Democrat,Biden,09-17 work,2016,0.42956349206349204
Nancy Mace,Republican,Biden,05-08 morning,2051,0.4295465626523647
"Earl L. ""Buddy"" Carter",Republican,Biden,05-08 morning,319,0.42946708463949845
"Johnny Olszewski, Jr.",Democrat,Trump II,09-17 work,408,0.42892156862745096
Brian Schatz,Democrat,Trump,00-04 night,740,0.4283783783783784
"Cardin, Benjamin",Democrat,Trump,18-20 evening,432,0.42824074074074076
Derrick Van Orden,Republican,Trump II,05-08 morning,1591,0.42803268384663734
Ro Khanna,Democrat,Trump,05-08 morning,5257,0.42781053832984595
Derrick Van Orden,Republican,Biden,05-08 morning,608,0.4276315789473684
"Banks, Jim",Republican,Trump,18-20 evening,442,0.4276018099547511
"Swalwell, Eric",Democrat,Trump,09-17 work,4087,0.42720822118913626
Ted Deutch D-FL,Democrat,Trump,05-08 morning,267,0.42696629213483145
Diana DeGette,Democrat,Trump,09-17 work,2696,0.42692878338278933
Andy Biggs,Republican,Trump,09-17 work,8060,0.4269230769230769
Elizabeth Warren,Democrat,Trump,05-08 morning,3257,0.42677310408351243
Lizzie Fletcher,Democrat,Trump II,09-17 work,635,0.4267716535433071
Robert B. Aderholt,Republican,Biden,09-17 work,621,0.42673107890499196
"Casey, Robert Jr.",Democrat,Trump,09-17 work,6142,0.42657114946271574
"Robert F. Onder, Jr.",Republican,Trump II,09-17 work,612,0.4264705882352941
Jerrold Nadler,Democrat,Biden,05-08 morning,406,0.42610837438423643
"Casey, Robert Jr.",Democrat,Trump,18-20 evening,874,0.425629290617849
Gregory F. Murphy,Republican,Biden,05-08 morning,590,0.42542372881355933
Rand Paul,Republican,Trump,00-04 night,268,0.4253731343283582
Don Bacon,Republican,Biden,00-04 night,487,0.42505133470225875
Jim Jordan,Republican,Biden,05-08 morning,1861,0.4250403009134874
Tommy Tuberville,Republican,Biden,09-17 work,3713,0.4249932669000808
Bill Huizenga,Republican,Biden,09-17 work,1191,0.4248530646515533
Lateefah Simon,Democrat,Trump II,09-17 work,299,0.42474916387959866
Diana Harshbarger,Republican,Biden,09-17 work,1842,0.4245385450597177
Lee Zeldin R-NY,Republican,Trump,18-20 evening,502,0.4243027888446215
Marsha Blackburn,Republican,Trump,00-04 night,422,0.42417061611374407
Mark R. Warner,Democrat,Trump,05-08 morning,526,0.42395437262357416
Kamala Harris D-CA,Democrat,Trump,18-20 evening,491,0.42362525458248473
"Swalwell, Eric",Democrat,Trump,21-23 late,373,0.42359249329758714
Rand Paul,Republican,Trump,05-08 morning,1065,0.42347417840375584
Anna Paulina Luna,Republican,Biden,18-20 evening,494,0.4230769230769231
Christopher Murphy,Democrat,Biden,05-08 morning,1170,0.4230769230769231
Derrick Van Orden,Republican,Biden,00-04 night,452,0.4225663716814159
Pat Harrigan,Republican,Trump II,05-08 morning,831,0.4223826714801444
Steve Scalise,Republican,Trump II,09-17 work,502,0.42231075697211157
"Budd, Ted",Republican,Biden,09-17 work,1576,0.4219543147208122
Stephen F. Lynch,Democrat,Trump II,09-17 work,313,0.4217252396166134
Sam T. Liccardo,Democrat,Trump II,09-17 work,1000,0.421
Ami Bera,Democrat,Trump II,09-17 work,354,0.4209039548022599
Luz M. Rivas,Democrat,Trump II,09-17 work,649,0.4206471494607088
Derrick Van Orden,Republican,Trump II,09-17 work,3371,0.4206466923761495
Alexandria Ocasio-Cortez,Democrat,Trump,05-08 morning,1127,0.42058562555456963
Raul Ruiz,Democrat,Trump II,09-17 work,407,0.4201474201474201
Ted Cruz,Republican,Obama,18-20 evening,457,0.4201312910284464
Amy Klobuchar,Democrat,Trump II,09-17 work,2395,0.42004175365344465
Liz Cheney R-WY,Republican,Biden,09-17 work,648,0.41975308641975306
Rand Paul,Republican,Trump,09-17 work,1230,0.4195121951219512
Lisa C. McClain,Republican,Trump II,05-08 morning,708,0.4194915254237288
Suzanne Bonamici,Democrat,Trump II,09-17 work,267,0.41947565543071164
Ted Deutch D-FL,Democrat,Trump,09-17 work,4837,0.4192681414099649
Josh Gottheimer,Democrat,Trump II,09-17 work,759,0.4189723320158103
Melanie A. Stansbury,Democrat,Trump II,09-17 work,1246,0.4189406099518459
Richard Hudson,Republican,Biden,05-08 morning,375,0.4186666666666667
"Frank Pallone, Jr.",Democrat,Trump,05-08 morning,301,0.4186046511627907
"Johnny Olszewski, Jr.",Democrat,Trump II,05-08 morning,232,0.41810344827586204
Dan Sullivan,Republican,Biden,05-08 morning,536,0.417910447761194
Sylvia R. Garcia,Democrat,Trump II,09-17 work,857,0.4177362893815636
Clay Higgins,Republican,Biden,05-08 morning,273,0.4175824175824176
Brendan F. Boyle,Democrat,Trump II,18-20 evening,211,0.41706161137440756
Diane Black R-TN,Republican,Obama,18-20 evening,235,0.41702127659574467
Jim Bridenstine R-OK,Republican,Obama,09-17 work,859,0.4167636786961583
Bill Huizenga,Republican,Biden,05-08 morning,233,0.41630901287553645
Bill Huizenga,Republican,Biden,18-20 evening,209,0.41626794258373206
"Menendez, Bob",Democrat,Trump,09-17 work,7576,0.4156546990496304
Jasmine Crockett,Democrat,Biden,05-08 morning,426,0.4154929577464789
Bill Hagerty,Republican,Biden,21-23 late,337,0.41543026706231456
Chris Jacobs R-NY,Republican,Biden,09-17 work,484,0.4152892561983471
Virginia Foxx,Republican,Biden,05-08 morning,306,0.4150326797385621
Roger F. Wicker,Republican,Biden,00-04 night,200,0.415
Mo Brooks R-AL,Republican,Trump,18-20 evening,229,0.4148471615720524
"Charles J. ""Chuck"" Fleischmann",Republican,Biden,05-08 morning,340,0.4147058823529412
"Banks, Jim",Republican,Trump,05-08 morning,246,0.4146341463414634
Nancy Pelosi,Democrat,Trump II,09-17 work,234,0.41452991452991456
Andy Harris,Republican,Trump II,09-17 work,538,0.4144981412639405
Jim Jordan,Republican,Biden,18-20 evening,304,0.4144736842105263
Elizabeth Warren,Democrat,Trump,00-04 night,526,0.4144486692015209
Nicole Malliotakis,Republican,Biden,18-20 evening,285,0.41403508771929826
Bonnie Watson Coleman,Democrat,Trump,18-20 evening,285,0.41403508771929826
Gwen Moore,Democrat,Trump,09-17 work,3218,0.4139216904909882
Beth Van Duyne,Republican,Trump II,05-08 morning,522,0.41379310344827586
Jeff Merkley,Democrat,Biden,00-04 night,607,0.4135090609555189
Ken Calvert,Republican,Trump II,05-08 morning,634,0.41324921135646686
Alcee Hastings D-FL,Democrat,Trump,09-17 work,1072,0.41324626865671643
Andrea Salinas,Democrat,Trump II,05-08 morning,714,0.41316526610644255
Diana DeGette,Democrat,Trump,05-08 morning,610,0.4131147540983607
Marilyn Strickland,Democrat,Trump II,05-08 morning,368,0.41304347826086957
Christopher Murphy,Democrat,Biden,18-20 evening,441,0.4126984126984127
"Swalwell, Eric",Democrat,Trump,05-08 morning,1519,0.4121132323897301
Thomas Massie,Republican,Biden,18-20 evening,1477,0.4116452268111036
Michael Guest,Republican,Biden,09-17 work,1538,0.4115734720416125
Tammy Duckworth,Democrat,Trump,05-08 morning,678,0.41150442477876104
"Lee, Barbara",Democrat,Trump,18-20 evening,355,0.4112676056338028
Ashley Hinson,Republican,Biden,05-08 morning,1090,0.41100917431192663
Randy Fine,Republican,Trump II,18-20 evening,256,0.41015625
Kathleen Rice D-NY,Democrat,Trump,09-17 work,1390,0.41007194244604317
Suhas Subramanyam,Democrat,Trump II,05-08 morning,344,0.40988372093023256
Michael A. Rulli,Republican,Trump II,09-17 work,388,0.4097938144329897
Joe Crowley D-NY,Democrat,Trump,09-17 work,2389,0.409376308078694
James P. McGovern,Democrat,Biden,21-23 late,345,0.40869565217391307
Ted Cruz,Republican,Obama,09-17 work,3112,0.4084190231362468
Daniel Meuser,Republican,Biden,09-17 work,1680,0.4083333333333333
Roger Marshall,Republican,Biden,00-04 night,414,0.4082125603864734
James P. McGovern,Democrat,Biden,05-08 morning,539,0.40816326530612246
Nicole Malliotakis,Republican,Trump II,05-08 morning,451,0.4079822616407982
Nancy Pelosi,Democrat,Trump,09-17 work,3322,0.4078868151715834
Eliot Engel D-NY,Democrat,Trump,09-17 work,2187,0.407864654778235
Seth Magaziner,Democrat,Trump II,05-08 morning,917,0.4078516902944384
Carlos A. Gimenez,Republican,Biden,09-17 work,2710,0.4077490774907749
Sean Casten,Democrat,Biden,00-04 night,731,0.4076607387140903
Gregory F. Murphy,Republican,Biden,09-17 work,2630,0.40760456273764256
Kevin Hern,Republican,Trump II,05-08 morning,351,0.4074074074074074
Al Green,Democrat,Trump,05-08 morning,447,0.407158836689038
Virginia Foxx,Republican,Trump,09-17 work,226,0.40707964601769914
Joni Ernst,Republican,Biden,00-04 night,543,0.40699815837937386
Brian J. Mast,Republican,Biden,00-04 night,408,0.4068627450980392
Michael T. McCaul,Republican,Biden,09-17 work,2400,0.4066666666666667
Eleanor Holmes Norton,Democrat,Trump II,05-08 morning,320,0.40625
Pramila Jayapal,Democrat,Trump,18-20 evening,2246,0.40605520926090827
"Lamborn, Doug",Republican,Biden,05-08 morning,303,0.40594059405940597
Maria Cantwell,Democrat,Trump II,09-17 work,340,0.40588235294117647
"Phillips, Dean",Democrat,Biden,05-08 morning,318,0.4056603773584906
Suhas Subramanyam,Democrat,Trump II,09-17 work,779,0.4056482670089859
Ted Cruz,Republican,Obama,05-08 morning,511,0.4050880626223092
Rashida Tlaib,Democrat,Biden,09-17 work,3074,0.4046844502277163
Mike Thompson,Democrat,Trump II,05-08 morning,581,0.4044750430292599
Donald Norcross,Democrat,Trump II,09-17 work,628,0.40445859872611467
Tim Scott,Republican,Biden,09-17 work,3858,0.40435458786936235
Laura Friedman,Democrat,Trump II,05-08 morning,329,0.40425531914893614
Austin Scott,Republican,Biden,09-17 work,649,0.4036979969183359
Eugene Simon Vindman,Democrat,Trump II,05-08 morning,731,0.40355677154582764
Fred Keller R-PA,Republican,Biden,09-17 work,1653,0.40350877192982454
Nicholas A. Langworthy,Republican,Biden,09-17 work,632,0.40348101265822783
"Porter, Katie",Democrat,Biden,09-17 work,1522,0.40341655716162944
Thomas Massie,Republican,Biden,21-23 late,1183,0.40321217244294166
Pete Stauber,Republican,Biden,05-08 morning,556,0.4028776978417266
Joe Wilson,Republican,Biden,09-17 work,1462,0.40287277701778385
Pramila Jayapal,Democrat,Trump,09-17 work,12266,0.40265775313875757
Warren Davidson,Republican,Biden,18-20 evening,236,0.4025423728813559
Burgess Owens,Republican,Biden,00-04 night,395,0.40253164556962023
Ro Khanna,Democrat,Trump,09-17 work,11128,0.40213874910136593
Mark Takano,Democrat,Trump,09-17 work,2276,0.40202108963093147
William R. Keating,Democrat,Trump,09-17 work,398,0.4020100502512563
"Earl L. ""Buddy"" Carter",Republican,Trump II,05-08 morning,448,0.4017857142857143
Joyce Beatty,Democrat,Trump II,09-17 work,508,0.4015748031496063
Gabe Evans,Republican,Trump II,00-04 night,314,0.4012738853503185
Lois Frankel,Democrat,Trump,09-17 work,3228,0.40117719950433706
Al Green,Democrat,Trump,09-17 work,1289,0.4010861132660978
Rudy Yakym III,Republican,Biden,09-17 work,1142,0.4010507880910683
Yvette D. Clarke,Democrat,Trump,05-08 morning,317,0.40063091482649843
Susie Lee,Democrat,Trump II,05-08 morning,392,0.4005102040816326
Diana Harshbarger,Republican,Trump II,05-08 morning,447,0.4004474272930649
LaMonica McIver,Democrat,Trump II,09-17 work,1407,0.40014214641080315
Robert Menendez,Democrat,Trump II,05-08 morning,505,0.4
James A. Himes,Democrat,Trump,05-08 morning,215,0.4
Marsha Blackburn,Republican,Trump II,09-17 work,2518,0.3995234312946783
Lloyd Doggett,Democrat,Trump,21-23 late,318,0.39937106918238996
Bobby Rush D-IL,Democrat,Trump,05-08 morning,298,0.39932885906040266
Ted Cruz,Republican,Trump II,00-04 night,759,0.39920948616600793
Margaret Wood Hassan,Democrat,Trump II,05-08 morning,233,0.39914163090128757
Sheldon Whitehouse,Democrat,Biden,00-04 night,228,0.3991228070175439
Elissa Slotkin,Democrat,Trump II,09-17 work,411,0.39902676399026765
Joe Kennedy D-MA,Democrat,Trump,18-20 evening,341,0.39882697947214074
"Donald S. Beyer, Jr.",Democrat,Biden,09-17 work,1437,0.3987473903966597
Christopher Murphy,Democrat,Biden,09-17 work,2414,0.3985086992543496
"Rodgers, Cathy McMorris",Republican,Biden,09-17 work,266,0.39849624060150374
Raja Krishnamoorthi,Democrat,Biden,09-17 work,1578,0.3979721166032953
Virginia Foxx,Republican,Trump II,09-17 work,621,0.3977455716586151
Lois Frankel,Democrat,Trump,05-08 morning,239,0.39748953974895396
Dianne Feinstein D-CA,Democrat,Trump,09-17 work,4448,0.39748201438848924
John W. Rose,Republican,Biden,09-17 work,1233,0.39740470397404704
Barry Moore,Republican,Trump II,09-17 work,491,0.3971486761710794
Mark Pocan,Democrat,Biden,05-08 morning,801,0.3970037453183521
Marsha Blackburn,Republican,Trump II,00-04 night,446,0.3968609865470852
Marsha Blackburn,Republican,Trump II,05-08 morning,1376,0.39680232558139533
Summer L. Lee,Democrat,Biden,09-17 work,1167,0.3967437874892888
Sean Maloney D-NY,Democrat,Trump,18-20 evening,527,0.396584440227704
Dina Titus,Democrat,Trump II,05-08 morning,865,0.3965317919075145
Anna Paulina Luna,Republican,Trump II,05-08 morning,1759,0.3962478681068789
James A. Himes,Democrat,Trump,09-17 work,462,0.3961038961038961
Nydia M. Velázquez,Democrat,Trump,05-08 morning,268,0.39552238805970147
Anthony Brown D-MD,Democrat,Trump,18-20 evening,210,0.3952380952380952
Gabe Evans,Republican,Trump II,09-17 work,706,0.3951841359773371
André Carson,Democrat,Trump II,05-08 morning,286,0.3951048951048951
"Charles J. ""Chuck"" Fleischmann",Republican,Biden,09-17 work,1787,0.39507554560716285
Rick Scott,Republican,Trump II,00-04 night,486,0.3950617283950617
Jodey C. Arrington,Republican,Trump II,05-08 morning,294,0.3945578231292517
Thomas Massie,Republican,Obama,18-20 evening,251,0.3944223107569721
Maxwell Frost,Democrat,Trump II,05-08 morning,581,0.39414802065404475
Janice D. Schakowsky,Democrat,Trump,09-17 work,1457,0.3939601921757035
Nicole Malliotakis,Republican,Trump II,09-17 work,754,0.39389920424403185
Grace Meng,Democrat,Trump II,09-17 work,1890,0.39365079365079364
"Carper, Thomas ",Democrat,Trump,18-20 evening,719,0.39360222531293465
Nydia M. Velázquez,Democrat,Trump,09-17 work,493,0.3935091277890467
Pramila Jayapal,Democrat,Biden,00-04 night,1149,0.39338555265448216
Clay Fuller,Republican,Trump II,09-17 work,374,0.393048128342246
Troy A. Carter,Democrat,Trump II,05-08 morning,499,0.3927855711422846
Mike Kelly,Republican,Biden,05-08 morning,275,0.3927272727272727
Mazie K. Hirono,Democrat,Biden,00-04 night,494,0.39271255060728744
Marcy Kaptur,Democrat,Trump,18-20 evening,242,0.3925619834710744
Michael Guest,Republican,Biden,05-08 morning,456,0.3925438596491228
Tom Udall D-NM,Democrat,Trump,05-08 morning,372,0.3924731182795699
Elizabeth Warren,Democrat,Obama,05-08 morning,418,0.3923444976076555
Brad Sherman,Democrat,Trump,05-08 morning,209,0.3923444976076555
Derrick Van Orden,Republican,Biden,09-17 work,1792,0.39229910714285715
Russell Fry,Republican,Trump II,09-17 work,900,0.39222222222222225
Elijah Crane,Republican,Trump II,00-04 night,1214,0.39209225700164746
Joyce Beatty,Democrat,Trump II,05-08 morning,250,0.392
Tammy Duckworth,Democrat,Trump,09-17 work,4909,0.39193318394785087
Ted Cruz,Republican,Trump,18-20 evening,1258,0.3918918918918919
Ted Cruz,Republican,Trump II,05-08 morning,2346,0.3917306052855925
Katherine Clark D-MA,Democrat,Trump,18-20 evening,240,0.39166666666666666
John Conyers D-MI,Democrat,Trump,09-17 work,916,0.39082969432314413
Steven Horsford,Democrat,Trump II,00-04 night,607,0.3904448105436573
Scott DesJarlais,Republican,Biden,09-17 work,510,0.39019607843137255
Burgess Owens,Republican,Biden,09-17 work,2462,0.38992688870836717
Andy Barr,Republican,Biden,09-17 work,1870,0.38983957219251336
Burgess Owens,Republican,Biden,05-08 morning,1212,0.38943894389438943
Tracey Mann,Republican,Biden,09-17 work,1012,0.3893280632411067
Chellie Pingree,Democrat,Trump,09-17 work,316,0.38924050632911394
Sylvia R. Garcia,Democrat,Trump II,05-08 morning,671,0.3889716840536513
Russell Fry,Republican,Biden,09-17 work,903,0.38870431893687707
Veronica Escobar,Democrat,Trump,21-23 late,314,0.3885350318471338
Val Demings D-FL,Democrat,Trump,09-17 work,5894,0.38853070919579236
Mike Ezell,Republican,Biden,09-17 work,618,0.3883495145631068
Dina Titus,Democrat,Trump II,00-04 night,291,0.38831615120274915
Jim Jordan,Republican,Trump II,05-08 morning,667,0.38830584707646176
Chris Van Hollen,Democrat,Obama,05-08 morning,742,0.3881401617250674
"Henry C. ""Hank"" Johnson, Jr.",Democrat,Trump,09-17 work,335,0.3880597014925373
Maxine Waters,Democrat,Biden,09-17 work,464,0.3879310344827586
Val Demings D-FL,Democrat,Trump,18-20 evening,789,0.38783269961977185
Ken Calvert,Republican,Trump II,09-17 work,539,0.3877551020408163
Veronica Escobar,Democrat,Trump,05-08 morning,583,0.3876500857632933
Joe Courtney,Democrat,Trump II,09-17 work,529,0.387523629489603
Andy Barr,Republican,Biden,18-20 evening,271,0.3874538745387454
Angie Craig,Democrat,Trump II,09-17 work,1400,0.3871428571428571
"Bush, Cori",Democrat,Biden,18-20 evening,341,0.3870967741935484
Sydney Kamlager-Dove,Democrat,Biden,05-08 morning,256,0.38671875
Stephanie I. Bice,Republican,Biden,05-08 morning,471,0.386411889596603
Vern Buchanan,Republican,Biden,09-17 work,785,0.38598726114649684
Warren Davidson,Republican,Trump,09-17 work,342,0.38596491228070173
Sam Graves,Republican,Biden,09-17 work,916,0.3853711790393013
Mike Quigley,Democrat,Trump,18-20 evening,636,0.38522012578616355
Dianne Feinstein D-CA,Democrat,Trump,05-08 morning,704,0.3849431818181818
"Robert F. Onder, Jr.",Republican,Trump II,00-04 night,291,0.3848797250859107
Diana Harshbarger,Republican,Biden,05-08 morning,429,0.38461538461538464
Carlos A. Gimenez,Republican,Biden,18-20 evening,333,0.3843843843843844
Bonnie Watson Coleman,Democrat,Trump,09-17 work,2894,0.38424326192121633
Ro Khanna,Democrat,Biden,05-08 morning,2767,0.38380917961691363
"Cardenas, Tony",Democrat,Trump,09-17 work,1984,0.38356854838709675
"D'Esposito, Anthony",Republican,Biden,09-17 work,730,0.3835616438356164
Tim Burchett,Republican,Biden,09-17 work,4027,0.38341196920784704
Gwen Moore,Democrat,Trump,05-08 morning,240,0.38333333333333336
Mike Collins,Republican,Biden,09-17 work,1391,0.38317757009345793
Yvette D. Clarke,Democrat,Trump,09-17 work,3853,0.3830781209447184
Tim Scott,Republican,Biden,05-08 morning,854,0.382903981264637
Warren Davidson,Republican,Trump II,05-08 morning,478,0.38284518828451886
Nancy Pelosi,Democrat,Trump II,00-04 night,209,0.3827751196172249
"Donald S. Beyer, Jr.",Democrat,Biden,05-08 morning,651,0.3824884792626728
Jason Smith,Republican,Trump II,05-08 morning,597,0.38190954773869346
Mike Johnson,Republican,Biden,05-08 morning,364,0.38186813186813184
Debbie Wasserman Schultz,Democrat,Biden,05-08 morning,948,0.3818565400843882
Patrick Ryan,Democrat,Trump II,09-17 work,1005,0.38109452736318405
Chris Pappas,Democrat,Trump II,05-08 morning,814,0.3808353808353808
"Earl L. ""Buddy"" Carter",Republican,Trump II,09-17 work,586,0.38054607508532423
Tom Cotton,Republican,Trump,09-17 work,3128,0.3804347826086957
Gabe Vasquez,Democrat,Trump II,05-08 morning,326,0.3803680981595092
Lee Zeldin R-NY,Republican,Trump,21-23 late,471,0.38004246284501064
Lauren Boebert,Republican,Trump II,09-17 work,887,0.37993235625704624
Mike Rogers,Republican,Biden,05-08 morning,508,0.3799212598425197
Jamie Raskin,Democrat,Biden,05-08 morning,345,0.37971014492753624
Jackie Speier D-CA,Democrat,Obama,05-08 morning,693,0.3795093795093795
Dina Titus,Democrat,Trump II,09-17 work,823,0.37910085054678005
Mark DeSaulnier,Democrat,Trump,09-17 work,2546,0.37902592301649646
Paul A. Gosar,Republican,Trump,05-08 morning,2240,0.37857142857142856
Mazie K. Hirono,Democrat,Biden,05-08 morning,555,0.3783783783783784
Tony Wied,Republican,Trump II,05-08 morning,407,0.3783783783783784
Janice D. Schakowsky,Democrat,Trump,18-20 evening,275,0.3781818181818182
John R. Carter,Republican,Biden,09-17 work,746,0.3780160857908847
Ruben Gallego,Democrat,Biden,00-04 night,500,0.378
Bill Cassidy,Republican,Biden,05-08 morning,1704,0.3779342723004695
Ashley Moody,Republican,Trump II,09-17 work,818,0.37775061124694376
Paul A. Gosar,Republican,Trump,18-20 evening,654,0.37767584097859325
Cliff Bentz,Republican,Biden,05-08 morning,474,0.37763713080168776
Troy A. Carter,Democrat,Trump II,09-17 work,715,0.3776223776223776
Mary Gay Scanlon,Democrat,Trump,21-23 late,432,0.3773148148148148
Mark Pocan,Democrat,Biden,09-17 work,3009,0.3772017281488867
"Gaetz, Matt",Republican,Trump,18-20 evening,745,0.37718120805369126
Sarah McBride,Democrat,Trump II,09-17 work,525,0.37714285714285717
"Cardenas, Tony",Democrat,Trump,05-08 morning,525,0.37714285714285717
Roger F. Wicker,Republican,Biden,09-17 work,4092,0.3770772238514174
Rosa L. DeLauro,Democrat,Trump,09-17 work,491,0.37678207739307534
Dan Sullivan,Republican,Biden,09-17 work,831,0.3766546329723225
Gwen Moore,Democrat,Trump,18-20 evening,563,0.3765541740674956
Mark DeSaulnier,Democrat,Trump,05-08 morning,571,0.37653239929947463
Raja Krishnamoorthi,Democrat,Biden,05-08 morning,627,0.3763955342902711
Tim Scott,Republican,Biden,18-20 evening,380,0.3763157894736842
Janelle S. Bynum,Democrat,Trump II,09-17 work,412,0.3762135922330097
Joseph D. Morelle,Democrat,Trump II,05-08 morning,737,0.3758480325644505
Timothy M. Kennedy,Democrat,Trump II,05-08 morning,306,0.3758169934640523
Janelle S. Bynum,Democrat,Trump II,05-08 morning,314,0.37579617834394907
John Fleming R-LA,Republican,Obama,09-17 work,958,0.3757828810020877
John Cornyn,Republican,Biden,05-08 morning,1995,0.37543859649122807
Lois Frankel,Democrat,Trump,18-20 evening,216,0.375
Rick Scott,Republican,Trump,21-23 late,200,0.375
Tim Burchett,Republican,Trump II,00-04 night,1252,0.3746006389776358
Alexandria Ocasio-Cortez,Democrat,Biden,18-20 evening,406,0.37438423645320196
Nikki Budzinski,Democrat,Trump II,05-08 morning,382,0.3743455497382199
William R. Timmons IV,Republican,Biden,09-17 work,1551,0.37395228884590587
Kirsten E. Gillibrand,Democrat,Trump,09-17 work,2089,0.37338439444710386
"Frank Pallone, Jr.",Democrat,Biden,09-17 work,2168,0.3731549815498155
Alexandria Ocasio-Cortez,Democrat,Trump,18-20 evening,394,0.3730964467005076
Lauren Boebert,Republican,Trump II,05-08 morning,681,0.37298091042584436
Joe Neguse,Democrat,Trump II,00-04 night,236,0.3728813559322034
Maria Cantwell,Democrat,Trump II,05-08 morning,279,0.3727598566308244
"Cardin, Benjamin",Democrat,Trump,09-17 work,3361,0.3725081820886641
Donald Norcross,Democrat,Trump II,05-08 morning,422,0.37203791469194314
Barry Moore,Republican,Trump II,05-08 morning,250,0.372
Christopher A. Coons,Democrat,Trump,05-08 morning,414,0.3719806763285024
Mike Lee,Republican,Trump,18-20 evening,234,0.3717948717948718
Tim Ryan D-OH,Democrat,Trump,21-23 late,226,0.37168141592920356
Andy Levin D-MI,Democrat,Trump,18-20 evening,296,0.3716216216216216
Rick Scott,Republican,Trump,09-17 work,4936,0.37155591572123176
Ted Cruz,Republican,Trump II,09-17 work,3763,0.37124634600053147
Nancy Mace,Republican,Biden,09-17 work,6662,0.3710597418192735
Zoe Lofgren,Democrat,Trump,09-17 work,906,0.3708609271523179
W. Gregory Steube,Republican,Trump,18-20 evening,205,0.37073170731707317
"Brown, Sherrod",Democrat,Trump,09-17 work,3821,0.37058361685422664
Russ Fulcher,Republican,Biden,09-17 work,1325,0.37056603773584906
Markwayne Mullin R-OK,Republican,Biden,05-08 morning,208,0.3701923076923077
Tommy Tuberville,Republican,Biden,05-08 morning,1024,0.3701171875
Marlin A. Stutzman,Republican,Trump II,09-17 work,762,0.3700787401574803
Troy E. Nehls,Republican,Trump II,00-04 night,200,0.37
Elise M. Stefanik,Republican,Trump II,00-04 night,492,0.3699186991869919
Debbie Dingell,Democrat,Trump II,09-17 work,492,0.3699186991869919
Gwen Moore,Democrat,Biden,05-08 morning,538,0.36988847583643125
Alexandria Ocasio-Cortez,Democrat,Biden,09-17 work,2679,0.36954087346024633
Ken Calvert,Republican,Biden,09-17 work,728,0.3695054945054945
Sean Maloney D-NY,Democrat,Trump,09-17 work,2949,0.36927772126144454
John James,Republican,Biden,09-17 work,987,0.36879432624113473
Val Demings D-FL,Democrat,Trump,05-08 morning,320,0.36875
Marcy Kaptur,Democrat,Trump II,05-08 morning,339,0.3687315634218289
Chuck Grassley,Republican,Biden,05-08 morning,852,0.3685446009389671
Pramila Jayapal,Democrat,Biden,05-08 morning,3223,0.36829041265901336
Juan Vargas,Democrat,Trump,05-08 morning,220,0.36818181818181817
Andy Biggs,Republican,Trump II,00-04 night,728,0.36813186813186816
Gregory F. Murphy,Republican,Trump,09-17 work,443,0.36794582392776526
Michael A. Rulli,Republican,Trump II,05-08 morning,204,0.36764705882352944
John Cornyn,Republican,Biden,09-17 work,2527,0.36762960031658093
Randy Feenstra,Republican,Biden,09-17 work,2419,0.3675072343943778
John Yarmuth D-KY,Democrat,Trump,09-17 work,1719,0.3670738801628854
Alexandria Ocasio-Cortez,Democrat,Biden,05-08 morning,733,0.3669849931787176
Joe Neguse,Democrat,Trump II,05-08 morning,218,0.3669724770642202
"Phillips, Dean",Democrat,Biden,18-20 evening,229,0.36681222707423583
Ted Deutch D-FL,Democrat,Trump,18-20 evening,979,0.36670071501532175
"Carl, Jerry ",Republican,Biden,09-17 work,1099,0.3666969972702457
Tim Burchett,Republican,Biden,00-04 night,1119,0.36639857015192134
Christopher A. Coons,Democrat,Trump,09-17 work,811,0.36621454993834773
Cynthia M. Lummis,Republican,Biden,09-17 work,2657,0.3662024840045164
Clay Higgins,Republican,Trump II,09-17 work,213,0.36619718309859156
Chris Pappas,Democrat,Trump II,09-17 work,1312,0.36585365853658536
Jerrold Nadler,Democrat,Biden,09-17 work,2307,0.3658430862592111
Michael T. McCaul,Republican,Biden,05-08 morning,503,0.3658051689860835
Don Bacon,Republican,Biden,21-23 late,771,0.3657587548638132
Seth Magaziner,Democrat,Trump II,09-17 work,1701,0.36566725455614346
Norma J. Torres,Democrat,Trump,09-17 work,454,0.3656387665198238
John Fetterman,Democrat,Biden,09-17 work,1239,0.36561743341404357
Ashley Hinson,Republican,Biden,09-17 work,4117,0.3655574447413165
James Lankford,Republican,Trump II,05-08 morning,435,0.36551724137931035
Alexandria Ocasio-Cortez,Democrat,Trump,09-17 work,2813,0.3654461429079275
"Randy K. Weber, Sr.",Republican,Trump II,05-08 morning,378,0.36507936507936506
Mazie K. Hirono,Democrat,Biden,09-17 work,630,0.36507936507936506
George Latimer,Democrat,Trump II,09-17 work,400,0.365
Ted Cruz,Republican,Trump,05-08 morning,2584,0.36493808049535603
"Menendez, Bob",Democrat,Trump,05-08 morning,233,0.3648068669527897
"Grijalva, Raul",Democrat,Obama,05-08 morning,417,0.3645083932853717
Elijah Cummings D-MD,Democrat,Trump,09-17 work,1284,0.3644859813084112
Ro Khanna,Democrat,Biden,00-04 night,1918,0.36444212721584984
Beth Van Duyne,Republican,Trump II,09-17 work,1353,0.36437546193643755
Burgess Owens,Republican,Trump II,09-17 work,1054,0.36432637571157495
Yvette D. Clarke,Democrat,Trump,21-23 late,335,0.3641791044776119
Brad Sherman,Democrat,Biden,09-17 work,1324,0.3640483383685801
Anna Paulina Luna,Republican,Trump II,09-17 work,4105,0.3639464068209501
Raja Krishnamoorthi,Democrat,Trump,05-08 morning,344,0.3633720930232558
Andy Biggs,Republican,Trump,18-20 evening,1773,0.3632261703327693
James E. Risch,Republican,Biden,09-17 work,2412,0.36318407960199006
Walter Jones R-NC,Republican,Obama,09-17 work,1278,0.36306729264475746
Marlin A. Stutzman,Republican,Trump II,05-08 morning,292,0.363013698630137
Mike Thompson,Democrat,Trump II,00-04 night,425,0.3623529411764706
Ayanna Pressley,Democrat,Trump,09-17 work,3674,0.36227544910179643
Colleen Hanabusa D-HI,Democrat,Trump,05-08 morning,232,0.3620689655172414
Gus M. Bilirakis,Republican,Biden,05-08 morning,658,0.3617021276595745
Richard Hudson,Republican,Trump II,05-08 morning,368,0.36141304347826086
Ron Estes,Republican,Biden,09-17 work,1398,0.36123032904148783
Kevin Hern,Republican,Trump,09-17 work,407,0.36117936117936117
"Grijalva, Raul",Democrat,Obama,09-17 work,1545,0.3611650485436893
Becca Balint,Democrat,Biden,09-17 work,1191,0.3610411418975651
Nick LaLota,Republican,Trump II,05-08 morning,698,0.36103151862464183
Mark Pocan,Democrat,Biden,18-20 evening,255,0.3607843137254902
Mike Doyle D-PA,Democrat,Trump,09-17 work,2277,0.36056214317083884
Brian Schatz,Democrat,Biden,00-04 night,541,0.36044362292051757
Peter DeFazio D-OR,Democrat,Trump,09-17 work,960,0.36041666666666666
Tim Burchett,Republican,Biden,05-08 morning,1846,0.36023835319609965
John Cornyn,Republican,Biden,00-04 night,2835,0.3601410934744268
Jack Bergman,Republican,Biden,09-17 work,386,0.3601036269430052
John Joyce,Republican,Biden,09-17 work,1278,0.3599374021909233
Wesley Bell,Democrat,Trump II,05-08 morning,264,0.35984848484848486
Pramila Jayapal,Democrat,Biden,09-17 work,7728,0.3596014492753623
Raja Krishnamoorthi,Democrat,Trump,09-17 work,534,0.3595505617977528
April McClain Delaney,Democrat,Trump II,09-17 work,669,0.35874439461883406
LaMonica McIver,Democrat,Trump II,05-08 morning,842,0.3586698337292161
Chellie Pingree,Democrat,Trump,05-08 morning,251,0.35856573705179284
Tim Ryan D-OH,Democrat,Trump,18-20 evening,452,0.3584070796460177
John H. Rutherford,Republican,Biden,09-17 work,1095,0.35799086757990867
Jimmy Panetta,Democrat,Trump II,05-08 morning,802,0.35785536159601
Kristen McDonald Rivet,Democrat,Trump II,09-17 work,355,0.35774647887323946
Debbie Dingell,Democrat,Trump II,05-08 morning,274,0.35766423357664234
Mike Quigley,Democrat,Trump,09-17 work,5516,0.3575054387237128
Ashley Moody,Republican,Trump II,05-08 morning,400,0.3575
Betty McCollum,Democrat,Trump,09-17 work,336,0.35714285714285715
Bernard Sanders,Independent,Obama,21-23 late,339,0.35693215339233036
"Luetkemeyer, Blaine",Republican,Biden,09-17 work,1017,0.35693215339233036
Jimmy Gomez,Democrat,Trump,05-08 morning,922,0.35683297180043383
Nancy Mace,Republican,Biden,18-20 evening,645,0.35658914728682173
Ritchie Torres,Democrat,Biden,18-20 evening,710,0.3563380281690141
Jeff Merkley,Democrat,Biden,09-17 work,4148,0.3563162970106075
Jamie Raskin,Democrat,Trump,05-08 morning,320,0.35625
Yvette D. Clarke,Democrat,Biden,05-08 morning,306,0.3562091503267974
Emanuel Cleaver,Democrat,Trump,09-17 work,4315,0.3561993047508691
Cory Mills,Republican,Biden,05-08 morning,382,0.35602094240837695
Judy Chu,Democrat,Biden,05-08 morning,849,0.35571260306242636
Jeff Merkley,Democrat,Biden,05-08 morning,1878,0.3556975505857295
Susie Lee,Democrat,Trump II,09-17 work,790,0.3556962025316456
Ro Khanna,Democrat,Biden,09-17 work,5327,0.3555472123146236
Chris Van Hollen,Democrat,Obama,09-17 work,1516,0.3555408970976253
Jennifer L. McClellan,Democrat,Trump II,09-17 work,1159,0.3554788610871441
Lee Zeldin R-NY,Republican,Trump,09-17 work,1700,0.3552941176470588
Diane Black R-TN,Republican,Obama,05-08 morning,653,0.3552833078101072
"Earl L. ""Buddy"" Carter",Republican,Biden,09-17 work,1157,0.35522904062229904
Tony Wied,Republican,Trump II,09-17 work,670,0.35522388059701493
James E. Risch,Republican,Biden,05-08 morning,594,0.3552188552188552
Kevin Brady R-TX,Republican,Obama,21-23 late,203,0.35467980295566504
Jasmine Crockett,Democrat,Biden,09-17 work,1502,0.35419440745672437
Scott Franklin,Republican,Biden,09-17 work,1418,0.3540197461212976
"Green, Mark",Republican,Trump,05-08 morning,260,0.35384615384615387
Ritchie Torres,Democrat,Biden,09-17 work,4170,0.35347721822541966
Tim Sheehy,Republican,Trump II,05-08 morning,348,0.35344827586206895
Wesley Bell,Democrat,Trump II,09-17 work,481,0.35343035343035345
Pete Stauber,Republican,Biden,09-17 work,2389,0.35328589367936375
Jared F. Golden,Democrat,Trump II,09-17 work,252,0.3531746031746032
Patrick Leahy D-VT,Democrat,Trump,09-17 work,5859,0.35313193377709506
Janice D. Schakowsky,Democrat,Biden,09-17 work,1340,0.3529850746268657
Marcy Kaptur,Democrat,Trump,09-17 work,1937,0.35260712441920494
Richard Blumenthal,Democrat,Biden,05-08 morning,807,0.35192069392812886
Stephanie I. Bice,Republican,Biden,09-17 work,2103,0.3518782691393248
Anna Paulina Luna,Republican,Trump II,00-04 night,333,0.35135135135135137
James P. McGovern,Democrat,Biden,09-17 work,2998,0.3512341561040694
Rick Scott,Republican,Trump,18-20 evening,917,0.3511450381679389
Dina Titus,Democrat,Trump,05-08 morning,957,0.3510971786833856
Eliot Engel D-NY,Democrat,Trump,18-20 evening,339,0.35103244837758113
David Price D-NC,Democrat,Trump,18-20 evening,265,0.35094339622641507
Beth Van Duyne,Republican,Biden,18-20 evening,305,0.35081967213114756
Chris Van Hollen,Democrat,Biden,05-08 morning,448,0.35044642857142855
Jasmine Crockett,Democrat,Biden,00-04 night,254,0.35039370078740156
Nick LaLota,Republican,Biden,05-08 morning,237,0.350210970464135
Byron Donalds,Republican,Trump II,09-17 work,791,0.3501896333754741
Mitch McConnell,Republican,Biden,05-08 morning,912,0.34978070175438597
Gus M. Bilirakis,Republican,Biden,09-17 work,2266,0.34951456310679613
Gregory F. Murphy,Republican,Trump II,09-17 work,478,0.3493723849372385
Jared Huffman,Democrat,Trump,05-08 morning,627,0.3492822966507177
Jackie Walorski R-IN,Republican,Biden,09-17 work,613,0.34910277324632955
Kirsten E. Gillibrand,Democrat,Trump,05-08 morning,957,0.3490073145245559
Cory Mills,Republican,Biden,09-17 work,857,0.34889148191365227
Daniel Webster,Republican,Biden,09-17 work,1416,0.3488700564971751
Brian Babin,Republican,Trump,09-17 work,1723,0.3488102147417295
Mario Diaz-Balart,Republican,Biden,09-17 work,1041,0.34870317002881845
Steny H. Hoyer,Democrat,Trump,05-08 morning,327,0.3486238532110092
Lisa C. McClain,Republican,Trump II,00-04 night,201,0.3482587064676617
Ilhan Omar,Democrat,Biden,09-17 work,4225,0.34816568047337276
Andy Barr,Republican,Trump II,05-08 morning,276,0.34782608695652173
Elizabeth Warren,Democrat,Obama,09-17 work,1786,0.3477043673012318
Adriano Espaillat,Democrat,Trump,21-23 late,348,0.34770114942528735
Burgess Owens,Republican,Trump II,05-08 morning,970,0.3474226804123711
"Blumenauer, Earl",Democrat,Biden,09-17 work,311,0.34726688102893893
Bill Cassidy,Republican,Biden,09-17 work,4207,0.3470406465414785
Mario Diaz-Balart,Republican,Biden,05-08 morning,470,0.3468085106382979
Ilhan Omar,Democrat,Biden,05-08 morning,1312,0.3467987804878049
David McKinley R-WV,Republican,Biden,09-17 work,984,0.3465447154471545
John Thune,Republican,Biden,09-17 work,1655,0.34622356495468276
Andy Levin D-MI,Democrat,Trump,09-17 work,1785,0.346218487394958
Pete Sessions,Republican,Biden,09-17 work,912,0.34539473684210525
Jerrold Nadler,Democrat,Biden,18-20 evening,249,0.3453815261044177
Don Bacon,Republican,Biden,05-08 morning,1551,0.34493874919406836
"Carper, Thomas ",Democrat,Trump,09-17 work,3865,0.3448900388098318
John Cornyn,Republican,Trump II,05-08 morning,1030,0.3446601941747573
John Barrasso,Republican,Trump II,09-17 work,444,0.34459459459459457
Brian Schatz,Democrat,Trump,09-17 work,1481,0.34436191762322754
"Bush, Cori",Democrat,Biden,09-17 work,1798,0.3442714126807564
Dan Newhouse,Republican,Biden,05-08 morning,552,0.3442028985507246
"Johnson, Bill",Republican,Biden,09-17 work,1209,0.34408602150537637
Tammy Duckworth,Democrat,Biden,18-20 evening,501,0.34331337325349304
Steny H. Hoyer,Democrat,Trump,09-17 work,4250,0.3432941176470588
Bill Flores R-TX,Republican,Trump,21-23 late,869,0.3429228998849252
Brenda Lawrence D-MI,Democrat,Trump,09-17 work,1992,0.3428714859437751
Addison P. McDowell,Republican,Trump II,09-17 work,563,0.3428063943161634
Terri A. Sewell,Democrat,Trump II,09-17 work,505,0.3425742574257426
Mike Thompson,Democrat,Trump II,09-17 work,581,0.342512908777969
Pete Sessions,Republican,Biden,05-08 morning,292,0.3424657534246575
Gary C. Peters,Democrat,Trump II,05-08 morning,257,0.3424124513618677
Claudia Tenney,Republican,Trump II,18-20 evening,295,0.3423728813559322
Ayanna Pressley,Democrat,Trump,05-08 morning,602,0.34219269102990035
Cindy Hyde-Smith,Republican,Biden,09-17 work,2114,0.34200567644276253
Trent Franks R-AZ,Republican,Obama,09-17 work,841,0.3412604042806183
"Duncan, Jeff",Republican,Trump,21-23 late,214,0.3411214953271028
Ted Cruz,Republican,Trump,09-17 work,9651,0.3411045487514247
"Duncan, Jeff",Republican,Obama,21-23 late,472,0.3411016949152542
Warren Davidson,Republican,Trump II,09-17 work,760,0.34078947368421053
Adam Kinzinger R-IL,Republican,Biden,09-17 work,452,0.3407079646017699
Madeleine Dean,Democrat,Trump II,05-08 morning,229,0.3406113537117904
Elijah Crane,Republican,Trump II,09-17 work,1383,0.3405639913232104
"Carl, Jerry ",Republican,Biden,05-08 morning,232,0.34051724137931033
John Cornyn,Republican,Trump,00-04 night,1851,0.34035656401944897
"Frank Pallone, Jr.",Democrat,Biden,05-08 morning,359,0.3398328690807799
Chuck Grassley,Republican,Trump II,05-08 morning,462,0.3398268398268398
Lloyd Doggett,Democrat,Biden,05-08 morning,992,0.3397177419354839
Bennie G. Thompson,Democrat,Trump,09-17 work,268,0.33955223880597013
"Robert F. Onder, Jr.",Republican,Trump II,05-08 morning,483,0.33954451345755693
Seth Moulton,Democrat,Biden,09-17 work,863,0.33951332560834296
John Barrasso,Republican,Obama,09-17 work,2160,0.33935185185185185
Ilhan Omar,Democrat,Trump,18-20 evening,336,0.3392857142857143
"Porter, Katie",Democrat,Trump,09-17 work,1456,0.3392857142857143
Christopher R. Deluzio,Democrat,Biden,09-17 work,731,0.3392612859097127
Jamie Raskin,Democrat,Biden,18-20 evening,357,0.3389355742296919
Harriet M. Hageman,Republican,Trump II,05-08 morning,301,0.3388704318936877
Mary Gay Scanlon,Democrat,Trump,18-20 evening,635,0.33858267716535434
Kevin Cramer,Republican,Biden,00-04 night,287,0.33797909407665505
Paul A. Gosar,Republican,Trump,09-17 work,4475,0.337877094972067
Norma J. Torres,Democrat,Trump,05-08 morning,299,0.3377926421404682
Greg Landsman,Democrat,Biden,05-08 morning,225,0.3377777777777778
Chuck Grassley,Republican,Biden,00-04 night,382,0.337696335078534
Ruben Gallego,Democrat,Biden,05-08 morning,1099,0.3375796178343949
"Brown, Sherrod",Democrat,Trump,18-20 evening,803,0.33748443337484435
Thom Tillis,Republican,Biden,09-17 work,1636,0.3374083129584352
Ayanna Pressley,Democrat,Trump,18-20 evening,522,0.3371647509578544
"Duncan, Jeff",Republican,Obama,09-17 work,3352,0.3368138424821002
"Gilbert Ray Cisneros, Jr.",Democrat,Trump II,05-08 morning,407,0.3366093366093366
"Connolly, Gerald E. ""Gerry""",Democrat,Biden,09-17 work,666,0.33633633633633636
Scott Fitzgerald,Republican,Trump II,09-17 work,226,0.336283185840708
Ron Wyden,Democrat,Biden,05-08 morning,888,0.3355855855855856
Lauren Boebert,Republican,Trump II,00-04 night,301,0.33554817275747506
Hakeem S. Jeffries,Democrat,Obama,09-17 work,1092,0.33516483516483514
Brad Sherman,Democrat,Biden,05-08 morning,421,0.334916864608076
Peter Meijer R-MI,Republican,Biden,18-20 evening,230,0.3347826086956522
Lucy McBath,Democrat,Trump II,09-17 work,242,0.3347107438016529
"Grijalva, Raul",Democrat,Biden,05-08 morning,431,0.33410672853828305
Troy A. Carter,Democrat,Trump II,00-04 night,213,0.3333333333333333
Nikki Budzinski,Democrat,Trump II,09-17 work,432,0.3333333333333333
Jack Reed,Democrat,Trump,18-20 evening,327,0.3333333333333333
Adriano Espaillat,Democrat,Biden,05-08 morning,982,0.3329938900203666
Jamie Raskin,Democrat,Biden,09-17 work,2274,0.33289357959542654
Patrick Ryan,Democrat,Trump II,05-08 morning,812,0.33251231527093594
Adriano Espaillat,Democrat,Trump,05-08 morning,373,0.3324396782841823
"Eric A. ""Rick"" Crawford",Republican,Biden,09-17 work,671,0.3323397913561848
Ashley Hinson,Republican,Biden,18-20 evening,512,0.33203125
Robin L. Kelly,Democrat,Trump,09-17 work,2546,0.3318931657501964
Josh Brecheen,Republican,Trump II,00-04 night,211,0.33175355450236965
Tim Ryan D-OH,Democrat,Trump,09-17 work,4061,0.33169170155134203
John B. Larson,Democrat,Trump,05-08 morning,202,0.3316831683168317
Brad Sherman,Democrat,Trump,09-17 work,368,0.33152173913043476
Nick LaLota,Republican,Trump II,09-17 work,887,0.3314543404735062
Paul Tonko,Democrat,Trump,18-20 evening,326,0.3312883435582822
Sam T. Liccardo,Democrat,Trump II,05-08 morning,643,0.3312597200622084
Daniel Meuser,Republican,Biden,05-08 morning,462,0.33116883116883117
Bonnie Watson Coleman,Democrat,Biden,05-08 morning,453,0.33112582781456956
Morgan Luttrell,Republican,Biden,09-17 work,641,0.33073322932917315
Ted Cruz,Republican,Trump,00-04 night,638,0.33072100313479624
Tammy Baldwin,Democrat,Trump,05-08 morning,481,0.3305613305613306
Burgess Owens,Republican,Trump II,00-04 night,481,0.3305613305613306
Paul Tonko,Democrat,Trump,09-17 work,3276,0.3302808302808303
Maggie Goodlander,Democrat,Trump II,09-17 work,1181,0.3302286198137172
"Porter, Katie",Democrat,Trump,05-08 morning,212,0.330188679245283
Mike Doyle D-PA,Democrat,Obama,09-17 work,415,0.3301204819277108
Sydney Kamlager-Dove,Democrat,Biden,09-17 work,1115,0.33004484304932735
Jerrold Nadler,Democrat,Obama,09-17 work,1206,0.33001658374792703
Brendan F. Boyle,Democrat,Trump,21-23 late,1197,0.32999164578111945
Lloyd Smucker,Republican,Biden,18-20 evening,291,0.32989690721649484
"Duncan, Jeff",Republican,Obama,05-08 morning,798,0.32957393483709274
Jackie Speier D-CA,Democrat,Obama,09-17 work,2088,0.32950191570881227
Ted Cruz,Republican,Trump,21-23 late,246,0.32926829268292684
Troy Balderson,Republican,Biden,09-17 work,1531,0.32919660352710645
Donna Shalala D-FL,Democrat,Trump,18-20 evening,307,0.3289902280130293
David Schweikert,Republican,Trump II,05-08 morning,228,0.32894736842105265
"Grijalva, Raul",Democrat,Biden,09-17 work,1596,0.32894736842105265
"Robert C. ""Bobby"" Scott",Democrat,Trump II,09-17 work,676,0.32840236686390534
"Phillips, Dean",Democrat,Biden,09-17 work,1148,0.32839721254355403
Tim Sheehy,Republican,Trump II,09-17 work,451,0.328159645232816
Jodey C. Arrington,Republican,Trump II,09-17 work,384,0.328125
Janice D. Schakowsky,Democrat,Biden,05-08 morning,381,0.32808398950131235
Tina Smith,Democrat,Trump,18-20 evening,308,0.32792207792207795
Byron Donalds,Republican,Trump II,05-08 morning,427,0.32786885245901637
Thomas Massie,Republican,Trump,05-08 morning,1672,0.3277511961722488
Jared Huffman,Democrat,Trump,09-17 work,1831,0.3271436373566357
Thomas Massie,Republican,Trump,09-17 work,4659,0.3271088216355441
Mike Quigley,Democrat,Trump,05-08 morning,587,0.3270868824531516
"Lee, Barbara",Democrat,Biden,05-08 morning,465,0.32688172043010755
Cliff Bentz,Republican,Biden,09-17 work,622,0.32636655948553056
Rosa L. DeLauro,Democrat,Trump,05-08 morning,233,0.3261802575107296
Yvette D. Clarke,Democrat,Trump,18-20 evening,696,0.3261494252873563
Harriet M. Hageman,Republican,Trump II,09-17 work,307,0.3257328990228013
Richard J. Durbin,Democrat,Biden,05-08 morning,1539,0.3255360623781676
Tommy Tuberville,Republican,Biden,00-04 night,255,0.3254901960784314
Jim McDermott D-WA,Democrat,Obama,09-17 work,1211,0.32535094962840627
Judy Chu,Democrat,Biden,09-17 work,1815,0.325068870523416
Kevin Hern,Republican,Trump II,09-17 work,403,0.3250620347394541
Adam Smith,Democrat,Trump,09-17 work,2634,0.3249810174639332
Maxwell Frost,Democrat,Biden,05-08 morning,357,0.32492997198879553
Dwight Evans,Democrat,Trump,21-23 late,551,0.3248638838475499
Ryan K. Zinke,Republican,Biden,09-17 work,511,0.324853228962818
Rick W. Allen,Republican,Biden,09-17 work,745,0.32483221476510066
Lloyd Doggett,Democrat,Biden,09-17 work,4428,0.32475158084914185
John R. Moolenaar,Republican,Biden,09-17 work,268,0.3246268656716418
Richard Blumenthal,Democrat,Biden,09-17 work,4468,0.3245299910474485
"Duncan, Jeff",Republican,Obama,18-20 evening,641,0.3244929797191888
Ted Cruz,Republican,Trump II,18-20 evening,564,0.324468085106383
"Jesús G. ""Chuy"" García",Democrat,Trump,18-20 evening,447,0.3243847874720358
Edward J. Markey,Democrat,Biden,09-17 work,3980,0.32437185929648243
Morgan Luttrell,Republican,Biden,05-08 morning,222,0.32432432432432434
Joe Courtney,Democrat,Trump II,05-08 morning,216,0.32407407407407407
Richard Hudson,Republican,Trump II,09-17 work,574,0.3240418118466899
Thomas Massie,Republican,Trump,18-20 evening,1118,0.32379248658318427
"Duncan, Jeff",Republican,Trump,18-20 evening,414,0.32367149758454106
Brendan F. Boyle,Democrat,Biden,21-23 late,414,0.32367149758454106
"Armstrong, Kelly",Republican,Biden,18-20 evening,207,0.32367149758454106
Cynthia M. Lummis,Republican,Biden,05-08 morning,1171,0.32365499573014517
Debbie Mucarsel-Powell D-FL,Democrat,Trump,21-23 late,374,0.3235294117647059
Maria Cantwell,Democrat,Trump,18-20 evening,810,0.3234567901234568
Mo Brooks R-AL,Republican,Trump,09-17 work,1884,0.3232484076433121
Russell Fry,Republican,Trump II,05-08 morning,449,0.32293986636971045
David Price D-NC,Democrat,Trump,09-17 work,2620,0.32290076335877865
Cynthia M. Lummis,Republican,Biden,00-04 night,536,0.32276119402985076
Susan Davis D-CA,Democrat,Trump,09-17 work,1100,0.32272727272727275
J. French Hill,Republican,Biden,09-17 work,911,0.3227222832052689
Hakeem S. Jeffries,Democrat,Obama,18-20 evening,251,0.32270916334661354
Seth Moulton,Democrat,Biden,05-08 morning,533,0.3227016885553471
Mitch McConnell,Republican,Obama,09-17 work,1314,0.3226788432267884
Cory Mills,Republican,Trump II,09-17 work,1900,0.32263157894736844
Debbie Wasserman Schultz,Democrat,Biden,09-17 work,3599,0.32258960822450683
Ron Wyden,Democrat,Biden,00-04 night,400,0.3225
"Sarbanes, John ",Democrat,Trump,09-17 work,1931,0.3221128948731227
Joe Neguse,Democrat,Trump II,09-17 work,320,0.321875
James P. McGovern,Democrat,Obama,21-23 late,230,0.3217391304347826
Barbara Boxer D-CA,Democrat,Obama,09-17 work,1433,0.3217027215631542
Bill Foster,Democrat,Trump,05-08 morning,370,0.3216216216216216
"Lamborn, Doug",Republican,Trump,09-17 work,1581,0.3213156230234029
Ayanna Pressley,Democrat,Biden,05-08 morning,1161,0.32127476313522824
James P. McGovern,Democrat,Biden,18-20 evening,551,0.32123411978221417
Amy Klobuchar,Democrat,Trump,00-04 night,517,0.32108317214700194
Elijah Crane,Republican,Trump II,05-08 morning,1196,0.3210702341137124
Sean Casten,Democrat,Trump,05-08 morning,542,0.3210332103321033
James A. Himes,Democrat,Biden,09-17 work,879,0.32081911262798635
Kevin Cramer,Republican,Biden,18-20 evening,262,0.32061068702290074
Harry Reid D-NV,Democrat,Obama,09-17 work,1594,0.3205771643663739
Nick LaLota,Republican,Biden,09-17 work,1039,0.3205004812319538
Ann Wagner,Republican,Biden,09-17 work,1426,0.32047685834502104
Raja Krishnamoorthi,Democrat,Biden,00-04 night,259,0.3204633204633205
Debbie Mucarsel-Powell D-FL,Democrat,Trump,18-20 evening,941,0.3198724760892667
Bonnie Watson Coleman,Democrat,Biden,18-20 evening,272,0.31985294117647056
Andy Biggs,Republican,Trump,21-23 late,266,0.31954887218045114
Ben Ray Luján,Democrat,Trump,18-20 evening,338,0.31952662721893493
Mike Collins,Republican,Trump II,05-08 morning,989,0.3195146612740142
Gabe Vasquez,Democrat,Trump II,09-17 work,504,0.3194444444444444
"Carper, Thomas ",Democrat,Trump,21-23 late,213,0.3192488262910798
Dan Newhouse,Republican,Biden,09-17 work,899,0.3192436040044494
Patty Murray,Democrat,Biden,09-17 work,3118,0.3191148171905067
Brendan F. Boyle,Democrat,Trump,09-17 work,2856,0.31897759103641454
Pete Stauber,Republican,Trump II,00-04 night,254,0.3188976377952756
Tammy Duckworth,Democrat,Biden,09-17 work,3712,0.3186961206896552
Tina Smith,Democrat,Biden,05-08 morning,631,0.3185419968304279
Mike Quigley,Democrat,Biden,18-20 evening,399,0.3182957393483709
Alex Padilla,Democrat,Biden,05-08 morning,1873,0.3182060864922584
Rob Portman R-OH,Republican,Biden,09-17 work,2178,0.3181818181818182
Kevin Cramer,Republican,Biden,05-08 morning,877,0.3181299885974915
Ilhan Omar,Democrat,Biden,18-20 evening,327,0.3180428134556575
Veronica Escobar,Democrat,Biden,05-08 morning,780,0.31794871794871793
Ben Sasse R-NE,Republican,Obama,09-17 work,538,0.31784386617100374
John Cornyn,Republican,Trump,05-08 morning,929,0.317545748116254
Nanette Diaz Barragán,Democrat,Trump,05-08 morning,841,0.31747919143876335
Abraham J. Hamadeh,Republican,Trump II,00-04 night,353,0.31728045325779036
Russ Fulcher,Republican,Biden,05-08 morning,477,0.3165618448637317
Tim Burchett,Republican,Trump II,05-08 morning,1515,0.31617161716171616
Jimmy Gomez,Democrat,Trump,09-17 work,3471,0.3157591472198214
Grace Meng,Democrat,Trump II,05-08 morning,621,0.31561996779388085
"Lesko, Debbie",Republican,Trump,18-20 evening,333,0.3153153153153153
Alcee Hastings D-FL,Democrat,Obama,09-17 work,609,0.31527093596059114
"McHenry, Patrick ",Republican,Biden,09-17 work,479,0.31524008350730687
Adam Smith,Democrat,Trump,05-08 morning,702,0.3148148148148148
Lloyd Doggett,Democrat,Biden,18-20 evening,432,0.3148148148148148
Jimmy Patronis,Republican,Trump II,00-04 night,353,0.31444759206798867
Gabe Evans,Republican,Trump II,05-08 morning,474,0.3143459915611814
Wesley Hunt,Republican,Trump II,00-04 night,522,0.31417624521072796
Colleen Hanabusa D-HI,Democrat,Trump,09-17 work,914,0.31400437636761486
"Charles J. ""Chuck"" Fleischmann",Republican,Trump II,05-08 morning,551,0.3139745916515426
Andy Biggs,Republican,Trump II,05-08 morning,1188,0.31397306397306396
Nick LaLota,Republican,Trump II,00-04 night,223,0.31390134529147984
Maggie Goodlander,Democrat,Trump II,05-08 morning,376,0.31382978723404253
Lloyd Smucker,Republican,Biden,05-08 morning,204,0.3137254901960784
"Buck, Ken",Republican,Obama,09-17 work,695,0.31366906474820144
David Schweikert,Republican,Biden,09-17 work,1244,0.3135048231511254
Adam B. Schiff,Democrat,Obama,05-08 morning,705,0.31347517730496455
Kevin Cramer,Republican,Biden,09-17 work,3160,0.31329113924050633
Terri A. Sewell,Democrat,Trump II,05-08 morning,329,0.3130699088145897
Bonnie Watson Coleman,Democrat,Biden,09-17 work,3428,0.3130105017502917
J. Luis Correa,Democrat,Trump,09-17 work,617,0.31280388978930307
"Steel, Michelle",Republican,Biden,09-17 work,2074,0.31195756991321116
James E. Clyburn,Democrat,Trump,09-17 work,343,0.3119533527696793
"Randy K. Weber, Sr.",Republican,Trump II,09-17 work,436,0.3119266055045872
Emanuel Cleaver,Democrat,Trump,05-08 morning,327,0.3119266055045872
Dale W. Strong,Republican,Biden,09-17 work,529,0.31190926275992437
Jason Smith,Republican,Trump II,00-04 night,295,0.31186440677966104
Carolyn Maloney D-NY,Democrat,Trump,09-17 work,8081,0.3117188466773914
April McClain Delaney,Democrat,Trump II,05-08 morning,350,0.31142857142857144
"Waltz, Michael",Republican,Biden,09-17 work,363,0.31129476584022037
Nicholas A. Langworthy,Republican,Trump II,09-17 work,572,0.3111888111888112
Derek Tran,Democrat,Trump II,05-08 morning,225,0.3111111111111111
Ro Khanna,Democrat,Trump,18-20 evening,614,0.31107491856677527
Rob Portman R-OH,Republican,Biden,21-23 late,344,0.311046511627907
Josh Brecheen,Republican,Trump II,09-17 work,238,0.31092436974789917
Richard J. Durbin,Democrat,Biden,18-20 evening,502,0.3107569721115538
Marilyn Strickland,Democrat,Trump II,09-17 work,338,0.3106508875739645
James R. Baird,Republican,Biden,09-17 work,1256,0.3105095541401274
Chuck Grassley,Republican,Biden,09-17 work,2545,0.3104125736738703
"Eric A. ""Rick"" Crawford",Republican,Trump,18-20 evening,406,0.3103448275862069
John Cornyn,Republican,Trump II,09-17 work,1476,0.31029810298102983
Young Kim,Republican,Trump II,05-08 morning,838,0.31026252983293556
"Bucshon, Larry",Republican,Biden,09-17 work,1206,0.3101160862354892
Stephanie I. Bice,Republican,Trump II,00-04 night,287,0.31010452961672474
Andy Barr,Republican,Trump II,09-17 work,442,0.30995475113122173
Rob Portman R-OH,Republican,Biden,18-20 evening,920,0.30978260869565216
Tom Price R-GA,Republican,Obama,09-17 work,2390,0.30962343096234307
Debbie Wasserman Schultz,Democrat,Biden,18-20 evening,307,0.30944625407166126
Randy Feenstra,Republican,Biden,18-20 evening,265,0.30943396226415093
Tim Sheehy,Republican,Trump II,00-04 night,223,0.3094170403587444
John Garamendi,Democrat,Biden,09-17 work,1471,0.30931339225016996
John Yarmuth D-KY,Democrat,Trump,18-20 evening,204,0.3088235294117647
"Lee, Barbara",Democrat,Obama,05-08 morning,910,0.3087912087912088
Jamie Raskin,Democrat,Trump,21-23 late,217,0.3087557603686636
Tammy Baldwin,Democrat,Trump,09-17 work,6133,0.30865807924343713
Thomas Massie,Republican,Trump,00-04 night,658,0.30851063829787234
Patrick Ryan,Democrat,Biden,05-08 morning,509,0.30844793713163066
Mike Crapo,Republican,Biden,09-17 work,1187,0.3083403538331929
John W. Rose,Republican,Biden,05-08 morning,250,0.308
"Lee, Barbara",Democrat,Biden,09-17 work,1985,0.307808564231738
Edward J. Markey,Democrat,Biden,05-08 morning,504,0.30753968253968256
Maria Cantwell,Democrat,Trump,09-17 work,5051,0.307463868540883
Brian Babin,Republican,Trump,05-08 morning,309,0.3074433656957929
Cory Mills,Republican,Trump II,05-08 morning,1048,0.30725190839694655
Veronica Escobar,Democrat,Trump,09-17 work,3909,0.30723970324891275
Diana DeGette,Democrat,Biden,05-08 morning,495,0.30707070707070705
Pramila Jayapal,Democrat,Biden,18-20 evening,645,0.30697674418604654
Marcy Kaptur,Democrat,Trump II,09-17 work,929,0.3067814854682454
Sander Levin D-MI,Democrat,Obama,09-17 work,1744,0.30676605504587157
Anna Paulina Luna,Republican,Trump II,18-20 evening,962,0.30665280665280664
Richard J. Durbin,Democrat,Biden,09-17 work,6099,0.30611575668142316
Mike Johnson,Republican,Trump,18-20 evening,304,0.3059210526315789
Dennis Ross R-FL,Republican,Obama,09-17 work,6201,0.30527334300919207
Mike Kelly,Republican,Biden,09-17 work,711,0.30520393811533053
Mike Flood,Republican,Biden,05-08 morning,282,0.3049645390070922
Pete Aguilar,Democrat,Trump,05-08 morning,269,0.3048327137546468
Josh Harder,Democrat,Trump II,09-17 work,361,0.3047091412742382
Gwen Moore,Democrat,Biden,09-17 work,2524,0.30467511885895404
Betty McCollum,Democrat,Trump,05-08 morning,302,0.304635761589404
"Duncan, Jeff",Republican,Trump,09-17 work,3531,0.30444633248371566
Vicente Gonzalez,Democrat,Trump II,09-17 work,470,0.30425531914893617
"Gallagher, Mike",Republican,Biden,09-17 work,1266,0.3041074249605055
Harley Rouda D-CA,Democrat,Trump,05-08 morning,296,0.30405405405405406
Mary Gay Scanlon,Democrat,Trump,09-17 work,3169,0.30388135058378035
Mario Diaz-Balart,Republican,Trump,09-17 work,362,0.30386740331491713
Sarah Elfreth,Democrat,Trump II,09-17 work,451,0.30376940133037694
Thomas Massie,Republican,Trump,21-23 late,857,0.3033838973162194
Ruben Gallego,Democrat,Biden,09-17 work,2219,0.3032897701667418
Don Bacon,Republican,Biden,18-20 evening,1006,0.30318091451292245
Richard Blumenthal,Democrat,Biden,18-20 evening,947,0.30306230200633577
Mike Crapo,Republican,Biden,05-08 morning,495,0.30303030303030304
Jimmy Patronis,Republican,Trump II,05-08 morning,654,0.30275229357798167
Michael Lawler,Republican,Biden,05-08 morning,337,0.3026706231454006
Bernard Sanders,Independent,Obama,18-20 evening,1603,0.3025577043044292
"Kildee, Dan",Democrat,Trump,18-20 evening,400,0.3025
Madeleine Dean,Democrat,Trump,18-20 evening,301,0.3023255813953488
Cory A. Booker,Democrat,Trump II,00-04 night,384,0.3020833333333333
Elissa Slotkin,Democrat,Trump,18-20 evening,255,0.30196078431372547
David Schweikert,Republican,Biden,05-08 morning,633,0.30173775671406006
Kat Cammack,Republican,Biden,09-17 work,4017,0.3014687577794374
Billy Long R-MO,Republican,Trump,05-08 morning,345,0.30144927536231886
Warren Davidson,Republican,Trump,05-08 morning,249,0.30120481927710846
Bobby Rush D-IL,Democrat,Biden,09-17 work,1255,0.301195219123506
Thom Tillis,Republican,Biden,05-08 morning,485,0.30103092783505153
Tim Burchett,Republican,Trump II,09-17 work,2498,0.30064051240992795
Robin L. Kelly,Democrat,Trump,18-20 evening,213,0.3004694835680751
Ryan K. Zinke,Republican,Biden,05-08 morning,213,0.3004694835680751
Mariannette Miller-Meeks,Republican,Trump II,00-04 night,313,0.3003194888178914
"Sarbanes, John ",Democrat,Trump,18-20 evening,360,0.3
Nanette Diaz Barragán,Democrat,Trump,18-20 evening,300,0.3
Adriano Espaillat,Democrat,Trump II,09-17 work,1120,0.3
Josh Gottheimer,Democrat,Trump II,05-08 morning,537,0.29981378026070765
Bryan Steil,Republican,Biden,05-08 morning,604,0.2996688741721854
Jared Moskowitz,Democrat,Biden,09-17 work,718,0.2994428969359331
Debbie Mucarsel-Powell D-FL,Democrat,Trump,09-17 work,3162,0.29854522454142945
Ted Deutch D-FL,Democrat,Biden,09-17 work,1247,0.2983159582999198
Ron DeSantis R-FL,Republican,Trump,09-17 work,255,0.2980392156862745
Young Kim,Republican,Trump II,09-17 work,953,0.29800629590766003
"Burgess, Michael",Republican,Biden,09-17 work,443,0.2979683972911964
Mark Meadows R-NC,Republican,Obama,09-17 work,2508,0.29784688995215314
Bill Flores R-TX,Republican,Trump,18-20 evening,863,0.29779837775202783
Kat Cammack,Republican,Trump II,09-17 work,450,0.29777777777777775
Chip Roy,Republican,Trump,09-17 work,2276,0.29745166959578206
Ayanna Pressley,Democrat,Biden,09-17 work,5169,0.2973495840588121
Kevin Brady R-TX,Republican,Obama,18-20 evening,969,0.29721362229102166
Bill Cassidy,Republican,Biden,00-04 night,670,0.29701492537313434
Jill N. Tokuda,Democrat,Trump II,05-08 morning,256,0.296875
Katie Boyd Britt,Republican,Biden,09-17 work,1506,0.2968127490039841
Greg Casar,Democrat,Biden,09-17 work,903,0.2967884828349945
Edward J. Markey,Democrat,Biden,18-20 evening,674,0.29673590504451036
Michelle Fischbach,Republican,Biden,05-08 morning,327,0.2966360856269113
Juan Vargas,Democrat,Trump,09-17 work,1137,0.2963940193491645
Jeff Merkley,Democrat,Obama,05-08 morning,415,0.2963855421686747
Diane Black R-TN,Republican,Obama,09-17 work,3325,0.2962406015037594
Maxwell Frost,Democrat,Biden,09-17 work,1361,0.2961058045554739
Joaquin Castro,Democrat,Biden,05-08 morning,429,0.29603729603729606
J. French Hill,Republican,Biden,05-08 morning,375,0.296
Dennis Ross R-FL,Republican,Obama,21-23 late,1240,0.29596774193548386
Abraham J. Hamadeh,Republican,Trump II,09-17 work,995,0.29547738693467335
Terri A. Sewell,Democrat,Trump,18-20 evening,325,0.2953846153846154
Brendan F. Boyle,Democrat,Trump,18-20 evening,1036,0.2953667953667954
Ben Ray Luján,Democrat,Trump,05-08 morning,603,0.29519071310116085
Barbara Boxer D-CA,Democrat,Obama,05-08 morning,390,0.2948717948717949
Riley M. Moore,Republican,Trump II,09-17 work,1425,0.29473684210526313
Pramila Jayapal,Democrat,Trump,21-23 late,560,0.29464285714285715
John Cornyn,Republican,Trump,09-17 work,1430,0.2944055944055944
James Lankford,Republican,Trump II,09-17 work,622,0.2942122186495177
Chuck Grassley,Republican,Trump,05-08 morning,476,0.29411764705882354
"Jesús G. ""Chuy"" García",Democrat,Trump,09-17 work,3435,0.2940320232896652
Michael A. Rulli,Republican,Trump II,00-04 night,381,0.29396325459317585
"Eshoo, Anna ",Democrat,Trump,09-17 work,1096,0.2937956204379562
Bill Foster,Democrat,Trump,09-17 work,2494,0.293504410585405
Judy Chu,Democrat,Obama,05-08 morning,736,0.29347826086956524
John Cornyn,Republican,Trump II,00-04 night,1162,0.29345955249569705
Nanette Diaz Barragán,Democrat,Trump,09-17 work,2457,0.2934472934472934
Chip Roy,Republican,Trump,05-08 morning,692,0.29335260115606937
Chuck Grassley,Republican,Trump II,09-17 work,1067,0.2933458294283037
Patty Murray,Democrat,Biden,05-08 morning,1749,0.2933104631217839
Nancy Pelosi,Democrat,Obama,05-08 morning,1312,0.2926829268292683
Andy Levin D-MI,Democrat,Biden,09-17 work,2482,0.29250604351329573
Richard Blumenthal,Democrat,Biden,21-23 late,301,0.292358803986711
Tom Rice R-SC,Republican,Biden,09-17 work,325,0.2923076923076923
Steny H. Hoyer,Democrat,Trump,18-20 evening,982,0.29226069246435843
Veronica Escobar,Democrat,Biden,09-17 work,3733,0.29225823734261985
Marc A. Veasey,Democrat,Trump,09-17 work,2272,0.29225352112676056
Jimmy Panetta,Democrat,Trump II,09-17 work,1119,0.29222520107238603
Dennis Ross R-FL,Republican,Obama,18-20 evening,1362,0.2922173274596182
Steny H. Hoyer,Democrat,Trump,21-23 late,308,0.2922077922077922
Mitch McConnell,Republican,Trump,05-08 morning,623,0.29213483146067415
Sean Casten,Democrat,Biden,05-08 morning,1093,0.2918572735590119
Victoria Spartz,Republican,Biden,09-17 work,1566,0.29182630906768836
Scott Perry,Republican,Trump,09-17 work,1220,0.29180327868852457
Lloyd Smucker,Republican,Biden,09-17 work,2078,0.29162656400384984
Marcia Fudge D-OH,Democrat,Trump,09-17 work,2441,0.291274068004916
Amy Klobuchar,Democrat,Trump,09-17 work,2383,0.2912295425933697
Mike Johnson,Republican,Trump II,09-17 work,261,0.29118773946360155
Diana DeGette,Democrat,Biden,09-17 work,1360,0.2911764705882353
Robin L. Kelly,Democrat,Trump,05-08 morning,323,0.29102167182662536
William R. Timmons IV,Republican,Trump II,05-08 morning,354,0.2909604519774011
Nicholas A. Langworthy,Republican,Trump II,05-08 morning,385,0.2909090909090909
Jason Smith,Republican,Trump II,09-17 work,588,0.29081632653061223
Michael T. McCaul,Republican,Trump II,09-17 work,368,0.2907608695652174
Patrick Leahy D-VT,Democrat,Trump,05-08 morning,258,0.29069767441860467
Kenny Marchant R-TX,Republican,Obama,18-20 evening,203,0.29064039408866993
Becca Balint,Democrat,Biden,05-08 morning,303,0.29042904290429045
Peter Welch,Democrat,Biden,09-17 work,286,0.2902097902097902
Edward J. Markey,Democrat,Obama,18-20 evening,362,0.2900552486187845
"Eric A. ""Rick"" Crawford",Republican,Trump II,09-17 work,228,0.2894736842105263
Richard J. Durbin,Democrat,Biden,00-04 night,342,0.2894736842105263
Tina Smith,Democrat,Biden,09-17 work,2896,0.2893646408839779
Grace Meng,Democrat,Trump,18-20 evening,477,0.2893081761006289
"Eshoo, Anna ",Democrat,Trump,05-08 morning,363,0.2892561983471074
Bennie G. Thompson,Democrat,Trump,05-08 morning,204,0.28921568627450983
Glenn Grothman,Republican,Biden,05-08 morning,294,0.2891156462585034
"Garcia, Mike",Republican,Biden,09-17 work,211,0.2890995260663507
Ron Wright R-TX,Republican,Trump,09-17 work,1121,0.28902765388046386
Danny K. Davis,Democrat,Trump,05-08 morning,263,0.2889733840304182
"Sarbanes, John ",Democrat,Obama,09-17 work,225,0.28888888888888886
Dwight Evans,Democrat,Trump,18-20 evening,2358,0.28880407124681934
Andrew R. Garbarino,Republican,Biden,09-17 work,1342,0.28837555886736216
"Lesko, Debbie",Republican,Trump,05-08 morning,496,0.28830645161290325
Peter Meijer R-MI,Republican,Biden,21-23 late,323,0.28792569659442724
Norma J. Torres,Democrat,Biden,05-08 morning,740,0.28783783783783784
Jeff Merkley,Democrat,Obama,09-17 work,2853,0.2877672625306695
Michael Baumgartner,Republican,Trump II,00-04 night,334,0.2874251497005988
Andy Levin D-MI,Democrat,Biden,18-20 evening,435,0.28735632183908044
John Barrasso,Republican,Obama,05-08 morning,666,0.28678678678678676
"Payne Jr., Donald",Democrat,Trump,09-17 work,1919,0.28660760812923397
Frederica S. Wilson,Democrat,Trump II,09-17 work,548,0.2864963503649635
Sean Casten,Democrat,Trump,09-17 work,3215,0.2864696734059098
Jeff Merkley,Democrat,Biden,18-20 evening,290,0.28620689655172415
Cory A. Booker,Democrat,Trump,05-08 morning,1597,0.28616155291170947
Kat Cammack,Republican,Biden,05-08 morning,854,0.2857142857142857
Pete King R-NY,Republican,Trump,09-17 work,602,0.2857142857142857
Bill Hagerty,Republican,Trump II,05-08 morning,476,0.2857142857142857
Jared Huffman,Democrat,Biden,05-08 morning,700,0.2857142857142857
Chellie Pingree,Democrat,Biden,09-17 work,1029,0.2857142857142857
Katie Boyd Britt,Republican,Biden,05-08 morning,392,0.2857142857142857
Ilhan Omar,Democrat,Biden,00-04 night,245,0.2857142857142857
Carlos A. Gimenez,Republican,Trump II,05-08 morning,1121,0.2854594112399643
Aaron Bean,Republican,Trump II,09-17 work,466,0.2854077253218884
Adam Kinzinger R-IL,Republican,Trump,18-20 evening,403,0.2853598014888337
Veronica Escobar,Democrat,Trump,18-20 evening,915,0.28524590163934427
Stacey E. Plaskett,Democrat,Biden,09-17 work,768,0.28515625
Jack Reed,Democrat,Trump,09-17 work,2020,0.2851485148514851
Don Bacon,Republican,Biden,09-17 work,5765,0.28482220294882915
Michael T. McCaul,Republican,Trump II,05-08 morning,295,0.2847457627118644
Darin LaHood,Republican,Biden,05-08 morning,288,0.2847222222222222
Jennifer L. McClellan,Democrat,Trump II,05-08 morning,541,0.2846580406654344
Victoria Spartz,Republican,Biden,18-20 evening,362,0.2845303867403315
Michelle Fischbach,Republican,Biden,18-20 evening,457,0.2844638949671772
Ted Deutch D-FL,Democrat,Obama,09-17 work,2236,0.2844364937388193
Amy Klobuchar,Democrat,Trump,05-08 morning,1164,0.28436426116838487
Cory A. Booker,Democrat,Trump,09-17 work,6124,0.28396472893533636
Michael F. Bennet,Democrat,Trump,09-17 work,3890,0.28380462724935734
"Kildee, Dan",Democrat,Trump,09-17 work,2432,0.2837171052631579
Tammy Duckworth,Democrat,Biden,00-04 night,208,0.28365384615384615
Bernard Sanders,Independent,Obama,09-17 work,13740,0.2832605531295488
"Armstrong, Kelly",Republican,Trump,18-20 evening,219,0.2831050228310502
Frederica S. Wilson,Democrat,Trump,09-17 work,5939,0.2825391480047146
Katie Boyd Britt,Republican,Trump II,00-04 night,347,0.2824207492795389
André Carson,Democrat,Trump,09-17 work,1626,0.2822878228782288
Ashley Hinson,Republican,Trump II,00-04 night,280,0.28214285714285714
Ed Perlmutter D-CO,Democrat,Trump,18-20 evening,397,0.28211586901763225
David Rouzer,Republican,Biden,09-17 work,1048,0.2814885496183206
Alex Padilla,Democrat,Biden,09-17 work,4672,0.2814640410958904
Ted Deutch D-FL,Democrat,Biden,18-20 evening,313,0.28115015974440893
Ayanna Pressley,Democrat,Biden,18-20 evening,683,0.28111273792093705
Suzanne Bonamici,Democrat,Trump,05-08 morning,1002,0.28043912175648705
John Garamendi,Democrat,Biden,05-08 morning,600,0.28
Adriano Espaillat,Democrat,Trump,09-17 work,4530,0.27991169977924946
Ronny Jackson,Republican,Trump II,00-04 night,243,0.27983539094650206
Jeanne Shaheen,Democrat,Trump,05-08 morning,218,0.2798165137614679
Brendan F. Boyle,Democrat,Biden,09-17 work,1870,0.2796791443850267
"LaMalfa, Doug",Republican,Obama,09-17 work,211,0.2796208530805687
Josh Brecheen,Republican,Trump II,05-08 morning,279,0.27956989247311825
Tim Walz D-MN,Democrat,Trump,18-20 evening,279,0.27956989247311825
Michael F. Bennet,Democrat,Trump,00-04 night,279,0.27956989247311825
Jim McDermott D-WA,Democrat,Obama,05-08 morning,347,0.27953890489913547
Adriano Espaillat,Democrat,Trump II,05-08 morning,644,0.2795031055900621
Michael F. Bennet,Democrat,Trump,05-08 morning,891,0.27946127946127947
Yvette D. Clarke,Democrat,Biden,09-17 work,2545,0.2793713163064833
Carol D. Miller,Republican,Biden,09-17 work,1753,0.2789503707929264
Tammy Baldwin,Democrat,Trump,18-20 evening,384,0.2786458333333333
Nathaniel Moran,Republican,Biden,09-17 work,578,0.27854671280276816
Roger Marshall,Republican,Trump II,05-08 morning,377,0.27851458885941643
Delia C. Ramirez,Democrat,Biden,09-17 work,923,0.27843986998916576
Mike Collins,Republican,Biden,05-08 morning,593,0.2782462057335582
Andy Biggs,Republican,Trump II,09-17 work,1808,0.2782079646017699
Mary Gay Scanlon,Democrat,Trump,05-08 morning,410,0.2780487804878049
Jimmy Gomez,Democrat,Trump,18-20 evening,446,0.27802690582959644
Fred Keller R-PA,Republican,Trump,09-17 work,1541,0.27774172615184944
Marc A. Veasey,Democrat,Trump,05-08 morning,317,0.277602523659306
Mike Johnson,Republican,Trump,09-17 work,1727,0.27735958309206715
Carolyn Maloney D-NY,Democrat,Trump,18-20 evening,1024,0.27734375
David Kustoff,Republican,Biden,05-08 morning,220,0.2772727272727273
Veronica Escobar,Democrat,Biden,18-20 evening,574,0.2770034843205575
Brendan F. Boyle,Democrat,Obama,21-23 late,491,0.2769857433808554
Bryan Steil,Republican,Biden,09-17 work,2284,0.276707530647986
Billy Long R-MO,Republican,Trump,09-17 work,3916,0.276046986721144
Glenn Ivey,Democrat,Biden,09-17 work,729,0.2757201646090535
Michelle Fischbach,Republican,Trump II,09-17 work,425,0.2752941176470588
Bill Nelson D-FL,Democrat,Trump,09-17 work,687,0.27510917030567683
Emilia Strong Sykes,Democrat,Trump II,09-17 work,855,0.27485380116959063
"Eric A. ""Rick"" Crawford",Republican,Trump,05-08 morning,517,0.2746615087040619
Mike Bost,Republican,Biden,09-17 work,1180,0.2745762711864407
Kevin Brady R-TX,Republican,Trump,18-20 evening,346,0.2745664739884393
Fred Keller R-PA,Republican,Trump,18-20 evening,204,0.27450980392156865
Mike Collins,Republican,Trump II,09-17 work,1419,0.2741367159971811
Marcia Fudge D-OH,Democrat,Trump,18-20 evening,230,0.27391304347826084
Carlos A. Gimenez,Republican,Trump II,09-17 work,1857,0.2735595045772752
Jeanne Shaheen,Democrat,Trump,09-17 work,4617,0.27355425601039635
Peter Meijer R-MI,Republican,Biden,09-17 work,808,0.27351485148514854
Roger Marshall,Republican,Trump II,09-17 work,520,0.27307692307692305
Margaret Wood Hassan,Democrat,Biden,05-08 morning,700,0.27285714285714285
Jeff Crank,Republican,Trump II,09-17 work,275,0.2727272727272727
August Pfluger,Republican,Trump II,05-08 morning,561,0.2727272727272727
Gregory W. Meeks,Democrat,Biden,18-20 evening,242,0.2727272727272727
Mitch McConnell,Republican,Trump,09-17 work,3462,0.2726747544771808
Jason Smith,Republican,Trump,09-17 work,1098,0.27231329690346084
Bill Foster,Democrat,Biden,18-20 evening,202,0.2722772277227723
André Carson,Democrat,Trump,18-20 evening,202,0.2722772277227723
"Steel, Michelle",Republican,Biden,05-08 morning,529,0.2722117202268431
Jamie Raskin,Democrat,Trump,09-17 work,3791,0.27143233975204434
Todd Young,Republican,Biden,05-08 morning,877,0.27137970353477764
Sylvia R. Garcia,Democrat,Trump,21-23 late,225,0.27111111111111114
Danny K. Davis,Democrat,Trump,18-20 evening,299,0.2709030100334448
"Duncan, Jeff",Republican,Trump,05-08 morning,491,0.2708757637474542
Kim Schrier,Democrat,Trump II,09-17 work,587,0.2708688245315162
Sarah Elfreth,Democrat,Trump II,05-08 morning,277,0.27075812274368233
Michael Lawler,Republican,Biden,21-23 late,229,0.27074235807860264
Bill Hagerty,Republican,Biden,00-04 night,266,0.2706766917293233
"Charles J. ""Chuck"" Fleischmann",Republican,Trump II,09-17 work,595,0.27058823529411763
"Henry C. ""Hank"" Johnson, Jr.",Democrat,Biden,09-17 work,1047,0.2702960840496657
Ed Perlmutter D-CO,Democrat,Trump,09-17 work,3297,0.27024567788899
Charles E. Schumer,Democrat,Biden,09-17 work,6988,0.27003434459072695
Bill Huizenga,Republican,Trump II,09-17 work,441,0.2698412698412698
Brendan F. Boyle,Democrat,Trump,05-08 morning,545,0.26972477064220185
Roger F. Wicker,Republican,Biden,18-20 evening,308,0.2694805194805195
Jake Auchincloss,Democrat,Biden,05-08 morning,245,0.2693877551020408
Kim Schrier,Democrat,Trump II,05-08 morning,431,0.2691415313225058
Elizabeth Esty D-CT,Democrat,Trump,09-17 work,799,0.2690863579474343
"Wenstrup, Brad",Republican,Biden,09-17 work,1275,0.2690196078431373
Ron Wyden,Democrat,Biden,09-17 work,1223,0.26901062959934585
Joyce Beatty,Democrat,Trump,09-17 work,5193,0.26882341613710764
Josh Gottheimer,Democrat,Biden,05-08 morning,562,0.26868327402135234
Jerry McNerney D-CA,Democrat,Trump,09-17 work,674,0.2685459940652819
Tim Ryan D-OH,Democrat,Trump,05-08 morning,272,0.26838235294117646
Gene Green D-TX,Democrat,Trump,09-17 work,891,0.26823793490460157
Donna Shalala D-FL,Democrat,Trump,09-17 work,2283,0.2680683311432326
Albio Sires D-NJ,Democrat,Trump,09-17 work,3348,0.267921146953405
Mondaire Jones D-NY,Democrat,Biden,09-17 work,1303,0.26784343821949347
Ron DeSantis R-FL,Republican,Obama,09-17 work,1479,0.26774847870182555
Mike Quigley,Democrat,Biden,05-08 morning,707,0.26732673267326734
Cory A. Booker,Democrat,Trump,18-20 evening,1126,0.2673179396092362
Brendan F. Boyle,Democrat,Biden,18-20 evening,509,0.26719056974459726
Debbie Dingell,Democrat,Trump,18-20 evening,296,0.2668918918918919
Jared Polis D-CO,Democrat,Trump,09-17 work,697,0.266857962697274
Rick Nolan D-MN,Democrat,Trump,09-17 work,697,0.266857962697274
Abraham J. Hamadeh,Republican,Trump II,05-08 morning,495,0.26666666666666666
Max Rose D-NY,Democrat,Trump,18-20 evening,210,0.26666666666666666
Suzanne Bonamici,Democrat,Trump,09-17 work,3960,0.26666666666666666
Jim Jordan,Republican,Biden,00-04 night,330,0.26666666666666666
Michelle Fischbach,Republican,Biden,09-17 work,1613,0.2665840049597024
Dwight Evans,Democrat,Trump,05-08 morning,713,0.2664796633941094
Jimmy Gomez,Democrat,Biden,18-20 evening,304,0.26644736842105265
"Cloud, Michael",Republican,Trump,09-17 work,282,0.26595744680851063
James A. Himes,Democrat,Biden,05-08 morning,252,0.26587301587301587
David Perdue R-GA,Republican,Obama,18-20 evening,222,0.26576576576576577
"Lee, Barbara",Democrat,Biden,18-20 evening,256,0.265625
Laura Gillen,Democrat,Trump II,09-17 work,693,0.26551226551226553
Jason Smith,Republican,Trump,18-20 evening,260,0.2653846153846154
Michael K. Simpson,Republican,Trump II,05-08 morning,366,0.2650273224043716
Dale W. Strong,Republican,Trump II,09-17 work,200,0.265
Gregory F. Murphy,Republican,Trump II,05-08 morning,434,0.26497695852534564
Thom Tillis,Republican,Trump II,09-17 work,302,0.26490066225165565
Mike Lee,Republican,Obama,09-17 work,2327,0.2647185217017619
James E. Clyburn,Democrat,Trump,05-08 morning,325,0.26461538461538464
Harley Rouda D-CA,Democrat,Trump,09-17 work,1002,0.26447105788423153
"Lesko, Debbie",Republican,Trump,09-17 work,2420,0.2644628099173554
Jared Huffman,Democrat,Biden,09-17 work,1758,0.26393629124004553
Chuck Grassley,Republican,Trump,09-17 work,955,0.2638743455497382
"Eshoo, Anna ",Democrat,Biden,09-17 work,880,0.2636363636363636
Paul A. Gosar,Republican,Obama,18-20 evening,463,0.2634989200863931
"Menendez, Bob",Democrat,Biden,18-20 evening,858,0.2634032634032634
Max Rose D-NY,Democrat,Trump,09-17 work,1177,0.26338147833474934
Derek Tran,Democrat,Trump II,09-17 work,262,0.2633587786259542
Roger Marshall,Republican,Trump,09-17 work,475,0.2631578947368421
"Cartwright, Matt",Democrat,Obama,09-17 work,1472,0.26290760869565216
Ben Ray Luján,Democrat,Trump,09-17 work,3196,0.26282853566958697
Steve Cohen,Democrat,Obama,05-08 morning,415,0.26265060240963856
Katie Boyd Britt,Republican,Trump II,05-08 morning,1002,0.2624750499001996
Debbie Dingell,Democrat,Trump,05-08 morning,343,0.26239067055393583
John B. Larson,Democrat,Trump,18-20 evening,324,0.2623456790123457
Tammy Duckworth,Democrat,Biden,05-08 morning,961,0.26222684703433924
Brenda Lawrence D-MI,Democrat,Trump,18-20 evening,225,0.26222222222222225
Jamie Raskin,Democrat,Trump,18-20 evening,474,0.2616033755274262
Brian J. Mast,Republican,Trump,05-08 morning,302,0.26158940397350994
Paul Tonko,Democrat,Trump,05-08 morning,367,0.2615803814713896
"Romney, Mitt",Republican,Biden,09-17 work,1318,0.26100151745068284
Terri A. Sewell,Democrat,Trump,05-08 morning,575,0.2608695652173913
Patty Murray,Democrat,Biden,00-04 night,575,0.2608695652173913
Hillary J. Scholten,Democrat,Trump II,05-08 morning,564,0.26063829787234044
"Armstrong, Kelly",Republican,Biden,09-17 work,1571,0.2603437301082113
"Jesús G. ""Chuy"" García",Democrat,Trump,05-08 morning,411,0.26034063260340634
Adriano Espaillat,Democrat,Trump,18-20 evening,657,0.2602739726027397
Adam Kinzinger R-IL,Republican,Trump,05-08 morning,346,0.26011560693641617
Tina Smith,Democrat,Trump,09-17 work,3691,0.260092115957735
Chris Pappas,Democrat,Biden,05-08 morning,200,0.26
Mike Lee,Republican,Obama,05-08 morning,427,0.25995316159250587
Deb Fischer,Republican,Biden,09-17 work,2312,0.25994809688581316
Tina Smith,Democrat,Biden,18-20 evening,277,0.259927797833935
"Wexton, Jennifer",Democrat,Trump,18-20 evening,558,0.25985663082437277
Bill Cassidy,Republican,Trump II,05-08 morning,728,0.25961538461538464
Maxwell Frost,Democrat,Biden,18-20 evening,235,0.25957446808510637
Jeanne Shaheen,Democrat,Trump,18-20 evening,501,0.25948103792415167
Pete Ricketts,Republican,Biden,09-17 work,1002,0.25948103792415167
Victoria Spartz,Republican,Trump II,09-17 work,343,0.2594752186588921
Cindy Hyde-Smith,Republican,Biden,05-08 morning,698,0.2593123209169054
Ted Yoho R-FL,Republican,Trump,09-17 work,1038,0.2591522157996146
"Henry C. ""Hank"" Johnson, Jr.",Democrat,Trump,05-08 morning,251,0.2589641434262948
Nancy Pelosi,Democrat,Obama,00-04 night,927,0.2588996763754045
Melanie A. Stansbury,Democrat,Biden,09-17 work,1937,0.2586473928755808
Alex Padilla,Democrat,Biden,00-04 night,453,0.2582781456953642
Michael Lawler,Republican,Biden,09-17 work,1402,0.2582025677603424
William R. Keating,Democrat,Biden,09-17 work,938,0.2579957356076759
Brian Schatz,Democrat,Biden,09-17 work,1617,0.25788497217068646
Bruce Westerman,Republican,Biden,09-17 work,826,0.25786924939467315
Maria Elvira Salazar,Republican,Trump II,09-17 work,1895,0.2575197889182058
David Kustoff,Republican,Trump II,05-08 morning,241,0.2572614107883817
Yvette D. Clarke,Democrat,Obama,09-17 work,1516,0.25725593667546176
Kevin Brady R-TX,Republican,Obama,09-17 work,6145,0.25711960943856793
Brian Schatz,Democrat,Biden,05-08 morning,915,0.2568306010928962
Brian Babin,Republican,Obama,09-17 work,1032,0.2567829457364341
Terri A. Sewell,Democrat,Trump,09-17 work,3086,0.2566429034348671
Shelley Moore Capito,Republican,Biden,09-17 work,3628,0.2566152149944873
Josh Harder,Democrat,Biden,18-20 evening,304,0.2565789473684211
"Menendez, Bob",Democrat,Biden,09-17 work,3369,0.25645592163846836
Adam B. Schiff,Democrat,Obama,09-17 work,2258,0.25642161204605846
Eric Sorensen,Democrat,Trump II,09-17 work,468,0.2564102564102564
Young Kim,Republican,Trump II,00-04 night,398,0.2562814070351759
Mike Enzi R-WY,Republican,Obama,09-17 work,1916,0.25626304801670147
John Kennedy,Republican,Trump,09-17 work,1503,0.25615435795076513
Frederica S. Wilson,Democrat,Trump II,05-08 morning,246,0.25609756097560976
Thom Tillis,Republican,Trump II,05-08 morning,211,0.2559241706161137
Craig A. Goldman,Republican,Trump II,09-17 work,258,0.2558139534883721
Zoe Lofgren,Democrat,Obama,05-08 morning,313,0.25559105431309903
"Eric A. ""Rick"" Crawford",Republican,Trump,09-17 work,2962,0.25523295070898044
Addison P. McDowell,Republican,Trump II,05-08 morning,388,0.2551546391752577
Riley M. Moore,Republican,Trump II,05-08 morning,784,0.25510204081632654
"Lamborn, Doug",Republican,Trump,05-08 morning,396,0.255050505050505
Mario Diaz-Balart,Republican,Trump II,09-17 work,1200,0.255
Gary J. Palmer,Republican,Trump II,05-08 morning,353,0.254957507082153
"Stabenow, Debbie",Democrat,Trump,18-20 evening,455,0.2549450549450549
James E. Risch,Republican,Trump II,09-17 work,263,0.25475285171102663
Darren Soto,Democrat,Trump,05-08 morning,271,0.25461254612546125
Rand Paul,Republican,Obama,18-20 evening,401,0.2543640897755611
Martin Heinrich,Democrat,Biden,00-04 night,527,0.25426944971537
Carolyn Maloney D-NY,Democrat,Biden,09-17 work,3098,0.2540348612007747
Nydia M. Velázquez,Democrat,Biden,05-08 morning,260,0.25384615384615383
Shelley Moore Capito,Republican,Biden,05-08 morning,639,0.2535211267605634
Tim Burchett,Republican,Trump,00-04 night,430,0.2534883720930233
Bryan Steil,Republican,Biden,18-20 evening,221,0.25339366515837103
Madeleine Dean,Democrat,Trump,09-17 work,1966,0.2533062054933876
John James,Republican,Trump II,05-08 morning,553,0.25316455696202533
Nydia M. Velázquez,Democrat,Biden,09-17 work,1363,0.25311812179016874
Michael R. Turner,Republican,Biden,09-17 work,2047,0.2530532486565706
Mark R. Warner,Democrat,Biden,09-17 work,2387,0.2530372852953498
Kat Cammack,Republican,Biden,18-20 evening,257,0.2529182879377432
John Lewis D-GA,Democrat,Trump,09-17 work,301,0.25249169435215946
"Brown, Sherrod",Democrat,Biden,09-17 work,1962,0.25229357798165136
Margaret Wood Hassan,Democrat,Trump,09-17 work,5515,0.2522212148685403
Paul A. Gosar,Republican,Obama,09-17 work,4114,0.25206611570247933
Grace Meng,Democrat,Trump,09-17 work,2278,0.25197541703248466
Tim Moore,Republican,Trump II,05-08 morning,270,0.2518518518518518
John James,Republican,Trump II,09-17 work,1319,0.2517058377558757
John Fetterman,Democrat,Biden,05-08 morning,306,0.25163398692810457
James E. Risch,Republican,Trump II,05-08 morning,318,0.25157232704402516
Dwight Evans,Democrat,Trump,09-17 work,8958,0.2511721366376423
Bob Gibbs R-OH,Republican,Trump,09-17 work,697,0.25107604017216645
John B. Larson,Democrat,Trump,09-17 work,2991,0.25075225677031093
Nancy Pelosi,Democrat,Obama,09-17 work,1029,0.25072886297376096
Dan Sullivan,Republican,Obama,09-17 work,1117,0.25067144136078784
Bill Flores R-TX,Republican,Trump,09-17 work,3238,0.25046324891908583
Thomas R. Suozzi,Democrat,Trump II,05-08 morning,571,0.2504378283712785
Jim Costa,Democrat,Trump II,09-17 work,591,0.25042301184433163
Jose Serrano D-NY,Democrat,Trump,09-17 work,1163,0.25021496130696474
Kirsten E. Gillibrand,Democrat,Biden,18-20 evening,244,0.25
Charles E. Schumer,Democrat,Biden,05-08 morning,1112,0.25
Frederica S. Wilson,Democrat,Biden,09-17 work,3169,0.24992111076049228
Alma S. Adams,Democrat,Trump,09-17 work,3956,0.24974721941354905
Ralph Abraham R-LA,Republican,Trump,09-17 work,698,0.2492836676217765
Ashley Hinson,Republican,Trump II,05-08 morning,694,0.24927953890489912
Michael Baumgartner,Republican,Trump II,09-17 work,614,0.249185667752443
Erin Houchin,Republican,Biden,09-17 work,578,0.2491349480968858
Charles E. Schumer,Democrat,Biden,18-20 evening,1342,0.2488822652757079
Paul A. Gosar,Republican,Obama,05-08 morning,1367,0.24871982443306512
Tim Walz D-MN,Democrat,Trump,09-17 work,1110,0.24864864864864866
Greg Landsman,Democrat,Biden,09-17 work,1123,0.24844167408726625
Jared Moskowitz,Democrat,Trump II,09-17 work,318,0.24842767295597484
Lucille Roybal-Allard D-CA,Democrat,Trump,05-08 morning,471,0.2484076433121019
Daniel Webster,Republican,Trump II,09-17 work,278,0.24820143884892087
Thomas Massie,Republican,Obama,09-17 work,1249,0.24819855884707767
Yvette D. Clarke,Democrat,Biden,18-20 evening,258,0.24806201550387597
Bill Flores R-TX,Republican,Trump,05-08 morning,791,0.24778761061946902
Judy Chu,Democrat,Obama,09-17 work,2139,0.24777933613838243
Kathy Castor,Democrat,Trump,18-20 evening,674,0.24777448071216618
James E. Clyburn,Democrat,Biden,09-17 work,751,0.24766977363515313
Peter DeFazio D-OR,Democrat,Obama,09-17 work,610,0.24754098360655738
Maria Elvira Salazar,Republican,Biden,18-20 evening,400,0.2475
"Robert C. ""Bobby"" Scott",Democrat,Trump,09-17 work,376,0.2473404255319149
Martin Heinrich,Democrat,Biden,05-08 morning,1031,0.24733268671193018
Kathy Castor,Democrat,Trump,09-17 work,3829,0.24732306085139724
Mike Lee,Republican,Trump,05-08 morning,364,0.24725274725274726
Richard Hudson,Republican,Obama,18-20 evening,312,0.2467948717948718
Bill Cassidy,Republican,Trump II,09-17 work,1159,0.24676445211389128
Cheri Bustos D-IL,Democrat,Trump,05-08 morning,231,0.24675324675324675
Delia C. Ramirez,Democrat,Biden,18-20 evening,231,0.24675324675324675
Clay Higgins,Republican,Trump,09-17 work,653,0.24655436447166923
"Gallagher, Mike",Republican,Trump,18-20 evening,215,0.24651162790697675
Josh Gottheimer,Democrat,Biden,18-20 evening,714,0.24649859943977592
Norma J. Torres,Democrat,Biden,09-17 work,1753,0.24643468339988592
Eleanor Holmes Norton,Democrat,Trump,09-17 work,410,0.24634146341463414
Bradley Scott Schneider,Democrat,Trump,05-08 morning,337,0.24629080118694363
Marie Gluesenkamp Perez,Democrat,Trump II,09-17 work,337,0.24629080118694363
Catherine Cortez Masto,Democrat,Trump,09-17 work,5462,0.24606371292566825
Michael Baumgartner,Republican,Trump II,05-08 morning,472,0.2457627118644068
Kenny Marchant R-TX,Republican,Obama,09-17 work,3118,0.2456703014753047
Mark Alford,Republican,Trump II,00-04 night,342,0.24561403508771928
Emanuel Cleaver,Democrat,Biden,05-08 morning,505,0.24554455445544554
Jimmy Gomez,Democrat,Biden,05-08 morning,1015,0.24532019704433497
Ron Estes,Republican,Trump II,09-17 work,257,0.245136186770428
"Wexton, Jennifer",Democrat,Trump,09-17 work,2158,0.24513438368860055
Jake Auchincloss,Democrat,Biden,18-20 evening,298,0.24496644295302014
Dan Sullivan,Republican,Trump II,09-17 work,298,0.24496644295302014
Erin Houchin,Republican,Trump II,09-17 work,679,0.24447717231222385
Rand Paul,Republican,Obama,05-08 morning,2324,0.24440619621342513
Michael F. Bennet,Democrat,Trump,18-20 evening,455,0.24395604395604395
Robert E. Latta,Republican,Biden,05-08 morning,328,0.24390243902439024
"Graves, Garret",Republican,Biden,09-17 work,570,0.24385964912280703
Dina Titus,Democrat,Trump,09-17 work,3937,0.24384048768097535
James E. Clyburn,Democrat,Biden,05-08 morning,415,0.2433734939759036
John Conyers D-MI,Democrat,Obama,09-17 work,1734,0.2433679354094579
Frederica S. Wilson,Democrat,Trump,21-23 late,222,0.24324324324324326
Shomari Figures,Democrat,Trump II,09-17 work,255,0.24313725490196078
Mike Rogers,Republican,Trump,05-08 morning,395,0.2430379746835443
Debbie Dingell,Democrat,Trump,09-17 work,2494,0.2429831595829992
Mark R. Warner,Democrat,Biden,05-08 morning,667,0.24287856071964017
Tina Smith,Democrat,Trump,05-08 morning,420,0.24285714285714285
Gary J. Palmer,Republican,Trump II,09-17 work,416,0.24278846153846154
Jared Huffman,Democrat,Obama,05-08 morning,239,0.24267782426778242
Josh Gottheimer,Democrat,Biden,09-17 work,4248,0.24246704331450095
David Kustoff,Republican,Biden,09-17 work,1807,0.2423907028223575
Michael K. Simpson,Republican,Biden,09-17 work,788,0.24238578680203046
Maria Cantwell,Democrat,Trump,05-08 morning,945,0.24232804232804234
Susie Lee,Democrat,Trump,05-08 morning,487,0.24229979466119098
H. Morgan Griffith,Republican,Biden,09-17 work,1115,0.242152466367713
Kevin Brady R-TX,Republican,Trump,05-08 morning,595,0.24201680672268908
Pat Toomey R-PA,Republican,Trump,09-17 work,1281,0.2419984387197502
"Braun, Mike",Republican,Trump,09-17 work,1365,0.24175824175824176
Steve Cohen,Democrat,Obama,09-17 work,3150,0.2415873015873016
Robert B. Aderholt,Republican,Trump II,09-17 work,236,0.24152542372881355
Roger Marshall,Republican,Trump,05-08 morning,265,0.24150943396226415
Jim Cooper D-TN,Democrat,Trump,09-17 work,2609,0.24147182828669989
Sylvia R. Garcia,Democrat,Trump,09-17 work,3188,0.24121706398996237
Ted Lieu,Democrat,Obama,05-08 morning,386,0.24093264248704663
Max L. Miller,Republican,Biden,09-17 work,980,0.24081632653061225
Daniel Meuser,Republican,Trump II,05-08 morning,453,0.24061810154525387
Charles E. Schumer,Democrat,Biden,21-23 late,445,0.24044943820224718
Joyce Beatty,Democrat,Trump,18-20 evening,312,0.2403846153846154
"Bowman, Jamaal",Democrat,Biden,09-17 work,2858,0.2403778866340098
Tom Cole,Republican,Biden,09-17 work,932,0.24034334763948498
Brendan F. Boyle,Democrat,Biden,05-08 morning,408,0.24019607843137256
Pete Stauber,Republican,Trump II,09-17 work,1166,0.24013722126929674
Lori Trahan,Democrat,Biden,05-08 morning,379,0.24010554089709762
Tim Burchett,Republican,Trump,05-08 morning,725,0.24
Bradley Scott Schneider,Democrat,Trump,18-20 evening,225,0.24
Robert E. Latta,Republican,Biden,09-17 work,1017,0.23992133726647
Mike Levin,Democrat,Trump,05-08 morning,472,0.23940677966101695
Cedric Richmond D-LA,Democrat,Trump,09-17 work,707,0.23903818953323905
Martin Heinrich,Democrat,Biden,09-17 work,1507,0.23888520238885202
Bill Huizenga,Republican,Trump II,05-08 morning,268,0.23880597014925373
Pete Aguilar,Democrat,Trump,09-17 work,855,0.23859649122807017
Elise M. Stefanik,Republican,Trump,05-08 morning,633,0.23854660347551343
Thomas R. Suozzi,Democrat,Biden,05-08 morning,474,0.23839662447257384
John B. Larson,Democrat,Biden,18-20 evening,323,0.23839009287925697
Jake Auchincloss,Democrat,Biden,09-17 work,1590,0.23836477987421384
Suzanne Bonamici,Democrat,Trump,18-20 evening,256,0.23828125
Jon Husted,Republican,Trump II,05-08 morning,361,0.23822714681440443
Katherine Clark D-MA,Democrat,Obama,09-17 work,1172,0.2380546075085324
Joyce Beatty,Democrat,Trump,05-08 morning,387,0.23772609819121446
Karen Bass D-CA,Democrat,Biden,09-17 work,392,0.2372448979591837
Val Demings D-FL,Democrat,Biden,18-20 evening,270,0.23703703703703705
Jahana Hayes,Democrat,Trump II,09-17 work,701,0.23680456490727533
Carlos A. Gimenez,Republican,Trump II,00-04 night,300,0.23666666666666666
Orrin Hatch R-UT,Republican,Obama,05-08 morning,427,0.23653395784543327
Liz Cheney R-WY,Republican,Trump,09-17 work,597,0.23618090452261306
Kevin Brady R-TX,Republican,Trump,09-17 work,3152,0.2357233502538071
Suzan K. DelBene,Democrat,Trump,05-08 morning,560,0.2357142857142857
Norma J. Torres,Democrat,Biden,00-04 night,310,0.23548387096774193
Rand Paul,Republican,Obama,09-17 work,4192,0.23544847328244276
David P. Joyce,Republican,Biden,09-17 work,1540,0.23506493506493506
Steve Cohen,Democrat,Obama,18-20 evening,647,0.23493044822256567
Brett Guthrie,Republican,Biden,09-17 work,1401,0.23483226266952176
Lori Trahan,Democrat,Trump,05-08 morning,260,0.23461538461538461
Brett Guthrie,Republican,Biden,18-20 evening,307,0.23452768729641693
Mariannette Miller-Meeks,Republican,Trump II,05-08 morning,713,0.23422159887798036
Dave Brat R-VA,Republican,Obama,09-17 work,1076,0.2342007434944238
Elijah Cummings D-MD,Democrat,Obama,09-17 work,2580,0.23410852713178296
Roger Williams,Republican,Obama,09-17 work,1116,0.23387096774193547
Frederica S. Wilson,Democrat,Biden,18-20 evening,492,0.23373983739837398
Jimmy Patronis,Republican,Trump II,09-17 work,1228,0.23371335504885993
Francis Rooney R-FL,Republican,Trump,09-17 work,368,0.23369565217391305
William R. Timmons IV,Republican,Trump II,09-17 work,578,0.23356401384083045
Orrin Hatch R-UT,Republican,Obama,09-17 work,2651,0.23349679366276876
Ro Khanna,Democrat,Biden,18-20 evening,257,0.23346303501945526
Bernard Sanders,Independent,Obama,05-08 morning,2827,0.23346303501945526
Robert J. Wittman,Republican,Biden,05-08 morning,266,0.23308270676691728
Al Green,Democrat,Trump II,09-17 work,399,0.23308270676691728
"Lee, Barbara",Democrat,Obama,09-17 work,4072,0.23305500982318272
Vicente Gonzalez,Democrat,Trump II,05-08 morning,292,0.2328767123287671
James P. McGovern,Democrat,Obama,09-17 work,3865,0.23285899094437257
Elijah Cummings D-MD,Democrat,Obama,05-08 morning,271,0.23247232472324722
Rosa L. DeLauro,Democrat,Biden,09-17 work,1459,0.23235092529129542
Geoff Davis R-KY,Republican,Obama,09-17 work,590,0.23220338983050848
Ashley Hinson,Republican,Trump II,09-17 work,996,0.2319277108433735
Mark Alford,Republican,Trump II,05-08 morning,854,0.23185011709601874
Sharice Davids,Democrat,Trump II,05-08 morning,729,0.23182441700960219
Thomas R. Suozzi,Democrat,Trump II,09-17 work,738,0.23170731707317074
Tracey Mann,Republican,Trump II,09-17 work,298,0.23154362416107382
Mario Diaz-Balart,Republican,Trump,05-08 morning,307,0.23127035830618892
Jason Smith,Republican,Obama,09-17 work,1471,0.23113528212100612
Lloyd Smucker,Republican,Trump,18-20 evening,225,0.2311111111111111
Daniel Meuser,Republican,Trump II,09-17 work,805,0.231055900621118
Danny K. Davis,Democrat,Trump,09-17 work,2118,0.23087818696883852
James Lankford,Republican,Obama,09-17 work,737,0.23066485753052918
Brian J. Mast,Republican,Trump II,09-17 work,1102,0.23049001814882034
Seth Magaziner,Democrat,Biden,05-08 morning,217,0.2304147465437788
Brad Finstad,Republican,Trump II,09-17 work,430,0.2302325581395349
Young Kim,Republican,Biden,09-17 work,3508,0.23004561003420754
Edward J. Markey,Democrat,Obama,09-17 work,3479,0.22995113538373096
Michael Lawler,Republican,Biden,18-20 evening,348,0.22988505747126436
Jay Obernolte,Republican,Biden,05-08 morning,536,0.2294776119402985
Margaret Wood Hassan,Democrat,Trump,18-20 evening,959,0.22940563086548488
Mark Kirk R-IL,Republican,Obama,09-17 work,3313,0.22939933594929068
Darin LaHood,Republican,Biden,09-17 work,1409,0.22924059616749468
Michelle Fischbach,Republican,Trump II,05-08 morning,384,0.22916666666666666
Mark DeSaulnier,Democrat,Trump,18-20 evening,380,0.22894736842105262
Lloyd Doggett,Democrat,Obama,09-17 work,2171,0.22892676186089359
"Jesús G. ""Chuy"" García",Democrat,Biden,09-17 work,4519,0.22881168400088514
Tim Burchett,Republican,Trump,09-17 work,1805,0.22880886426592797
Bradley Scott Schneider,Democrat,Trump,09-17 work,2676,0.22869955156950672
Anthony Brown D-MD,Democrat,Biden,09-17 work,1325,0.22867924528301886
"Johnson, Bill",Republican,Trump,18-20 evening,267,0.22846441947565543
Mitch McConnell,Republican,Trump,18-20 evening,267,0.22846441947565543
Angie Craig,Democrat,Biden,05-08 morning,688,0.22819767441860464
John Joyce,Republican,Trump,09-17 work,767,0.22816166883963493
"Brown, Sherrod",Democrat,Biden,18-20 evening,263,0.22813688212927757
Val Demings D-FL,Democrat,Biden,09-17 work,3566,0.22798653954010095
Pete Ricketts,Republican,Biden,05-08 morning,215,0.22790697674418606
Vince Fong,Republican,Trump II,00-04 night,237,0.22784810126582278
Jeb Hensarling R-TX,Republican,Obama,09-17 work,496,0.22782258064516128
Mark Takano,Democrat,Biden,09-17 work,1463,0.22761449077238552
Lois Frankel,Democrat,Biden,05-08 morning,268,0.22761194029850745
Stacey E. Plaskett,Democrat,Trump,09-17 work,268,0.22761194029850745
Ted Deutch D-FL,Democrat,Obama,18-20 evening,413,0.22760290556900725
Glenn Grothman,Republican,Biden,09-17 work,892,0.22757847533632286
Mike  Rogers R-MI,Republican,Obama,09-17 work,857,0.22753792298716452
Jim Costa,Democrat,Trump II,05-08 morning,233,0.22746781115879827
Jon Husted,Republican,Trump II,09-17 work,730,0.2273972602739726
Jared Huffman,Democrat,Obama,09-17 work,1082,0.22735674676524953
Catherine Cortez Masto,Democrat,Trump,05-08 morning,1483,0.227242076871207
"Henry C. ""Hank"" Johnson, Jr.",Democrat,Biden,05-08 morning,335,0.22686567164179106
John B. Larson,Democrat,Biden,09-17 work,3150,0.22666666666666666
Scott Garrett R-NJ,Republican,Obama,09-17 work,578,0.22664359861591696
Scott H. Peters,Democrat,Trump,05-08 morning,406,0.22660098522167488
Young Kim,Republican,Biden,18-20 evening,491,0.22606924643584522
Mike Quigley,Democrat,Biden,09-17 work,3548,0.22604284103720407
Val T. Hoyle,Democrat,Biden,09-17 work,1102,0.22595281306715065
Bill Cassidy,Republican,Trump,09-17 work,2886,0.2259182259182259
Dusty Johnson,Republican,Biden,05-08 morning,248,0.22580645161290322
"Eshoo, Anna ",Democrat,Biden,05-08 morning,257,0.22568093385214008
Mike Lee,Republican,Trump,09-17 work,1371,0.22538293216630198
Mike Levin,Democrat,Trump,09-17 work,2025,0.22469135802469137
Jimmy Gomez,Democrat,Biden,09-17 work,2996,0.2246328437917223
Mark Takano,Democrat,Biden,05-08 morning,877,0.22462941847206386
Mark Kirk R-IL,Republican,Obama,18-20 evening,601,0.22462562396006655
Bernard Sanders,Independent,Obama,00-04 night,601,0.22462562396006655
Amy Klobuchar,Democrat,Biden,05-08 morning,1501,0.22451698867421718
Mike Honda D-CA,Democrat,Obama,09-17 work,1573,0.22441195168467895
Peter DeFazio D-OR,Democrat,Obama,05-08 morning,205,0.22439024390243903
Jonathan L. Jackson,Democrat,Biden,09-17 work,410,0.22439024390243903
Al Green,Democrat,Trump II,05-08 morning,205,0.22439024390243903
Mike Haridopolos,Republican,Trump II,09-17 work,361,0.22437673130193905
Cynthia M. Lummis,Republican,Trump II,09-17 work,1168,0.2243150684931507
Madeleine Dean,Democrat,Biden,18-20 evening,330,0.22424242424242424
Mike Flood,Republican,Biden,09-17 work,1004,0.2241035856573705
Maria Elvira Salazar,Republican,Trump II,05-08 morning,1416,0.22387005649717515
Richard Hudson,Republican,Obama,21-23 late,210,0.22380952380952382
Erin Houchin,Republican,Trump II,05-08 morning,331,0.22356495468277945
Michelle Grisham D-NM,Democrat,Obama,18-20 evening,273,0.22344322344322345
Madeleine Dean,Democrat,Biden,09-17 work,2238,0.22341376228775692
Mario Diaz-Balart,Republican,Trump II,05-08 morning,855,0.22339181286549709
Amy Klobuchar,Democrat,Biden,00-04 night,556,0.22302158273381295
Bill Huizenga,Republican,Obama,09-17 work,3830,0.22297650130548302
"Jesús G. ""Chuy"" García",Democrat,Biden,05-08 morning,634,0.222397476340694
Alan Lowenthal D-CA,Democrat,Biden,09-17 work,1138,0.22231985940246046
Neal P. Dunn,Republican,Biden,05-08 morning,261,0.2222222222222222
"Eric A. ""Rick"" Crawford",Republican,Trump II,05-08 morning,207,0.2222222222222222
Joe Crowley D-NY,Democrat,Obama,09-17 work,2604,0.22196620583717358
Young Kim,Republican,Biden,05-08 morning,1358,0.22164948453608246
Dave Brat R-VA,Republican,Trump,09-17 work,379,0.22163588390501318
August Pfluger,Republican,Trump II,09-17 work,890,0.22134831460674156
Carlos A. Gimenez,Republican,Trump II,18-20 evening,208,0.22115384615384615
Katie Boyd Britt,Republican,Trump II,09-17 work,1488,0.2211021505376344
Rand Paul,Republican,Obama,00-04 night,484,0.22107438016528927
Donna Edwards D-MD,Democrat,Obama,09-17 work,2707,0.22090875507942373
Hillary J. Scholten,Democrat,Trump II,09-17 work,1494,0.22088353413654618
Grace Meng,Democrat,Biden,18-20 evening,412,0.220873786407767
Jason Crow,Democrat,Biden,05-08 morning,829,0.22074788902291917
Kirsten E. Gillibrand,Democrat,Biden,09-17 work,1651,0.2204724409448819
Sara Jacobs,Democrat,Biden,00-04 night,227,0.22026431718061673
Jon Husted,Republican,Trump II,00-04 night,218,0.22018348623853212
Rick W. Allen,Republican,Trump II,09-17 work,327,0.22018348623853212
Mike Honda D-CA,Democrat,Obama,05-08 morning,268,0.22014925373134328
Jack Reed,Democrat,Trump,05-08 morning,209,0.22009569377990432
Kathy Castor,Democrat,Trump,21-23 late,309,0.22006472491909385
Madeleine Dean,Democrat,Biden,05-08 morning,359,0.2200557103064067
Vern Buchanan,Republican,Trump II,09-17 work,838,0.21957040572792363
"Robert C. ""Bobby"" Scott",Democrat,Biden,05-08 morning,205,0.21951219512195122
Steve Womack,Republican,Biden,09-17 work,2583,0.21951219512195122
Gregory W. Meeks,Democrat,Biden,09-17 work,1695,0.21946902654867256
Thomas R. Suozzi,Democrat,Biden,09-17 work,1531,0.2194644023514043
Luis Gutierrez D-IL,Democrat,Obama,09-17 work,3001,0.21926024658447185
Nathaniel Moran,Republican,Trump II,05-08 morning,406,0.21921182266009853
Maria Elvira Salazar,Republican,Trump II,00-04 night,315,0.21904761904761905
Mike Thompson,Democrat,Obama,09-17 work,1443,0.218988218988219
Mary Gay Scanlon,Democrat,Biden,18-20 evening,708,0.2189265536723164
Joe Courtney,Democrat,Trump,18-20 evening,823,0.2187120291616039
Deb Fischer,Republican,Biden,05-08 morning,503,0.21868787276341947
Bryan Steil,Republican,Trump II,05-08 morning,590,0.21864406779661016
Pete Aguilar,Democrat,Biden,09-17 work,627,0.21850079744816586
Aaron Bean,Republican,Trump II,05-08 morning,238,0.2184873949579832
Nancy Pelosi,Democrat,Biden,09-17 work,2824,0.2184844192634561
Ami Bera,Democrat,Trump,05-08 morning,618,0.21844660194174756
Gary C. Peters,Democrat,Trump,09-17 work,3471,0.21838087006626333
Vince Fong,Republican,Trump II,09-17 work,371,0.2183288409703504
Neal P. Dunn,Republican,Biden,09-17 work,962,0.2182952182952183
"Casey, Robert Jr.",Democrat,Biden,18-20 evening,518,0.21814671814671815
Frederica S. Wilson,Democrat,Trump,18-20 evening,610,0.2180327868852459
Mike Haridopolos,Republican,Trump II,05-08 morning,211,0.21800947867298578
John Kennedy,Republican,Trump,05-08 morning,404,0.21782178217821782
Young Kim,Republican,Biden,00-04 night,368,0.21739130434782608
Richard McCormick,Republican,Trump II,09-17 work,764,0.21727748691099477
"Lamborn, Doug",Republican,Obama,09-17 work,1694,0.21723730814639905
Doris O. Matsui,Democrat,Trump,09-17 work,258,0.21705426356589147
Elise M. Stefanik,Republican,Trump,00-04 night,387,0.21705426356589147
Josh Harder,Democrat,Biden,05-08 morning,318,0.2169811320754717
Catherine Cortez Masto,Democrat,Trump,18-20 evening,461,0.21691973969631237
Sylvia R. Garcia,Democrat,Trump,05-08 morning,438,0.21689497716894976
James Lankford,Republican,Trump,09-17 work,1291,0.2168861347792409
Bob Corker R-TN,Republican,Obama,18-20 evening,226,0.2168141592920354
Alan Lowenthal D-CA,Democrat,Biden,05-08 morning,226,0.2168141592920354
"Waltz, Michael",Republican,Trump,09-17 work,2734,0.21653255303584493
Mark Pocan,Democrat,Obama,09-17 work,1677,0.21645796064400716
Jeff Crank,Republican,Trump II,05-08 morning,319,0.21630094043887146
Maria Elvira Salazar,Republican,Biden,09-17 work,3658,0.21623838162930564
Troy Balderson,Republican,Trump II,09-17 work,259,0.21621621621621623
Adrian Smith,Republican,Biden,09-17 work,1314,0.2161339421613394
James Lankford,Republican,Trump,05-08 morning,574,0.21602787456445993
Mariannette Miller-Meeks,Republican,Trump II,09-17 work,1090,0.21559633027522937
Lori Trahan,Democrat,Biden,09-17 work,3717,0.21549636803874092
Pete Ricketts,Republican,Trump II,09-17 work,543,0.2154696132596685
Carolyn Maloney D-NY,Democrat,Biden,18-20 evening,868,0.2154377880184332
Josh Harder,Democrat,Biden,09-17 work,2085,0.21534772182254197
Chellie Pingree,Democrat,Biden,05-08 morning,381,0.2152230971128609
"Armstrong, Kelly",Republican,Trump,09-17 work,1907,0.2149973780807551
"Sarbanes, John ",Democrat,Biden,18-20 evening,228,0.2149122807017544
Todd Young,Republican,Biden,09-17 work,3569,0.21490613617259738
Emilia Strong Sykes,Democrat,Trump II,05-08 morning,312,0.21474358974358973
Patrick Ryan,Democrat,Biden,09-17 work,1282,0.21450858034321374
John Boozman,Republican,Biden,05-08 morning,891,0.2143658810325477
Elissa Slotkin,Democrat,Biden,18-20 evening,392,0.21428571428571427
Peter DeFazio D-OR,Democrat,Biden,09-17 work,1051,0.21408182683158897
Kat Cammack,Republican,Trump II,05-08 morning,327,0.21406727828746178
Ami Bera,Democrat,Trump,09-17 work,1878,0.21405750798722045
Julia Letlow,Republican,Trump II,09-17 work,584,0.21404109589041095
Roger F. Wicker,Republican,Trump II,09-17 work,229,0.21397379912663755
Jeb Hensarling R-TX,Republican,Trump,09-17 work,215,0.21395348837209302
"Wexton, Jennifer",Democrat,Biden,18-20 evening,402,0.21393034825870647
Sean Casten,Democrat,Biden,09-17 work,5717,0.21392338639146405
Brett Guthrie,Republican,Trump II,05-08 morning,360,0.21388888888888888
Joyce Beatty,Democrat,Biden,18-20 evening,253,0.2134387351778656
Denny Heck D-WA,Democrat,Trump,05-08 morning,328,0.21341463414634146
Sam Graves,Republican,Obama,09-17 work,2081,0.21335896203748198
Bill Hagerty,Republican,Trump II,09-17 work,675,0.21333333333333335
Vince Fong,Republican,Trump II,05-08 morning,347,0.2132564841498559
Bill Cassidy,Republican,Trump,05-08 morning,755,0.21324503311258278
Eleanor Holmes Norton,Democrat,Biden,09-17 work,1047,0.21298949379178606
Mike Bost,Republican,Trump II,09-17 work,310,0.2129032258064516
Bill Huizenga,Republican,Obama,05-08 morning,296,0.21283783783783783
Kevin Cramer,Republican,Trump,05-08 morning,658,0.2127659574468085
Stacey E. Plaskett,Democrat,Trump II,00-04 night,221,0.21266968325791855
Tom Marino R-PA,Republican,Obama,18-20 evening,221,0.21266968325791855
Kenny Marchant R-TX,Republican,Obama,05-08 morning,301,0.21262458471760798
"Stabenow, Debbie",Democrat,Trump,09-17 work,2625,0.21257142857142858
Steve Cohen,Democrat,Obama,21-23 late,541,0.21256931608133087
Al Green,Democrat,Biden,05-08 morning,207,0.21256038647342995
Sheri Biggs,Republican,Trump II,09-17 work,320,0.2125
Bill Flores R-TX,Republican,Obama,18-20 evening,391,0.21227621483375958
Dan Sullivan,Republican,Trump II,05-08 morning,278,0.21223021582733814
Tom Marino R-PA,Republican,Obama,09-17 work,2150,0.21209302325581394
Kevin Cramer,Republican,Trump,18-20 evening,401,0.2119700748129676
Alma S. Adams,Democrat,Trump,05-08 morning,288,0.21180555555555555
Jeanne Shaheen,Democrat,Biden,18-20 evening,718,0.2116991643454039
Michael R. Turner,Republican,Biden,18-20 evening,208,0.21153846153846154
Bennie G. Thompson,Democrat,Biden,09-17 work,823,0.21142162818955043
Mark B. Messmer,Republican,Trump II,05-08 morning,246,0.21138211382113822
Catherine Cortez Masto,Democrat,Biden,00-04 night,511,0.21135029354207435
David J. Taylor,Republican,Trump II,09-17 work,398,0.21105527638190955
Sean Casten,Democrat,Biden,18-20 evening,597,0.21105527638190955
Mark Alford,Republican,Trump II,09-17 work,1692,0.21099290780141844
Juan Vargas,Democrat,Biden,05-08 morning,408,0.2107843137254902
"Waltz, Michael",Republican,Trump,18-20 evening,337,0.21068249258160238
Richard Shelby R-AL,Republican,Biden,09-17 work,394,0.21065989847715735
Shri Thanedar,Democrat,Biden,09-17 work,893,0.21052631578947367
H. Morgan Griffith,Republican,Trump II,09-17 work,442,0.21040723981900453
Bryan Steil,Republican,Trump II,09-17 work,566,0.21024734982332155
Nancy Pelosi,Democrat,Biden,05-08 morning,1670,0.21017964071856288
Jodey C. Arrington,Republican,Trump,05-08 morning,357,0.21008403361344538
Michael Guest,Republican,Trump,09-17 work,810,0.20987654320987653
Bill Huizenga,Republican,Obama,21-23 late,286,0.2097902097902098
Sara Jacobs,Democrat,Biden,05-08 morning,782,0.20971867007672634
Kevin Mullin,Democrat,Biden,09-17 work,582,0.20962199312714777
Nathaniel Moran,Republican,Trump II,09-17 work,334,0.20958083832335328
Glenn Grothman,Republican,Trump II,09-17 work,272,0.20955882352941177
Sean Maloney D-NY,Democrat,Biden,09-17 work,692,0.20953757225433525
Michael K. Simpson,Republican,Biden,05-08 morning,339,0.20943952802359883
Vern Buchanan,Republican,Trump II,05-08 morning,573,0.2094240837696335
"Romney, Mitt",Republican,Biden,05-08 morning,320,0.209375
"Swalwell, Eric",Democrat,Obama,05-08 morning,817,0.20930232558139536
Markwayne Mullin R-OK,Republican,Obama,18-20 evening,220,0.20909090909090908
Louie Gohmert R-TX,Republican,Trump,18-20 evening,244,0.20901639344262296
Doug Collins,Republican,Obama,09-17 work,1799,0.20900500277932185
Julie Fedorchak,Republican,Trump II,05-08 morning,316,0.2088607594936709
Pete Aguilar,Democrat,Biden,05-08 morning,321,0.2087227414330218
Richard Burr R-NC,Republican,Obama,09-17 work,2075,0.20867469879518072
"Jesús G. ""Chuy"" García",Democrat,Biden,18-20 evening,513,0.20857699805068225
Bradley Scott Schneider,Democrat,Biden,05-08 morning,585,0.20854700854700856
"Gallagher, Mike",Republican,Trump,09-17 work,1516,0.20844327176781002
John Yarmuth D-KY,Democrat,Obama,09-17 work,1972,0.20841784989858012
Bill Flores R-TX,Republican,Obama,09-17 work,3708,0.20819848975188782
Robert J. Wittman,Republican,Biden,09-17 work,1249,0.20816653322658127
Jason Crow,Democrat,Biden,09-17 work,2191,0.20812414422638065
Scott H. Peters,Democrat,Trump,09-17 work,5482,0.20795330171470267
Suzan K. DelBene,Democrat,Trump,09-17 work,3222,0.2079453755431409
"Lee, Barbara",Democrat,Obama,18-20 evening,279,0.2078853046594982
Pat Roberts R-KS,Republican,Obama,09-17 work,2836,0.20768688293370946
Robert Pittenger R-NC,Republican,Obama,09-17 work,4383,0.2076203513575177
Kat Cammack,Republican,Biden,00-04 night,212,0.20754716981132076
Val T. Hoyle,Democrat,Biden,05-08 morning,347,0.207492795389049
Mark Takano,Democrat,Obama,09-17 work,1041,0.207492795389049
Ted Lieu,Democrat,Obama,09-17 work,1205,0.2074688796680498
Cynthia M. Lummis,Republican,Trump II,00-04 night,646,0.20743034055727555
"Lamborn, Doug",Republican,Obama,05-08 morning,521,0.2072936660268714
Eliot Engel D-NY,Democrat,Obama,09-17 work,1140,0.20701754385964913
Kathy Castor,Democrat,Trump,05-08 morning,401,0.20698254364089774
Linda T. Sánchez,Democrat,Biden,09-17 work,886,0.20654627539503387
Zoe Lofgren,Democrat,Biden,09-17 work,581,0.20654044750430292
Frederica S. Wilson,Democrat,Trump,05-08 morning,339,0.20648967551622419
Donald McEachin D-VA,Democrat,Trump,09-17 work,1729,0.20647773279352227
Cory A. Booker,Democrat,Trump,00-04 night,436,0.20642201834862386
Dina Titus,Democrat,Biden,05-08 morning,780,0.2064102564102564
Marlin A. Stutzman,Republican,Obama,09-17 work,819,0.20634920634920634
Denver Riggleman R-VA,Republican,Trump,18-20 evening,252,0.20634920634920634
Steve Daines,Republican,Trump II,05-08 morning,582,0.20618556701030927
Mike Carey,Republican,Biden,09-17 work,747,0.20615796519410978
"Wild, Susan",Democrat,Trump,18-20 evening,272,0.20588235294117646
Emanuel Cleaver,Democrat,Biden,09-17 work,3548,0.20574971815107101
Julie Fedorchak,Republican,Trump II,09-17 work,389,0.20565552699228792
Steve Womack,Republican,Biden,05-08 morning,428,0.205607476635514
Bill Huizenga,Republican,Trump,18-20 evening,219,0.2054794520547945
Pete Ricketts,Republican,Trump II,05-08 morning,516,0.2054263565891473
Julia Letlow,Republican,Biden,09-17 work,1042,0.2053742802303263
"Curtis, John ",Republican,Biden,05-08 morning,224,0.20535714285714285
Ron Kind D-WI,Democrat,Trump,09-17 work,750,0.20533333333333334
Joe Neguse,Democrat,Trump,05-08 morning,887,0.20518602029312288
Salud O. Carbajal,Democrat,Trump,18-20 evening,405,0.20493827160493827
Madeleine Dean,Democrat,Trump,05-08 morning,293,0.20477815699658702
Marie Gluesenkamp Perez,Democrat,Trump II,05-08 morning,293,0.20477815699658702
Gregory W. Meeks,Democrat,Obama,09-17 work,630,0.20476190476190476
Marie Newman D-IL,Democrat,Biden,05-08 morning,381,0.2047244094488189
John Garamendi,Democrat,Trump,09-17 work,2467,0.2047020672882043
Brian J. Mast,Republican,Trump,09-17 work,2689,0.2045370026031982
Cory A. Booker,Democrat,Biden,18-20 evening,269,0.20446096654275092
Steve Southerland R-FL,Republican,Obama,09-17 work,509,0.2043222003929273
Bill Nelson D-FL,Democrat,Obama,09-17 work,294,0.20408163265306123
Lucille Roybal-Allard D-CA,Democrat,Trump,09-17 work,3583,0.20373988277979346
Louie Gohmert R-TX,Republican,Trump,09-17 work,2204,0.20372050816696916
"Allred, Colin",Democrat,Biden,18-20 evening,270,0.2037037037037037
Donald Norcross,Democrat,Biden,09-17 work,713,0.20336605890603085
"Nickel, Wiley",Democrat,Biden,09-17 work,551,0.20326678765880218
Michelle Grisham D-NM,Democrat,Obama,05-08 morning,369,0.2032520325203252
Michael K. Simpson,Republican,Trump II,00-04 night,330,0.20303030303030303
Riley M. Moore,Republican,Trump II,00-04 night,266,0.20300751879699247
Laurel M. Lee,Republican,Biden,09-17 work,961,0.20291363163371487
Stephen F. Lynch,Democrat,Trump,09-17 work,1548,0.20284237726098192
David J. Taylor,Republican,Trump II,05-08 morning,212,0.2028301886792453
Debbie Wasserman Schultz,Democrat,Obama,09-17 work,1425,0.20280701754385966
John Ratcliffe R-TX,Republican,Trump,09-17 work,983,0.20244150559511698
Chris Stewart R-UT,Republican,Trump,09-17 work,1092,0.20238095238095238
Mark B. Messmer,Republican,Trump II,09-17 work,257,0.20233463035019456
Rick Larsen,Democrat,Obama,18-20 evening,346,0.2023121387283237
Carolyn Maloney D-NY,Democrat,Obama,09-17 work,1698,0.20200235571260305
Donna Edwards D-MD,Democrat,Obama,18-20 evening,436,0.2018348623853211
Richard Hudson,Republican,Obama,09-17 work,2612,0.20176110260336907
Jason Crow,Democrat,Biden,00-04 night,233,0.2017167381974249
Frank D. Lucas,Republican,Biden,09-17 work,1175,0.20170212765957446
Zoe Lofgren,Democrat,Obama,09-17 work,957,0.20167189132706373
Sean Casten,Democrat,Trump,18-20 evening,288,0.2013888888888889
Cynthia M. Lummis,Republican,Trump II,05-08 morning,1004,0.20119521912350596
Sylvia R. Garcia,Democrat,Trump,18-20 evening,691,0.2011577424023155
Zachary Nunn,Republican,Trump II,05-08 morning,368,0.20108695652173914
John Lewis D-GA,Democrat,Obama,09-17 work,1368,0.2010233918128655
Steve Israel D-NY,Democrat,Obama,09-17 work,2448,0.20098039215686275
"Gallagher, Mike",Republican,Trump,05-08 morning,204,0.20098039215686275
Richard J. Durbin,Democrat,Obama,18-20 evening,613,0.200652528548124
Stephanie I. Bice,Republican,Trump II,05-08 morning,489,0.20040899795501022
André Carson,Democrat,Biden,09-17 work,1904,0.20010504201680673
Mary Gay Scanlon,Democrat,Biden,21-23 late,360,0.2
Tim Kaine,Democrat,Biden,18-20 evening,200,0.2
John McCain R-AZ,Republican,Trump,09-17 work,1221,0.19983619983619982
Catherine Cortez Masto,Democrat,Biden,05-08 morning,1567,0.19974473516273133
Ralph Norman,Republican,Trump,09-17 work,1669,0.19952067106051527
Jason Crow,Democrat,Trump,05-08 morning,346,0.1994219653179191
Cory Mills,Republican,Trump II,00-04 night,241,0.1991701244813278
Brenda Lawrence D-MI,Democrat,Obama,09-17 work,1647,0.19914996964177292
Jared Polis D-CO,Democrat,Obama,05-08 morning,216,0.19907407407407407
Roger Marshall,Republican,Trump II,00-04 night,206,0.19902912621359223
John McCain R-AZ,Republican,Trump,05-08 morning,819,0.199023199023199
"Cardin, Benjamin",Democrat,Obama,18-20 evening,613,0.19902120717781402
Julia Brownley,Democrat,Trump,09-17 work,1548,0.19896640826873385
Kirsten E. Gillibrand,Democrat,Biden,05-08 morning,538,0.19888475836431227
Charlie Crist D-FL,Democrat,Biden,09-17 work,971,0.19876416065911431
Fred Upton R-MI,Republican,Biden,09-17 work,609,0.1986863711001642
"Bowman, Jamaal",Democrat,Biden,18-20 evening,302,0.1986754966887417
Brittany Pettersen,Democrat,Biden,05-08 morning,292,0.19863013698630136
Filemon Vela D-TX,Democrat,Trump,09-17 work,997,0.19859578736208625
"Kildee, Dan",Democrat,Obama,09-17 work,2000,0.1985
Linda T. Sánchez,Democrat,Trump,05-08 morning,237,0.19831223628691982
Richard Shelby R-AL,Republican,Obama,09-17 work,827,0.19830713422007254
Tim Walberg,Republican,Trump II,05-08 morning,459,0.19825708061002179
Grace Meng,Democrat,Trump,05-08 morning,313,0.19808306709265175
Tim Moore,Republican,Trump II,09-17 work,414,0.19806763285024154
David Perdue R-GA,Republican,Obama,09-17 work,1323,0.1980347694633409
"Robert C. ""Bobby"" Scott",Democrat,Biden,09-17 work,1153,0.19774501300954034
Jodey C. Arrington,Republican,Trump,18-20 evening,344,0.19767441860465115
Bill Cassidy,Republican,Trump II,00-04 night,324,0.19753086419753085
Dusty Johnson,Republican,Biden,09-17 work,1322,0.197428139183056
Bill Foster,Democrat,Biden,05-08 morning,517,0.19729206963249515
Frederica S. Wilson,Democrat,Biden,05-08 morning,507,0.19723865877712032
Stephen F. Lynch,Democrat,Trump,18-20 evening,335,0.19701492537313434
Martha Roby R-AL,Republican,Obama,09-17 work,3777,0.19698173153296267
Gwen Moore,Democrat,Obama,09-17 work,3922,0.196838347781744
"Granger, Kay",Republican,Biden,05-08 morning,1047,0.19675262655205347
John H. Rutherford,Republican,Trump,09-17 work,910,0.1967032967032967
Adam Kinzinger R-IL,Republican,Trump,09-17 work,2354,0.19668649107901445
Ann Wagner,Republican,Obama,09-17 work,1505,0.19667774086378736
Ami Bera,Democrat,Trump,18-20 evening,321,0.19626168224299065
"Bishop, Dan",Republican,Trump,09-17 work,428,0.19626168224299065
Steve Daines,Republican,Trump II,09-17 work,576,0.19618055555555555
Zachary Nunn,Republican,Trump II,09-17 work,571,0.19614711033274956
Rudy Yakym III,Republican,Trump II,05-08 morning,459,0.19607843137254902
Jared Moskowitz,Democrat,Trump II,05-08 morning,250,0.196
Paul Tonko,Democrat,Obama,09-17 work,5593,0.1959592347577329
Katie Hill D-CA,Democrat,Trump,09-17 work,766,0.195822454308094
Eric Sorensen,Democrat,Trump II,05-08 morning,378,0.19576719576719576
Lois Frankel,Democrat,Biden,18-20 evening,327,0.19571865443425077
Bill Shuster R-PA,Republican,Obama,09-17 work,1799,0.19566425792106726
Kathy Castor,Democrat,Obama,09-17 work,1472,0.1956521739130435
Mike Enzi R-WY,Republican,Obama,05-08 morning,220,0.19545454545454546
Gary C. Peters,Democrat,Trump,05-08 morning,307,0.19543973941368079
Mary Gay Scanlon,Democrat,Biden,09-17 work,3940,0.19543147208121828
Shontel M. Brown,Democrat,Biden,09-17 work,1162,0.19535283993115318
Denny Heck D-WA,Democrat,Trump,09-17 work,1700,0.1952941176470588
Tim Walberg,Republican,Trump II,09-17 work,507,0.1952662721893491
"Scott, David",Democrat,Obama,09-17 work,1773,0.19514946418499718
H. Morgan Griffith,Republican,Trump II,05-08 morning,287,0.1951219512195122
Jason Crow,Democrat,Trump,09-17 work,1845,0.1951219512195122
Rick W. Allen,Republican,Trump II,05-08 morning,323,0.19504643962848298
Sandy Adams R-FL,Republican,Obama,09-17 work,200,0.195
"Pence, Greg",Republican,Biden,09-17 work,1072,0.19496268656716417
Shelley Moore Capito,Republican,Biden,18-20 evening,385,0.19480519480519481
Mitch McConnell,Republican,Trump II,09-17 work,308,0.19480519480519481
Jim Cooper D-TN,Democrat,Trump,05-08 morning,308,0.19480519480519481
John Barrasso,Republican,Trump,05-08 morning,380,0.19473684210526315
Ross Spano R-FL,Republican,Trump,09-17 work,1212,0.19471947194719472
Marie Newman D-IL,Democrat,Biden,09-17 work,1572,0.1946564885496183
"Romney, Mitt",Republican,Trump,09-17 work,797,0.1944792973651192
Joseph D. Morelle,Democrat,Trump,18-20 evening,283,0.19434628975265017
Michael R. Turner,Republican,Biden,05-08 morning,448,0.19419642857142858
Robin L. Kelly,Democrat,Obama,09-17 work,963,0.19418483904465214
Mike Doyle D-PA,Democrat,Biden,09-17 work,824,0.1941747572815534
Salud O. Carbajal,Democrat,Trump,09-17 work,2612,0.194104134762634
Monica De La Cruz,Republican,Biden,09-17 work,840,0.19404761904761905
Kerry Bentivolio R-MI,Republican,Obama,09-17 work,825,0.19393939393939394
Julia Brownley,Democrat,Trump,05-08 morning,490,0.19387755102040816
Kathy Castor,Democrat,Biden,18-20 evening,351,0.19373219373219372
Nanette Diaz Barragán,Democrat,Biden,05-08 morning,764,0.193717277486911
Cory Gardner R-CO,Republican,Obama,09-17 work,852,0.1936619718309859
Josh Harder,Democrat,Trump,18-20 evening,326,0.19325153374233128
"Phillips, Dean",Democrat,Trump,18-20 evening,207,0.1932367149758454
Alma S. Adams,Democrat,Trump,18-20 evening,440,0.19318181818181818
John Sullivan R-OK,Republican,Obama,09-17 work,264,0.19318181818181818
Tim Scott,Republican,Trump II,09-17 work,715,0.193006993006993
John Kline R-MN,Republican,Obama,18-20 evening,508,0.19291338582677164
Elissa Slotkin,Democrat,Trump,09-17 work,1105,0.19276018099547512
James P. McGovern,Democrat,Obama,18-20 evening,384,0.19270833333333334
Deb Haaland D-NM,Democrat,Trump,09-17 work,3000,0.19266666666666668
Bill Cassidy,Republican,Biden,18-20 evening,322,0.19254658385093168
E.B. Johnson D-TX,Democrat,Trump,09-17 work,1358,0.19219440353460973
Laurel M. Lee,Republican,Trump II,09-17 work,484,0.1921487603305785
Jodey C. Arrington,Republican,Trump,09-17 work,2035,0.19213759213759213
Ryan K. Zinke,Republican,Trump II,09-17 work,203,0.1921182266009852
Sara Jacobs,Democrat,Biden,18-20 evening,203,0.1921182266009852
David McCormick,Republican,Trump II,09-17 work,516,0.19186046511627908
Sharice Davids,Democrat,Trump II,09-17 work,793,0.19167717528373265
John Thune,Republican,Biden,18-20 evening,402,0.19154228855721392
Nikema Williams,Democrat,Biden,09-17 work,3806,0.19153967419863374
Elaine Luria D-VA,Democrat,Biden,18-20 evening,235,0.19148936170212766
Joe Courtney,Democrat,Trump,09-17 work,2930,0.19146757679180887
"Gonzales, Tony",Republican,Biden,09-17 work,1839,0.19086460032626426
Anthony Gonzalez R-OH,Republican,Biden,09-17 work,588,0.19047619047619047
Gary C. Peters,Democrat,Trump,18-20 evening,688,0.19040697674418605
Cliff Stearns R-FL,Republican,Obama,09-17 work,226,0.1902654867256637
Alma S. Adams,Democrat,Biden,05-08 morning,326,0.1901840490797546
"Kildee, Dan",Democrat,Obama,18-20 evening,284,0.19014084507042253
Thomas R. Suozzi,Democrat,Trump,09-17 work,1641,0.19012797074954296
Richard J. Durbin,Democrat,Obama,09-17 work,6696,0.19011350059737156
Bradley Scott Schneider,Democrat,Biden,09-17 work,2306,0.1899392888117953
Martha Roby R-AL,Republican,Obama,18-20 evening,337,0.18991097922848665
Tim Ryan D-OH,Democrat,Biden,09-17 work,1280,0.18984375
Robert Pittenger R-NC,Republican,Obama,18-20 evening,659,0.18968133535660092
Laura Gillen,Democrat,Trump II,05-08 morning,348,0.1896551724137931
"Manning, Kathy ",Democrat,Biden,09-17 work,2168,0.18957564575645758
Jennifer L. McClellan,Democrat,Biden,18-20 evening,306,0.1895424836601307
"Williams, Brandon",Republican,Biden,09-17 work,818,0.18948655256723718
Seth Magaziner,Democrat,Biden,09-17 work,1225,0.1893877551020408
John Delaney D-MD,Democrat,Trump,09-17 work,565,0.18938053097345134
Mark Walker R-NC,Republican,Trump,18-20 evening,449,0.18930957683741648
John Garamendi,Democrat,Trump,05-08 morning,989,0.1890798786653185
Thom Tillis,Republican,Trump,05-08 morning,402,0.1890547263681592
John Barrasso,Republican,Trump,09-17 work,1529,0.18901242642249835
Brian J. Mast,Republican,Trump II,05-08 morning,969,0.18885448916408668
Randy Feenstra,Republican,Trump II,05-08 morning,646,0.18885448916408668
Bradley Byrne R-AL,Republican,Trump,18-20 evening,530,0.18867924528301888
Cory A. Booker,Democrat,Biden,05-08 morning,981,0.18858307849133538
Jose Serrano D-NY,Democrat,Trump,18-20 evening,207,0.18840579710144928
Joe Neguse,Democrat,Trump,18-20 evening,207,0.18840579710144928
Michael K. Simpson,Republican,Trump II,09-17 work,361,0.1883656509695291
Joe Barton R-TX,Republican,Obama,05-08 morning,223,0.18834080717488788
Lori Trahan,Democrat,Biden,18-20 evening,425,0.18823529411764706
Brett Guthrie,Republican,Trump II,09-17 work,627,0.18819776714513556
John McCain R-AZ,Republican,Obama,09-17 work,6047,0.18819249214486522
Deborah K. Ross,Democrat,Biden,18-20 evening,218,0.18807339449541285
Ron Johnson,Republican,Trump,18-20 evening,452,0.18805309734513273
Kevin Brady R-TX,Republican,Obama,05-08 morning,1096,0.18795620437956204
James R. Baird,Republican,Trump II,05-08 morning,309,0.18770226537216828
Joe Neguse,Democrat,Trump,09-17 work,2718,0.18763796909492272
Tim Kaine,Democrat,Biden,05-08 morning,741,0.18758434547908232
Maxine Waters,Democrat,Obama,09-17 work,320,0.1875
Nancy Pelosi,Democrat,Biden,18-20 evening,240,0.1875
Cory A. Booker,Democrat,Biden,09-17 work,2860,0.1874125874125874
Ron Johnson,Republican,Trump,09-17 work,2338,0.18733960650128315
Mary Gay Scanlon,Democrat,Biden,05-08 morning,363,0.18732782369146006
Jacky Rosen,Democrat,Trump,09-17 work,3205,0.187207488299532
Cindy Hyde-Smith,Republican,Trump II,09-17 work,513,0.1871345029239766
Adrian Smith,Republican,Biden,05-08 morning,214,0.18691588785046728
Jackie Walorski R-IN,Republican,Obama,18-20 evening,321,0.18691588785046728
"Armstrong, Kelly",Republican,Trump,05-08 morning,289,0.18685121107266436
Sara Jacobs,Democrat,Biden,09-17 work,2339,0.18683197947840957
"Stabenow, Debbie",Democrat,Obama,09-17 work,1012,0.18675889328063242
Jay Obernolte,Republican,Biden,09-17 work,1223,0.18642681929681112
Charles E. Schumer,Democrat,Obama,09-17 work,5152,0.18633540372670807
Darren Soto,Democrat,Trump,09-17 work,2829,0.18628490632732414
Randy Feenstra,Republican,Trump II,09-17 work,843,0.18623962040332148
Donna Edwards D-MD,Democrat,Obama,21-23 late,231,0.18614718614718614
Dan Coats R-IN,Republican,Obama,09-17 work,2983,0.18605430774388199
Linda T. Sánchez,Democrat,Biden,05-08 morning,511,0.18590998043052837
Jennifer A. Kiggans,Republican,Trump II,09-17 work,1178,0.18590831918505943
"Donald S. Beyer, Jr.",Democrat,Obama,09-17 work,2427,0.1858261227853317
"Cardin, Benjamin",Democrat,Biden,09-17 work,2987,0.18580515567458988
Ted Yoho R-FL,Republican,Obama,09-17 work,474,0.18565400843881857
"Bucshon, Larry",Republican,Trump,09-17 work,1239,0.18563357546408393
Mariannette Miller-Meeks,Republican,Biden,05-08 morning,668,0.18562874251497005
Rudy Yakym III,Republican,Trump II,09-17 work,631,0.18541996830427893
Janice D. Schakowsky,Democrat,Obama,09-17 work,437,0.1853546910755149
"LaMalfa, Doug",Republican,Trump,09-17 work,1117,0.18531781557743957
Orrin Hatch R-UT,Republican,Trump,05-08 morning,556,0.18525179856115107
David McKinley R-WV,Republican,Obama,09-17 work,2959,0.18519770192632645
Gary J. Palmer,Republican,Obama,05-08 morning,292,0.18493150684931506
Van Taylor R-TX,Republican,Biden,09-17 work,238,0.18487394957983194
Jared F. Golden,Democrat,Biden,09-17 work,1401,0.18486795146324053
Alma S. Adams,Democrat,Biden,09-17 work,1012,0.18478260869565216
"Gilbert Ray Cisneros, Jr.",Democrat,Trump,05-08 morning,509,0.18467583497053044
Grace Meng,Democrat,Biden,09-17 work,3603,0.1845684152095476
Shontel M. Brown,Democrat,Biden,05-08 morning,293,0.18430034129692832
John McCain R-AZ,Republican,Obama,05-08 morning,3133,0.18384934567507183
Markwayne Mullin R-OK,Republican,Trump,09-17 work,1496,0.18382352941176472
"Curtis, John ",Republican,Biden,09-17 work,1192,0.1837248322147651
Rick Larsen,Democrat,Trump,18-20 evening,915,0.18360655737704917
Joe Neguse,Democrat,Trump,00-04 night,207,0.18357487922705315
Lamar Alexander R-TN,Republican,Obama,05-08 morning,376,0.18351063829787234
Pete Olson R-TX,Republican,Trump,21-23 late,289,0.18339100346020762
Denny Heck D-WA,Democrat,Trump,18-20 evening,202,0.18316831683168316
"Cardin, Benjamin",Democrat,Obama,21-23 late,235,0.1829787234042553
Tom McClintock,Republican,Trump,09-17 work,492,0.18292682926829268
John B. Larson,Democrat,Biden,05-08 morning,246,0.18292682926829268
Lamar Alexander R-TN,Republican,Obama,09-17 work,2204,0.18284936479128858
Valerie P. Foushee,Democrat,Biden,09-17 work,783,0.1826309067688378
Bill Foster,Democrat,Biden,09-17 work,2437,0.1826015592942142
Tammy Baldwin,Democrat,Biden,05-08 morning,931,0.18259935553168635
Bennie G. Thompson,Democrat,Biden,05-08 morning,356,0.18258426966292135
"Wild, Susan",Democrat,Trump,09-17 work,1793,0.18237590630228667
Cheri Bustos D-IL,Democrat,Biden,18-20 evening,214,0.1822429906542056
Amy Klobuchar,Democrat,Biden,09-17 work,3691,0.18206448117041452
Vicente Gonzalez,Democrat,Trump,09-17 work,1286,0.18195956454121306
Kevin Cramer,Republican,Trump,09-17 work,3197,0.18142008132624335
Gary J. Palmer,Republican,Obama,09-17 work,976,0.18135245901639344
T.J. Cox D-CA,Democrat,Trump,05-08 morning,353,0.1813031161473088
Andy Kim,Democrat,Biden,05-08 morning,585,0.1811965811965812
Richard McCormick,Republican,Trump II,05-08 morning,530,0.1811320754716981
Jeanne Shaheen,Democrat,Biden,09-17 work,5010,0.18103792415169662
"Budd, Ted",Republican,Trump,09-17 work,2171,0.18102257024412713
Richard Blumenthal,Democrat,Obama,09-17 work,5998,0.18089363121040347
Catherine Cortez Masto,Democrat,Biden,18-20 evening,343,0.18075801749271136
John Campbell R-CA,Republican,Obama,09-17 work,404,0.1806930693069307
Roger Williams,Republican,Trump II,05-08 morning,537,0.18063314711359404
Morgan Luttrell,Republican,Trump II,09-17 work,227,0.18061674008810572
Monica De La Cruz,Republican,Trump II,05-08 morning,288,0.18055555555555555
Brian J. Mast,Republican,Trump II,00-04 night,327,0.18042813455657492
Grace Meng,Democrat,Biden,05-08 morning,693,0.18037518037518038
Paul Mitchell R-MI,Republican,Trump,09-17 work,1231,0.1803411860276198
Carol Shea-Porter D-NH,Democrat,Obama,09-17 work,483,0.18012422360248448
Bill Huizenga,Republican,Obama,18-20 evening,422,0.18009478672985782
Michael Lawler,Republican,Trump II,09-17 work,1111,0.18001800180018002
Nikema Williams,Democrat,Biden,05-08 morning,400,0.18
Susie Lee,Democrat,Biden,05-08 morning,967,0.17993795243019647
"Cardenas, Tony",Democrat,Biden,05-08 morning,328,0.1798780487804878
Dennis Ross R-FL,Republican,Trump,09-17 work,467,0.17987152034261242
Dennis Ross R-FL,Republican,Obama,05-08 morning,312,0.1794871794871795
Josh Harder,Democrat,Trump,09-17 work,1800,0.17944444444444443
Jerry Moran,Republican,Biden,09-17 work,1126,0.17939609236234458
Mike Collins,Republican,Biden,00-04 night,262,0.17938931297709923
Ed Royce R-CA,Republican,Obama,05-08 morning,541,0.17929759704251386
Zoe Lofgren,Democrat,Biden,05-08 morning,235,0.17872340425531916
Todd Young,Republican,Biden,18-20 evening,291,0.17869415807560138
Catherine Cortez Masto,Democrat,Biden,09-17 work,3627,0.17866004962779156
"Gilbert Ray Cisneros, Jr.",Democrat,Trump,09-17 work,2124,0.17843691148775895
Rob Goodlatte R-VA,Republican,Obama,18-20 evening,213,0.1784037558685446
Brendan F. Boyle,Democrat,Obama,18-20 evening,370,0.1783783783783784
Bob Gibbs R-OH,Republican,Obama,09-17 work,2154,0.17827298050139276
"Tester, Jon",Democrat,Trump,18-20 evening,331,0.1782477341389728
Katie Hill D-CA,Democrat,Trump,05-08 morning,202,0.1782178217821782
Ross Spano R-FL,Republican,Trump,18-20 evening,202,0.1782178217821782
Bill Huizenga,Republican,Trump,21-23 late,202,0.1782178217821782
Rick Larsen,Democrat,Trump,00-04 night,202,0.1782178217821782
John Shimkus R-IL,Republican,Obama,09-17 work,3670,0.1782016348773842
Betty McCollum,Democrat,Biden,09-17 work,1465,0.1781569965870307
Albio Sires D-NJ,Democrat,Biden,09-17 work,1005,0.1781094527363184
Tim Kaine,Democrat,Biden,09-17 work,1860,0.17795698924731182
Michelle Grisham D-NM,Democrat,Trump,09-17 work,1551,0.17794970986460348
Mark Walker R-NC,Republican,Trump,09-17 work,2255,0.1778270509977827
Rick Larsen,Democrat,Trump,05-08 morning,991,0.17759838546922302
"Phillips, Dean",Democrat,Trump,09-17 work,1481,0.1775827143821742
Stephanie Murphy D-FL,Democrat,Trump,18-20 evening,361,0.1772853185595568
Donna Edwards D-MD,Democrat,Obama,05-08 morning,395,0.17721518987341772
Sheldon Whitehouse,Democrat,Obama,18-20 evening,842,0.17695961995249407
Jennifer A. Kiggans,Republican,Trump II,05-08 morning,549,0.1766848816029144
Susie Lee,Democrat,Trump,09-17 work,3662,0.1766794101583834
Paul Cook R-CA,Republican,Obama,05-08 morning,300,0.17666666666666667
John Katko R-NY,Republican,Biden,09-17 work,617,0.1766612641815235
Mike Kennedy,Republican,Trump II,05-08 morning,221,0.17647058823529413
Robert E. Latta,Republican,Trump,05-08 morning,238,0.17647058823529413
Suzan K. DelBene,Democrat,Biden,05-08 morning,636,0.1761006289308176
Emanuel Cleaver,Democrat,Obama,05-08 morning,284,0.176056338028169
Barry Loudermilk,Republican,Trump,09-17 work,989,0.17593528816986856
"Trone, David",Democrat,Trump,09-17 work,2299,0.17572857764245325
John Garamendi,Democrat,Trump,18-20 evening,313,0.1757188498402556
Richard E. Neal,Democrat,Trump,09-17 work,1810,0.17569060773480663
Alex Padilla,Democrat,Biden,18-20 evening,222,0.17567567567567569
Deborah K. Ross,Democrat,Biden,05-08 morning,558,0.17562724014336917
Nikema Williams,Democrat,Biden,21-23 late,205,0.17560975609756097
"Granger, Kay",Republican,Biden,09-17 work,507,0.1755424063116371
Lois Frankel,Democrat,Biden,09-17 work,3874,0.17552916881775943
Brett Guthrie,Republican,Obama,05-08 morning,211,0.17535545023696683
Josh Gottheimer,Democrat,Trump,18-20 evening,953,0.17523609653725078
Stephen Fincher R-TN,Republican,Obama,09-17 work,2237,0.17523468931604827
Mike Kennedy,Republican,Trump II,09-17 work,371,0.1752021563342318
Marie Newman D-IL,Democrat,Biden,18-20 evening,377,0.17506631299734748
Steven Horsford,Democrat,Trump,05-08 morning,686,0.1749271137026239
George Holding R-NC,Republican,Obama,09-17 work,526,0.17490494296577946
Andy Barr,Republican,Trump,18-20 evening,223,0.17488789237668162
Lois Frankel,Democrat,Obama,09-17 work,2156,0.174860853432282
Daniel Meuser,Republican,Trump,09-17 work,875,0.17485714285714285
Melanie A. Stansbury,Democrat,Biden,05-08 morning,750,0.17466666666666666
"LaMalfa, Doug",Republican,Trump,05-08 morning,298,0.174496644295302
Ron Johnson,Republican,Trump,05-08 morning,362,0.17403314917127072
Diana DeGette,Democrat,Obama,09-17 work,1972,0.17393509127789047
Kurt Schrader D-OR,Democrat,Trump,05-08 morning,213,0.17370892018779344
"Napolitano, Grace",Democrat,Biden,09-17 work,403,0.17369727047146402
Christopher A. Coons,Democrat,Biden,09-17 work,1952,0.17366803278688525
Tom Graves R-GA,Republican,Obama,09-17 work,2581,0.17357613328167376
Michael F. Bennet,Democrat,Biden,00-04 night,346,0.17341040462427745
Thad Cochran R-MS,Republican,Obama,09-17 work,1219,0.17309269893355209
Karen Bass D-CA,Democrat,Obama,09-17 work,1890,0.173015873015873
Brad Finstad,Republican,Trump II,05-08 morning,295,0.17288135593220338
Stacey E. Plaskett,Democrat,Biden,05-08 morning,319,0.1724137931034483
Adriano Espaillat,Democrat,Biden,21-23 late,319,0.1724137931034483
George Whitesides,Democrat,Trump II,09-17 work,441,0.17233560090702948
Rosa L. DeLauro,Democrat,Biden,05-08 morning,441,0.17233560090702948
"Spanberger, Abigail",Democrat,Trump,18-20 evening,441,0.17233560090702948
Robert Pittenger R-NC,Republican,Trump,09-17 work,505,0.17227722772277226
Cheri Bustos D-IL,Democrat,Trump,09-17 work,2836,0.17207334273624825
"Casey, Robert Jr.",Democrat,Obama,18-20 evening,279,0.17204301075268819
Michael T. McCaul,Republican,Trump,05-08 morning,378,0.17195767195767195
"Cardin, Benjamin",Democrat,Biden,18-20 evening,291,0.1718213058419244
Salud O. Carbajal,Democrat,Trump,05-08 morning,664,0.1716867469879518
Tammy Baldwin,Democrat,Biden,09-17 work,4486,0.17164511814534106
Michael T. McCaul,Republican,Trump,09-17 work,2466,0.17153284671532848
"Sherrill, Mikie",Democrat,Biden,18-20 evening,561,0.1711229946524064
Sam Graves,Republican,Trump,09-17 work,1777,0.1710748452447946
Dwight Evans,Democrat,Biden,05-08 morning,310,0.17096774193548386
Steny H. Hoyer,Democrat,Biden,09-17 work,3446,0.1709228090539756
"Johnson, Bill",Republican,Obama,18-20 evening,328,0.17073170731707318
"Cardenas, Tony",Democrat,Biden,09-17 work,1775,0.1707042253521127
Jacky Rosen,Democrat,Biden,18-20 evening,217,0.17050691244239632
Rick Larsen,Democrat,Trump,09-17 work,4604,0.170503909643788
"Molinaro, Marcus",Republican,Biden,09-17 work,833,0.17046818727490998
Mike Collins,Republican,Trump II,00-04 night,664,0.17018072289156627
Mike Coffman R-CO,Republican,Obama,09-17 work,1187,0.17017691659646167
Christopher A. Coons,Democrat,Biden,05-08 morning,382,0.17015706806282724
Bob Corker R-TN,Republican,Obama,09-17 work,2093,0.17009077878643097
Mark Walker R-NC,Republican,Trump,21-23 late,247,0.1700404858299595
"Kuster, Ann",Democrat,Trump,18-20 evening,412,0.16990291262135923
Brittany Pettersen,Democrat,Biden,09-17 work,872,0.16972477064220184
Marie Gluesenkamp Perez,Democrat,Biden,05-08 morning,354,0.1694915254237288
Jeff Miller R-FL,Republican,Obama,09-17 work,236,0.1694915254237288
Ron Johnson,Republican,Obama,09-17 work,2184,0.16941391941391942
"Kuster, Ann",Democrat,Trump,09-17 work,2599,0.16929588303193535
Lisa Blunt Rochester,Democrat,Trump,09-17 work,1750,0.16914285714285715
David Kustoff,Republican,Trump II,09-17 work,420,0.16904761904761906
Jennifer L. McClellan,Democrat,Biden,09-17 work,1149,0.16884247171453437
Steny H. Hoyer,Democrat,Biden,21-23 late,308,0.16883116883116883
Tom Cole,Republican,Trump,09-17 work,308,0.16883116883116883
Tim Scott,Republican,Trump II,05-08 morning,385,0.16883116883116883
Marc A. Veasey,Democrat,Biden,09-17 work,2281,0.1687856203419553
Darin LaHood,Republican,Trump II,09-17 work,415,0.1686746987951807
"Pence, Greg",Republican,Trump,09-17 work,771,0.16861219195849547
John Shimkus R-IL,Republican,Trump,09-17 work,730,0.1684931506849315
Michael F. Bennet,Democrat,Biden,09-17 work,3303,0.1683318195579776
Steve Pearce R-NM,Republican,Obama,18-20 evening,303,0.16831683168316833
Chris Pappas,Democrat,Biden,18-20 evening,208,0.16826923076923078
Diana DeGette,Democrat,Obama,05-08 morning,345,0.1681159420289855
Steve Womack,Republican,Biden,18-20 evening,250,0.168
Juan Vargas,Democrat,Biden,09-17 work,1419,0.16772374911909796
Suzanne Bonamici,Democrat,Biden,05-08 morning,889,0.16760404949381327
Sylvia R. Garcia,Democrat,Biden,18-20 evening,382,0.16753926701570682
David Price D-NC,Democrat,Obama,09-17 work,1415,0.1674911660777385
"Casey, Robert Jr.",Democrat,Biden,09-17 work,3278,0.16748017083587555
Chris Stewart R-UT,Republican,Trump,05-08 morning,245,0.1673469387755102
Andy Harris,Republican,Obama,09-17 work,1580,0.1670886075949367
Adriano Espaillat,Democrat,Biden,09-17 work,4692,0.16687979539641945
Michael F. Bennet,Democrat,Biden,05-08 morning,1235,0.16680161943319838
Louie Gohmert R-TX,Republican,Obama,09-17 work,3969,0.16679264298311916
Mike Levin,Democrat,Biden,05-08 morning,528,0.16666666666666666
Bill Flores R-TX,Republican,Obama,21-23 late,240,0.16666666666666666
Bradley Byrne R-AL,Republican,Obama,09-17 work,5047,0.16663364374876163
Steven Horsford,Democrat,Trump,09-17 work,2432,0.16652960526315788
"Payne Jr., Donald",Democrat,Obama,09-17 work,2426,0.1665292662819456
John W. Hickenlooper,Democrat,Biden,05-08 morning,619,0.16639741518578352
"Cardin, Benjamin",Democrat,Obama,09-17 work,5391,0.16638842515303284
Julia Letlow,Republican,Trump II,05-08 morning,385,0.16623376623376623
Frank Wolf R-VA,Republican,Obama,09-17 work,289,0.16608996539792387
Russ Fulcher,Republican,Trump,09-17 work,813,0.16605166051660517
Darren Soto,Democrat,Trump,18-20 evening,392,0.16581632653061223
Markwayne Mullin R-OK,Republican,Obama,09-17 work,1098,0.1657559198542805
Pat Meehan R-PA,Republican,Obama,09-17 work,2192,0.1656021897810219
Lori Trahan,Democrat,Trump,09-17 work,3619,0.16551533572810168
David G. Valadao,Republican,Biden,05-08 morning,399,0.16541353383458646
Morgan Luttrell,Republican,Trump II,05-08 morning,381,0.16535433070866143
Roger F. Wicker,Republican,Obama,09-17 work,2409,0.16521378165213782
Adam Kinzinger R-IL,Republican,Obama,18-20 evening,224,0.16517857142857142
"Wexton, Jennifer",Democrat,Biden,09-17 work,1950,0.16512820512820514
Patrick Leahy D-VT,Democrat,Obama,18-20 evening,382,0.1649214659685864
Charles E. Schumer,Democrat,Obama,18-20 evening,1007,0.16484607745779542
"Charles J. ""Chuck"" Fleischmann",Republican,Trump,05-08 morning,255,0.16470588235294117
Nancy Pelosi,Democrat,Biden,00-04 night,832,0.16466346153846154
Pete Ricketts,Republican,Trump II,00-04 night,249,0.1646586345381526
"Jackson Lee, Sheila",Democrat,Biden,09-17 work,413,0.16464891041162227
Patrick Leahy D-VT,Democrat,Obama,09-17 work,7562,0.16463898439566252
Dusty Johnson,Republican,Trump II,05-08 morning,486,0.1646090534979424
Dianne Feinstein D-CA,Democrat,Biden,09-17 work,1751,0.1644774414620217
Susie Lee,Democrat,Biden,18-20 evening,365,0.1643835616438356
Chris Pappas,Democrat,Trump,09-17 work,1558,0.1643132220795892
Mark Takano,Democrat,Obama,05-08 morning,274,0.16423357664233576
Josh Gottheimer,Democrat,Trump,21-23 late,274,0.16423357664233576
Stephanie Murphy D-FL,Democrat,Biden,18-20 evening,201,0.16417910447761194
Al Green,Democrat,Biden,09-17 work,1158,0.16407599309153714
Joseph D. Morelle,Democrat,Trump,09-17 work,2240,0.16383928571428572
"Angus S. King, Jr.",Independent,Trump,09-17 work,2088,0.16379310344827586
Sam Graves,Republican,Obama,05-08 morning,348,0.16379310344827586
John Tierney D-MA,Democrat,Obama,09-17 work,745,0.16375838926174496
Charlie Crist D-FL,Democrat,Trump,09-17 work,1383,0.16341287057122197
Michael R. Turner,Republican,Obama,09-17 work,1573,0.16338207247298156
Lloyd Smucker,Republican,Trump II,05-08 morning,251,0.16334661354581673
Dusty Johnson,Republican,Trump II,09-17 work,588,0.16326530612244897
Joyce Beatty,Democrat,Biden,05-08 morning,380,0.1631578947368421
Deb Haaland D-NM,Democrat,Trump,05-08 morning,570,0.1631578947368421
Diane Black R-TN,Republican,Trump,09-17 work,828,0.16304347826086957
Jahana Hayes,Democrat,Trump II,05-08 morning,479,0.162839248434238
André Carson,Democrat,Biden,05-08 morning,258,0.16279069767441862
Barry Loudermilk,Republican,Obama,09-17 work,572,0.16258741258741258
Dan Sullivan,Republican,Trump,05-08 morning,314,0.1624203821656051
Ed Case,Democrat,Trump II,00-04 night,388,0.16237113402061856
Deborah K. Ross,Democrat,Biden,09-17 work,3433,0.1619574715991844
Doris O. Matsui,Democrat,Trump,05-08 morning,241,0.16182572614107885
"Spanberger, Abigail",Democrat,Biden,09-17 work,2985,0.16180904522613065
Michael R. Turner,Republican,Trump II,05-08 morning,204,0.16176470588235295
Dianne Feinstein D-CA,Democrat,Biden,05-08 morning,439,0.16173120728929385
Peter DeFazio D-OR,Democrat,Biden,05-08 morning,328,0.16158536585365854
Brian J. Mast,Republican,Trump,18-20 evening,260,0.16153846153846155
Ryan K. Zinke,Republican,Trump II,05-08 morning,279,0.16129032258064516
Tom Reed R-NY,Republican,Trump,09-17 work,1767,0.16129032258064516
Jerry Moran,Republican,Biden,05-08 morning,273,0.16117216117216118
Orrin Hatch R-UT,Republican,Obama,18-20 evening,354,0.16101694915254236
John Duncan R-TN,Republican,Obama,09-17 work,410,0.16097560975609757
Jared F. Golden,Democrat,Trump,09-17 work,1019,0.16094210009813542
Richard Blumenthal,Democrat,Obama,05-08 morning,230,0.1608695652173913
"Menendez, Bob",Democrat,Obama,18-20 evening,423,0.1607565011820331
John Thune,Republican,Obama,09-17 work,2744,0.16071428571428573
Vicky Hartzler R-MO,Republican,Obama,09-17 work,3492,0.16065292096219932
Dina Titus,Democrat,Biden,09-17 work,3982,0.16047212456052234
"Johnson, Bill",Republican,Obama,09-17 work,3428,0.1604434072345391
"Wenstrup, Brad",Republican,Obama,18-20 evening,555,0.16036036036036036
"Menendez, Bob",Democrat,Obama,09-17 work,3561,0.16034821679303565
Betty McCollum,Democrat,Biden,05-08 morning,574,0.1602787456445993
Todd Young,Republican,Trump,05-08 morning,337,0.16023738872403562
Steve Daines,Republican,Trump II,00-04 night,362,0.16022099447513813
Ted Deutch D-FL,Democrat,Obama,21-23 late,356,0.1601123595505618
Elissa Slotkin,Democrat,Biden,09-17 work,2243,0.16005349977708427
Thomas R. Suozzi,Democrat,Trump,18-20 evening,200,0.16
Steve Israel D-NY,Democrat,Obama,18-20 evening,382,0.15968586387434555
Jennifer A. Kiggans,Republican,Biden,09-17 work,890,0.15955056179775282
Dianne Feinstein D-CA,Democrat,Obama,05-08 morning,276,0.15942028985507245
Bob Brady D-PA,Democrat,Obama,09-17 work,408,0.15931372549019607
Pat Roberts R-KS,Republican,Obama,05-08 morning,201,0.15920398009950248
Jacky Rosen,Democrat,Biden,09-17 work,4542,0.15918097754293262
Joyce Beatty,Democrat,Biden,09-17 work,2929,0.1590986684875384
Jim Cooper D-TN,Democrat,Biden,09-17 work,1289,0.1590380139643134
David Rouzer,Republican,Obama,09-17 work,415,0.15903614457831325
Steven Horsford,Democrat,Obama,05-08 morning,277,0.1588447653429603
Ann Wagner,Republican,Trump,09-17 work,1329,0.15876598946576373
Michael Guest,Republican,Trump II,05-08 morning,271,0.15867158671586715
Monica De La Cruz,Republican,Trump II,09-17 work,479,0.15866388308977036
Don Young R-AK,Republican,Obama,09-17 work,864,0.15856481481481483
David McKinley R-WV,Republican,Obama,05-08 morning,221,0.1583710407239819
Nanette Diaz Barragán,Democrat,Biden,09-17 work,2255,0.1583148558758315
Mariannette Miller-Meeks,Republican,Biden,09-17 work,3667,0.15816743932369784
Jay Obernolte,Republican,Trump II,09-17 work,348,0.15804597701149425
Todd Young,Republican,Trump II,09-17 work,944,0.15783898305084745
Glenn Grothman,Republican,Trump II,05-08 morning,260,0.1576923076923077
Dina Titus,Democrat,Trump,18-20 evening,514,0.1575875486381323
Stephanie I. Bice,Republican,Trump II,09-17 work,763,0.15727391874180865
"Spanberger, Abigail",Democrat,Biden,18-20 evening,496,0.15725806451612903
Chris Collins R-NY,Republican,Obama,09-17 work,2239,0.15721304153640017
Suzanne Bonamici,Democrat,Biden,09-17 work,3802,0.15702261967385586
Cindy Hyde-Smith,Republican,Trump,05-08 morning,274,0.15693430656934307
"Kildee, Dan",Democrat,Biden,09-17 work,1969,0.1569324530218385
Kweisi Mfume,Democrat,Biden,09-17 work,478,0.15690376569037656
Margaret Wood Hassan,Democrat,Biden,09-17 work,3857,0.15685766139486648
Ed Royce R-CA,Republican,Obama,09-17 work,1582,0.15676359039190899
Juan Ciscomani,Republican,Biden,05-08 morning,370,0.15675675675675677
Ron Estes,Republican,Trump,09-17 work,1321,0.1566994700984103
Lauren Underwood,Democrat,Biden,18-20 evening,351,0.15669515669515668
Ami Bera,Democrat,Biden,05-08 morning,613,0.1566068515497553
Teresa Leger Fernandez,Democrat,Biden,05-08 morning,364,0.1565934065934066
Zachary Nunn,Republican,Biden,09-17 work,1041,0.15658021133525457
Ben Ray Luján,Democrat,Biden,09-17 work,2676,0.15657698056801195
Joe Barton R-TX,Republican,Obama,09-17 work,1195,0.15648535564853555
Don Bacon,Republican,Trump,05-08 morning,1029,0.1564625850340136
Gwen Moore,Democrat,Obama,05-08 morning,211,0.15639810426540285
Michael R. Turner,Republican,Trump II,09-17 work,307,0.1563517915309446
Randy Hultgren R-IL,Republican,Obama,09-17 work,2131,0.15626466447677148
John Boozman,Republican,Biden,09-17 work,1660,0.15602409638554218
Luke Messer R-IN,Republican,Trump,09-17 work,545,0.1559633027522936
Andrew R. Garbarino,Republican,Trump II,09-17 work,263,0.155893536121673
Pat Meehan R-PA,Republican,Obama,18-20 evening,244,0.1557377049180328
Don Bacon,Republican,Trump,21-23 late,469,0.15565031982942432
Bradley Byrne R-AL,Republican,Obama,18-20 evening,270,0.15555555555555556
Bill Huizenga,Republican,Trump,09-17 work,1421,0.15552427867698804
Paul Tonko,Democrat,Obama,18-20 evening,386,0.15544041450777202
George Whitesides,Democrat,Trump II,05-08 morning,399,0.15538847117794485
Rob Goodlatte R-VA,Republican,Obama,09-17 work,2658,0.15500376222723852
David G. Valadao,Republican,Biden,09-17 work,1342,0.15499254843517138
Lucille Roybal-Allard D-CA,Democrat,Obama,05-08 morning,271,0.15498154981549817
Tom Cole,Republican,Biden,05-08 morning,226,0.15486725663716813
Sean Duffy R-WI,Republican,Obama,09-17 work,2191,0.15472387037882246
Joni Ernst,Republican,Trump,05-08 morning,944,0.15466101694915255
David Perdue R-GA,Republican,Trump,18-20 evening,304,0.15460526315789475
Nikema Williams,Democrat,Biden,18-20 evening,815,0.15460122699386503
Harold Rogers,Republican,Biden,09-17 work,233,0.15450643776824036
Richard Blumenthal,Democrat,Obama,18-20 evening,868,0.1543778801843318
Amy Klobuchar,Democrat,Biden,18-20 evening,298,0.15436241610738255
Deb Haaland D-NM,Democrat,Trump,18-20 evening,609,0.15435139573070608
Chrissy Houlahan,Democrat,Trump,18-20 evening,311,0.15434083601286175
Jeanne Shaheen,Democrat,Obama,18-20 evening,214,0.1542056074766355
"Charles J. ""Chuck"" Fleischmann",Republican,Trump,09-17 work,1590,0.1540880503144654
Jacky Rosen,Democrat,Biden,00-04 night,344,0.15406976744186046
Walter Jones R-NC,Republican,Trump,09-17 work,864,0.15393518518518517
Cindy Hyde-Smith,Republican,Trump II,05-08 morning,611,0.15384615384615385
"Trone, David",Democrat,Biden,09-17 work,2290,0.1537117903930131
Dwight Evans,Democrat,Biden,18-20 evening,1132,0.15371024734982333
Michael T. McCaul,Republican,Trump,18-20 evening,280,0.15357142857142858
Glenn Thompson,Republican,Biden,09-17 work,697,0.15351506456241032
Jeanne Shaheen,Democrat,Biden,05-08 morning,522,0.1532567049808429
Darin LaHood,Republican,Trump II,05-08 morning,248,0.1532258064516129
Greg Stanton,Democrat,Trump,09-17 work,1103,0.15321849501359927
Brenda Lawrence D-MI,Democrat,Obama,05-08 morning,235,0.15319148936170213
Barbara Mikulski D-MD,Democrat,Obama,18-20 evening,307,0.15309446254071662
John Thune,Republican,Obama,18-20 evening,392,0.15306122448979592
Tim Murphy R-PA,Republican,Obama,18-20 evening,386,0.15284974093264247
Roger Williams,Republican,Trump II,00-04 night,229,0.15283842794759825
"Casey, Robert Jr.",Democrat,Obama,09-17 work,3226,0.15282083075015498
Adriano Espaillat,Democrat,Biden,18-20 evening,694,0.15273775216138327
Mark DeSaulnier,Democrat,Biden,09-17 work,1133,0.1526919682259488
Lucille Roybal-Allard D-CA,Democrat,Trump,18-20 evening,649,0.15254237288135594
"Spanberger, Abigail",Democrat,Biden,05-08 morning,315,0.1523809523809524
"Sarbanes, John ",Democrat,Biden,09-17 work,1556,0.15231362467866325
Maria Elvira Salazar,Republican,Biden,05-08 morning,1065,0.15211267605633802
Mike Crapo,Republican,Trump II,09-17 work,421,0.15201900237529692
Ben Ray Luján,Democrat,Biden,05-08 morning,579,0.15198618307426598
Marie Gluesenkamp Perez,Democrat,Biden,09-17 work,1112,0.15197841726618705
Russ Fulcher,Republican,Trump II,05-08 morning,362,0.15193370165745856
Orrin Hatch R-UT,Republican,Trump,18-20 evening,527,0.15180265654648956
Bill Huizenga,Republican,Trump,05-08 morning,224,0.15178571428571427
Kathleen Rice D-NY,Democrat,Obama,09-17 work,1233,0.1516626115166261
Ami Bera,Democrat,Biden,09-17 work,1524,0.1515748031496063
Andy Harris,Republican,Trump,09-17 work,768,0.15104166666666666
Andy Kim,Democrat,Trump,05-08 morning,318,0.1509433962264151
William R. Timmons IV,Republican,Trump,09-17 work,769,0.1508452535760728
Angie Craig,Democrat,Biden,09-17 work,3144,0.15076335877862596
Jacky Rosen,Democrat,Trump,05-08 morning,969,0.15067079463364294
"Romney, Mitt",Republican,Trump,05-08 morning,206,0.15048543689320387
Karen Bass D-CA,Democrat,Obama,05-08 morning,864,0.15046296296296297
Adam Smith,Democrat,Biden,05-08 morning,1104,0.1503623188405797
Andy Barr,Republican,Trump,09-17 work,1566,0.1500638569604087
Cory Gardner R-CO,Republican,Trump,09-17 work,1946,0.1500513874614594
Adam Smith,Democrat,Biden,09-17 work,2830,0.14982332155477032
John Boozman,Republican,Biden,00-04 night,207,0.1497584541062802
"Trone, David",Democrat,Biden,18-20 evening,207,0.1497584541062802
Cheri Bustos D-IL,Democrat,Biden,09-17 work,1229,0.1497152156224573
Marilyn Strickland,Democrat,Biden,05-08 morning,421,0.1496437054631829
Kevin Cramer,Republican,Trump II,09-17 work,702,0.14957264957264957
Tom Malinowski D-NJ,Democrat,Trump,09-17 work,904,0.14933628318584072
Mike Rounds,Republican,Biden,09-17 work,1019,0.1491658488714426
Vicky Hartzler R-MO,Republican,Obama,05-08 morning,739,0.14884979702300405
John Hoeven,Republican,Biden,09-17 work,1576,0.1484771573604061
Salud O. Carbajal,Democrat,Biden,05-08 morning,687,0.14847161572052403
Barbara Mikulski D-MD,Democrat,Obama,09-17 work,2811,0.14834578441835647
Joe Courtney,Democrat,Obama,18-20 evening,209,0.14832535885167464
"Tester, Jon",Democrat,Trump,09-17 work,1795,0.14818941504178273
Cheri Bustos D-IL,Democrat,Trump,18-20 evening,405,0.14814814814814814
Brian Babin,Republican,Obama,05-08 morning,243,0.14814814814814814
Pete Olson R-TX,Republican,Trump,05-08 morning,621,0.14814814814814814
Vicky Hartzler R-MO,Republican,Trump,09-17 work,1978,0.14812942366026288
Scott H. Peters,Democrat,Trump,18-20 evening,304,0.14802631578947367
Roger Williams,Republican,Trump II,09-17 work,426,0.14788732394366197
Mark Walker R-NC,Republican,Obama,09-17 work,974,0.14784394250513347
Thom Tillis,Republican,Trump,09-17 work,2618,0.14782276546982429
John Joyce,Republican,Trump II,09-17 work,203,0.1477832512315271
Marc A. Veasey,Democrat,Biden,05-08 morning,440,0.14772727272727273
Robert E. Latta,Republican,Trump,09-17 work,285,0.14736842105263157
Frank LoBiondo R-NJ,Republican,Trump,09-17 work,1045,0.14736842105263157
George Holding R-NC,Republican,Trump,09-17 work,319,0.14733542319749215
"Brown, Sherrod",Democrat,Obama,09-17 work,2077,0.14732787674530573
Orrin Hatch R-UT,Republican,Trump,21-23 late,252,0.14682539682539683
Dan Lipinski D-IL,Democrat,Trump,18-20 evening,375,0.14666666666666667
Tom Rice R-SC,Republican,Obama,09-17 work,546,0.14652014652014653
Mariannette Miller-Meeks,Republican,Biden,18-20 evening,246,0.14634146341463414
Mia Love R-UT,Republican,Obama,09-17 work,335,0.14626865671641792
Marcy Kaptur,Democrat,Biden,18-20 evening,212,0.14622641509433962
Adrian Smith,Republican,Obama,09-17 work,1614,0.14622057001239158
"Charles J. ""Chuck"" Fleischmann",Republican,Obama,09-17 work,1178,0.1460101867572156
"Buck, Ken",Republican,Trump,09-17 work,411,0.145985401459854
"Kildee, Dan",Democrat,Biden,18-20 evening,370,0.14594594594594595
Mike Levin,Democrat,Biden,18-20 evening,233,0.1459227467811159
Rob Portman R-OH,Republican,Trump,09-17 work,8727,0.14586914174401283
Tom Barrett,Republican,Trump II,09-17 work,529,0.14555765595463138
Eleanor Holmes Norton,Democrat,Biden,05-08 morning,303,0.14521452145214522
David Schweikert,Republican,Obama,09-17 work,2117,0.1450165328294757
Tom Garrett R-VA,Republican,Trump,09-17 work,1036,0.14478764478764478
David McKinley R-WV,Republican,Trump,18-20 evening,228,0.14473684210526316
Hillary J. Scholten,Democrat,Biden,05-08 morning,228,0.14473684210526316
Michael Lawler,Republican,Trump II,05-08 morning,608,0.14473684210526316
Mike Levin,Democrat,Biden,09-17 work,2682,0.14466815809097688
Dwight Evans,Democrat,Biden,09-17 work,7572,0.14461172741679873
"Cartwright, Matt",Democrat,Trump,09-17 work,996,0.14457831325301204
Billy Long R-MO,Republican,Obama,09-17 work,3459,0.14426134721017636
"Swalwell, Eric",Democrat,Obama,21-23 late,520,0.14423076923076922
Derek Schmidt,Republican,Trump II,09-17 work,312,0.14423076923076922
Cindy Axne D-IA,Democrat,Trump,09-17 work,1561,0.1441383728379244
Julia Brownley,Democrat,Biden,05-08 morning,347,0.1440922190201729
"Johnson, Bill",Republican,Trump,09-17 work,1978,0.14408493427704752
Greg Walden R-OR,Republican,Trump,05-08 morning,361,0.1440443213296399
Steven Horsford,Democrat,Obama,09-17 work,1111,0.14401440144014402
Deb Fischer,Republican,Trump II,09-17 work,375,0.144
Lisa Murkowski,Republican,Biden,00-04 night,257,0.14396887159533073
"Cherfilus-McCormick, Sheila",Democrat,Biden,09-17 work,646,0.14396284829721362
Pete Olson R-TX,Republican,Trump,09-17 work,4384,0.14393248175182483
Lori Trahan,Democrat,Trump,18-20 evening,563,0.1438721136767318
Cory Gardner R-CO,Republican,Trump,05-08 morning,292,0.14383561643835616
Steve Daines,Republican,Trump,05-08 morning,306,0.1437908496732026
Mike Thompson,Democrat,Biden,05-08 morning,1106,0.1437613019891501
John Kline R-MN,Republican,Obama,09-17 work,1656,0.14371980676328502
"Spanberger, Abigail",Democrat,Trump,09-17 work,2444,0.14361702127659576
Shelley Moore Capito,Republican,Trump II,09-17 work,1087,0.14351425942962281
Troy Downing,Republican,Trump II,00-04 night,237,0.14345991561181434
Susie Lee,Democrat,Biden,09-17 work,3245,0.14329738058551617
Paul Cook R-CA,Republican,Obama,09-17 work,929,0.14316469321851452
Michael T. McCaul,Republican,Obama,09-17 work,964,0.14315352697095435
Kathy Castor,Democrat,Biden,09-17 work,3641,0.14309255698983794
Jackie Walorski R-IN,Republican,Obama,09-17 work,2321,0.14304179233089187
Adam Smith,Democrat,Obama,09-17 work,853,0.14302461899179367
Tracey Mann,Republican,Trump II,05-08 morning,273,0.14285714285714285
Martha Roby R-AL,Republican,Obama,05-08 morning,294,0.14285714285714285
Rob Portman R-OH,Republican,Trump,21-23 late,308,0.14285714285714285
"Kildee, Dan",Democrat,Obama,05-08 morning,203,0.14285714285714285
Don Bacon,Republican,Trump,09-17 work,5329,0.14280352786639144
Kevin Cramer,Republican,Trump II,05-08 morning,393,0.14249363867684478
Mike Lee,Republican,Obama,18-20 evening,323,0.14241486068111456
Jackie Walorski R-IN,Republican,Trump,09-17 work,1371,0.1422319474835886
Roger F. Wicker,Republican,Trump,18-20 evening,211,0.14218009478672985
Gus M. Bilirakis,Republican,Trump II,09-17 work,366,0.14207650273224043
Pat Toomey R-PA,Republican,Obama,09-17 work,2894,0.14201796821008983
John W. Rose,Republican,Trump,09-17 work,507,0.14201183431952663
Brian Schatz,Democrat,Obama,05-08 morning,289,0.14186851211072665
Shelley Moore Capito,Republican,Trump II,05-08 morning,571,0.14185639229422067
David McCormick,Republican,Trump II,05-08 morning,212,0.14150943396226415
Haley M. Stevens,Democrat,Biden,18-20 evening,410,0.14146341463414633
Angie Craig,Democrat,Trump,05-08 morning,283,0.1413427561837456
Gwen Moore,Democrat,Obama,18-20 evening,326,0.1411042944785276
"Tester, Jon",Democrat,Obama,09-17 work,1284,0.1409657320872274
Vicky Hartzler R-MO,Republican,Trump,18-20 evening,206,0.1407766990291262
Brad Finstad,Republican,Biden,09-17 work,668,0.1407185628742515
Tom Rice R-SC,Republican,Trump,09-17 work,1159,0.14063848144952545
Jacky Rosen,Democrat,Biden,05-08 morning,1651,0.14052089642640825
Neal P. Dunn,Republican,Trump II,09-17 work,235,0.14042553191489363
Tim Murphy R-PA,Republican,Obama,09-17 work,1760,0.1403409090909091
"Ruppersberger, C. A. Dutch",Democrat,Biden,09-17 work,663,0.14027149321266968
Tim Ryan D-OH,Democrat,Obama,18-20 evening,271,0.14022140221402213
Dan Lipinski D-IL,Democrat,Trump,09-17 work,1890,0.1402116402116402
"Swalwell, Eric",Democrat,Obama,09-17 work,4256,0.1400375939849624
Suzan K. DelBene,Democrat,Biden,09-17 work,2403,0.13982521847690388
John Ratcliffe R-TX,Republican,Obama,09-17 work,1039,0.1395572666025024
Glenn Grothman,Republican,Obama,09-17 work,373,0.13941018766756033
Sean Duffy R-WI,Republican,Obama,18-20 evening,237,0.13924050632911392
"Cardenas, Tony",Democrat,Obama,18-20 evening,237,0.13924050632911392
Marcia Fudge D-OH,Democrat,Obama,09-17 work,3226,0.13918164910105393
Steny H. Hoyer,Democrat,Biden,18-20 evening,769,0.13914174252275682
Tim Ryan D-OH,Democrat,Obama,09-17 work,2617,0.13909056171188383
Pete Olson R-TX,Republican,Obama,09-17 work,1621,0.13880320789636028
Susan M. Collins,Republican,Trump II,09-17 work,274,0.1386861313868613
Leonard Lance R-NJ,Republican,Trump,09-17 work,375,0.13866666666666666
Carlos Curbelo R-FL,Republican,Obama,18-20 evening,253,0.1383399209486166
Steve Chabot R-OH,Republican,Biden,09-17 work,506,0.1383399209486166
Robert J. Wittman,Republican,Trump,09-17 work,398,0.13819095477386933
Todd Young,Republican,Obama,09-17 work,1129,0.13817537643932684
"Luetkemeyer, Blaine",Republican,Obama,09-17 work,898,0.13808463251670378
Michelle Grisham D-NM,Democrat,Obama,09-17 work,1848,0.137987012987013
Jimmy Panetta,Democrat,Trump,09-17 work,2095,0.1379474940334129
Richard Blumenthal,Democrat,Obama,21-23 late,283,0.13780918727915195
Joni Ernst,Republican,Trump,09-17 work,2564,0.1376755070202808
Terri A. Sewell,Democrat,Obama,09-17 work,2150,0.13767441860465116
Orrin Hatch R-UT,Republican,Trump,09-17 work,2100,0.1376190476190476
Chrissy Houlahan,Democrat,Biden,18-20 evening,240,0.1375
Tammy Baldwin,Democrat,Biden,18-20 evening,313,0.13738019169329074
Mike Rogers,Republican,Trump,09-17 work,2571,0.13730066122131465
David Schweikert,Republican,Obama,05-08 morning,692,0.13728323699421965
"Gonzales, Tony",Republican,Biden,05-08 morning,408,0.13725490196078433
Denver Riggleman R-VA,Republican,Trump,09-17 work,1796,0.13697104677060135
Chris Pappas,Democrat,Trump,18-20 evening,241,0.13692946058091288
"Cardenas, Tony",Democrat,Obama,05-08 morning,1410,0.13687943262411348
Jacky Rosen,Democrat,Trump,18-20 evening,475,0.1368421052631579
Julia Brownley,Democrat,Biden,09-17 work,2283,0.1366622864651774
Tim Walberg,Republican,Obama,09-17 work,2366,0.13651732882502113
Jon Ossoff,Democrat,Biden,09-17 work,2624,0.1364329268292683
Josh Gottheimer,Democrat,Trump,05-08 morning,352,0.13636363636363635
Lloyd Smucker,Republican,Trump II,09-17 work,506,0.13636363636363635
Vicky Hartzler R-MO,Republican,Trump,05-08 morning,411,0.1362530413625304
James R. Baird,Republican,Trump II,09-17 work,367,0.1362397820163488
"Allred, Colin",Democrat,Biden,05-08 morning,235,0.13617021276595745
Robin L. Kelly,Democrat,Biden,05-08 morning,426,0.13615023474178403
Heidi Heitkamp D-ND,Democrat,Trump,09-17 work,1966,0.1358087487283825
Jake Ellzey,Republican,Biden,09-17 work,457,0.13566739606126915
Ed Royce R-CA,Republican,Trump,09-17 work,295,0.13559322033898305
John B. Larson,Democrat,Obama,09-17 work,1276,0.13557993730407525
Bradley Byrne R-AL,Republican,Obama,05-08 morning,738,0.13550135501355012
Sheldon Whitehouse,Democrat,Obama,09-17 work,2997,0.1354688021354688
David Perdue R-GA,Republican,Trump,09-17 work,1255,0.13545816733067728
John Garamendi,Democrat,Obama,18-20 evening,614,0.13517915309446255
Roger Williams,Republican,Trump,09-17 work,2529,0.13444049031237643
Ben McAdams D-UT,Democrat,Trump,09-17 work,878,0.13439635535307518
Shelley Berkley D-NV,Democrat,Obama,09-17 work,253,0.13438735177865613
Robert Pittenger R-NC,Republican,Obama,05-08 morning,216,0.13425925925925927
Pete Aguilar,Democrat,Obama,09-17 work,447,0.1342281879194631
Robin L. Kelly,Democrat,Biden,09-17 work,2438,0.13412633305988514
Brian Schatz,Democrat,Obama,09-17 work,634,0.13406940063091483
Carlos Curbelo R-FL,Republican,Trump,18-20 evening,239,0.13389121338912133
Kurt Schrader D-OR,Democrat,Trump,09-17 work,913,0.13362541073384446
Susan Davis D-CA,Democrat,Obama,09-17 work,1033,0.1335914811229429
"Stabenow, Debbie",Democrat,Biden,09-17 work,2473,0.13344116457743632
Pete Sessions,Republican,Trump II,09-17 work,300,0.13333333333333333
Sylvia R. Garcia,Democrat,Biden,05-08 morning,818,0.1332518337408313
Don Bacon,Republican,Trump,18-20 evening,961,0.1331945889698231
E.B. Johnson D-TX,Democrat,Obama,09-17 work,5786,0.13307984790874525
Randy Hultgren R-IL,Republican,Trump,09-17 work,519,0.1329479768786127
Lisa Blunt Rochester,Democrat,Trump,18-20 evening,211,0.13270142180094788
John Yarmuth D-KY,Democrat,Biden,09-17 work,626,0.13258785942492013
J. Luis Correa,Democrat,Biden,05-08 morning,317,0.13249211356466878
Bruce Poliquin R-ME,Republican,Trump,09-17 work,536,0.13246268656716417
Teresa Leger Fernandez,Democrat,Biden,09-17 work,2062,0.13239573229873908
Marcy Kaptur,Democrat,Biden,09-17 work,1383,0.13232104121475055
Pete King R-NY,Republican,Obama,09-17 work,1625,0.13230769230769232
Mike Thompson,Democrat,Biden,00-04 night,257,0.13229571984435798
Sylvia R. Garcia,Democrat,Biden,09-17 work,3341,0.13229571984435798
Louie Gohmert R-TX,Republican,Trump,05-08 morning,658,0.13221884498480244
H. Morgan Griffith,Republican,Obama,09-17 work,832,0.13221153846153846
Cory A. Booker,Democrat,Biden,00-04 night,250,0.132
Scott Tipton R-CO,Republican,Obama,09-17 work,1450,0.1317241379310345
John Thune,Republican,Obama,05-08 morning,243,0.13168724279835392
Kai Kahele D-HI,Democrat,Biden,05-08 morning,319,0.13166144200626959
Bradley Byrne R-AL,Republican,Trump,09-17 work,4349,0.1315244883881352
Jared Polis D-CO,Democrat,Obama,09-17 work,1179,0.13146734520780323
Thomas R. Suozzi,Democrat,Biden,00-04 night,213,0.13145539906103287
Debbie Dingell,Democrat,Biden,09-17 work,1037,0.13114754098360656
John McCain R-AZ,Republican,Obama,18-20 evening,275,0.13090909090909092
Gary J. Palmer,Republican,Trump,09-17 work,512,0.130859375
Salud O. Carbajal,Democrat,Biden,09-17 work,2576,0.13082298136645962
Heidi Heitkamp D-ND,Democrat,Trump,18-20 evening,543,0.13075506445672191
Chris Pappas,Democrat,Biden,09-17 work,2259,0.13058875608676407
Haley M. Stevens,Democrat,Biden,05-08 morning,307,0.13029315960912052
Tim Kaine,Democrat,Obama,09-17 work,1697,0.13022981732469063
Steve Womack,Republican,Trump II,05-08 morning,361,0.13019390581717452
Cory A. Booker,Democrat,Obama,21-23 late,338,0.1301775147928994
"Cardenas, Tony",Democrat,Obama,09-17 work,3589,0.13011981053218166
Laurel M. Lee,Republican,Trump II,05-08 morning,462,0.12987012987012986
Lloyd Smucker,Republican,Trump,09-17 work,2828,0.12977369165487979
Stephanie Murphy D-FL,Democrat,Trump,09-17 work,1950,0.12974358974358974
Greg Stanton,Democrat,Biden,09-17 work,2205,0.12970521541950114
Billy Long R-MO,Republican,Obama,05-08 morning,1336,0.12949101796407186
Raphael G. Warnock,Democrat,Biden,09-17 work,4805,0.12944849115504684
Dianne Feinstein D-CA,Democrat,Obama,09-17 work,2287,0.1294271972015741
Scott Franklin,Republican,Trump II,09-17 work,379,0.12928759894459102
Suzanne Bonamici,Democrat,Obama,09-17 work,882,0.1292517006802721
Andrew R. Garbarino,Republican,Trump II,05-08 morning,202,0.12871287128712872
Mia Love R-UT,Republican,Trump,09-17 work,731,0.12859097127222982
David Kustoff,Republican,Trump,09-17 work,1221,0.1285831285831286
John Garamendi,Democrat,Obama,09-17 work,3415,0.12855051244509516
Scott H. Peters,Democrat,Biden,09-17 work,1985,0.12846347607052896
Brian K. Fitzpatrick,Republican,Trump II,05-08 morning,366,0.1284153005464481
"Swalwell, Eric",Democrat,Obama,18-20 evening,771,0.12840466926070038
Hillary J. Scholten,Democrat,Biden,09-17 work,1301,0.12836279784780938
Tom Malinowski D-NJ,Democrat,Biden,09-17 work,1379,0.12835387962291517
Luke Messer R-IN,Republican,Obama,09-17 work,1239,0.12832929782082325
Lisa Blunt Rochester,Democrat,Biden,05-08 morning,546,0.1282051282051282
Dina Titus,Democrat,Biden,18-20 evening,414,0.1280193236714976
Kathy Castor,Democrat,Biden,05-08 morning,500,0.128
Roger Williams,Republican,Obama,05-08 morning,211,0.12796208530805686
Beto O'Rourke D-TX,Democrat,Trump,09-17 work,305,0.12786885245901639
Karen Bass D-CA,Democrat,Obama,18-20 evening,266,0.12781954887218044
Bob Corker R-TN,Republican,Trump,09-17 work,760,0.12763157894736843
Andrea Salinas,Democrat,Biden,05-08 morning,384,0.12760416666666666
Denny Heck D-WA,Democrat,Obama,05-08 morning,377,0.1273209549071618
Mike Thompson,Democrat,Biden,18-20 evening,291,0.12714776632302405
Sean Duffy R-WI,Republican,Trump,05-08 morning,834,0.12709832134292565
Lynn Jenkins R-KS,Republican,Obama,09-17 work,3675,0.12707482993197278
"Earl L. ""Buddy"" Carter",Republican,Trump,09-17 work,929,0.12701829924650163
Tim Scott,Republican,Obama,09-17 work,3538,0.12690785754663653
Sean Duffy R-WI,Republican,Trump,09-17 work,2160,0.12685185185185185
Joe Wilson,Republican,Trump,09-17 work,2066,0.12681510164569215
Kim Schrier,Democrat,Trump,09-17 work,828,0.12681159420289856
Ben Cline,Republican,Trump,09-17 work,868,0.12672811059907835
Mike Rounds,Republican,Trump II,09-17 work,442,0.12669683257918551
Haley M. Stevens,Democrat,Trump,05-08 morning,221,0.12669683257918551
Brian K. Fitzpatrick,Republican,Biden,05-08 morning,561,0.1265597147950089
"Tester, Jon",Democrat,Biden,09-17 work,2584,0.12654798761609906
Tom Udall D-NM,Democrat,Obama,09-17 work,2451,0.12647898816809466
Jon Ossoff,Democrat,Biden,18-20 evening,340,0.1264705882352941
Jimmy Panetta,Democrat,Trump,05-08 morning,870,0.12643678160919541
Lauren Underwood,Democrat,Trump,05-08 morning,261,0.12643678160919541
Scott Tipton R-CO,Republican,Trump,09-17 work,1149,0.12619669277632725
Josh Gottheimer,Democrat,Trump,09-17 work,4692,0.12617220801364024
Daniel Webster,Republican,Trump,09-17 work,556,0.12589928057553956
Steve Pearce R-NM,Republican,Obama,09-17 work,2089,0.12589755864049784
Thom Tillis,Republican,Obama,09-17 work,1567,0.12571793235481812
Mike Thompson,Democrat,Obama,05-08 morning,621,0.12560386473429952
Marcy Kaptur,Democrat,Biden,05-08 morning,223,0.12556053811659193
Kendra Horn D-OK,Democrat,Trump,09-17 work,733,0.12551159618008187
Rob Portman R-OH,Republican,Trump,18-20 evening,1523,0.12541037426132634
T.J. Cox D-CA,Democrat,Trump,09-17 work,1835,0.12534059945504086
Danny K. Davis,Democrat,Obama,09-17 work,391,0.12531969309462915
John W. Hickenlooper,Democrat,Biden,09-17 work,3050,0.12524590163934426
Haley M. Stevens,Democrat,Biden,09-17 work,3303,0.12503784438389343
Rick Nolan D-MN,Democrat,Obama,09-17 work,1656,0.125
Kathy Castor,Democrat,Obama,18-20 evening,280,0.125
Joni Ernst,Republican,Trump,00-04 night,240,0.125
Chris Stewart R-UT,Republican,Obama,05-08 morning,488,0.125
John Faso R-NY,Republican,Trump,09-17 work,673,0.12481426448736999
"Graves, Garret",Republican,Obama,09-17 work,1210,0.12479338842975207
"Trone, David",Democrat,Trump,18-20 evening,409,0.12469437652811736
Susan M. Collins,Republican,Trump,18-20 evening,321,0.12461059190031153
Rick Larsen,Democrat,Obama,09-17 work,2906,0.12456985547143841
David Rouzer,Republican,Trump,09-17 work,1132,0.12455830388692579
Joseph D. Morelle,Democrat,Biden,09-17 work,3284,0.12454323995127893
Stephen F. Lynch,Democrat,Biden,09-17 work,732,0.12431693989071038
Tammy Baldwin,Democrat,Obama,18-20 evening,362,0.12430939226519337
Mike Crapo,Republican,Trump II,05-08 morning,515,0.12427184466019417
Al Green,Democrat,Obama,09-17 work,507,0.1242603550295858
Todd Young,Republican,Trump II,05-08 morning,845,0.1242603550295858
Margaret Wood Hassan,Democrat,Biden,18-20 evening,483,0.12422360248447205
Tom Cotton,Republican,Obama,09-17 work,2415,0.12380952380952381
Suzan K. DelBene,Democrat,Trump,18-20 evening,202,0.12376237623762376
"Wild, Susan",Democrat,Biden,09-17 work,2256,0.12367021276595745
Patrick Leahy D-VT,Democrat,Biden,09-17 work,1108,0.12364620938628158
Raphael G. Warnock,Democrat,Biden,18-20 evening,704,0.12357954545454546
"Angus S. King, Jr.",Independent,Trump,05-08 morning,276,0.12318840579710146
Al Lawson D-FL,Democrat,Biden,09-17 work,577,0.12305025996533796
Brendan F. Boyle,Democrat,Obama,09-17 work,2008,0.12300796812749004
Mike Flood,Republican,Trump II,09-17 work,644,0.12267080745341614
Maria Cantwell,Democrat,Biden,05-08 morning,449,0.12249443207126949
Elise M. Stefanik,Republican,Trump,09-17 work,3413,0.12247289774392031
Haley M. Stevens,Democrat,Trump,09-17 work,2559,0.12231340367330988
Gabe Vasquez,Democrat,Biden,09-17 work,933,0.12218649517684887
"Butler, Laphonza",Democrat,Biden,09-17 work,483,0.12215320910973085
Terri A. Sewell,Democrat,Obama,05-08 morning,279,0.12186379928315412
Pete Stauber,Republican,Trump,09-17 work,944,0.12182203389830508
Jon Ossoff,Democrat,Biden,05-08 morning,698,0.12177650429799428
Mike Fitzpatrick R-PA,Republican,Obama,21-23 late,271,0.12177121771217712
Mary Landrieu D-LA,Democrat,Obama,18-20 evening,239,0.12133891213389121
John W. Hickenlooper,Democrat,Biden,18-20 evening,231,0.12121212121212122
Carolyn Bourdeaux D-GA,Democrat,Biden,18-20 evening,289,0.12110726643598616
James P. McGovern,Democrat,Obama,05-08 morning,223,0.1210762331838565
Bobby Rush D-IL,Democrat,Obama,09-17 work,661,0.12102874432677761
"Donald S. Beyer, Jr.",Democrat,Obama,18-20 evening,248,0.12096774193548387
Richard E. Neal,Democrat,Trump,05-08 morning,248,0.12096774193548387
Marilyn Strickland,Democrat,Biden,18-20 evening,215,0.12093023255813953
Mark Kelly,Democrat,Biden,09-17 work,3091,0.12067292138466516
Pete Olson R-TX,Republican,Trump,18-20 evening,606,0.12046204620462046
Brian K. Fitzpatrick,Republican,Trump II,09-17 work,972,0.12037037037037036
"Allred, Colin",Democrat,Biden,09-17 work,2576,0.1203416149068323
Lisa Blunt Rochester,Democrat,Biden,18-20 evening,291,0.12027491408934708
Maria Cantwell,Democrat,Biden,09-17 work,1788,0.12024608501118568
Stephen F. Lynch,Democrat,Obama,09-17 work,1424,0.12008426966292135
Adam Kinzinger R-IL,Republican,Obama,09-17 work,4048,0.12005928853754941
John J. McGuire III,Republican,Trump II,09-17 work,450,0.12
Luis Gutierrez D-IL,Democrat,Obama,05-08 morning,250,0.12
Jack Bergman,Republican,Trump,09-17 work,1101,0.11989100817438691
Don Young R-AK,Republican,Biden,09-17 work,1035,0.11980676328502415
James E. Risch,Republican,Obama,09-17 work,359,0.11977715877437325
Mark DeSaulnier,Democrat,Biden,05-08 morning,309,0.11974110032362459
Tim Kaine,Democrat,Obama,05-08 morning,928,0.11961206896551724
Jim Hagedorn R-MN,Republican,Trump,09-17 work,1096,0.11952554744525548
Mike Crapo,Republican,Trump II,00-04 night,318,0.11949685534591195
Brian K. Fitzpatrick,Republican,Biden,09-17 work,2653,0.11948737278552582
"Waltz, Michael",Republican,Trump,05-08 morning,335,0.11940298507462686
"Luetkemeyer, Blaine",Republican,Obama,05-08 morning,310,0.11935483870967742
Louie Gohmert R-TX,Republican,Obama,05-08 morning,612,0.119281045751634
Lee Zeldin R-NY,Republican,Obama,09-17 work,613,0.11908646003262642
Grace Meng,Democrat,Obama,18-20 evening,336,0.11904761904761904
Chris Smith R-NJ,Republican,Obama,09-17 work,580,0.11896551724137931
"Bucshon, Larry",Republican,Obama,18-20 evening,227,0.11894273127753303
J. French Hill,Republican,Obama,09-17 work,799,0.11889862327909888
Blake D. Moore,Republican,Biden,05-08 morning,286,0.11888111888111888
Marc A. Veasey,Democrat,Obama,05-08 morning,236,0.11864406779661017
Gabe Vasquez,Democrat,Biden,05-08 morning,270,0.11851851851851852
Vicky Hartzler R-MO,Republican,Obama,18-20 evening,270,0.11851851851851852
Donald McEachin D-VA,Democrat,Biden,09-17 work,1140,0.11842105263157894
Bill Shuster R-PA,Republican,Trump,09-17 work,304,0.11842105263157894
Scott Rigell R-VA,Republican,Obama,09-17 work,2797,0.1183410797282803
Pete Olson R-TX,Republican,Obama,05-08 morning,262,0.1183206106870229
Rob Woodall R-GA,Republican,Obama,09-17 work,389,0.11825192802056556
"Kuster, Ann",Democrat,Biden,18-20 evening,271,0.11808118081180811
Juan Ciscomani,Republican,Biden,09-17 work,1129,0.11780336581045173
Mo Brooks R-AL,Republican,Obama,09-17 work,815,0.11779141104294479
Al Lawson D-FL,Democrat,Trump,09-17 work,841,0.11771700356718193
"Kuster, Ann",Democrat,Biden,09-17 work,2023,0.11764705882352941
Mike Kelly,Republican,Trump II,09-17 work,238,0.11764705882352941
Roger F. Wicker,Republican,Trump,09-17 work,3665,0.11759890859481582
Susie Lee,Democrat,Trump,18-20 evening,349,0.1174785100286533
Greg Stanton,Democrat,Biden,05-08 morning,349,0.1174785100286533
Chris Stewart R-UT,Republican,Obama,09-17 work,1210,0.11735537190082644
J. Luis Correa,Democrat,Biden,09-17 work,972,0.11728395061728394
"Eshoo, Anna ",Democrat,Obama,09-17 work,904,0.1172566371681416
"Tester, Jon",Democrat,Biden,05-08 morning,316,0.11708860759493671
Tim Walberg,Republican,Obama,18-20 evening,299,0.11705685618729098
Rick Larsen,Democrat,Obama,05-08 morning,769,0.11703511053315994
Andy Barr,Republican,Obama,09-17 work,1728,0.11689814814814815
Troy A. Carter,Democrat,Biden,05-08 morning,385,0.11688311688311688
J. French Hill,Republican,Trump II,09-17 work,454,0.11674008810572688
Darren Soto,Democrat,Biden,05-08 morning,480,0.11666666666666667
Lauren Underwood,Democrat,Trump,09-17 work,1699,0.11653914067098294
Steve Daines,Republican,Trump,09-17 work,472,0.11652542372881355
Frederica S. Wilson,Democrat,Obama,09-17 work,5567,0.11640021555595473
Raphael G. Warnock,Democrat,Biden,05-08 morning,1093,0.1161939615736505
"Luetkemeyer, Blaine",Republican,Trump,09-17 work,904,0.1161504424778761
Anthony Brindisi D-NY,Democrat,Trump,09-17 work,2017,0.11601388200297472
Abby Finkenauer D-IA,Democrat,Trump,18-20 evening,207,0.11594202898550725
Steve Watkins R-KS,Republican,Trump,09-17 work,725,0.11586206896551725
Morgan McGarvey,Democrat,Biden,09-17 work,1036,0.11583011583011583
Mark DeSaulnier,Democrat,Obama,09-17 work,708,0.11581920903954802
Deb Fischer,Republican,Obama,09-17 work,2101,0.11565920990004759
"Sherrill, Mikie",Democrat,Biden,09-17 work,2345,0.11556503198294243
Emanuel Cleaver,Democrat,Obama,09-17 work,2934,0.11554192229038855
Greg Stanton,Democrat,Trump,05-08 morning,208,0.11538461538461539
Hillary J. Scholten,Democrat,Biden,18-20 evening,208,0.11538461538461539
Steny H. Hoyer,Democrat,Biden,05-08 morning,539,0.1150278293135436
Andy Kim,Democrat,Trump,18-20 evening,261,0.11494252873563218
Deb Fischer,Republican,Trump II,05-08 morning,383,0.11488250652741515
Stephanie Murphy D-FL,Democrat,Biden,09-17 work,1370,0.1145985401459854
Carolyn Bourdeaux D-GA,Democrat,Biden,09-17 work,1712,0.11448598130841121
Jim Costa,Democrat,Trump,09-17 work,1538,0.11443433029908973
Bryan Steil,Republican,Trump,05-08 morning,402,0.11442786069651742
Terri A. Sewell,Democrat,Biden,18-20 evening,271,0.11439114391143912
Alma S. Adams,Democrat,Obama,09-17 work,1313,0.11424219345011424
"Ferguson, A. Drew",Republican,Trump,09-17 work,613,0.11419249592169657
Tom Barrett,Republican,Trump II,05-08 morning,298,0.11409395973154363
Andy Kim,Democrat,Trump,09-17 work,1686,0.11387900355871886
Mike Enzi R-WY,Republican,Trump,09-17 work,1089,0.11386593204775022
Jackie Walorski R-IN,Republican,Trump,18-20 evening,273,0.11355311355311355
Joyce Beatty,Democrat,Obama,09-17 work,2054,0.11343719571567673
David Price D-NC,Democrat,Biden,09-17 work,1042,0.11324376199616124
Richard Hudson,Republican,Trump,09-17 work,2404,0.11314475873544093
Rick Larsen,Democrat,Biden,18-20 evening,398,0.11306532663316583
Ben Ray Luján,Democrat,Obama,09-17 work,540,0.11296296296296296
Steve Womack,Republican,Trump II,09-17 work,505,0.11287128712871287
John Shimkus R-IL,Republican,Obama,18-20 evening,204,0.11274509803921569
Alan Lowenthal D-CA,Democrat,Obama,09-17 work,1366,0.11273792093704246
Ryan Mackenzie,Republican,Trump II,09-17 work,418,0.11244019138755981
Brian K. Fitzpatrick,Republican,Trump,18-20 evening,276,0.11231884057971014
Brian K. Fitzpatrick,Republican,Trump,05-08 morning,374,0.11229946524064172
Carol D. Miller,Republican,Trump,09-17 work,1037,0.11186113789778207
Fred Upton R-MI,Republican,Obama,18-20 evening,304,0.1118421052631579
Jahana Hayes,Democrat,Trump,18-20 evening,331,0.11178247734138973
Ryan K. Zinke,Republican,Obama,09-17 work,510,0.11176470588235295
Rob Portman R-OH,Republican,Obama,09-17 work,4029,0.11169024571854058
Cedric Richmond D-LA,Democrat,Obama,09-17 work,1577,0.11160431198478123
H. Morgan Griffith,Republican,Trump,09-17 work,717,0.11157601115760112
Steven Horsford,Democrat,Biden,05-08 morning,726,0.1115702479338843
"Graves, Garret",Republican,Obama,05-08 morning,269,0.11152416356877323
Gary C. Peters,Democrat,Biden,09-17 work,2969,0.11148534860222296
Richard Hudson,Republican,Trump,05-08 morning,350,0.11142857142857143
Joe Cunningham D-SC,Democrat,Trump,09-17 work,1159,0.11130284728213978
Mark Kelly,Democrat,Biden,05-08 morning,1294,0.11128284389489954
Cindy Hyde-Smith,Republican,Trump,09-17 work,1843,0.1112316874660879
Lizzie Fletcher,Democrat,Biden,18-20 evening,225,0.1111111111111111
"Cardin, Benjamin",Democrat,Obama,05-08 morning,243,0.1111111111111111
Mimi Walters R-CA,Republican,Trump,05-08 morning,261,0.1111111111111111
Jill N. Tokuda,Democrat,Biden,09-17 work,594,0.1111111111111111
Melanie A. Stansbury,Democrat,Biden,00-04 night,216,0.1111111111111111
Scott Rigell R-VA,Republican,Obama,05-08 morning,378,0.1111111111111111
Carlos Curbelo R-FL,Republican,Trump,09-17 work,1602,0.1111111111111111
Blake D. Moore,Republican,Biden,09-17 work,1433,0.11095603628750872
Ann Wagner,Republican,Trump II,09-17 work,316,0.11075949367088607
Jefferson Shreve,Republican,Trump II,05-08 morning,280,0.11071428571428571
Michael R. Turner,Republican,Trump,09-17 work,1102,0.11070780399274047
Terri A. Sewell,Democrat,Biden,09-17 work,2603,0.11064156742220514
Paul Tonko,Democrat,Biden,09-17 work,2124,0.11064030131826742
Marcy Kaptur,Democrat,Obama,09-17 work,1085,0.11059907834101383
Mark Kelly,Democrat,Biden,00-04 night,208,0.11057692307692307
Henry Cuellar,Democrat,Trump,18-20 evening,208,0.11057692307692307
Daniel Webster,Republican,Obama,18-20 evening,308,0.11038961038961038
Tammy Baldwin,Democrat,Obama,09-17 work,7082,0.11027958203897203
Sharice Davids,Democrat,Biden,00-04 night,227,0.11013215859030837
Dan Donovan R-NY,Republican,Trump,09-17 work,918,0.11002178649237472
Adrian Smith,Republican,Trump II,09-17 work,400,0.11
Mike Thompson,Democrat,Biden,09-17 work,3043,0.10976010515938218
J. French Hill,Republican,Trump,09-17 work,1651,0.1096305269533616
Claudia Tenney,Republican,Trump,09-17 work,1004,0.10956175298804781
Mike Thompson,Democrat,Trump,09-17 work,6190,0.10953150242326333
Sylvia R. Garcia,Democrat,Biden,00-04 night,201,0.10945273631840796
Mike Kelly,Republican,Trump II,05-08 morning,265,0.10943396226415095
"Mooney, Alex",Republican,Obama,09-17 work,640,0.109375
Marilyn Strickland,Democrat,Biden,09-17 work,2228,0.10906642728904847
Dan Sullivan,Republican,Trump,09-17 work,1434,0.1087866108786611
Gary C. Peters,Democrat,Biden,18-20 evening,535,0.10841121495327102
Debbie Dingell,Democrat,Biden,05-08 morning,286,0.10839160839160839
David Young R-IA,Republican,Obama,18-20 evening,203,0.10837438423645321
Richard Hudson,Republican,Trump,18-20 evening,277,0.10830324909747292
Joseph D. Morelle,Democrat,Biden,05-08 morning,536,0.10820895522388059
Rick W. Allen,Republican,Obama,09-17 work,555,0.10810810810810811
Susan M. Collins,Republican,Biden,09-17 work,592,0.10810810810810811
"Payne Jr., Donald",Democrat,Biden,09-17 work,1721,0.10807669959325973
J. French Hill,Republican,Trump,05-08 morning,315,0.10793650793650794
John Garamendi,Democrat,Obama,05-08 morning,482,0.1078838174273859
Juan Ciscomani,Republican,Trump II,05-08 morning,408,0.10784313725490197
Tom O'Halleran D-AZ,Democrat,Trump,09-17 work,2746,0.10742898761835397
Cindy Axne D-IA,Democrat,Biden,09-17 work,1555,0.10739549839228296
Jim Cooper D-TN,Democrat,Obama,09-17 work,1211,0.10734929810074319
John J. McGuire III,Republican,Trump II,05-08 morning,308,0.10714285714285714
Stephen Fincher R-TN,Republican,Obama,18-20 evening,224,0.10714285714285714
Brian K. Fitzpatrick,Republican,Biden,18-20 evening,243,0.10699588477366255
Richard Burr R-NC,Republican,Trump,09-17 work,832,0.10697115384615384
Joe Neguse,Democrat,Biden,00-04 night,412,0.10679611650485436
Vicente Gonzalez,Democrat,Biden,09-17 work,2014,0.1067527308838133
Dean Heller R-NV,Republican,Obama,05-08 morning,806,0.10669975186104218
Troy Downing,Republican,Trump II,05-08 morning,478,0.10669456066945607
Roger F. Wicker,Republican,Trump,05-08 morning,394,0.1065989847715736
John Thune,Republican,Trump,09-17 work,2324,0.10628227194492254
Roger Williams,Republican,Trump,05-08 morning,659,0.1062215477996965
Karen Handel R-GA,Republican,Trump,09-17 work,339,0.10619469026548672
"Thomas H. Kean, Jr.",Republican,Trump II,09-17 work,424,0.10613207547169812
Erik Paulsen R-MN,Republican,Obama,09-17 work,1935,0.10594315245478036
Jahana Hayes,Democrat,Biden,18-20 evening,255,0.10588235294117647
Jeff Hurd,Republican,Trump II,05-08 morning,397,0.10579345088161209
Trent Kelly,Republican,Biden,09-17 work,331,0.10574018126888217
Suzanne Bonamici,Democrat,Obama,05-08 morning,246,0.10569105691056911
Bradley Scott Schneider,Democrat,Obama,09-17 work,720,0.10555555555555556
Mike Quigley,Democrat,Obama,09-17 work,5694,0.1053740779768177
Mike Flood,Republican,Trump II,05-08 morning,437,0.10526315789473684
Sean Maloney D-NY,Democrat,Obama,09-17 work,1873,0.10517885744794447
Grace Meng,Democrat,Obama,09-17 work,1655,0.10513595166163142
"Eshoo, Anna ",Democrat,Obama,05-08 morning,295,0.10508474576271186
Elizabeth Esty D-CT,Democrat,Obama,18-20 evening,295,0.10508474576271186
Ed Whitfield R-KY,Republican,Obama,09-17 work,809,0.10506798516687268
Sean Duffy R-WI,Republican,Trump,18-20 evening,257,0.10505836575875487
Sharice Davids,Democrat,Trump,09-17 work,1533,0.1050228310502283
"Manchin, Joe",Democrat,Biden,09-17 work,1525,0.10491803278688525
Adam Smith,Democrat,Obama,05-08 morning,267,0.10486891385767791
Mazie K. Hirono,Democrat,Obama,09-17 work,258,0.10465116279069768
Sean Duffy R-WI,Republican,Obama,05-08 morning,440,0.10454545454545454
Michael Guest,Republican,Trump II,09-17 work,622,0.1045016077170418
Jefferson Shreve,Republican,Trump II,09-17 work,498,0.10441767068273092
Dan Coats R-IN,Republican,Obama,05-08 morning,489,0.10429447852760736
Steven Horsford,Democrat,Biden,09-17 work,2714,0.10427413411938098
Juan Ciscomani,Republican,Trump II,09-17 work,518,0.10424710424710425
Juan Ciscomani,Republican,Trump II,00-04 night,298,0.1040268456375839
Joe Courtney,Democrat,Obama,09-17 work,3269,0.10400734169470786
Ron Kind D-WI,Democrat,Obama,09-17 work,856,0.10397196261682243
Robert Pittenger R-NC,Republican,Obama,21-23 late,202,0.10396039603960396
Jeanne Shaheen,Democrat,Obama,09-17 work,2318,0.10353753235547886
Dan Donovan R-NY,Republican,Obama,09-17 work,715,0.1034965034965035
Mike Carey,Republican,Trump II,05-08 morning,319,0.10344827586206896
Gary C. Peters,Democrat,Biden,05-08 morning,387,0.10335917312661498
Bryan Steil,Republican,Trump,18-20 evening,330,0.10303030303030303
Gary Miller R-CA,Republican,Obama,09-17 work,204,0.10294117647058823
Kim Schrier,Democrat,Trump,05-08 morning,204,0.10294117647058823
Tim Scott,Republican,Obama,18-20 evening,399,0.10275689223057644
Lamar Alexander R-TN,Republican,Trump,18-20 evening,438,0.10273972602739725
Raul Ruiz,Democrat,Trump,05-08 morning,263,0.10266159695817491
Frank Guinta R-NH,Republican,Obama,09-17 work,945,0.10264550264550265
Angie Craig,Democrat,Biden,18-20 evening,273,0.10256410256410256
Abby Finkenauer D-IA,Democrat,Trump,09-17 work,947,0.10242872228088701
Terri A. Sewell,Democrat,Biden,05-08 morning,459,0.10239651416122005
Rick Larsen,Democrat,Biden,09-17 work,3233,0.1023816888339004
Robert E. Latta,Republican,Trump II,05-08 morning,401,0.10224438902743142
Mike Quigley,Democrat,Obama,05-08 morning,382,0.10209424083769633
Mike Rounds,Republican,Trump,05-08 morning,480,0.10208333333333333
"Wenstrup, Brad",Republican,Trump,09-17 work,1901,0.1020515518148343
Danny K. Davis,Democrat,Biden,09-17 work,941,0.10201912858660998
Bryan Steil,Republican,Trump,09-17 work,1784,0.10201793721973094
Scott Perry,Republican,Obama,09-17 work,1847,0.10178668110449378
Bill Foster,Democrat,Obama,09-17 work,1527,0.10150622134905042
Roger Williams,Republican,Trump,18-20 evening,266,0.10150375939849623
Elaine Luria D-VA,Democrat,Biden,09-17 work,1390,0.10143884892086331
Tim Scott,Republican,Trump,05-08 morning,365,0.10136986301369863
Mark Kelly,Democrat,Biden,18-20 evening,227,0.1013215859030837
David P. Joyce,Republican,Trump II,09-17 work,257,0.10116731517509728
Joe Donnelly D-IN,Democrat,Trump,18-20 evening,495,0.10101010101010101
Leonard Lance R-NJ,Republican,Obama,09-17 work,931,0.10096670247046187
Jerry McNerney D-CA,Democrat,Obama,05-08 morning,218,0.10091743119266056
Darin LaHood,Republican,Trump,09-17 work,1467,0.10088616223585549
"Robert P. Bresnahan, Jr.",Republican,Trump II,09-17 work,347,0.10086455331412104
Eric Sorensen,Democrat,Biden,09-17 work,823,0.10085054678007291
Martha McSally R-AZ,Republican,Trump,09-17 work,2678,0.10082150858849888
Darren Soto,Democrat,Biden,09-17 work,3581,0.1005305780508238
Lauren Underwood,Democrat,Biden,09-17 work,2129,0.10051667449506811
Mike Rounds,Republican,Trump II,05-08 morning,269,0.10037174721189591
Suzan K. DelBene,Democrat,Obama,05-08 morning,319,0.10031347962382445
Maria Cantwell,Democrat,Obama,09-17 work,1586,0.10025220680958385
Lauren Underwood,Democrat,Biden,05-08 morning,250,0.1
Tim Johnson R-IL,Republican,Obama,09-17 work,200,0.1
Lucille Roybal-Allard D-CA,Democrat,Obama,09-17 work,1562,0.0998719590268886
"Sinema, Kyrsten",Democrat,Trump,09-17 work,1082,0.09981515711645102
Scott Franklin,Republican,Trump II,05-08 morning,301,0.09966777408637874
"Eric A. ""Rick"" Crawford",Republican,Obama,05-08 morning,291,0.09965635738831616
Dina Titus,Democrat,Obama,05-08 morning,914,0.09956236323851203
"Wenstrup, Brad",Republican,Obama,09-17 work,2333,0.09944277753964852
Rick Larsen,Democrat,Biden,00-04 night,352,0.09943181818181818
David McKinley R-WV,Republican,Trump,09-17 work,2877,0.09940910670837678
Martha McSally R-AZ,Republican,Trump,05-08 morning,634,0.09936908517350158
"Scott, David",Democrat,Trump,09-17 work,775,0.09935483870967741
Joe Wilson,Republican,Obama,09-17 work,796,0.0992462311557789
Chrissy Houlahan,Democrat,Trump,09-17 work,1907,0.09910854745673833
Filemon Vela D-TX,Democrat,Biden,09-17 work,273,0.0989010989010989
Robert Menendez,Democrat,Biden,09-17 work,809,0.09888751545117429
Henry Cuellar,Democrat,Trump,05-08 morning,344,0.09883720930232558
Kurt Schrader D-OR,Democrat,Obama,09-17 work,1216,0.09868421052631579
Johnny Isakson R-GA,Republican,Obama,09-17 work,1997,0.09864797195793691
"Duarte, John",Republican,Biden,09-17 work,294,0.09863945578231292
"Angus S. King, Jr.",Independent,Biden,09-17 work,1531,0.09862834748530372
Chris Collins R-NY,Republican,Trump,09-17 work,497,0.09859154929577464
"Manchin, Joe",Democrat,Trump,18-20 evening,700,0.09857142857142857
"Manchin, Joe",Democrat,Trump,09-17 work,2780,0.0985611510791367
"Chavez-DeRemer, Lori",Republican,Biden,09-17 work,761,0.09855453350854139
Anthony Brindisi D-NY,Democrat,Trump,18-20 evening,264,0.09848484848484848
Lisa Murkowski,Republican,Biden,05-08 morning,773,0.09831824062095731
Suzan K. DelBene,Democrat,Biden,18-20 evening,295,0.09830508474576272
Kevin Cramer,Republican,Obama,09-17 work,1018,0.09823182711198428
Troy A. Carter,Democrat,Biden,09-17 work,1070,0.09813084112149532
Pete Visclosky D-IN,Democrat,Trump,09-17 work,265,0.09811320754716982
Martha McSally R-AZ,Republican,Trump,18-20 evening,337,0.09792284866468842
Henry Cuellar,Democrat,Trump,09-17 work,2002,0.0979020979020979
Marcia Fudge D-OH,Democrat,Obama,18-20 evening,327,0.09785932721712538
Cory A. Booker,Democrat,Obama,09-17 work,11487,0.09776268825628971
Todd Young,Republican,Trump,09-17 work,3899,0.09771736342651963
J. French Hill,Republican,Trump II,05-08 morning,256,0.09765625
Steve Pearce R-NM,Republican,Obama,05-08 morning,543,0.09760589318600368
Angie Craig,Democrat,Trump,09-17 work,1957,0.0975983648441492
Elaine Luria D-VA,Democrat,Trump,09-17 work,2122,0.09754948162111216
"Graves, Garret",Republican,Obama,18-20 evening,236,0.09745762711864407
Adrian Smith,Republican,Trump II,05-08 morning,236,0.09745762711864407
Troy Downing,Republican,Trump II,09-17 work,534,0.09737827715355805
Lisa Blunt Rochester,Democrat,Biden,09-17 work,2609,0.09735530854733615
Andy Kim,Democrat,Biden,09-17 work,2456,0.09731270358306189
Chrissy Houlahan,Democrat,Biden,05-08 morning,329,0.0972644376899696
Mike Rogers,Republican,Obama,05-08 morning,247,0.09716599190283401
Jose Serrano D-NY,Democrat,Obama,09-17 work,1791,0.09659408151870463
"Carper, Thomas ",Democrat,Biden,18-20 evening,321,0.09657320872274143
Marc A. Veasey,Democrat,Obama,09-17 work,1401,0.09635974304068523
Barry Loudermilk,Republican,Trump,05-08 morning,416,0.09615384615384616
Mike Thompson,Democrat,Trump,05-08 morning,1592,0.09610552763819095
Thom Tillis,Republican,Trump,18-20 evening,250,0.096
Tim Scott,Republican,Trump,09-17 work,3126,0.09596928982725528
Maria Cantwell,Democrat,Obama,05-08 morning,428,0.09579439252336448
Lucille Roybal-Allard D-CA,Democrat,Biden,09-17 work,1712,0.09579439252336448
"Carper, Thomas ",Democrat,Biden,09-17 work,2375,0.09557894736842105
"Bucshon, Larry",Republican,Obama,09-17 work,3286,0.09555690809494827
Jahana Hayes,Democrat,Biden,05-08 morning,630,0.09523809523809523
Gus M. Bilirakis,Republican,Trump,09-17 work,1019,0.09519136408243375
Cory A. Booker,Democrat,Obama,05-08 morning,5616,0.09508547008547008
Jerry McNerney D-CA,Democrat,Obama,09-17 work,863,0.09501738122827347
Gary C. Peters,Democrat,Obama,18-20 evening,200,0.095
Mary Landrieu D-LA,Democrat,Obama,09-17 work,1453,0.09497591190640055
John Hoeven,Republican,Biden,05-08 morning,232,0.09482758620689655
Nicholas J. Begich III,Republican,Trump II,09-17 work,222,0.0945945945945946
Lucille Roybal-Allard D-CA,Democrat,Biden,18-20 evening,275,0.09454545454545454
Celeste Maloy,Republican,Trump II,09-17 work,286,0.0944055944055944
David Rouzer,Republican,Trump II,09-17 work,212,0.09433962264150944
Rob Portman R-OH,Republican,Obama,18-20 evening,637,0.09419152276295134
"Stabenow, Debbie",Democrat,Biden,18-20 evening,372,0.09408602150537634
Carol D. Miller,Republican,Trump II,09-17 work,266,0.09398496240601503
Dean Heller R-NV,Republican,Obama,09-17 work,3343,0.09392760993119952
Tim Scott,Republican,Trump,18-20 evening,310,0.0935483870967742
Don Young R-AK,Republican,Trump,09-17 work,749,0.09345794392523364
Lisa Murkowski,Republican,Trump,00-04 night,364,0.09340659340659341
Mike Bost,Republican,Trump,09-17 work,1211,0.09331131296449216
Dan Newhouse,Republican,Trump,05-08 morning,568,0.09330985915492958
"Earl L. ""Buddy"" Carter",Republican,Obama,09-17 work,633,0.09320695102685624
Kurt Schrader D-OR,Democrat,Obama,05-08 morning,279,0.0931899641577061
Tom Udall D-NM,Democrat,Obama,05-08 morning,204,0.09313725490196079
Lois Capps D-CA,Democrat,Obama,05-08 morning,527,0.09297912713472485
Mimi Walters R-CA,Republican,Trump,09-17 work,689,0.09288824383164006
Elizabeth Esty D-CT,Democrat,Obama,09-17 work,3106,0.0927237604636188
Frank LoBiondo R-NJ,Republican,Obama,09-17 work,2158,0.09267840593141798
Brian K. Fitzpatrick,Republican,Trump,09-17 work,1836,0.09259259259259259
Rick Larsen,Democrat,Biden,05-08 morning,1287,0.09246309246309246
"Kilmer, Derek",Democrat,Trump,09-17 work,2197,0.0923987255348202
"Carper, Thomas ",Democrat,Obama,18-20 evening,498,0.09236947791164658
Ed Perlmutter D-CO,Democrat,Obama,09-17 work,1939,0.09231562661165549
Rob Goodlatte R-VA,Republican,Trump,09-17 work,510,0.09215686274509804
"Curtis, John ",Republican,Trump,09-17 work,2497,0.092110532639167
Salud O. Carbajal,Democrat,Biden,18-20 evening,250,0.092
Brett Guthrie,Republican,Trump,09-17 work,435,0.09195402298850575
Harold Rogers,Republican,Obama,09-17 work,2167,0.09183202584217813
Reid Ribble R-WI,Republican,Obama,09-17 work,1235,0.09149797570850203
Robert J. Wittman,Republican,Trump,05-08 morning,297,0.09090909090909091
Mark E. Amodei,Republican,Biden,09-17 work,242,0.09090909090909091
"Allred, Colin",Democrat,Trump,09-17 work,1422,0.09071729957805907
Mark Sanford R-SC,Republican,Obama,09-17 work,1081,0.09065679925994449
Celeste Maloy,Republican,Trump II,05-08 morning,210,0.09047619047619047
"Caraveo, Yadira",Democrat,Biden,09-17 work,785,0.09044585987261146
Jimmy Panetta,Democrat,Biden,05-08 morning,752,0.09042553191489362
Tom O'Halleran D-AZ,Democrat,Trump,18-20 evening,609,0.090311986863711
Jim Costa,Democrat,Biden,18-20 evening,344,0.09011627906976744
Gus M. Bilirakis,Republican,Trump II,00-04 night,333,0.09009009009009009
Mike Rounds,Republican,Trump,09-17 work,1867,0.08998393144081414
Kai Kahele D-HI,Democrat,Biden,09-17 work,612,0.08986928104575163
Jack Reed,Democrat,Biden,05-08 morning,245,0.08979591836734693
Scott H. Peters,Democrat,Obama,05-08 morning,538,0.08921933085501858
Charles E. Schumer,Democrat,Obama,05-08 morning,213,0.0892018779342723
Tim Walberg,Republican,Trump,18-20 evening,258,0.08914728682170543
Ami Bera,Democrat,Obama,09-17 work,1349,0.08895478131949593
Ed Case,Democrat,Trump,05-08 morning,225,0.08888888888888889
John Shimkus R-IL,Republican,Trump,05-08 morning,495,0.08888888888888889
Dina Titus,Democrat,Obama,09-17 work,3427,0.08870732419025387
Dan Lipinski D-IL,Democrat,Obama,09-17 work,1004,0.08864541832669323
Ed Case,Democrat,Trump,09-17 work,1038,0.08863198458574181
"Sherrill, Mikie",Democrat,Trump,18-20 evening,418,0.08851674641148326
Doug Jones D-AL,Democrat,Trump,09-17 work,1413,0.08846426043878274
Blake D. Moore,Republican,Trump II,09-17 work,260,0.08846153846153847
Scott Tipton R-CO,Republican,Obama,05-08 morning,385,0.08831168831168831
Mimi Walters R-CA,Republican,Obama,05-08 morning,329,0.08814589665653495
Debbie Dingell,Democrat,Obama,09-17 work,954,0.0880503144654088
Scott Tipton R-CO,Republican,Trump,05-08 morning,319,0.0877742946708464
Jay Rockefeller D-WV,Democrat,Obama,09-17 work,1175,0.0876595744680851
Grace Meng,Democrat,Obama,21-23 late,320,0.0875
Darren Soto,Democrat,Biden,18-20 evening,366,0.08743169398907104
Tim Murphy R-PA,Republican,Obama,05-08 morning,229,0.08733624454148471
Jerry Moran,Republican,Trump,09-17 work,493,0.0872210953346856
Mike Bishop R-MI,Republican,Obama,09-17 work,1000,0.087
Andrea Salinas,Democrat,Biden,09-17 work,1070,0.08691588785046729
"Kilmer, Derek",Democrat,Trump,18-20 evening,656,0.08689024390243902
John Kline R-MN,Republican,Obama,05-08 morning,254,0.08661417322834646
Suzan K. DelBene,Democrat,Obama,09-17 work,1826,0.08652792990142388
Susan M. Collins,Republican,Trump,09-17 work,2105,0.08646080760095012
Steven Horsford,Democrat,Trump,18-20 evening,278,0.08633093525179857
Lisa Murkowski,Republican,Biden,09-17 work,1518,0.0862977602108037
"Kilmer, Derek",Democrat,Biden,05-08 morning,337,0.08605341246290801
Robert J. Wittman,Republican,Trump II,09-17 work,419,0.08591885441527446
Steve Chabot R-OH,Republican,Obama,09-17 work,2165,0.0859122401847575
Mike Crapo,Republican,Trump,09-17 work,268,0.08582089552238806
Bradley Byrne R-AL,Republican,Trump,05-08 morning,619,0.08562197092084006
Bob Turner R-NY,Republican,Obama,09-17 work,257,0.08560311284046693
Lamar Alexander R-TN,Republican,Trump,09-17 work,4043,0.085580014840465
John Delaney D-MD,Democrat,Obama,18-20 evening,281,0.08540925266903915
Richard Hanna R-NY,Republican,Obama,09-17 work,2248,0.08540925266903915
Juan Vargas,Democrat,Obama,09-17 work,609,0.08538587848932677
Raul Ruiz,Democrat,Trump,09-17 work,1148,0.08536585365853659
Lucy McBath,Democrat,Biden,09-17 work,1407,0.08528784648187633
John Boozman,Republican,Trump II,09-17 work,669,0.08520179372197309
Jim Costa,Democrat,Biden,09-17 work,1927,0.0851063829787234
Gus M. Bilirakis,Republican,Obama,18-20 evening,294,0.08503401360544217
Doris O. Matsui,Democrat,Biden,09-17 work,835,0.08502994011976048
Elaine Luria D-VA,Democrat,Trump,18-20 evening,318,0.08490566037735849
Chrissy Houlahan,Democrat,Biden,09-17 work,2833,0.08471584892340275
Dan Newhouse,Republican,Obama,09-17 work,449,0.08463251670378619
Bill Enyart D-IL,Democrat,Obama,09-17 work,320,0.084375
Charlie Dent D-PA,Democrat,Trump,09-17 work,344,0.08430232558139535
Scott H. Peters,Democrat,Biden,05-08 morning,466,0.08369098712446352
Nikki Budzinski,Democrat,Biden,09-17 work,932,0.08369098712446352
Lucy McBath,Democrat,Trump,09-17 work,944,0.0836864406779661
"Curtis, John ",Republican,Trump,18-20 evening,263,0.08365019011406843
Emanuel Cleaver,Democrat,Obama,18-20 evening,263,0.08365019011406843
Richard J. Durbin,Democrat,Obama,05-08 morning,299,0.08361204013377926
David P. Joyce,Republican,Trump,09-17 work,1738,0.08342922899884925
Susan M. Collins,Republican,Trump,05-08 morning,276,0.08333333333333333
Paul Tonko,Democrat,Biden,05-08 morning,288,0.08333333333333333
Jim Renacci R-OH,Republican,Obama,09-17 work,1766,0.08323895809739525
Joe Courtney,Democrat,Biden,09-17 work,1706,0.08323563892145369
Tom Graves R-GA,Republican,Trump,09-17 work,1396,0.0830945558739255
Steve Chabot R-OH,Republican,Trump,09-17 work,1511,0.0827266710787558
Cory A. Booker,Democrat,Obama,18-20 evening,2230,0.08251121076233184
Mike Rounds,Republican,Obama,09-17 work,1120,0.08214285714285714
Anthony Gonzalez R-OH,Republican,Trump,09-17 work,841,0.08204518430439953
David G. Valadao,Republican,Trump,09-17 work,244,0.08196721311475409
Kenny Marchant R-TX,Republican,Trump,09-17 work,269,0.08178438661710037
Glenn Grothman,Republican,Trump,09-17 work,1787,0.0817011751538892
"Sherrill, Mikie",Democrat,Trump,09-17 work,1509,0.08151093439363817
Gus M. Bilirakis,Republican,Obama,09-17 work,3550,0.08140845070422535
Robert E. Latta,Republican,Trump II,09-17 work,418,0.08133971291866028
"Kilmer, Derek",Democrat,Trump,05-08 morning,357,0.08123249299719888
Joe Neguse,Democrat,Biden,05-08 morning,1086,0.08103130755064457
Lois Capps D-CA,Democrat,Obama,09-17 work,1791,0.08096035734226689
Richard E. Neal,Democrat,Biden,09-17 work,1435,0.0808362369337979
Sharice Davids,Democrat,Trump,05-08 morning,421,0.08076009501187649
Elissa Slotkin,Democrat,Biden,05-08 morning,496,0.08064516129032258
Angie Craig,Democrat,Trump,18-20 evening,211,0.08056872037914692
Mike Rogers,Republican,Obama,09-17 work,1924,0.08056133056133057
"Mooney, Alex",Republican,Trump,09-17 work,870,0.08045977011494253
Deb Fischer,Republican,Obama,05-08 morning,311,0.08038585209003216
Ryan Mackenzie,Republican,Trump II,05-08 morning,361,0.08033240997229917
Antonio Delgado D-NY,Democrat,Trump,18-20 evening,324,0.08024691358024691
Bob Corker R-TN,Republican,Obama,05-08 morning,549,0.08014571948998178
Mike Rounds,Republican,Obama,05-08 morning,200,0.08
Jack Reed,Democrat,Biden,09-17 work,1940,0.07989690721649484
Darin LaHood,Republican,Trump,05-08 morning,213,0.07981220657276995
Ed Perlmutter D-CO,Democrat,Biden,09-17 work,1291,0.07978311386522076
Lucy McBath,Democrat,Trump,18-20 evening,251,0.0796812749003984
"Kilmer, Derek",Democrat,Obama,05-08 morning,201,0.07960199004975124
Don Young R-AK,Republican,Biden,05-08 morning,365,0.07945205479452055
Steve Womack,Republican,Trump,09-17 work,3313,0.07908240265620284
Tom Harkin D-IA,Democrat,Obama,09-17 work,1582,0.07901390644753477
Mike Fitzpatrick R-PA,Republican,Obama,09-17 work,3010,0.0787375415282392
"Thomas H. Kean, Jr.",Republican,Trump II,05-08 morning,407,0.07862407862407862
Denny Heck D-WA,Democrat,Obama,09-17 work,1361,0.07861866274797942
"Robert P. Bresnahan, Jr.",Republican,Trump II,05-08 morning,229,0.07860262008733625
Rod Blum R-IA,Republican,Trump,09-17 work,1108,0.07851985559566788
Rob Goodlatte R-VA,Republican,Obama,05-08 morning,319,0.07836990595611286
Greg Walden R-OR,Republican,Trump,09-17 work,1060,0.07830188679245283
Albio Sires D-NJ,Democrat,Obama,09-17 work,894,0.07829977628635347
Mike Quigley,Democrat,Obama,18-20 evening,282,0.07801418439716312
Carl Levin D-MI,Democrat,Obama,09-17 work,501,0.07784431137724551
Joni Ernst,Republican,Obama,09-17 work,1003,0.07776669990029911
"Kuster, Ann",Democrat,Obama,09-17 work,1595,0.07774294670846395
Greg Walden R-OR,Republican,Obama,09-17 work,1171,0.07771135781383433
Greg Walden R-OR,Republican,Obama,05-08 morning,322,0.07763975155279502
Tom O'Halleran D-AZ,Democrat,Trump,05-08 morning,710,0.07746478873239436
Jeff Denham R-CA,Republican,Obama,09-17 work,1449,0.07729468599033816
Jahana Hayes,Democrat,Trump,09-17 work,2547,0.07695327836670593
Brett Guthrie,Republican,Obama,09-17 work,650,0.07692307692307693
Raul Ruiz,Democrat,Biden,05-08 morning,365,0.07671232876712329
Mimi Walters R-CA,Republican,Obama,09-17 work,822,0.07664233576642336
Tim Johnson D-SD,Democrat,Obama,09-17 work,1103,0.07615593834995467
Gloria Negrete McLeod D-CA,Democrat,Obama,09-17 work,289,0.07612456747404844
Jerry Moran,Republican,Trump,05-08 morning,289,0.07612456747404844
Todd Young,Republican,Trump,18-20 evening,592,0.07601351351351351
Raul Ruiz,Democrat,Biden,09-17 work,2133,0.0759493670886076
Cheri Bustos D-IL,Democrat,Obama,09-17 work,1422,0.0759493670886076
Sharice Davids,Democrat,Biden,05-08 morning,857,0.07584597432905485
Henry Cuellar,Democrat,Biden,09-17 work,1626,0.07564575645756458
Mike Fitzpatrick R-PA,Republican,Obama,18-20 evening,780,0.07564102564102564
"Robert C. ""Bobby"" Scott",Democrat,Biden,18-20 evening,225,0.07555555555555556
Bruce Westerman,Republican,Trump,09-17 work,2160,0.07546296296296297
Dusty Johnson,Republican,Trump,09-17 work,928,0.07543103448275862
Charlie Dent D-PA,Democrat,Obama,09-17 work,1394,0.07532281205164992
Mike Bishop R-MI,Republican,Trump,09-17 work,810,0.07530864197530865
Beto O'Rourke D-TX,Democrat,Obama,18-20 evening,226,0.0752212389380531
"Eric A. ""Rick"" Crawford",Republican,Obama,18-20 evening,268,0.07462686567164178
"Scott, David",Democrat,Biden,09-17 work,858,0.07459207459207459
Randy Hultgren R-IL,Republican,Obama,05-08 morning,215,0.07441860465116279
Raul Ruiz,Democrat,Trump,18-20 evening,215,0.07441860465116279
Frank D. Lucas,Republican,Obama,09-17 work,511,0.07436399217221135
Frederica S. Wilson,Democrat,Obama,18-20 evening,727,0.07427785419532325
"Cartwright, Matt",Democrat,Biden,09-17 work,1159,0.07420189818809318
David Young R-IA,Republican,Trump,05-08 morning,446,0.07399103139013453
Jahana Hayes,Democrat,Trump,05-08 morning,392,0.07397959183673469
Alan Lowenthal D-CA,Democrat,Obama,05-08 morning,447,0.0738255033557047
Tom MacArthur R-NJ,Republican,Trump,09-17 work,651,0.07373271889400922
E.B. Johnson D-TX,Democrat,Biden,09-17 work,584,0.07363013698630137
Jose Serrano D-NY,Democrat,Obama,21-23 late,272,0.07352941176470588
Gary C. Peters,Democrat,Obama,09-17 work,2381,0.0734985300293994
Carlos Curbelo R-FL,Republican,Obama,09-17 work,1199,0.07339449541284404
Michael F. Bennet,Democrat,Obama,09-17 work,1173,0.0733162830349531
"Peltola, Mary",Democrat,Biden,09-17 work,669,0.07324364723467862
Mike Coffman R-CO,Republican,Trump,09-17 work,833,0.07322929171668667
Joe Kennedy D-MA,Democrat,Obama,09-17 work,2066,0.07308809293320426
Dave Trott R-MI,Republican,Trump,09-17 work,343,0.0728862973760933
Jack Reed,Democrat,Obama,18-20 evening,234,0.07264957264957266
Richard E. Neal,Democrat,Biden,05-08 morning,358,0.07262569832402235
Ami Bera,Democrat,Obama,18-20 evening,221,0.07239819004524888
"Sinema, Kyrsten",Democrat,Biden,09-17 work,886,0.07223476297968397
Joe Courtney,Democrat,Biden,18-20 evening,319,0.07210031347962383
Cory A. Booker,Democrat,Obama,00-04 night,3104,0.07184278350515463
Beto O'Rourke D-TX,Democrat,Obama,09-17 work,2021,0.07174666006927263
Bruce Poliquin R-ME,Republican,Obama,09-17 work,753,0.07171314741035857
Joe Neguse,Democrat,Biden,09-17 work,2618,0.07142857142857142
John Boozman,Republican,Trump,09-17 work,336,0.07142857142857142
Gene Green D-TX,Democrat,Obama,09-17 work,604,0.07119205298013245
Lizzie Fletcher,Democrat,Biden,09-17 work,2343,0.07084933845497225
Rod Blum R-IA,Republican,Obama,09-17 work,1133,0.0706090026478376
Daniel Webster,Republican,Obama,09-17 work,2313,0.07047124945957631
Ed Case,Democrat,Biden,05-08 morning,700,0.07
Mike Enzi R-WY,Republican,Trump,05-08 morning,200,0.07
Tim Walberg,Republican,Trump,09-17 work,1829,0.06998359759431383
Jeff Denham R-CA,Republican,Obama,05-08 morning,661,0.06959152798789713
"Kilmer, Derek",Democrat,Biden,09-17 work,2215,0.06952595936794582
Scott H. Peters,Democrat,Obama,09-17 work,4248,0.06944444444444445
Kim Schrier,Democrat,Biden,05-08 morning,317,0.0694006309148265
Jimmy Panetta,Democrat,Biden,09-17 work,2799,0.06931046802429439
Jahana Hayes,Democrat,Biden,09-17 work,3248,0.06927339901477833
Don Young R-AK,Republican,Trump,05-08 morning,232,0.06896551724137931
David G. Valadao,Republican,Trump II,09-17 work,232,0.06896551724137931
"Thomas H. Kean, Jr.",Republican,Biden,09-17 work,1103,0.06890299184043518
Fred Upton R-MI,Republican,Obama,09-17 work,2963,0.06884913938575768
Kevin Yoder R-KS,Republican,Obama,18-20 evening,349,0.06876790830945559
Steve Stivers R-OH,Republican,Obama,09-17 work,2238,0.06836461126005362
Sharice Davids,Democrat,Biden,09-17 work,2284,0.06830122591943957
Kim Schrier,Democrat,Biden,09-17 work,2054,0.06815968841285297
Ron Johnson,Republican,Obama,05-08 morning,529,0.06805293005671077
Lucille Roybal-Allard D-CA,Democrat,Biden,05-08 morning,309,0.06796116504854369
Lizzie Fletcher,Democrat,Trump,09-17 work,1651,0.06783767413688674
Dan Newhouse,Republican,Trump,09-17 work,829,0.06755126658624849
Mark Sanford R-SC,Republican,Trump,09-17 work,785,0.06751592356687898
Pat Toomey R-PA,Republican,Obama,05-08 morning,267,0.06741573033707865
"Carper, Thomas ",Democrat,Obama,09-17 work,4169,0.06740225473734708
Jim Costa,Democrat,Biden,05-08 morning,416,0.0673076923076923
Susan M. Collins,Republican,Obama,09-17 work,1323,0.0672713529856387
"Graves, Garret",Republican,Trump,09-17 work,1093,0.06678865507776761
Robert Dold R-IL,Republican,Obama,09-17 work,1798,0.06674082313681869
Tom MacArthur R-NJ,Republican,Obama,09-17 work,1274,0.06671899529042387
Joe Courtney,Democrat,Biden,05-08 morning,225,0.06666666666666667
Emilia Strong Sykes,Democrat,Biden,09-17 work,1215,0.06666666666666667
Shelley Moore Capito,Republican,Obama,09-17 work,2800,0.06642857142857143
Rob Woodall R-GA,Republican,Trump,09-17 work,620,0.06612903225806452
John Boozman,Republican,Trump II,00-04 night,288,0.06597222222222222
David P. Joyce,Republican,Obama,09-17 work,2123,0.0659444182760245
"Eric A. ""Rick"" Crawford",Republican,Obama,09-17 work,2155,0.06589327146171693
Christopher A. Coons,Democrat,Obama,09-17 work,1536,0.06575520833333333
Steven Horsford,Democrat,Biden,18-20 evening,472,0.06567796610169492
Lizzie Fletcher,Democrat,Trump,05-08 morning,244,0.06557377049180328
Troy Balderson,Republican,Trump,09-17 work,1376,0.06540697674418605
Mike Fitzpatrick R-PA,Republican,Obama,05-08 morning,491,0.06517311608961303
Steve Womack,Republican,Obama,09-17 work,2984,0.06501340482573727
Kevin Yoder R-KS,Republican,Obama,09-17 work,4386,0.06497948016415869
Richard Hanna R-NY,Republican,Obama,18-20 evening,262,0.0648854961832061
Lisa Murkowski,Republican,Trump,05-08 morning,478,0.06485355648535565
Tim Murphy R-PA,Republican,Trump,09-17 work,249,0.0642570281124498
David Young R-IA,Republican,Trump,09-17 work,1139,0.06409130816505706
David Schweikert,Republican,Trump,09-17 work,1442,0.0638002773925104
Joe Donnelly D-IN,Democrat,Trump,09-17 work,1559,0.06350224502886466
Bill Flores R-TX,Republican,Obama,05-08 morning,760,0.06315789473684211
John R. Moolenaar,Republican,Obama,09-17 work,508,0.06299212598425197
Jose Serrano D-NY,Democrat,Obama,18-20 evening,397,0.06297229219143577
Mike Thompson,Democrat,Trump,18-20 evening,844,0.06279620853080568
John Boozman,Republican,Trump II,05-08 morning,593,0.06239460370994941
Henry Cuellar,Democrat,Biden,05-08 morning,353,0.06232294617563739
Kurt Schrader D-OR,Democrat,Biden,09-17 work,626,0.06230031948881789
"Curtis, John ",Republican,Trump,05-08 morning,402,0.06218905472636816
Xochitl Torres Small D-NM,Democrat,Trump,09-17 work,805,0.062111801242236024
Steve Pearce R-NM,Republican,Trump,09-17 work,774,0.06201550387596899
Joe Barton R-TX,Republican,Trump,09-17 work,210,0.06190476190476191
Mark Begich D-AK,Democrat,Obama,05-08 morning,211,0.061611374407582936
Adrian Smith,Republican,Trump,09-17 work,1138,0.061511423550087874
Barbara Comstock R-VA,Republican,Trump,09-17 work,570,0.06140350877192982
Shelley Moore Capito,Republican,Obama,18-20 evening,408,0.061274509803921566
"Granger, Kay",Republican,Trump,09-17 work,1193,0.06119027661357921
Tim Scott,Republican,Obama,05-08 morning,279,0.06093189964157706
James E. Risch,Republican,Trump,09-17 work,1304,0.06058282208588957
Henry Cuellar,Democrat,Obama,05-08 morning,547,0.0603290676416819
"Sinema, Kyrsten",Democrat,Obama,18-20 evening,634,0.05993690851735016
Lisa Murkowski,Republican,Trump,09-17 work,686,0.0597667638483965
John Katko R-NY,Republican,Trump,09-17 work,989,0.05965621840242669
Tammy Baldwin,Democrat,Obama,05-08 morning,219,0.0593607305936073
E.B. Johnson D-TX,Democrat,Obama,05-08 morning,674,0.05934718100890208
John Hoeven,Republican,Trump II,09-17 work,254,0.05905511811023622
Jeff Hurd,Republican,Trump II,09-17 work,712,0.05898876404494382
Charlie Bass R-NH,Republican,Obama,09-17 work,1136,0.05897887323943662
Jeff Denham R-CA,Republican,Trump,09-17 work,441,0.05895691609977324
Kevin Yoder R-KS,Republican,Trump,09-17 work,1412,0.058781869688385266
Charles E. Schumer,Democrat,Obama,21-23 late,750,0.058666666666666666
Steve Womack,Republican,Trump,18-20 evening,358,0.05865921787709497
Lynn Jenkins R-KS,Republican,Obama,05-08 morning,273,0.05860805860805861
Frank D. Lucas,Republican,Trump,09-17 work,891,0.058361391694725026
Lizzie Fletcher,Democrat,Biden,05-08 morning,446,0.05829596412556054
John Shimkus R-IL,Republican,Obama,05-08 morning,2637,0.05802047781569966
Jack Reed,Democrat,Obama,09-17 work,2299,0.05785123966942149
Heidi Heitkamp D-ND,Democrat,Obama,09-17 work,5134,0.057849629918192445
Jim Costa,Democrat,Obama,09-17 work,902,0.057649667405764965
Fred Upton R-MI,Republican,Trump,09-17 work,2657,0.057583741061347386
Deb Fischer,Republican,Trump,09-17 work,2350,0.0574468085106383
Henry Cuellar,Democrat,Obama,09-17 work,2858,0.05738278516445067
Mark Begich D-AK,Democrat,Obama,09-17 work,1012,0.05731225296442688
Jerry Moran,Republican,Trump II,09-17 work,439,0.05694760820045558
"Sinema, Kyrsten",Democrat,Obama,09-17 work,4469,0.05683598120384874
David Schweikert,Republican,Trump,05-08 morning,619,0.05654281098546042
Henry Cuellar,Democrat,Trump II,05-08 morning,266,0.05639097744360902
Lynn Jenkins R-KS,Republican,Trump,09-17 work,554,0.05595667870036101
"Sanford D. Bishop, Jr.",Democrat,Biden,09-17 work,715,0.055944055944055944
Tom Emmer R-MN,Republican,Obama,09-17 work,1774,0.05580608793686584
Andy Kim,Democrat,Biden,18-20 evening,341,0.05571847507331378
Lamar Alexander R-TN,Republican,Trump,05-08 morning,527,0.05502846299810247
Colleen Hanabusa D-HI,Democrat,Obama,09-17 work,509,0.0550098231827112
Mike Thompson,Democrat,Trump,00-04 night,477,0.05450733752620545
Fred Upton R-MI,Republican,Trump,18-20 evening,349,0.054441260744985676
Jim Renacci R-OH,Republican,Trump,09-17 work,662,0.054380664652567974
Rick W. Allen,Republican,Trump,09-17 work,921,0.05428881650380022
Tom Reed R-NY,Republican,Obama,09-17 work,805,0.05341614906832298
"Kilmer, Derek",Democrat,Obama,09-17 work,843,0.05338078291814947
Kathy Hochul D-NY,Democrat,Obama,09-17 work,377,0.05305039787798409
Beto O'Rourke D-TX,Democrat,Obama,05-08 morning,435,0.052873563218390804
Martha Roby R-AL,Republican,Trump,09-17 work,1646,0.05285540704738761
Colleen Hanabusa D-HI,Democrat,Obama,05-08 morning,418,0.05263157894736842
Robert J. Wittman,Republican,Trump II,05-08 morning,247,0.05263157894736842
Harold Rogers,Republican,Trump,09-17 work,781,0.052496798975672214
Erik Paulsen R-MN,Republican,Trump,09-17 work,763,0.05242463958060288
Deb Fischer,Republican,Trump II,00-04 night,229,0.05240174672489083
Jimmy Panetta,Democrat,Biden,18-20 evening,441,0.05215419501133787
Trey Hollingsworth R-IN,Republican,Trump,09-17 work,710,0.05211267605633803
Joyce Beatty,Democrat,Obama,18-20 evening,231,0.05194805194805195
Adam Kinzinger R-IL,Republican,Obama,05-08 morning,388,0.05154639175257732
"Manchin, Joe",Democrat,Obama,18-20 evening,272,0.051470588235294115
"Manchin, Joe",Democrat,Obama,09-17 work,3560,0.05112359550561798
André Carson,Democrat,Obama,09-17 work,1469,0.05105513955071477
Trent Kelly,Republican,Trump,09-17 work,1394,0.050932568149210905
Steve Womack,Republican,Obama,05-08 morning,413,0.05084745762711865
E.B. Johnson D-TX,Democrat,Obama,18-20 evening,217,0.05069124423963134
Bruce Westerman,Republican,Trump II,09-17 work,259,0.05019305019305019
Scott H. Peters,Democrat,Obama,18-20 evening,399,0.05012531328320802
Mike Bost,Republican,Obama,09-17 work,462,0.049783549783549784
Bruce Westerman,Republican,Trump II,05-08 morning,222,0.04954954954954955
Ed Perlmutter D-CO,Democrat,Obama,18-20 evening,404,0.04950495049504951
John Delaney D-MD,Democrat,Obama,09-17 work,2978,0.049026192075218265
Ron Kind D-WI,Democrat,Biden,09-17 work,614,0.048859934853420196
Tom Cotton,Republican,Obama,05-08 morning,288,0.04861111111111111
Ann Kirkpatrick D-AZ,Democrat,Obama,05-08 morning,268,0.048507462686567165
Tim Walz D-MN,Democrat,Obama,09-17 work,681,0.048458149779735685
Mike Carey,Republican,Trump II,09-17 work,290,0.04827586206896552
Dan Newhouse,Republican,Obama,05-08 morning,249,0.04819277108433735
Bruce Westerman,Republican,Trump,05-08 morning,333,0.04804804804804805
Jim Matheson D-UT,Democrat,Obama,09-17 work,333,0.04804804804804805
Mike Thompson,Democrat,Trump,21-23 late,292,0.04794520547945205
Doris O. Matsui,Democrat,Biden,05-08 morning,232,0.04741379310344827
William R. Keating,Democrat,Obama,09-17 work,828,0.04710144927536232
Joe Donnelly D-IN,Democrat,Obama,18-20 evening,340,0.047058823529411764
Steve Stivers R-OH,Republican,Trump,09-17 work,893,0.04703247480403135
"Sablan, Kilili",Democrat,Biden,05-08 morning,341,0.0469208211143695
"Granger, Kay",Republican,Obama,09-17 work,839,0.04648390941597139
Ruben Hinojosa D-TX,Democrat,Obama,09-17 work,1549,0.046481601032924466
Dean Heller R-NV,Republican,Trump,09-17 work,819,0.0463980463980464
Raul Ruiz,Democrat,Biden,18-20 evening,497,0.04627766599597585
Adrian Smith,Republican,Trump,05-08 morning,282,0.04609929078014184
Deb Fischer,Republican,Trump,05-08 morning,479,0.04592901878914405
James E. Risch,Republican,Trump,05-08 morning,484,0.045454545454545456
Bruce Westerman,Republican,Obama,09-17 work,881,0.04540295119182747
"Angus S. King, Jr.",Independent,Obama,09-17 work,1580,0.04493670886075949
Robert Hurt R-VA,Republican,Obama,09-17 work,1768,0.04468325791855204
Ann Kirkpatrick D-AZ,Democrat,Obama,09-17 work,1187,0.04465037910699242
Antonio Delgado D-NY,Democrat,Trump,09-17 work,2152,0.04460966542750929
Steve Womack,Republican,Obama,18-20 evening,271,0.04428044280442804
Tom Emmer R-MN,Republican,Trump,09-17 work,1992,0.04417670682730924
Shelley Moore Capito,Republican,Trump,09-17 work,5390,0.0437847866419295
David Young R-IA,Republican,Obama,09-17 work,1988,0.0437625754527163
Martha McSally R-AZ,Republican,Obama,09-17 work,1284,0.04361370716510903
Shelley Moore Capito,Republican,Trump,05-08 morning,460,0.043478260869565216
Jerry Moran,Republican,Trump II,05-08 morning,299,0.043478260869565216
Barbara Comstock R-VA,Republican,Obama,18-20 evening,253,0.043478260869565216
Heidi Heitkamp D-ND,Democrat,Obama,18-20 evening,346,0.04335260115606936
Rodney Frelinghuysen R-NJ,Republican,Obama,09-17 work,623,0.04333868378812199
Shelley Moore Capito,Republican,Trump,18-20 evening,678,0.04277286135693215
Steve Womack,Republican,Trump,05-08 morning,522,0.0421455938697318
Filemon Vela D-TX,Democrat,Obama,09-17 work,576,0.041666666666666664
John Hoeven,Republican,Trump II,05-08 morning,216,0.041666666666666664
Ron Barber D-AZ,Democrat,Obama,09-17 work,1688,0.041469194312796206
Pete Visclosky D-IN,Democrat,Obama,09-17 work,1337,0.04113687359760658
David G. Valadao,Republican,Obama,09-17 work,440,0.04090909090909091
Barbara Comstock R-VA,Republican,Obama,09-17 work,785,0.04076433121019108
Henry Cuellar,Democrat,Obama,18-20 evening,221,0.04072398190045249
John Boozman,Republican,Trump,05-08 morning,272,0.04044117647058824
Kevin Yoder R-KS,Republican,Obama,05-08 morning,619,0.04038772213247173
"Kilmer, Derek",Democrat,Biden,18-20 evening,645,0.040310077519379844
Heidi Heitkamp D-ND,Democrat,Obama,05-08 morning,249,0.040160642570281124
Ed Case,Democrat,Biden,09-17 work,1272,0.04009433962264151
Donald G. Davis,Democrat,Biden,09-17 work,1026,0.03996101364522417
Henry Cuellar,Democrat,Trump II,09-17 work,847,0.03896103896103896
Dina Titus,Democrat,Obama,18-20 evening,479,0.037578288100208766
"Angus S. King, Jr.",Independent,Obama,18-20 evening,322,0.037267080745341616
Richard Shelby R-AL,Republican,Trump,09-17 work,1285,0.0357976653696498
Tom O'Halleran D-AZ,Democrat,Biden,09-17 work,1152,0.035590277777777776
Mike Crapo,Republican,Trump,05-08 morning,255,0.03529411764705882
Van Taylor R-TX,Republican,Trump,09-17 work,540,0.03518518518518519
Steve Stivers R-OH,Republican,Trump,18-20 evening,201,0.03482587064676617
Antonio Delgado D-NY,Democrat,Biden,09-17 work,1353,0.03399852180339985
Pat Roberts R-KS,Republican,Trump,09-17 work,2346,0.03239556692242114
Conor Lamb D-PA,Democrat,Trump,09-17 work,441,0.031746031746031744
Donald G. Davis,Democrat,Biden,18-20 evening,227,0.030837004405286344
Richard E. Neal,Democrat,Obama,09-17 work,527,0.030360531309297913
Martha McSally R-AZ,Republican,Obama,05-08 morning,272,0.029411764705882353
Frank J. Mrvan,Democrat,Biden,09-17 work,957,0.029258098223615466
Pablo José Hernández,Democrat,Trump II,09-17 work,385,0.02857142857142857
Donald G. Davis,Democrat,Trump II,09-17 work,1088,0.02849264705882353
"Graves, Garret",Republican,Trump,05-08 morning,288,0.027777777777777776
"González-Cólón, Jenniffer",Republican,Biden,09-17 work,728,0.027472527472527472
"Sinema, Kyrsten",Democrat,Obama,05-08 morning,1574,0.027318932655654382
Scott Taylor R-VA,Republican,Trump,09-17 work,223,0.026905829596412557
John Hoeven,Republican,Trump,09-17 work,1958,0.026557711950970377
John R. Moolenaar,Republican,Trump,09-17 work,382,0.02617801047120419
Ryan Costello R-PA,Republican,Trump,09-17 work,280,0.025
Elise M. Stefanik,Republican,Obama,09-17 work,1365,0.02490842490842491
James R. Baird,Republican,Trump,09-17 work,488,0.02459016393442623
John Katko R-NY,Republican,Obama,09-17 work,248,0.024193548387096774
Joe Donnelly D-IN,Democrat,Obama,09-17 work,2771,0.024178996752075063
David G. Valadao,Republican,Obama,05-08 morning,209,0.023923444976076555
Ryan Costello R-PA,Republican,Obama,09-17 work,884,0.023755656108597284
Pat Roberts R-KS,Republican,Trump,05-08 morning,427,0.0234192037470726
Donald G. Davis,Democrat,Biden,05-08 morning,257,0.023346303501945526
Johnny Isakson R-GA,Republican,Trump,09-17 work,2084,0.023032629558541268
Donald G. Davis,Democrat,Trump II,05-08 morning,312,0.019230769230769232
Jon Runyan R-NJ,Republican,Obama,09-17 work,603,0.01824212271973466
Rodney Frelinghuysen R-NJ,Republican,Trump,09-17 work,329,0.0182370820668693
Chris Gibson R-NY,Republican,Obama,09-17 work,907,0.017640573318632856
John Hoeven,Republican,Trump,05-08 morning,236,0.01694915254237288
"Sinema, Kyrsten",Democrat,Trump,05-08 morning,467,0.014989293361884369
Fred Upton R-MI,Republican,Trump,05-08 morning,355,0.014084507042253521
John Hoeven,Republican,Obama,09-17 work,1317,0.012148823082763858
"Manchin, Joe",Democrat,Trump,05-08 morning,428,0.011682242990654205
"Sablan, Kilili",Democrat,Biden,09-17 work,349,0.011461318051575931
Chris Gibson R-NY,Republican,Obama,18-20 evening,281,0.0035587188612099642
