bioguide,party,n,n_years,share_angry,share_dev,tweets_per_day,tweets_per_year,n_bin,r_bin
S001185,Democrat,11288,16,0.1904677533664068,-0.08506471460917892,2.074237412715913,757.0966556413083,10k-20k,500-1k
C001068,Democrat,16893,16,0.44497720949505715,0.180196243902256,2.9610867659947413,1080.7966695880805,10k-20k,1k-2k
J000304,Republican,6918,6,0.6416594391442614,0.296844425913406,3.358252427184466,1225.7621359223301,5k-10k,1k-2k
G000583,Democrat,13508,10,0.20802487414865264,-0.1038926089856601,3.8375,1400.6875,10k-20k,1k-2k
C001072,Democrat,6921,14,0.21109666233203295,-0.06790223155951403,1.401295808868192,511.47297023689003,5k-10k,500-1k
L000585,Republican,4520,9,0.16880530973451327,-0.1554108140193255,1.4723127035830619,537.3941368078176,2k-5k,500-1k
S001199,Republican,6778,10,0.20374741811743877,-0.10951202818050593,1.9272106909297697,703.4319021893659,5k-10k,500-1k
F000463,Republican,9609,14,0.1390363201165574,-0.13883814350863707,1.9384708493040146,707.5418599959653,5k-10k,500-1k
S001200,Democrat,10206,10,0.20507544581618656,-0.12050093646696454,3.1059038344491783,1133.6548995739502,10k-20k,1k-2k
N000189,Republican,4230,12,0.183451536643026,-0.10631651611981988,1.0002364625206905,365.08630882005207,2k-5k,200-500
B001291,Republican,6420,12,0.45669781931464176,0.16371257686944296,1.511655286084295,551.7541794207676,5k-10k,500-1k
B000574,Democrat,649,3,0.38058551617873654,0.08958711254128382,0.7608440797186401,277.7080890973036,500-1k,200-500
N000190,Republican,5496,10,0.4192139737991266,0.09512364078381912,1.6474820143884892,601.3309352517986,5k-10k,500-1k
S001205,Democrat,11937,9,0.31255759403535227,-0.004380067578437054,4.2344803121674355,1545.585313941114,10k-20k,1k-2k
D000626,Republican,5385,11,0.4220984215413185,0.07139045361529692,1.4444742489270386,527.2331008583691,5k-10k,500-1k
P000048,Republican,5639,6,0.42188331264408585,0.07752911368489063,2.7387081107333655,999.6284604176784,5k-10k,500-1k
J000289,Republican,9551,9,0.4683279237776149,0.13044879800641668,3.08993853121967,1127.8275638951795,5k-10k,1k-2k
G000595,Republican,1730,4,0.6514450867052023,0.32980864742074073,1.2089447938504543,441.2648497554158,1k-2k,200-500
V000130,Democrat,4695,14,0.24579339723109692,-0.05120808460267079,0.9611054247697032,350.8034800409417,2k-5k,200-500
W000806,Republican,5670,16,0.17548500881834214,-0.07270873606583697,1.0112359550561798,369.1011235955056,5k-10k,200-500
G000590,Republican,6920,6,0.5176300578034682,0.21434124692434928,3.1992602866389275,1167.7300046232085,5k-10k,1k-2k
R000103,Republican,2594,4,0.4791827293754819,0.16123123871365314,1.8114525139664805,661.1801675977654,2k-5k,500-1k
A000381,Democrat,3512,2,0.607630979498861,0.1898168655113628,5.89261744966443,2150.8053691275168,2k-5k,2k-4k
M001216,Republican,4858,4,0.31864965006175383,-0.07437195064856209,3.663650075414781,1337.2322775263951,2k-5k,1k-2k
H001096,Republican,1438,4,0.4200278164116829,0.035999407574515495,1.0869236583522297,396.72713529856384,1k-2k,200-500
B001319,Republican,5060,4,0.26778656126482214,-0.1221264967235972,3.8045112781954886,1388.6466165413533,5k-10k,1k-2k
G000602,Democrat,1105,2,0.23800904977375564,-0.18101612859746383,1.8447412353923205,673.330550918197,1k-2k,500-1k
S001224,Republican,4535,4,0.5239250275633958,0.12815136373633093,3.425226586102719,1250.2077039274925,2k-5k,1k-2k
S001221,Democrat,3968,4,0.1852318548387097,-0.1980245439057979,2.9834586466165414,1088.9624060150377,2k-5k,1k-2k
W000830,Democrat,1025,2,0.1629268292682927,-0.2649955897678247,1.7372881355932204,634.1101694915254,1k-2k,500-1k
S001165,Democrat,5558,12,0.2216624685138539,-0.0445126730711103,1.3139479905437352,479.59101654846336,5k-10k,200-500
G000386,Republican,7381,14,0.31066251185476224,-0.030304893975592287,1.3926415094339624,508.31415094339627,5k-10k,500-1k
S001187,Republican,3795,11,0.06271409749670619,-0.13682952113287764,1.0026420079260239,365.9643328929987,2k-5k,200-500
R000614,Republican,12830,8,0.5169134840218238,0.18450220609224657,4.6068222621184916,1681.4901256732494,10k-20k,1k-2k
K000386,Republican,2080,8,0.09423076923076923,-0.17923983542497823,0.7519884309472162,274.4757772957339,2k-5k,200-500
M001137,Democrat,8117,16,0.38955279043981766,0.09172713377448259,1.4230364656381487,519.4083099579243,5k-10k,500-1k
C001116,Republican,2762,6,0.662563359884142,0.2898525735452875,1.373446046742914,501.3078070611636,2k-5k,500-1k
T000165,Republican,3843,7,0.6125422846734322,0.22951163159315782,1.6811023622047243,613.6023622047244,2k-5k,500-1k
M001194,Republican,1719,12,0.15764979639325188,-0.11717745278198682,0.4049469964664311,147.80565371024736,1k-2k,<200/yr
F000450,Republican,2693,9,0.42369105087263276,0.06022432172150391,0.8890723010894684,324.511389897656,2k-5k,200-500
W000814,Republican,2221,10,0.4655560558307069,0.09069847734618756,0.4528955954323002,165.30689233278957,2k-5k,<200/yr
G000568,Republican,4073,16,0.17554628038301007,-0.12428085375046391,0.7138100245355766,260.54065895548547,2k-5k,200-500
H001062,Democrat,510,2,0.06666666666666667,-0.09814794781945227,0.9289617486338798,339.07103825136613,500-1k,200-500
V000139,Republican,270,2,0.2,-0.1985643845149268,1.0465116279069768,381.9767441860465,200-500,200-500
P000588,Republican,4072,8,0.1112475442043222,-0.0824030064128768,1.4237762237762237,519.6783216783217,2k-5k,500-1k
K000379,Democrat,5226,8,0.26903941829314965,0.0445436813412603,1.790339157245632,653.4737923946557,5k-10k,500-1k
S001210,Republican,1551,2,0.18439716312056736,-0.09882335512018488,2.2157142857142857,808.7357142857143,1k-2k,500-1k
M001209,Democrat,1036,2,0.12451737451737452,-0.16562577634038766,1.421124828532236,518.7105624142662,1k-2k,500-1k
M001221,Republican,1044,2,0.1657088122605364,-0.17254682158675164,2.4055299539170507,878.0184331797235,1k-2k,500-1k
W000672,Republican,301,4,0.16611295681063123,0.0017769171535384444,0.23153846153846153,84.51153846153846,200-500,<200/yr
M001189,Republican,2033,6,0.1293654697491392,-0.06603924868793068,0.9558062999529854,348.86929948283966,2k-5k,200-500
S001170,Democrat,942,4,0.267515923566879,0.06698437063042839,0.45951219512195124,167.7219512195122,500-1k,<200/yr
C001099,Democrat,245,1,0.024489795918367346,-0.1549457344983474,1.5217391304347827,555.4347826086957,200-500,500-1k
M001144,Republican,310,4,0.15806451612903225,0.01252801727014221,0.27653880463871544,100.93666369313114,200-500,<200/yr
H001078,Republican,437,2,0.10755148741418764,-0.16935441430487017,1.0282352941176471,375.3058823529412,200-500,200-500
M000087,Democrat,15472,10,0.2779214064115822,0.007100189253552595,4.466512702078522,1630.2771362586607,10k-20k,1k-2k
A000376,Democrat,4867,6,0.11690980069858228,-0.1892221450384668,2.2563745943439963,823.5767269355587,2k-5k,500-1k
B001236,Republican,5066,10,0.12554283458349783,-0.22595692010448967,1.421037868162693,518.6788218793829,5k-10k,500-1k
P000613,Democrat,9643,9,0.14787929067717515,-0.18136348459495838,3.134915474642393,1144.2441482444733,5k-10k,1k-2k
M001198,Republican,5005,9,0.3984015984015984,0.05793398119884505,1.63401893568397,596.4169115246491,5k-10k,500-1k
B000755,Republican,14235,12,0.27516684229012994,0.06286251251718303,3.3612750885478158,1226.8654073199527,10k-20k,1k-2k
U000031,Republican,7635,12,0.07570399476096921,-0.15060792466144057,1.8024079320113315,657.878895184136,5k-10k,500-1k
C001080,Democrat,10822,16,0.4233043799667344,0.14640356281890465,1.8999297752808988,693.474367977528,10k-20k,500-1k
W000804,Republican,3208,10,0.16022443890274315,-0.18341854278831637,1.0113493064312737,369.1424968474149,2k-5k,200-500
P000523,Democrat,5726,10,0.24397485155431367,-0.010173673359217457,1.6525252525252525,603.1717171717172,5k-10k,500-1k
C001047,Republican,16599,16,0.11832038074582807,-0.16397375858956215,2.907514450867052,1061.242774566474,10k-20k,1k-2k
S001193,Democrat,18495,12,0.33084617464179505,0.08505252030271046,4.251724137931035,1551.8793103448277,10k-20k,1k-2k
P000593,Democrat,7813,12,0.17598873672084986,-0.07001654883151132,1.845735884715332,673.6935979210962,5k-10k,500-1k
G000565,Republican,18905,16,0.3546680772282465,0.09940041715318672,3.3254177660510114,1213.777484608619,10k-20k,1k-2k
O000174,Democrat,4454,6,0.1746744499326448,-0.15649335463736466,2.185475956820412,797.6987242394504,2k-5k,500-1k
T000481,Democrat,10077,8,0.4729582216929642,0.14795394653813687,3.6118279569892473,1318.3172043010752,10k-20k,1k-2k
H001050,Democrat,2375,7,0.20926315789473685,-0.019444836980819624,0.8184011026878015,298.71640248104757,2k-5k,200-500
G000586,Democrat,11463,8,0.28779551600802583,-0.024369830110504944,4.118936399568811,1503.411785842616,10k-20k,1k-2k
C000880,Republican,4017,14,0.20388349514563106,-0.140446658120225,0.7666030534351145,279.8101145038168,2k-5k,200-500
R000575,Republican,8284,16,0.21547561564461612,-0.05198763672467022,1.4507880910683013,529.53765323993,5k-10k,500-1k
D000618,Republican,5320,12,0.31221804511278195,-0.03507791381624455,1.2702960840496658,463.658070678128,5k-10k,200-500
B001305,Republican,4266,8,0.2801218940459447,-0.01765711487925808,1.4761245674740484,538.7854671280277,2k-5k,500-1k
S001135,Republican,2734,4,0.3061448427212875,-0.014778885314160524,1.9105520614954576,697.351502445842,2k-5k,500-1k
S001211,Democrat,6684,8,0.24700777977259125,-0.10385439625462138,2.3956989247311826,874.4301075268817,5k-10k,500-1k
H001047,Democrat,2887,10,0.3872532040180118,0.046625431534297455,0.8146162528216704,297.3349322799097,2k-5k,200-500
M001225,Democrat,1372,4,0.3360058309037901,-0.049282247757122054,1.0339110776186888,377.3775433308214,1k-2k,200-500
M001218,Republican,2812,4,0.35704125177809387,-0.02219127649280755,2.1222641509433964,774.6264150943397,2k-5k,500-1k
R000579,Democrat,3923,5,0.3081825133826153,-0.07248674300799862,2.726198749131341,995.0625434329395,2k-5k,500-1k
W000821,Republican,5590,11,0.10250447227191413,-0.18446932851633985,1.4679621848739495,535.8061974789915,5k-10k,500-1k
J000288,Democrat,2822,11,0.3281360737065911,-0.018347342678957664,0.7752747252747253,282.97527472527474,2k-5k,200-500
M001244,Republican,1306,2,0.3759571209800919,-0.04798332972853909,2.255613126079447,823.2987910189983,1k-2k,500-1k
D000530,Democrat,2353,4,0.44326391840203994,0.05453846573196546,1.7745098039215685,647.6960784313725,2k-5k,500-1k
G000600,Democrat,2320,4,0.18620689655172415,-0.18037032938391254,1.7509433962264151,639.0943396226415,2k-5k,500-1k
L000606,Democrat,597,2,0.32663316582914576,-0.0956326048488407,1.0437062937062938,380.9527972027972,500-1k,200-500
G000589,Republican,5471,8,0.7300310729299945,0.3892001888220481,1.9651580459770115,717.2826867816092,5k-10k,500-1k
B001282,Republican,7176,14,0.23564659977703456,-0.038308681794361636,1.4456083803384367,527.6470588235294,5k-10k,500-1k
J000126,Democrat,9026,12,0.13139818302681144,-0.06298769406845522,2.134310711752187,779.0234097895483,5k-10k,500-1k
H001076,Democrat,12823,10,0.230289323871169,-0.07409153991640295,3.641863107071855,1329.280034081227,10k-20k,1k-2k
B001275,Republican,6832,14,0.17022833723653397,-0.052506866674826534,1.3560936879714172,494.9741961095673,5k-10k,200-500
G000552,Republican,8451,12,0.1947698497219264,-0.019394298320951738,2.004506641366224,731.6449240986717,5k-10k,500-1k
A000372,Republican,3379,12,0.18023083752589525,-0.12420650821990456,0.7958078191238813,290.46985398021667,2k-5k,200-500
T000266,Democrat,840,4,0.16904761904761906,0.0035872768132010776,0.7216494845360825,263.4020618556701,500-1k,200-500
R000619,Republican,1322,3,0.3857791225416036,-0.020925350962584237,1.6483790523690773,601.6583541147132,1k-2k,500-1k
A000360,Republican,7819,10,0.12188259368205653,-0.11788629900852522,2.145130315500686,782.9725651577504,5k-10k,500-1k
L000597,Republican,2218,4,0.1740306582506763,-0.20580154907790746,1.6790310370931112,612.8463285389856,2k-5k,500-1k
M001233,Republican,603,2,0.1956882255389718,-0.22565985397124505,1.082585278276481,395.1436265709156,500-1k,200-500
C000714,Democrat,3107,7,0.29127775989700677,0.09344292144897695,1.3970323741007193,509.91681654676256,2k-5k,500-1k
R000146,Democrat,2588,6,0.37248840803709427,0.21512772401515903,1.3906501880709297,507.58731864588935,2k-5k,500-1k
M001151,Republican,2887,7,0.13023900242466227,-0.04144357753154798,1.3440409683426444,490.5749534450652,2k-5k,200-500
H000636,Democrat,1719,6,0.048283885980221056,-0.1103353830392491,0.794362292051756,289.94223659889093,1k-2k,200-500
N000032,Democrat,1258,8,0.26232114467408585,0.016862042475691973,0.43245101409419046,157.84462014437952,1k-2k,<200/yr
C001077,Republican,2638,8,0.12282031842304776,-0.09073511966748428,0.9065292096219931,330.88316151202747,2k-5k,200-500
E000179,Democrat,4176,8,0.3290229885057471,0.08791215282213627,1.4967741935483871,546.3225806451613,2k-5k,500-1k
M001197,Republican,5322,6,0.08173618940248027,-0.1613989198300521,2.483434437704153,906.4535697620158,5k-10k,500-1k
E000285,Republican,3543,8,0.19700818515382446,-0.0060205649474822385,1.229781325928497,448.8701839639014,2k-5k,200-500
R000611,Republican,2248,2,0.1512455516014235,-0.13558704061609334,3.083676268861454,1125.5418381344307,2k-5k,1k-2k
C001122,Democrat,1390,2,0.10575539568345324,-0.185650295305543,1.9305555555555556,704.6527777777778,1k-2k,500-1k
C001127,Democrat,810,3,0.1469135802469136,-0.1922024115282737,0.8256880733944955,301.37614678899087,500-1k,200-500
R000601,Republican,2506,5,0.164804469273743,-0.052922250124178956,1.4435483870967742,526.8951612903226,2k-5k,500-1k
E000293,Democrat,4497,6,0.13097620635979543,-0.047844345746564244,2.1883211678832115,798.7372262773722,2k-5k,500-1k
R000572,Republican,1043,3,0.22435282837967402,0.062282173396917793,1.250599520383693,456.46882494004797,1k-2k,200-500
C001094,Republican,1441,8,0.14712005551700208,-0.012887904369138514,0.4994800693240901,182.3102253032929,1k-2k,<200/yr
C000127,Democrat,12193,16,0.23300254244238497,-0.04485365322008487,2.2294752239897604,813.7584567562625,10k-20k,500-1k
Y000064,Republican,13041,16,0.15673644659151906,-0.14887652232015997,2.284287966368891,833.7651077246452,10k-20k,500-1k
L000591,Democrat,4278,4,0.10822814399251987,-0.18896695842909922,3.253231939163498,1187.4296577946768,2k-5k,1k-2k
D000197,Democrat,8521,16,0.3334115714118061,0.07132389514557322,1.4956994909601544,545.9303142004563,5k-10k,500-1k
K000389,Democrat,36028,10,0.4007161096924614,0.08678119954008817,10.232320363533088,3734.796932689577,20k+,2k-4k
S001192,Republican,4246,10,0.23009891662741402,-0.0032674123199471247,1.2155740051531634,443.6845118809046,2k-5k,200-500
M001208,Democrat,3486,8,0.11044176706827309,-0.20801847340636526,1.255763688760807,458.3537463976946,2k-5k,200-500
S001172,Republican,5690,15,0.13778558875219685,-0.135310423003953,1.0776515151515151,393.342803030303,5k-10k,200-500
C001069,Democrat,10610,16,0.15428840716305373,-0.10759998313459673,1.8581436077057794,678.2224168126095,10k-20k,500-1k
E000299,Democrat,13116,8,0.34903934126258007,0.030244777533803596,4.702760846181427,1716.5077088562207,10k-20k,1k-2k
V000129,Republican,3442,12,0.11621150493898896,-0.18647318802027113,0.6971845250151915,254.4723516305449,2k-5k,200-500
B001303,Democrat,7038,10,0.20659278204035236,-0.12246009168320664,2.0791728212703102,758.8980797636632,5k-10k,500-1k
B001281,Democrat,13105,14,0.2149561236169401,-0.0624680912875061,2.7387669801462904,999.649947753396,10k-20k,500-1k
V000134,Republican,7172,6,0.4307027328499721,0.08405357423382068,3.4815533980582525,1270.7669902912621,5k-10k,1k-2k
M001211,Republican,5612,6,0.58464005702067,0.2317859455917315,2.724271844660194,994.3592233009708,5k-10k,500-1k
F000454,Democrat,8881,14,0.24321585407048757,-0.0398602074642481,1.7901632735335617,653.4095948397501,5k-10k,500-1k
M001200,Democrat,3391,5,0.17693895606015925,-0.1198765228056976,2.4608127721335267,898.1966618287372,2k-5k,500-1k
W000779,Democrat,6171,16,0.44968400583373846,0.12208122266154224,1.0841531974701335,395.7159170765987,5k-10k,200-500
S001214,Republican,7067,8,0.5147870383472478,0.1843634390320935,2.538433908045977,926.5283764367816,5k-10k,500-1k
K000385,Democrat,8992,14,0.28770017793594305,-0.015419278707977968,1.8950474183350896,691.6923076923077,5k-10k,500-1k
L000579,Democrat,7009,10,0.32872021686403197,0.07480162722926928,2.0227994227994226,738.3217893217892,5k-10k,500-1k
L000273,Republican,3850,6,0.26987012987012987,-0.08145322147815963,1.872568093385214,683.4873540856031,2k-5k,500-1k
T000460,Democrat,17867,14,0.13953097889964738,-0.15016380313276476,3.5964170692431563,1312.692230273752,10k-20k,1k-2k
H001102,Republican,1407,2,0.5572139303482587,0.15035562746365924,2.4092465753424657,879.375,1k-2k,500-1k
F000484,Republican,4239,2,0.5060155697098372,0.09011037249234725,8.905462184873949,3250.493697478991,2k-5k,2k-4k
C001123,Democrat,3723,5,0.23395111469245233,-0.08438911416951154,1.33632447954056,487.7584350323044,2k-5k,200-500
M001234,Democrat,1191,2,0.5230898404701931,0.10242430352767985,2.005050505050505,731.8434343434344,1k-2k,500-1k
M001229,Democrat,2548,3,0.3881475667189953,-0.03645192462516543,3.660919540229885,1336.2356321839081,2k-5k,1k-2k
S001232,Republican,1054,2,0.32827324478178366,-0.09072804041034496,1.7595993322203674,642.2537562604341,1k-2k,500-1k
R000620,Democrat,1224,2,0.4199346405228758,-0.005744265310488542,2.053691275167785,749.5973154362416,1k-2k,500-1k
H001046,Democrat,5467,10,0.34662520578013534,-0.0015702499330692045,1.5682730923694779,572.4196787148594,5k-10k,500-1k
E000215,Democrat,3991,14,0.22550739163117015,-0.02971086798530809,0.7907667921537547,288.62987913612045,2k-5k,200-500
N000147,Democrat,2744,9,0.25911078717201164,-0.08605303647748211,0.8909090909090909,325.1818181818182,2k-5k,200-500
G000588,Republican,1713,4,0.11967308814944541,-0.1709697500301343,1.3086325439266615,477.65087853323143,1k-2k,200-500
W000815,Republican,6824,12,0.14155920281359907,-0.08974089093640822,1.614765735920492,589.3894936109796,5k-10k,500-1k
R000612,Republican,2937,8,0.3578481443649983,0.02023247695418072,1.0538213132400431,384.64477933261577,2k-5k,200-500
P000599,Republican,594,12,0.33164983164983164,0.042399770743539844,0.1409252669039146,51.43772241992883,500-1k,<200/yr
L000583,Republican,3976,12,0.27540241448692154,-0.01032226276442702,0.9368520263901979,341.95098963242225,2k-5k,200-500
E000235,Republican,1198,4,0.34140233722871455,-0.03199613616072557,0.9124143183549124,333.031226199543,1k-2k,200-500
M000702,Democrat,3255,6,0.14654377880184333,-0.012212988697990724,1.752827140549273,639.7819063004847,2k-5k,500-1k
G000359,Republican,1196,9,0.49331103678929766,0.15459743210697788,0.28061942749882685,102.4260910370718,1k-2k,<200/yr
B001265,Democrat,1298,4,0.05624036979969183,-0.10639264265922387,1.0953586497890295,399.8059071729958,1k-2k,200-500
T000471,Republican,295,2,0.08813559322033898,-0.07643800078556008,0.667420814479638,243.60859728506787,200-500,200-500
A000022,Democrat,184,2,0.3532608695652174,0.18835388775791073,0.2800608828006088,102.22222222222221,<200,<200/yr
G000410,Democrat,1829,8,0.18972115910333515,-0.04022164337994568,0.656025824964132,239.44942611190817,1k-2k,200-500
P000591,Republican,2691,6,0.30434782608695654,0.14339897680238262,1.394300518134715,508.919689119171,2k-5k,500-1k
T000484,Democrat,1031,2,0.06498545101842872,-0.22048366763145158,1.4142661179698217,516.2071330589849,1k-2k,500-1k
Z000017,Republican,3588,7,0.32357859531772576,0.06660409635691786,1.6279491833030852,594.2014519056261,2k-5k,500-1k
L000563,Democrat,3644,9,0.12349066959385291,-0.12174798518192079,1.2390343420605237,452.2475348520911,2k-5k,200-500
S000522,Republican,935,8,0.14759358288770053,-0.04133148439290367,0.334765485141425,122.18940207662013,500-1k,<200/yr
S001191,Democrat,9706,10,0.058108386565011334,-0.1390324001392102,2.245719574271171,819.6876446089774,5k-10k,500-1k
C001092,Republican,2971,6,0.15112756647593403,-0.03317464546727575,1.4521016617790812,530.0171065493646,2k-5k,500-1k
W000820,Republican,2305,4,0.0841648590021692,-0.12600994195889126,1.589655172413793,580.2241379310344,2k-5k,500-1k
C001106,Republican,1488,4,0.02620967741935484,-0.15066348802413382,1.0981549815498155,400.8265682656827,1k-2k,200-500
M001181,Republican,2836,7,0.15514809590973203,-0.008893800207680606,1.4330469934310257,523.0621526023244,2k-5k,500-1k
B001280,Republican,959,2,0.19290928050052136,0.030604316564993954,1.3431372549019607,490.24509803921563,500-1k,200-500
F000372,Republican,1093,6,0.036596523330283626,-0.16400191288074764,0.552020202020202,201.48737373737373,1k-2k,200-500
S001208,Democrat,5620,8,0.19697508896797153,-0.12542913894038377,2.014336917562724,735.2329749103943,5k-10k,500-1k
W000790,Democrat,8412,6,0.22004279600570614,-0.11709752883910945,4.117474302496329,1502.8781204111601,5k-10k,1k-2k
C001075,Republican,13217,11,0.2878111523038511,-0.03900600296226342,3.697062937062937,1349.427972027972,10k-20k,1k-2k
J000299,Republican,5446,10,0.35861182519280205,0.048883586827197914,1.5520091194072385,566.4833285836421,5k-10k,500-1k
K000009,Democrat,7263,14,0.2432878975629905,-0.050490906327325995,1.4702429149797571,536.6386639676114,5k-10k,500-1k
P000608,Democrat,15393,14,0.16462028194633924,-0.09274647749487273,3.107813446396124,1134.3519079345851,10k-20k,1k-2k
K000380,Democrat,8222,12,0.22135733398199953,-0.029998357312908955,1.9076566125290024,696.2946635730859,5k-10k,500-1k
M001212,Republican,3760,6,0.5079787234042553,0.16877191494560603,1.8261291889266635,666.5371539582322,2k-5k,500-1k
G000558,Republican,4322,16,0.1827857473391948,-0.12207265588585349,0.7842496824532753,286.2511340954455,2k-5k,200-500
K000393,Republican,7738,10,0.462522615662962,0.13356919231698192,2.1976711161601816,802.1499573984663,5k-10k,500-1k
D000096,Democrat,4588,15,0.1979075850043592,-0.08187414721795305,0.922581942489443,336.7424090086467,2k-5k,200-500
J000292,Republican,7907,14,0.19198178828885798,-0.03398098974131267,1.6600881797186646,605.9321855973126,5k-10k,500-1k
B001223,Democrat,3335,4,0.2446776611694153,-0.07052088383278407,2.3469387755102042,856.6326530612246,2k-5k,500-1k
L000576,Republican,11651,10,0.2719079907304094,0.042076138878233145,3.4593230403800477,1262.6529097387174,10k-20k,1k-2k
S000344,Democrat,3455,10,0.3675832127351664,0.023463298473840148,1.0137910798122065,370.03374413145536,2k-5k,200-500
M000871,Republican,1886,5,0.3091198303287381,-0.0399105860115073,0.9177615571776155,334.9829683698297,1k-2k,200-500
W000817,Democrat,33918,14,0.5005012087976886,0.19578112776455325,6.8081091930951425,2484.959855479727,20k+,2k-4k
J000307,Republican,3397,4,0.29526052399175745,-0.08828652382447896,2.5599095704596837,934.3669932177845,2k-5k,500-1k
L000607,Democrat,2214,2,0.4110207768744354,-0.008254379574455085,3.708542713567839,1353.6180904522612,2k-5k,1k-2k
M001224,Republican,1624,4,0.2413793103448276,-0.1471327176498278,1.2293716881150643,448.72066616199845,1k-2k,200-500
M001237,Democrat,557,2,0.3464991023339318,-0.07781836646026752,0.932998324958124,340.54438860971527,500-1k,200-500
C001133,Republican,2970,4,0.12121212121212122,-0.25232709981363793,2.23644578313253,816.3027108433735,2k-5k,500-1k
W000829,Republican,1247,3,0.34562951082598237,-0.07819633367548202,1.9125766871165644,698.090490797546,1k-2k,500-1k
T000490,Republican,709,2,0.19887165021156558,-0.21682405445054337,1.2016949152542373,438.61864406779665,500-1k,200-500
P000604,Democrat,6770,12,0.1983751846381093,-0.0456390767436501,1.692923230807702,617.9169792448113,5k-10k,500-1k
M001206,Democrat,8719,9,0.21252437206101618,-0.12306635194368146,3.0787429378531073,1123.741172316384,5k-10k,1k-2k
M001180,Republican,7934,12,0.16990168893370305,-0.06036795924234981,1.8908484270734032,690.1596758817922,5k-10k,500-1k
C001119,Democrat,9434,8,0.21517913928344287,-0.12577323519285,3.3850017940437747,1235.5256548259777,5k-10k,1k-2k
G000594,Republican,2504,4,0.17971246006389777,-0.13350996676728644,1.7498252969951082,638.6862334032145,2k-5k,500-1k
D000624,Democrat,6882,12,0.2034292356873002,-0.0873198552437669,1.621965590384162,592.0174404902192,5k-10k,500-1k
H001067,Republican,10220,14,0.2611545988258317,-0.0029413216725272277,2.056751861541558,750.7144294626686,10k-20k,500-1k
H001072,Republican,5500,12,0.16327272727272726,-0.12965050019234006,1.295947219604147,473.02073515551365,5k-10k,200-500
B000490,Democrat,1156,9,0.0847750865051903,-0.2621712014309721,0.38038828562026983,138.8417242513985,1k-2k,<200/yr
V000136,Democrat,2281,4,0.21569487067075843,-0.16113359394269308,1.718914845516202,627.4039186134137,2k-5k,500-1k
C001036,Democrat,2376,6,0.08375420875420875,-0.07379807300401157,1.1562043795620438,422.014598540146,2k-5k,200-500
Z000018,Republican,2164,7,0.20748613678373382,-0.09477060589299711,0.5383084577114428,196.4825870646766,2k-5k,<200/yr
C001115,Republican,1188,7,0.48653198653198654,0.1695101627786614,0.5226572811262649,190.76990761108667,1k-2k,<200/yr
E000290,Democrat,3813,6,0.2129556779438762,0.05401454123779505,2.059967585089141,751.8881685575365,2k-5k,500-1k
R000594,Republican,681,4,0.01762114537444934,-0.14330016678191265,0.5820512820512821,212.44871794871796,500-1k,200-500
S000822,Republican,278,2,0.21223021582733814,0.04721218525649779,0.4212121212121212,153.74242424242425,200-500,<200/yr
L000263,Democrat,3054,8,0.38179436804191225,0.1764493049457992,1.07991513437058,394.16902404526166,2k-5k,200-500
M001139,Republican,231,4,0.09956709956709957,-0.0743370886805329,0.19862424763542563,72.49785038693035,200-500,<200/yr
A000366,Republican,250,2,0.208,0.043080689780699885,0.37936267071320184,138.46737481031866,200-500,<200/yr
C001071,Republican,3948,8,0.1461499493414387,-0.04277909763118416,1.353909465020576,494.17695473251024,2k-5k,200-500
R000587,Republican,1574,6,0.09593392630241424,-0.0558585531948768,0.8219321148825065,300.00522193211486,1k-2k,200-500
S001206,Democrat,2793,2,0.27926960257787325,-0.007253344737029346,3.8365384615384617,1400.3365384615386,2k-5k,1k-2k
I000055,Republican,4725,7,0.06010582010582011,-0.16027151998571998,1.8794749403341289,686.008353221957,2k-5k,500-1k
J000309,Democrat,519,3,0.19845857418111754,-0.14447966372457757,0.4505208333333333,164.44010416666666,500-1k,<200/yr
P000611,Republican,1519,4,0.09479921000658328,-0.10469724720617318,1.0555941626129257,385.29186935371786,1k-2k,200-500
G000580,Republican,1340,2,0.14253731343283582,-0.13380221030511696,1.964809384164223,717.1554252199413,1k-2k,500-1k
P000594,Republican,3150,7,0.0892063492063492,-0.10465713439072377,1.390728476821192,507.6158940397351,2k-5k,500-1k
C001105,Republican,2211,4,0.05201266395296246,-0.16042112749181395,1.8817021276595745,686.8212765957446,2k-5k,500-1k
B001277,Democrat,26883,16,0.4200424059814753,0.15149541822850018,4.787711487088156,1747.514692787177,20k+,1k-2k
S001212,Republican,6394,8,0.306850172036284,-0.03868137963650914,2.2917562724014338,836.4910394265233,5k-10k,500-1k
S001175,Democrat,8339,12,0.44993404484950233,0.20671621881141602,1.9699976376092605,719.0491377273801,5k-10k,500-1k
S001217,Republican,25436,8,0.4976411385437962,0.1665401243605331,9.129935391241924,3332.4264178033022,20k+,2k-4k
M001188,Democrat,13482,14,0.22466993027740692,-0.07861916007024156,2.729702368900587,996.3413646487143,10k-20k,500-1k
H001081,Democrat,9143,8,0.09537350978890954,-0.2277314483063834,3.2794117647058822,1196.985294117647,5k-10k,1k-2k
G000585,Democrat,10860,10,0.3269797421731123,0.011426126880856952,3.2869249394673123,1199.727602905569,10k-20k,1k-2k
S001194,Democrat,9363,14,0.35426679483071666,0.04174583560898436,1.9096471548031817,697.0212115031613,5k-10k,500-1k
B001300,Democrat,8394,9,0.2873481057898499,-0.029298378638095635,2.7173842667529944,991.845257364843,5k-10k,500-1k
C001059,Democrat,6603,15,0.11040436165379373,-0.18953320923639108,1.2710298363811356,463.9258902791145,5k-10k,200-500
L000560,Democrat,16516,15,0.14004601598449987,-0.12309959822693049,3.403255718112508,1242.1883371110653,10k-20k,1k-2k
C001109,Republican,1651,6,0.31920048455481526,0.024723612132290202,0.8819444444444444,321.90972222222223,1k-2k,200-500
A000377,Republican,4577,6,0.236836355691501,-0.061166799052486155,2.1199629458082447,773.7864752200094,2k-5k,500-1k
B001299,Republican,8646,7,0.5329632199861207,0.23451036310127688,3.7235142118863047,1359.0826873385013,5k-10k,1k-2k
L000570,Democrat,10185,16,0.27903780068728523,-0.03172369535515087,1.7852760736196318,651.6257668711656,10k-20k,500-1k
C001095,Republican,17722,13,0.5208780047398713,0.2190944919231051,3.878748084920114,1415.7430509958415,10k-20k,1k-2k
B001230,Democrat,22018,14,0.22527023344536287,-0.029971772538198903,4.469752334551361,1631.4596021112466,20k+,1k-2k
G000559,Democrat,12118,14,0.23015349067502888,-0.024912533934825284,2.4610073111291633,898.2676685621445,10k-20k,500-1k
R000585,Republican,3061,11,0.13655668082326036,-0.1078706073833204,0.8345147219193021,304.5978735005453,2k-5k,200-500
A000370,Democrat,8173,13,0.21191728863330478,-0.0636800091188757,1.9248704663212435,702.5777202072538,5k-10k,500-1k
R000600,Republican,888,12,0.04842342342342342,-0.26701369076547476,0.21163012392755004,77.24499523355577,500-1k,<200/yr
C001120,Republican,9142,8,0.4945307372566178,0.1562508415183238,3.2755284844141883,1195.5678968111788,5k-10k,1k-2k
R000606,Democrat,9109,10,0.350093314304534,0.03526070686108856,2.591465149359886,945.8847795163584,5k-10k,500-1k
C000266,Republican,4766,12,0.09567771716323961,-0.12291744424705803,1.1301873369694095,412.51837799383446,2k-5k,200-500
V000131,Democrat,7965,14,0.21933458882611426,-0.05914115789241238,1.6094160436451808,587.436855930491,5k-10k,500-1k
H001090,Democrat,5676,8,0.21071176885130374,-0.10566848059140922,2.037329504666188,743.6252692031586,5k-10k,500-1k
A000375,Republican,6153,10,0.33317081098651063,0.016410134773187424,1.7490051165434906,638.3868675383741,5k-10k,500-1k
H001080,Democrat,4552,3,0.17838312829525482,-0.10890632449023947,5.704260651629073,2082.0551378446116,2k-5k,2k-4k
J000294,Democrat,6969,14,0.5690916917778734,0.28362258162198545,1.4024954719259408,511.9108472529684,5k-10k,500-1k
M001217,Democrat,1559,4,0.26940346375881974,-0.104888999049921,1.1846504559270516,432.39741641337383,1k-2k,200-500
L000598,Republican,3326,4,0.3370414912808178,-0.04994728316657464,2.5026335590669677,913.4612490594432,2k-5k,500-1k
B001316,Republican,5531,4,0.5805460133791358,0.18592858944370727,4.180650037792895,1525.9372637944066,5k-10k,1k-2k
H001104,Republican,1336,2,0.23203592814371257,-0.17824896403381507,2.303448275862069,840.7586206896552,1k-2k,500-1k
G000599,Democrat,4946,4,0.5699555196118076,0.1865674807564089,3.727204220045215,1360.4295403165033,2k-5k,1k-2k
F000474,Republican,2575,5,0.18485436893203883,-0.19740179378352715,1.714380825565912,625.7490013315579,2k-5k,500-1k
J000311,Republican,198,2,0.13636363636363635,-0.2923805003300318,0.3407917383820998,124.38898450946643,<200,<200/yr
K000402,Democrat,1021,3,0.4015670910871694,-0.01439316183385882,1.2140309155766944,443.12128418549344,1k-2k,200-500
C000174,Democrat,12583,14,0.1850909957879679,-0.058245717015131225,2.519119119119119,919.4784784784785,10k-20k,500-1k
B000944,Democrat,9482,14,0.2824298671166421,0.020194539473713292,1.8709550118389897,682.8985793212313,5k-10k,500-1k
F000062,Democrat,10121,10,0.2793202252741824,0.02647190817893817,2.9049942594718714,1060.322904707233,10k-20k,1k-2k
K000395,Republican,3785,4,0.332892998678996,0.03997507467871922,3.3348017621145374,1217.2026431718061,2k-5k,1k-2k
M001204,Republican,4986,8,0.29562775772162053,-0.05099672259207835,1.7890204520990312,652.9924650161464,2k-5k,500-1k
P000597,Democrat,2513,10,0.3127735773975328,-0.012523243947332835,0.6974743269497641,254.5781293366639,2k-5k,200-500
W000798,Republican,7971,16,0.2059967381758876,-0.05978677393590888,1.4018642279282447,511.6804431938093,5k-10k,500-1k
C001126,Republican,1539,6,0.15594541910331383,-0.22211915643746608,0.8819484240687679,321.9111747851003,1k-2k,200-500
O000168,Republican,8009,10,0.14171556998376825,-0.10837524231516088,2.1936455765543688,800.6806354423446,5k-10k,500-1k
H001060,Republican,2106,6,0.04415954415954416,-0.1146970007084571,1.0308370044052864,376.25550660792953,2k-5k,200-500
L000578,Republican,2796,12,0.3236766809728183,0.031334518150515724,0.6455783883629647,235.6361117524821,2k-5k,200-500
F000485,Republican,561,1,0.3850267379679144,-0.011149320835025657,4.315384615384615,1575.1153846153845,500-1k,1k-2k
B001273,Republican,5342,8,0.27873455634593786,0.09646508776804515,1.8376332989336086,670.7361541107672,5k-10k,500-1k
R000589,Republican,3435,6,0.11935953420669577,-0.04165023755566917,1.8447905477980666,673.3485499462943,2k-5k,500-1k
R000307,Republican,6271,10,0.12135225641843406,-0.09379857127421071,1.7190241228070176,627.4438048245614,5k-10k,500-1k
B000410,Democrat,72,2,0.1388888888888889,-0.025668619491006843,0.1037463976945245,37.86743515850144,<200,<200/yr
C001101,Democrat,4487,6,0.39848451080900377,0.15422006364463295,2.5861671469740632,943.9510086455331,2k-5k,500-1k
W000827,Republican,1288,3,0.2911490683229814,0.004753027126147617,1.6836601307189543,614.5359477124183,1k-2k,500-1k
N000194,Democrat,720,2,0.19583333333333333,-0.14559880624667423,1.0603829160530192,387.039764359352,500-1k,200-500
C001135,Republican,884,2,0.09841628959276018,-0.24354509862831977,1.3273273273273274,484.4744744744745,500-1k,200-500
G000564,Republican,1436,5,0.013231197771587743,-0.14242316402221644,0.6757647058823529,246.65411764705883,1k-2k,200-500
K000390,Democrat,89,1,0.10112359550561797,-0.17605809530007346,1.0987654320987654,401.04938271604937,<200,200-500
R000409,Republican,252,6,0.1984126984126984,-0.031805140591439005,0.12469074715487383,45.512122711528946,200-500,<200/yr
J000297,Republican,119,2,0.058823529411764705,-0.21816251231785708,0.3595166163141994,131.2235649546828,<200,<200/yr
J000032,Democrat,629,5,0.1685214626391097,-0.16865481103691088,0.25190228273928716,91.94433319983982,500-1k,<200/yr
M001177,Republican,1977,16,0.3287809812847749,0.022928525729416213,0.34659887798036465,126.5085904628331,1k-2k,<200/yr
D000032,Republican,4449,6,0.45605754102045404,0.09487708390953029,2.1660175267770203,790.5963972736124,2k-5k,500-1k
K000397,Republican,7994,6,0.2455591693770328,-0.10264068376235035,3.8824672170956775,1417.1005342399224,5k-10k,1k-2k
C001063,Democrat,9827,16,0.06970591228248703,-0.18879192190285965,1.7291923279957768,631.1551997184586,5k-10k,500-1k
B001288,Democrat,39654,14,0.18310889191506532,-0.03713699361078492,8.47126682332835,3092.0123905148475,20k+,2k-4k
B001306,Republican,3927,9,0.2108479755538579,-0.10460231859685884,1.3508771929824561,493.0701754385965,2k-5k,200-500
C001117,Democrat,15578,8,0.3036333290537938,-0.02089944083414475,5.5855145213338115,2038.7128002868412,10k-20k,2k-4k
O000171,Democrat,5478,6,0.08305951077035414,-0.20563842480509129,2.6813509544787077,978.6930983847283,5k-10k,500-1k
R000305,Democrat,5972,6,0.27712659075686535,-0.07157772731953888,2.904669260700389,1060.204280155642,5k-10k,1k-2k
S000320,Republican,2875,12,0.12069565217391304,-0.1227824799790256,0.6978155339805825,254.70266990291262,2k-5k,200-500
H001068,Democrat,7171,14,0.31892344163993863,0.035951027969271264,1.4446011281224818,527.2794117647059,5k-10k,500-1k
K000378,Republican,8666,12,0.17262866374336489,-0.04319332907172184,2.053554502369668,749.5473933649289,5k-10k,500-1k
L000582,Democrat,21590,12,0.5204261232051876,0.21004937355613393,5.13558515699334,1874.488582302569,20k+,1k-2k
F000459,Republican,7038,16,0.2531969309462916,-0.04252075791179615,1.2338709677419355,450.36290322580646,5k-10k,200-500
T000482,Democrat,10701,8,0.2294178114194935,-0.08877086106145154,3.838235294117647,1400.9558823529412,10k-20k,1k-2k
B001309,Republican,15741,8,0.32983927323549966,-0.0231681446014713,5.639914009315658,2058.568613400215,10k-20k,2k-4k
G000593,Republican,7644,6,0.34366823652537937,-0.02079341023521238,3.7106796116504857,1354.3980582524273,5k-10k,1k-2k
B001312,Democrat,2117,2,0.11667453944260746,-0.1867561074724767,3.6312178387650085,1325.394511149228,2k-5k,1k-2k
C001055,Democrat,4023,8,0.07805120556798409,-0.2467907706747977,1.444524236983842,527.2513464991023,2k-5k,500-1k
B001257,Republican,9214,16,0.178858259170827,-0.0753448714254598,1.6142256482130344,589.1923615977576,5k-10k,500-1k
R000605,Republican,6180,12,0.10501618122977346,-0.18036097315886285,1.4585791833844701,532.3814019353316,5k-10k,500-1k
S001145,Democrat,5259,15,0.37763833428408444,0.0766196584425954,1.037687450670876,378.7559194948697,5k-10k,200-500
C001061,Democrat,14471,16,0.2904429548752678,0.01267492971062737,2.5662351480759,936.6758290477035,10k-20k,500-1k
S001227,Republican,7703,4,0.5214851356614306,0.13358302789325072,5.791729323308271,2113.981203007519,5k-10k,2k-4k
C001129,Republican,5608,4,0.2970756062767475,-0.08463384427544834,4.229260935143288,1543.6802413273,5k-10k,1k-2k
P000622,Republican,2428,2,0.2574135090609555,-0.15941713311548011,4.788954635108481,1747.9684418145955,2k-5k,1k-2k
B001321,Republican,890,2,0.12921348314606743,-0.2821780889006532,1.495798319327731,545.9663865546219,500-1k,500-1k
M001235,Republican,2619,2,0.27033218785796104,-0.14938620924790924,4.379598662207358,1598.5535117056857,2k-5k,1k-2k
F000480,Republican,992,3,0.22076612903225806,-0.1939628431081459,1.3952180028129395,509.25457102672294,500-1k,500-1k
A000379,Republican,4954,4,0.3195397658457812,-0.05965337220649259,3.727614747930775,1360.579382994733,2k-5k,1k-2k
S000185,Democrat,3362,10,0.2239738251041047,-0.1286069725307583,0.947576099210823,345.8652762119504,2k-5k,200-500
L000601,Democrat,3396,4,0.3910482921083628,0.001975283760976695,2.5553047404063207,932.6862302483071,2k-5k,500-1k
L000566,Republican,2967,9,0.1722278395685878,-0.17886698571544224,0.9708769633507853,354.37009162303667,2k-5k,200-500
V000128,Democrat,10706,16,0.5467027834858957,0.25659427003486973,1.9053212315358605,695.4422495105891,10k-20k,500-1k
M000355,Republican,9028,13,0.31058927780239254,0.029411241201060992,1.9720401922236785,719.7946701616427,5k-10k,500-1k
S001150,Democrat,14377,16,0.5253529943660012,0.2300868547868743,2.5200701139351445,919.8255915863277,10k-20k,500-1k
S000033,Independent,41810,16,0.42772064099497725,0.1882095006109515,7.31839663924383,2671.214773323998,20k+,2k-4k
K000383,Independent,6718,14,0.11729681452813337,-0.14264506484797218,1.3527990334273057,493.7716472009666,5k-10k,200-500
H001042,Democrat,4596,15,0.5439512619669278,0.2115782539460238,0.8973057399453338,327.51659508004684,2k-5k,200-500
S001180,Democrat,3440,12,0.1058139534883721,-0.12523596908151213,0.8143939393939394,297.2537878787879,2k-5k,200-500
W000816,Republican,8826,14,0.25186947654656694,-0.03891463906106845,1.822424117282676,665.1848028081768,5k-10k,500-1k
S001148,Republican,2417,9,0.22176251551510137,-0.15317107680162304,0.7832145171743357,285.87329876863254,2k-5k,200-500
G000606,Democrat,346,2,0.6358381502890174,0.23077356938321875,1.2313167259786477,449.43060498220643,200-500,200-500
D000614,Republican,6323,9,0.13442985924402973,-0.08789361841302856,1.9877397044954417,725.5249921408362,5k-10k,500-1k
U000039,Democrat,7420,10,0.3265498652291105,0.0904273694162967,2.0339912280701755,742.406798245614,5k-10k,500-1k
R000593,Republican,9874,8,0.2889406522179461,0.11915953814295863,3.4189750692520775,1247.9259002770084,5k-10k,1k-2k
H001064,Democrat,4140,8,0.1495169082125604,-0.07331765351543293,1.439499304589708,525.4172461752435,2k-5k,500-1k
R000613,Democrat,1427,2,0.2641906096706377,-0.02384517923660677,1.965564738292011,717.431129476584,1k-2k,500-1k
F000467,Democrat,1209,2,0.10173697270471464,-0.183026605274784,1.6838440111420614,614.6030640668524,1k-2k,500-1k
C001107,Republican,3570,4,0.10224089635854341,-0.12150839013653529,2.539118065433855,926.7780938833571,2k-5k,500-1k
L000584,Republican,1597,4,0.1340012523481528,-0.10521173729033753,1.1262341325811,411.0754583921015,1k-2k,200-500
P000606,Republican,6189,6,0.1951850056551947,0.02712268209050668,3.108488196885987,1134.5981918633852,5k-10k,1k-2k
S000051,Republican,2407,6,0.08226007478188617,-0.1302923119943834,1.2083333333333333,441.04166666666663,2k-5k,200-500
G000570,Republican,1098,3,0.10109289617486339,-0.042709608318750085,0.7651567944250871,279.2822299651568,1k-2k,200-500
V000137,Republican,848,2,0.5683962264150944,0.2234752897789616,1.5224416517055654,555.6912028725313,500-1k,500-1k
S001222,Republican,445,1,0.4314606741573034,0.08314830224335584,2.4450549450549453,892.4450549450551,200-500,500-1k
D000563,Democrat,30510,16,0.3580793182563094,0.08715547703235915,5.400955921402018,1971.3489113117366,20k+,1k-2k
N000015,Democrat,5450,16,0.1689908256880734,-0.12828726209295388,1.0173604629456785,371.33656897517267,5k-10k,200-500
B001261,Republican,9596,16,0.3641100458524385,0.09160776370005642,1.679090113735783,612.8678915135608,5k-10k,500-1k
R000577,Democrat,9769,12,0.24721056402907154,0.0017405389824432314,2.307274444969296,842.1551724137931,5k-10k,500-1k
S000250,Republican,2012,8,0.2668986083499006,-0.08855772948071129,0.5732193732193732,209.22507122507122,2k-5k,200-500
H001079,Republican,6546,9,0.2153987167736022,-0.11495736852693474,2.1420157068062826,781.8357329842931,5k-10k,500-1k
W000437,Republican,13019,16,0.24141639142791305,-0.035312387922438127,2.3058802692171447,841.6462982642578,10k-20k,500-1k
C001091,Democrat,4669,11,0.4846862283144142,0.13873145997930061,1.302370990237099,475.36541143654114,2k-5k,200-500
C001098,Republican,50753,14,0.4578251531929147,0.14506419627386,10.211871227364185,3727.3329979879272,20k+,2k-4k
C001039,Republican,6438,6,0.2895309102205654,-0.04055348306412479,3.128279883381924,1141.8221574344022,5k-10k,1k-2k
H000273,Democrat,7428,6,0.3823371028540657,0.01575182551871267,3.6058252427184465,1316.126213592233,5k-10k,1k-2k
G000592,Democrat,3601,8,0.19605665093029714,-0.123395408130803,1.292070326515967,471.60566917832796,2k-5k,200-500
H000601,Republican,10493,6,0.49918993614790813,0.1713833111327929,5.096163186012627,1860.0995628946089,10k-20k,1k-2k
P000607,Democrat,14064,14,0.44091296928327645,0.1502108668357638,2.899196042053185,1058.2065553494124,10k-20k,1k-2k
C001035,Republican,5595,16,0.08972296693476318,-0.1662182762089127,0.9800315291644771,357.71150814503414,5k-10k,200-500
B001270,Democrat,6523,12,0.3010884562317952,0.07411273070904384,1.5464675201517306,564.4606448553817,5k-10k,500-1k
C001088,Democrat,6867,15,0.2599388379204893,-0.03159044581447716,1.3094965675057209,477.9662471395881,5k-10k,200-500
C001070,Democrat,15154,14,0.29325590603141083,0.033341230425973346,3.062651576394503,1117.8678253839937,10k-20k,1k-2k
S001157,Democrat,3933,14,0.14797864225781845,-0.07185705370879206,0.77436503248671,282.64323685764913,2k-5k,200-500
G000579,Republican,3537,7,0.2615210630477806,-0.03700024359242883,1.7579522862823063,641.6525844930418,2k-5k,500-1k
L000599,Republican,4328,4,0.21719038817005545,-0.15944985497326328,3.278787878787879,1196.7575757575758,2k-5k,1k-2k
C001131,Democrat,2342,4,0.5320239111870196,0.14621258164930365,1.7702191987906273,646.130007558579,2k-5k,500-1k
C001130,Democrat,4259,4,0.474994130077483,0.08780093781902591,3.2143396226415093,1173.233962264151,2k-5k,1k-2k
E000300,Republican,1506,2,0.3698539176626826,-0.0515521709570464,2.5268456375838926,922.2986577181208,1k-2k,500-1k
B001324,Democrat,790,2,0.3468354430379747,-0.07885167057033211,1.3573883161512028,495.446735395189,500-1k,200-500
H001093,Republican,1796,4,0.2433184855233853,-0.14230400904658203,1.3606060606060606,496.6212121212121,1k-2k,200-500
G000603,Republican,3163,2,0.5855200758773317,0.17074459443540768,5.280467445742905,1927.3706176961603,2k-5k,1k-2k
M001243,Republican,836,2,0.17583732057416268,-0.23481636961502003,1.4145516074450084,516.311336717428,500-1k,500-1k
S001218,Democrat,5214,6,0.31089374760260835,-0.06023346576983574,2.7471022128556375,1002.6923076923077,5k-10k,1k-2k
L000600,Republican,1809,4,0.3466003316749585,-0.03831606982781189,1.3704545454545454,500.21590909090907,1k-2k,500-1k
D000635,Democrat,854,2,0.6405152224824356,0.22807565946167935,1.4852173913043478,542.104347826087,500-1k,500-1k
B001224,Democrat,2391,4,0.35215391049769973,0.03182468600507373,1.670859538784067,609.8637316561844,2k-5k,500-1k
J000302,Republican,3022,8,0.2898742554599603,-0.03634737304220082,1.0854885057471264,396.20330459770116,2k-5k,200-500
A000371,Democrat,3356,12,0.2836710369487485,-0.01367736683320259,0.8402603905858789,306.6950425638458,2k-5k,200-500
W000812,Republican,5744,14,0.21082869080779945,-0.0556040949954676,1.1550372008847778,421.5885783229439,5k-10k,200-500
F000246,Republican,5960,6,0.6095637583892617,0.25137170865298725,2.8932038834951457,1056.0194174757282,5k-10k,1k-2k
C001053,Republican,1943,9,0.20638188368502317,-0.11964338762272755,0.6347598823913754,231.68735707285202,1k-2k,200-500
M000303,Republican,11719,8,0.18559604061780016,0.00782267993674063,4.201864467551093,1533.6805306561491,10k-20k,1k-2k
N000193,Republican,2230,4,0.17847533632286997,-0.18884753883330205,1.7048929663608563,622.2859327217126,2k-5k,500-1k
M001239,Republican,806,2,0.11290322580645161,-0.2913349708503699,1.3569023569023568,495.2693602693602,500-1k,200-500
K000360,Republican,4173,6,0.22501797268152407,0.07057367778118168,2.2387339055793993,817.1378755364808,2k-5k,500-1k
M001142,Democrat,426,4,0.046948356807511735,-0.12053680965922756,0.399624765478424,145.86303939962477,200-500,<200/yr
F000451,Republican,4557,6,0.07965766951942067,-0.08154664670890434,2.4408141403320838,890.8971612212106,2k-5k,500-1k
H000206,Democrat,1809,4,0.07407407407407407,-0.08561284806671159,1.2606271777003484,460.12891986062715,1k-2k,200-500
F000458,Republican,2714,6,0.16101694915254236,-0.001607469950873844,1.3092136999517607,477.8630004823927,2k-5k,200-500
H001036,Republican,960,8,0.20416666666666666,0.006749233884832181,0.33264033264033266,121.41372141372142,500-1k,<200/yr
M001179,Republican,2813,8,0.2040526128688233,0.037549742859961495,0.9706694271911663,354.2943409247757,2k-5k,200-500
H001083,Democrat,968,2,0.12190082644628099,-0.16429739422822115,1.3444444444444446,490.7222222222223,500-1k,200-500
D000598,Democrat,2531,8,0.22915843540102726,0.008748850368572644,0.8968816442239547,327.36180014174346,2k-5k,200-500
M001231,Democrat,39,1,0.28205128205128205,-0.16372846461599777,1.1818181818181819,431.3636363636364,<200,200-500
B001293,Republican,2166,4,0.08679593721144968,-0.1230181203708014,1.5285815102328864,557.9322512350035,2k-5k,500-1k
C001064,Republican,552,4,0.19384057971014493,0.020691098822837206,0.48378615249780893,176.58194566170025,500-1k,<200/yr
L000274,Republican,76,2,0.15789473684210525,-0.007310084081523671,0.14048059149722736,51.275415896487985,<200,<200/yr
E000292,Democrat,366,2,0.08196721311475409,-0.06299415000063487,0.538235294117647,196.45588235294116,200-500,<200/yr
G000582,Republican,824,2,0.03033980582524272,-0.31181041625563716,1.2735703245749614,464.8531684698609,500-1k,200-500
W000826,Democrat,4795,7,0.1559958289885297,-0.1497523377543759,2.2199074074074074,810.2662037037037,2k-5k,500-1k
C001121,Democrat,7457,8,0.3166152608287515,-0.014405569121641804,2.671802221426012,975.2078108204945,5k-10k,500-1k
H001066,Democrat,11327,10,0.19307848503575528,-0.11289885944700619,2.2744979919678716,830.1917670682732,10k-20k,500-1k
L000593,Democrat,8330,8,0.30756302521008405,-0.02449610173895916,2.988876928597058,1090.940078937926,5k-10k,1k-2k
M001157,Republican,8316,15,0.26082251082251084,-0.0298685846785845,1.4571578762922726,531.8626248466795,5k-10k,500-1k
S000770,Democrat,7559,14,0.17383251752877366,-0.10425396950749428,1.4868214004720692,542.6898111723053,5k-10k,500-1k
M000934,Republican,3255,9,0.11827956989247312,-0.22232960563821047,1.054421768707483,384.8639455782313,2k-5k,200-500
V000132,Democrat,2170,10,0.1400921658986175,-0.10235323260197747,0.6678978147122191,243.78270236995996,2k-5k,200-500
S001213,Republican,7116,8,0.20629567172568858,-0.11892036981239942,2.5551166965888688,932.6175942549371,5k-10k,500-1k
U000040,Democrat,5230,8,0.1349904397705545,-0.1774185065307726,1.8772433596554199,685.1938262742283,5k-10k,500-1k
R000584,Republican,6317,14,0.23254709514009814,-0.0776198593976988,1.2725624496373893,464.4852941176471,5k-10k,200-500
M000317,Republican,6387,6,0.484578049162361,0.1408467946380788,3.1034985422740524,1132.776967930029,5k-10k,1k-2k
R000597,Republican,2337,10,0.16516902011125376,-0.09230109910066772,0.6679051157473563,243.78536724778508,2k-5k,200-500
R000515,Democrat,6245,12,0.366533226581265,0.09424398858606382,1.5254030288226674,556.7721055202736,5k-10k,500-1k
B001292,Democrat,18036,12,0.4901308494122865,0.2085618877109844,4.244763473758532,1549.338667921864,10k-20k,1k-2k
C001104,Republican,2358,2,0.5318066157760815,0.23322530274957343,4.079584775086505,1489.0484429065743,2k-5k,1k-2k
W000823,Republican,3976,6,0.22082494969818914,-0.06785438466930108,1.9106198942815953,697.3762614127822,2k-5k,500-1k
D000627,Democrat,11531,6,0.3335356864105455,0.04093547645409068,5.644150758688204,2060.1150269211944,10k-20k,2k-4k
C001096,Republican,11657,14,0.22535815389894484,-0.07403111790912825,2.3407630522088354,854.378514056225,10k-20k,500-1k
P000618,Democrat,3564,6,0.35914702581369246,0.05872559705702776,1.6492364645997224,601.9713095788986,2k-5k,500-1k
P000145,Democrat,9159,6,0.3683808276012665,0.027942373919131878,4.485308521057786,1637.137610186092,5k-10k,1k-2k
N000026,Republican,5036,6,0.517077045274027,0.16560925837755444,2.4446601941747574,892.3009708737865,5k-10k,500-1k
B001274,Republican,4745,12,0.3582718651211802,0.09640422468471374,1.1244075829383886,410.40876777251185,2k-5k,200-500
C000537,Democrat,2745,9,0.39380692167577414,0.051540102389547426,0.8973520758417783,327.5335076822491,2k-5k,200-500
C001097,Democrat,10262,12,0.2061001754044046,-0.016414054191838476,2.4157250470809792,881.7396421845574,10k-20k,500-1k
W000805,Democrat,6744,11,0.43416370106761565,0.08452136145056106,1.439795046968403,525.5251921434672,5k-10k,500-1k
H001077,Republican,3005,9,0.378369384359401,0.05480551118588086,0.9731217616580311,355.1894430051814,2k-5k,200-500
M001160,Democrat,13182,16,0.32900925504475803,0.0658208986772949,2.4253909843606256,885.2677092916283,10k-20k,500-1k
J000020,Republican,873,3,0.35853379152348225,0.05959684444103179,1.1765498652291104,429.4407008086253,500-1k,200-500
J000310,Democrat,1174,2,0.45229982964224874,0.03656115799332118,2.0964285714285715,765.1964285714286,1k-2k,500-1k
R000618,Republican,2646,4,0.23015873015873015,-0.15303517007387346,2.0416666666666665,745.2083333333333,2k-5k,500-1k
K000398,Republican,2173,4,0.08605614358030372,-0.2868617346657193,1.637528259231349,597.6978146194424,2k-5k,500-1k
W000800,Democrat,538,7,0.3141263940520446,-0.0346594239516436,0.25401322001888577,92.7148253068933,500-1k,<200/yr
G000598,Democrat,2861,4,0.5973435861586858,0.21446745843422052,2.170713201820941,792.3103186646434,2k-5k,500-1k
S001223,Democrat,2796,4,0.1527181688125894,-0.22537046130419874,2.105421686746988,768.4789156626506,2k-5k,500-1k
A000369,Republican,1032,13,0.10174418604651163,-0.19407625602528925,0.24123422159887797,88.05049088359046,1k-2k,<200/yr
L000602,Democrat,3005,4,0.4828618968386023,0.10740856641121806,2.2645064054257724,826.5448379804069,2k-5k,500-1k
L000589,Republican,8086,7,0.45325253524610437,0.15041765606762994,3.3776106934001673,1232.827903091061,5k-10k,1k-2k
B001260,Republican,2686,11,0.3078927773641102,-0.07409675646394827,0.4775960170697013,174.32254623044096,2k-5k,<200/yr
B001310,Republican,4480,6,0.37142857142857144,0.06835556369578835,2.071197411003236,755.9870550161812,2k-5k,500-1k
T000476,Republican,8188,12,0.20188080117244747,-0.07642167253620447,1.9270416568604378,703.3702047540598,5k-10k,500-1k
D000191,Democrat,3467,12,0.2642053648687626,0.004067464821634975,0.8276438290761519,302.0899976127954,2k-5k,200-500
B001317,Republican,1685,4,0.4973293768545994,0.12324841942437958,1.273620559334845,464.87150415721845,1k-2k,200-500
M001222,Republican,1610,4,0.2546583850931677,-0.1069440336001999,1.2215477996965098,445.8649468892261,1k-2k,200-500
F000448,Republican,1141,6,0.3672217353198948,0.21789983485705536,0.610813704496788,222.9470021413276,1k-2k,200-500
D000603,Republican,660,2,0.22424242424242424,0.05955755391464916,2.3487544483985765,857.2953736654804,500-1k,500-1k
B001135,Republican,3197,10,0.17172349077259932,-0.023176399416337666,0.8761304466977254,319.7876130446698,2k-5k,200-500
I000057,Democrat,3168,6,0.2023358585858586,0.04750152500160763,1.7115072933549433,624.7001620745543,2k-5k,500-1k
F000456,Republican,1145,6,0.37554585152838427,0.21534487055911045,0.5542110358180058,202.28702807357212,1k-2k,200-500
J000300,Democrat,1689,3,0.09532267613972766,-0.1871915345262227,1.5552486187845305,567.6657458563536,1k-2k,500-1k
C001124,Democrat,2286,2,0.1347331583552056,-0.15066090476782165,3.144429160935351,1147.716643741403,2k-5k,1k-2k
H001075,Democrat,4886,4,0.4488334015554646,0.16709041434467872,3.4505649717514126,1259.4562146892656,2k-5k,1k-2k
C000984,Democrat,4822,7,0.2814184985483202,0.08575438051162608,2.185856754306437,797.8377153218496,2k-5k,500-1k
L000581,Democrat,4558,5,0.2648091268100044,0.04339818004524349,2.518232044198895,919.1546961325967,2k-5k,500-1k
M001155,Republican,177,2,0.22598870056497175,0.060853969891418294,0.3339622641509434,121.89622641509433,<200,<200/yr
D000632,Republican,1018,2,0.3516699410609037,0.015185080526519129,1.5308270676691729,558.7518796992481,1k-2k,500-1k
P000619,Democrat,823,3,0.08019441069258809,-0.2571378339981653,1.0391414141414141,379.28661616161617,500-1k,200-500
W000828,Republican,1014,2,0.20216962524654833,-0.14026672970369897,1.6381260096930532,597.9159935379644,1k-2k,500-1k
N000127,Democrat,2771,6,0.16203536629375676,-0.02792343981471341,1.2775472568003687,466.3047487321346,2k-5k,200-500
N000187,Democrat,365,2,0.07397260273972603,-0.08562657358375735,0.5721003134796239,208.8166144200627,200-500,200-500
W000738,Democrat,3,1,0.3333333333333333,0.16887266698753942,0.01507537688442211,5.50251256281407,<200,<200/yr
C001113,Democrat,15774,10,0.2683529859262077,-0.04818252788455348,4.4850725049758315,1637.0514643161785,10k-20k,1k-2k
W000809,Republican,12474,16,0.11311527978194645,-0.15371215033902516,2.186119873817035,797.9337539432178,10k-20k,500-1k
M000639,Democrat,17271,14,0.3149788663076834,0.05348337899576067,3.4933252427184467,1275.063713592233,10k-20k,1k-2k
W000788,Democrat,6822,6,0.23922603342128407,-0.10163757601395877,3.318093385214008,1211.104085603113,5k-10k,1k-2k
P000595,Democrat,12175,16,0.1609034907597536,-0.11547544689088908,2.134092900964067,778.9439088518844,10k-20k,500-1k
M001136,Republican,7497,6,0.5056689342403629,0.15233459937658683,3.644628099173554,1330.2892561983472,5k-10k,1k-2k
F000472,Republican,2678,6,0.27184466019417475,-0.07711999571956453,1.3025291828793775,475.42315175097275,2k-5k,200-500
A000378,Democrat,3643,4,0.12928904748833378,-0.16507704229154938,2.7724505327245055,1011.9444444444445,2k-5k,1k-2k
L000564,Republican,6115,12,0.32428454619787406,0.08044724421951675,1.4224238194929053,519.1846941149105,5k-10k,500-1k
S001189,Republican,1072,10,0.37406716417910446,0.02882817929218345,0.28980805623141387,105.77994052446606,1k-2k,<200/yr
G000591,Republican,4331,8,0.2902332024936504,-0.044029815612331775,1.5528863391896737,566.8035138042309,2k-5k,500-1k
B001278,Democrat,11987,13,0.2149828981396513,-0.07530288468057988,2.4230846977966443,884.4259146957752,10k-20k,500-1k
L000571,Republican,7395,7,0.29601081812035157,-0.0644885782749463,2.065065624127339,753.7489528064787,5k-10k,500-1k
D000617,Democrat,10706,14,0.1903605454885111,-0.08658471289918607,2.1676452723223325,791.1905243976514,10k-20k,500-1k
S001207,Democrat,5156,6,0.1078355314197052,-0.19725531458558945,2.383726306056403,870.0601017105871,5k-10k,500-1k
S001154,Republican,2328,8,0.18685567010309279,0.011172274532669535,0.8058151609553479,294.122533748702,2k-5k,200-500
R000610,Republican,2922,8,0.6030116358658453,0.2739272413425496,1.0625454545454545,387.8290909090909,2k-5k,200-500
W000802,Democrat,27507,16,0.45304831497437015,0.15782996018245507,4.918991416309013,1795.4318669527897,20k+,1k-2k
M001135,Democrat,2424,4,0.1943069306930693,-0.12386333592587641,1.6927374301675977,617.8491620111731,2k-5k,500-1k
Q000023,Democrat,19651,16,0.25968144114803315,-0.0016107099994728995,3.441506129597198,1256.1497373029772,10k-20k,1k-2k
K000384,Democrat,10369,14,0.30108978686469284,0.01768500052127583,2.08129265355279,759.6718185467683,10k-20k,500-1k
R000588,Democrat,2694,10,0.14847809948032664,-0.04841932202094621,0.7580191333708497,276.67698368036014,2k-5k,200-500
M001230,Republican,818,2,0.09657701711491443,-0.33264795352918103,1.3959044368600682,509.50511945392486,500-1k,500-1k
K000400,Democrat,3274,4,0.4899205864386072,0.10364375259587129,2.4635063957863057,899.1798344620016,2k-5k,500-1k
M001236,Republican,756,2,0.21428571428571427,-0.21738716347834705,1.2663316582914572,462.2110552763819,500-1k,200-500
M001227,Democrat,3618,4,0.2542841348811498,-0.12827608494649073,2.8555643251775846,1042.2809786898183,2k-5k,1k-2k
F000478,Republican,2666,4,0.3754688672168042,-0.012502118784924798,2.013595166163142,734.9622356495468,2k-5k,500-1k
I000058,Democrat,1917,4,0.37402190923317685,-0.016947706246433845,1.4689655172413794,536.1724137931035,1k-2k,500-1k
C001132,Republican,5500,4,0.40236363636363637,0.00438766835567234,4.135338345864661,1509.3984962406014,5k-10k,1k-2k
R000603,Republican,3663,12,0.17362817362817362,-0.11682681085920835,0.8628975265017668,314.95759717314485,2k-5k,200-500
Y000067,Republican,2633,4,0.29472085074060006,-0.0876187004784584,1.9871698113207548,725.3169811320755,2k-5k,500-1k
B001304,Democrat,3231,5,0.37418755803156917,0.07331241458635873,2.4477272727272728,893.4204545454545,2k-5k,500-1k
H001053,Republican,8628,12,0.20352341214649977,-0.017323874194594614,2.0416469474680548,745.20113582584,5k-10k,500-1k
F000466,Republican,7558,10,0.1152421275469701,-0.21244830814594184,2.1489906170031277,784.3815752061416,5k-10k,500-1k
G000576,Republican,4392,12,0.15163934426229508,-0.1529331366307588,1.03756201275691,378.7101346562722,2k-5k,200-500
M001158,Republican,3944,10,0.23149087221095335,0.057835319396479665,1.168938944872555,426.6627148784825,2k-5k,200-500
L000287,Democrat,1852,10,0.21166306695464362,0.02968642043978905,0.5335638144626909,194.75079227888216,1k-2k,<200/yr
O000176,Democrat,678,2,0.4174041297935103,0.005059317276677776,1.1394957983193277,415.9159663865546,500-1k,200-500
E000071,Republican,793,6,0.11727616645649433,-0.24558301274016917,0.43982251802551303,160.53521907931227,500-1k,<200/yr
M000687,Democrat,993,7,0.21852970795568982,-0.14738987660584846,0.4769452449567723,174.08501440922188,500-1k,<200/yr
A000382,Democrat,53,2,0.09433962264150944,-0.32429848349622603,0.09106529209621993,33.238831615120276,<200,<200/yr
A000383,,105,1,0.17142857142857143,-0.22474748737436867,0.7191780821917808,262.5,<200,200-500
S001186,Republican,609,4,0.21839080459770116,0.0551248143488059,0.4325284090909091,157.87286931818184,500-1k,<200/yr
M001195,Republican,2542,9,0.18922108575924468,-0.06953440254131726,0.7022099447513812,256.3066298342541,2k-5k,200-500
B001289,Republican,11762,6,0.14852916170719266,-0.06336597903969857,5.486007462686567,2002.392723880597,10k-20k,2k-4k
S001177,Democrat,835,4,0.027544910179640718,-0.3066303913176439,0.722318339100346,263.6461937716263,500-1k,200-500
L000567,Republican,1822,7,0.10867178924259056,-0.0812947107113304,0.7873811581676751,287.3941227312014,1k-2k,200-500
D000533,Republican,604,6,0.15728476821192053,-0.01734294454652224,0.34085778781038373,124.41309255079005,500-1k,<200/yr
B001290,Republican,1741,4,0.2309017805858702,0.046086665155709944,1.2561327561327562,458.488455988456,1k-2k,200-500
G000548,Republican,617,4,0.22204213938411668,0.05716813316282264,0.44516594516594515,162.48556998556998,500-1k,<200/yr
E000246,Republican,143,4,0.2517482517482518,-0.09007438017850346,0.11322248614410134,41.32620744259699,<200,<200/yr
H001048,Republican,6,4,0.16666666666666666,-0.07918152117871748,0.002826189354686764,1.0315591144606688,<200,<200/yr
L000586,Democrat,1628,5,0.12285012285012285,-0.17094286486451346,1.0024630541871922,365.8990147783251,1k-2k,200-500
M001111,Democrat,10883,12,0.49434898465496646,0.15807242005619196,2.7085614733698358,988.6249377799901,10k-20k,500-1k
M000133,Democrat,19329,16,0.4009519375032335,0.12096897839987929,3.3862999299229153,1235.999474421864,10k-20k,1k-2k
B001286,Democrat,6778,10,0.14724107406314546,-0.11248982238978773,1.9421203438395416,708.8739255014327,5k-10k,500-1k
P000197,Democrat,16582,16,0.3189000120612713,0.042949882454107746,2.9035195237261426,1059.784626160042,10k-20k,1k-2k
B000825,Republican,11455,6,0.5355739851593191,0.20007149101317837,5.560679611650485,2029.648058252427,10k-20k,2k-4k
M001215,Republican,6927,6,0.18723834271690487,-0.16141750519130485,3.3658892128279883,1228.5495626822158,5k-10k,1k-2k
E000297,Democrat,14739,9,0.2464889069814777,-0.07000540534885533,4.838804990151018,1766.1638214051216,10k-20k,1k-2k
O000173,Democrat,15970,8,0.4245460237946149,0.10590096889280565,5.734290843806104,2093.016157989228,10k-20k,2k-4k
L000557,Democrat,10962,16,0.3185550082101806,0.01441062340287411,1.9214723926380368,701.3374233128834,10k-20k,500-1k
T000472,Democrat,7776,14,0.32844650205761317,0.04636861319608219,1.565217391304348,571.304347826087,5k-10k,500-1k
D000399,Democrat,18701,16,0.3982139992513769,0.11271102124726898,3.274557870775696,1195.2136228331292,10k-20k,1k-2k
M000312,Democrat,17988,16,0.3989882143651323,0.12587172014725842,3.1602248770203794,1153.4820801124386,10k-20k,1k-2k
D000600,Republican,4625,9,0.28281081081081083,-0.08471321627831556,1.4991896272285252,547.2042139384117,2k-5k,500-1k
L000562,Democrat,5457,14,0.18471687740516768,-0.0786077245043435,1.1053271217338465,403.44439943285397,5k-10k,200-500
N000188,Democrat,2023,9,0.3094414236282748,-0.07639461800500907,0.6549044998381354,239.0401424409194,2k-5k,200-500
G000555,Democrat,8067,12,0.3954382050328499,0.061854202300522625,1.5561342592592593,567.9890046296297,5k-10k,500-1k
S001156,Democrat,2873,9,0.2861120779672816,-0.05784075013447908,0.9367460058689273,341.9122921421585,2k-5k,200-500
T000467,Republican,1253,9,0.14046288906624102,-0.1855020460761264,0.408675799086758,149.16666666666666,1k-2k,<200/yr
C001087,Republican,8294,16,0.20737882806848323,-0.043917931506427685,1.4558539582236265,531.3866947516236,5k-10k,500-1k
S001190,Democrat,8703,12,0.24520280363093186,-0.0585073728999739,1.75357646584727,640.0554100342536,5k-10k,500-1k
L000174,Democrat,16556,12,0.24420149794636387,0.02260273827616178,3.9437827536922345,1439.4807050976656,10k-20k,1k-2k
T000478,Republican,13098,8,0.4743472285845167,0.134033446293838,3.8762947617638353,1414.8475880437998,10k-20k,1k-2k
G000578,Republican,7488,7,0.4963942307692308,0.1995013894116317,3.4332874828060524,1253.1499312242092,5k-10k,1k-2k
T000193,Democrat,2850,10,0.3543859649122807,0.004778124861611141,0.8710268948655256,317.92481662591683,2k-5k,200-500
B000740,Republican,4529,6,0.29277986310443804,-0.06532728240794958,2.2017501215362176,803.6387943607194,2k-5k,500-1k
K000377,Democrat,7398,7,0.2411462557447959,-0.11126601955447457,3.5363288718929256,1290.7600382409178,5k-10k,1k-2k
K000396,Democrat,1114,2,0.10053859964093358,-0.2023262089177149,2.0035971223021583,731.3129496402878,1k-2k,500-1k
D000628,Republican,2113,10,0.20823473734027448,-0.14568747432439383,0.6033695031410623,220.22986864648774,2k-5k,200-500
T000463,Republican,6588,16,0.18321190042501517,-0.09518229527121706,1.184040258806614,432.1746944644141,5k-10k,200-500
V000135,Republican,9522,4,0.4204998949800462,0.02712996220550248,7.159398496240602,2613.1804511278197,5k-10k,2k-4k
A000380,Democrat,2402,4,0.5020815986677769,0.07847397083881302,2.3525954946131242,858.6973555337903,2k-5k,500-1k
B001322,Republican,1464,2,0.2547814207650273,-0.1672129509836961,2.4605042016806724,898.0840336134454,1k-2k,500-1k
M001223,Democrat,4420,4,0.31244343891402715,-0.07706557555971295,3.3258088788562827,1213.9202407825433,2k-5k,1k-2k
D000230,Democrat,3225,4,0.030387596899224805,-0.351587906901478,2.4284638554216866,886.3893072289156,2k-5k,500-1k
O000175,Republican,3754,4,0.5551411827384124,0.15890749101780474,2.828937452901281,1032.5621703089676,2k-5k,1k-2k
H001101,Republican,1906,2,0.42759706190975866,0.005005607942965144,3.235993208828523,1181.137521222411,1k-2k,1k-2k
B001318,Democrat,2673,4,0.4683875794986906,0.09552969139920856,2.012801204819277,734.6724397590361,2k-5k,500-1k
M001241,Democrat,674,2,0.6691394658753709,0.24462895628938824,1.1385135135135136,415.55743243243245,500-1k,200-500
C001136,Democrat,423,2,0.5342789598108747,0.10163305011949567,0.7218430034129693,263.4726962457338,200-500,200-500
C001125,Democrat,3094,6,0.2330316742081448,-0.1463078631735324,1.627564439768543,594.0610205155182,2k-5k,500-1k
M001220,Democrat,2539,4,0.2890901929893659,-0.09504265219245975,1.9147812971342384,698.895173453997,2k-5k,500-1k
P000034,Democrat,5962,11,0.5020127474002013,0.14588358080714164,1.1740842851516344,428.54076408034655,5k-10k,200-500
S001216,Democrat,4652,8,0.13413585554600171,-0.20456198945463996,1.667981355324489,608.8131946934385,2k-5k,500-1k
T000464,Democrat,6958,11,0.1375395228513941,-0.13230030190199202,1.7983975187386922,656.4150943396227,5k-10k,500-1k
K000375,Democrat,2921,16,0.2440944881889764,-0.020964782037489443,0.5236643958408032,191.13750448189316,2k-5k,<200/yr
P000605,Republican,6056,14,0.3221598414795244,0.04357220592307863,1.2155760738659174,443.6852669610598,5k-10k,200-500
C001038,Democrat,5885,8,0.3197960917587086,0.103868480919727,2.0490947075208914,747.9195682451253,5k-10k,500-1k
K000210,Republican,2692,10,0.19465081723625557,-0.006392744214151166,0.7371303395399781,269.052573932092,2k-5k,200-500
C001137,Republican,745,2,0.24563758389261744,-0.1708460249755891,1.245819397993311,454.7240802675585,500-1k,200-500
P000621,Democrat,218,2,0.1651376146788991,-0.24946917218372688,0.36824324324324326,134.40878378378378,200-500,<200/yr
B001227,Democrat,555,8,0.2126126126126126,0.02841776235796863,0.1927752691906912,70.3629732546023,500-1k,<200/yr
E000301,Democrat,757,2,0.29590488771466317,-0.10643067790366384,1.2701342281879195,463.59899328859063,500-1k,200-500
B000220,Republican,1380,2,0.06086956521739131,-0.10405482008589878,1.9060773480662982,695.7182320441989,1k-2k,500-1k
H001074,Republican,857,6,0.07234539089848308,-0.2108000754163271,0.4219596258000985,154.01526341703595,500-1k,<200/yr
P000598,Democrat,2375,7,0.18357894736842106,-0.015199404348060913,0.9443339960238568,344.6819085487077,2k-5k,200-500
M001187,Republican,5412,8,0.40114560236511454,0.1844629932865146,2.0625,752.8125,5k-10k,500-1k
H000324,Democrat,1877,7,0.3740010655301012,0.13311689891574388,0.8677762367082755,316.73832639852054,1k-2k,200-500
H001087,Democrat,1068,1,0.18820224719101122,-0.11389547302925407,3.5364238410596025,1290.794701986755,1k-2k,1k-2k
M001207,Democrat,4640,2,0.30495689655172414,0.017308665709444025,6.382393397524072,2329.5735900962864,2k-5k,2k-4k
Y000065,Republican,1789,8,0.2353269983230855,-0.006637254052493553,0.6203190013869625,226.4164355062413,1k-2k,200-500
B001248,Republican,527,2,0.2808349146110057,-0.05685030527290926,0.8993174061433447,328.2508532423208,500-1k,200-500
D000633,Republican,429,2,0.10256410256410256,-0.2392048316056783,0.7009803921568627,255.8578431372549,200-500,200-500
T000475,Republican,593,4,0.12647554806070826,-0.11302183859855702,0.41848976711362035,152.74876499647144,500-1k,<200/yr
N000185,Republican,67,3,0.26865671641791045,0.10395490736482348,0.03615758229897464,13.197517539125743,<200,<200/yr
H000874,Democrat,11984,11,0.2720293724966622,-0.038030113218855396,3.305019305019305,1206.3320463320463,10k-20k,1k-2k
R000608,Democrat,13097,10,0.21455295105749408,-0.10460659467720053,3.7765282583621684,1378.4328143021914,10k-20k,1k-2k
H001085,Democrat,6875,8,0.13847272727272728,-0.18042534648910238,2.46681019016864,900.3857194115536,5k-10k,500-1k
M001153,Republican,4499,11,0.09202044898866414,-0.22962667285207602,0.8045422031473534,293.657904148784,2k-5k,200-500
M001176,Democrat,21119,16,0.44495478005587386,0.16052028676188546,3.6966567477682477,1349.2797129354103,20k+,1k-2k
E000295,Republican,13093,12,0.3664553578247919,0.053420460585060406,3.0814309249235112,1124.7222875970815,10k-20k,1k-2k
M001186,Republican,1620,2,0.2938271604938272,-0.008359983511493465,2.783505154639175,1015.979381443299,1k-2k,1k-2k
S001181,Democrat,16139,15,0.23186071008116985,-0.058276338296766254,3.1819794952681386,1161.4225157728706,10k-20k,1k-2k
S001215,Democrat,7991,8,0.16268301839569516,-0.155478328287223,2.8651846539978485,1045.7923987092147,5k-10k,1k-2k
T000278,Republican,7462,6,0.42964352720450283,0.07686699475854215,3.6258503401360542,1323.4353741496598,5k-10k,1k-2k
D000615,Republican,12239,13,0.36400032682408695,0.12838899056778194,2.4695318805488298,901.3791364003229,10k-20k,500-1k
E000296,Democrat,23351,10,0.24080339171769946,-0.05881128371208936,6.643243243243243,2424.7837837837837,20k+,2k-4k
L000575,Republican,9377,15,0.39938146528740537,0.09175410401590331,1.762593984962406,643.3468045112782,5k-10k,500-1k
T000479,Republican,977,4,0.08597748208802457,-0.20441261788949266,0.8503046127067014,310.361183637946,500-1k,200-500
W000808,Democrat,19042,16,0.20727864720092426,-0.04380345372635016,3.3377738825591585,1218.2874671340928,10k-20k,1k-2k
M001190,Republican,4842,10,0.26290788930194137,0.011276921855561175,1.3818493150684932,504.375,2k-5k,500-1k
M001169,Democrat,11667,13,0.5248135767549499,0.19474048445462191,2.647980027235588,966.5127099409896,10k-20k,500-1k
P000610,Democrat,2443,10,0.2648383135489153,-0.07285928468614362,0.6671217913708356,243.499453850355,2k-5k,200-500
K000388,Republican,2258,9,0.060673162090345435,-0.24084638366765518,0.7577181208053692,276.56711409395973,2k-5k,200-500
M001183,Democrat,9946,14,0.07641262819223808,-0.16483891668044667,1.9675568743818002,718.158259149357,5k-10k,500-1k
L000577,Republican,32291,16,0.4645257192406553,0.10363496222119173,5.656156945174287,2064.4972849886144,20k+,2k-4k
H001052,Republican,5354,14,0.29099738513261114,0.014727774630884236,1.0757484428370505,392.64818163552343,5k-10k,200-500
S001203,Democrat,10144,9,0.32087933753943215,-0.0015636171270848283,3.214195183776933,1173.1812420785805,10k-20k,1k-2k
R000617,Democrat,3451,4,0.51086641553173,0.12078043023635272,2.6263318112633183,958.6111111111112,2k-5k,500-1k
M001143,Democrat,4320,10,0.2988425925925926,-0.0538007717078742,1.1600429645542427,423.4156820622986,2k-5k,200-500
H001095,Republican,3466,4,0.4800923254472014,0.0913865838891236,2.6079759217456733,951.9112114371708,2k-5k,500-1k
B001313,Democrat,3376,6,0.4330568720379147,0.054493765184682706,1.9280411193603655,703.7350085665335,2k-5k,500-1k
K000403,Republican,708,2,0.17372881355932204,-0.2493509403564801,1.2227979274611398,446.321243523316,500-1k,200-500
M001214,Democrat,1464,6,0.05669398907103825,-0.2887055990436999,0.7117160913952357,259.776373359261,1k-2k,200-500
R000395,Republican,3902,14,0.0884161968221425,-0.12568522058207376,0.7926061344708512,289.3012390818607,2k-5k,200-500
S001195,Republican,8680,14,0.43237327188940095,0.13538467692233705,1.828523277859701,667.4109964187909,5k-10k,500-1k
F000455,Democrat,6528,11,0.19929534313725492,-0.01106658244833693,1.7586206896551724,641.8965517241379,5k-10k,500-1k
Y000062,Democrat,5060,12,0.25592885375494073,0.024152303444459497,1.2774551880838172,466.2711436505933,5k-10k,200-500
B001307,Republican,2705,8,0.2177449168207024,-0.12353148243770241,0.9754778218535882,356.0494049765597,2k-5k,200-500
S000929,Republican,2863,6,0.29933636046105483,-0.04076746796711357,1.3904808159300632,507.52549781447306,2k-5k,500-1k
C001111,Democrat,2746,5,0.18244719592134012,-0.11211440502300105,1.9572344975053457,714.3905915894512,2k-5k,500-1k
T000470,Republican,3412,10,0.11899179366940212,-0.0934652445464407,0.9480411225340373,346.0350097249236,2k-5k,200-500
F000481,Democrat,479,2,0.2045929018789144,-0.22109683341950961,0.811864406779661,296.3305084745763,200-500,200-500
V000133,Republican,1206,6,0.6019900497512438,0.23702182850586076,0.7023878858474083,256.37157833430405,1k-2k,200-500
H001094,Democrat,2104,4,0.27566539923954375,-0.08122560556393568,1.5987841945288754,583.5562310030396,2k-5k,500-1k
S001220,Republican,1018,4,0.3055009823182711,-0.07218229906189758,0.7747336377473364,282.77777777777777,1k-2k,200-500
L000569,Republican,3448,12,0.20417633410672853,-0.04173802920940508,0.840565577766943,306.80643588493416,2k-5k,200-500
H001034,Democrat,1998,6,0.22272272272272273,0.06593189558271223,0.9203132197144174,335.91432519576233,1k-2k,200-500
M000404,Democrat,1658,6,0.3118214716525935,0.15083961641219307,0.7651130595293032,279.26626672819566,1k-2k,200-500
W000791,Republican,3047,10,0.0863144076140466,-0.13309464414561703,0.8352521929824561,304.8670504385965,2k-5k,200-500
S000663,Republican,212,2,0.1509433962264151,-0.01413486648780173,0.31176470588235294,113.79411764705883,200-500,<200/yr
E000294,Republican,4128,5,0.05135658914728682,-0.17403459988095968,2.3087248322147653,842.6845637583893,2k-5k,500-1k
J000308,Democrat,68,2,0.10294117647058823,-0.24091928040375102,0.10119047619047619,36.93452380952381,<200,<200/yr
M001156,Republican,574,5,0.2961672473867596,-0.04337904313547768,0.2427061310782241,88.5877378435518,500-1k,<200/yr
C001078,Democrat,799,4,0.3404255319148936,-0.00030209630613186196,0.5798258345428157,211.6364296081277,500-1k,200-500
M001159,Republican,438,3,0.3767123287671233,0.035725816002331386,0.1884681583476764,68.7908777969019,200-500,<200/yr
L000517,Republican,36,1,0.1111111111111111,-0.05334955523468281,0.9473684210526315,345.7894736842105,<200,200-500
B001283,Republican,1335,5,0.4314606741573034,0.2680845802772117,0.8061594202898551,294.2481884057971,1k-2k,200-500
T000477,Republican,242,2,0.024793388429752067,-0.251861990191967,0.3793103448275862,138.44827586206895,200-500,<200/yr
P000096,Democrat,1272,4,0.8026729559748428,0.46507657097033517,0.9769585253456221,356.58986175115206,1k-2k,200-500
S001202,Republican,200,2,0.105,-0.17081899499086653,1.0204081632653061,372.44897959183675,<200,200-500
S001159,Democrat,3852,6,0.17808930425752856,-0.1660304961160907,1.8717201166180757,683.1778425655976,2k-5k,500-1k
K000382,Democrat,7359,12,0.13153961136023917,-0.13298646735126968,1.6979695431472082,619.758883248731,5k-10k,500-1k
N000002,Democrat,10098,15,0.46098237274707865,0.1663804641481795,1.9528137690968865,712.7770257203636,10k-20k,500-1k
G000587,Democrat,11100,8,0.21504504504504504,-0.1029376002406596,3.981348637015782,1453.1922525107605,10k-20k,1k-2k
C001066,Democrat,12985,14,0.21101270696958027,-0.07401285694178761,2.7888745704467355,1017.9392182130584,10k-20k,1k-2k
C000141,Democrat,14034,14,0.23272053584152771,-0.0006798989512017134,2.760424862313139,1007.5550747442958,10k-20k,1k-2k
R000486,Democrat,9022,10,0.15262691199290623,-0.10680624413170446,2.606008087810514,951.1929520508377,5k-10k,500-1k
K000367,Democrat,14557,12,0.2957340111286666,-0.04824694675899633,3.2134657836644593,1172.9150110375276,10k-20k,1k-2k
L000592,Democrat,5349,4,0.3129556926528323,0.012574873606233506,4.083206106870229,1490.3702290076335,5k-10k,1k-2k
A000055,Republican,1493,10,0.34293369055592765,-0.0127088092313638,0.2722465353756382,99.36998541210794,1k-2k,<200/yr
D000216,Democrat,4677,10,0.37524053880692754,0.019275018258638886,1.235667107001321,451.01849405548217,2k-5k,200-500
N000191,Democrat,9214,8,0.153353592359453,-0.15973145081958398,3.3013256897169474,1204.9838767466858,5k-10k,1k-2k
F000462,Democrat,11441,14,0.2735774844856219,-0.003761375958698072,2.3173992303018025,845.8507190601579,10k-20k,500-1k
O000086,Republican,6849,6,0.37114907285735144,0.0077135555013491145,3.324757281553398,1213.5364077669901,5k-10k,1k-2k
C000059,Republican,2689,9,0.3941985868352547,0.02403890584425315,0.7665336374002281,279.78477765108323,2k-5k,200-500
T000461,Republican,5718,12,0.20339279468345575,-0.01032721621765347,1.3517730496453901,493.3971631205674,5k-10k,200-500
F000476,Democrat,4069,4,0.35487834848857214,-0.0284615258619287,3.0617005267118134,1117.5206922498119,2k-5k,1k-2k
D000634,Republican,1282,2,0.10998439937597504,-0.3105291942683612,2.1546218487394957,786.4369747899159,1k-2k,500-1k
K000404,Republican,492,2,0.036585365853658534,-0.38721551098755186,0.8586387434554974,313.40314136125653,200-500,200-500
F000475,Republican,1614,5,0.17596034696406443,-0.2054460265613751,1.116955017301038,407.6885813148789,1k-2k,200-500
P000620,Democrat,2746,4,0.3900218499635834,0.004507439024416376,2.0677710843373496,754.7364457831326,2k-5k,500-1k
M001238,Democrat,849,2,0.37220259128386335,-0.050732582998308295,1.426890756302521,520.8151260504202,500-1k,500-1k
H001103,Democrat,635,2,0.028346456692913385,-0.40345051811969407,1.0708263069139967,390.8516020236088,500-1k,200-500
B001326,Democrat,908,2,0.3766519823788546,-0.046074067946188006,1.523489932885906,556.0738255033557,500-1k,500-1k
S001231,Democrat,673,2,0.4338781575037147,-0.011459357176661696,1.2017857142857142,438.6517857142857,500-1k,200-500
S001229,Republican,849,2,0.10482921083627797,-0.31547679271103457,1.4341216216216217,523.4543918918919,500-1k,500-1k
K000394,Democrat,6696,8,0.15576463560334528,-0.16455545839902302,2.3991400931565745,875.6861340021497,5k-10k,500-1k
H001082,Republican,4002,9,0.4745127436281859,0.1304060740624107,1.4201561391057487,518.3569907735982,2k-5k,500-1k
P000614,Democrat,6893,8,0.22065863919918757,-0.1264579288052042,2.471495159555396,902.0957332377195,5k-10k,500-1k
S001168,Democrat,4710,12,0.25498938428874734,-0.032457478336666866,0.9949302915082383,363.149556400507,2k-5k,200-500
Y000033,Republican,3507,12,0.11405759908753921,-0.13940842552729227,0.8572476167196285,312.8953801026644,2k-5k,200-500
V000081,Democrat,3375,10,0.34874074074074074,0.005697987610435728,0.9233926128590971,337.03830369357047,2k-5k,200-500
L000588,Democrat,749,5,0.044058744993324434,-0.24940350033427,0.47555555555555556,173.57777777777778,500-1k,<200/yr
C001110,Democrat,2690,10,0.21226765799256506,-0.11174905394911755,0.7650739476678043,279.2519908987486,2k-5k,200-500
M001196,Democrat,3784,11,0.4186046511627907,0.07018862874457166,1.0163846360461992,370.9803921568627,2k-5k,200-500
S000364,Republican,7967,8,0.12865570478222668,-0.050570335881379255,3.0041478129713424,1096.51395173454,5k-10k,1k-2k
L000550,Democrat,1819,3,0.09730621220450797,-0.06441279636566705,1.7507218479307025,639.0134744947064,1k-2k,500-1k
J000255,Republican,2291,8,0.2802269751200349,0.07572940746550784,0.7864744249914177,287.0631651218675,2k-5k,200-500
B001323,Republican,526,2,0.10456273764258556,-0.326977167071243,0.8840336134453781,322.672268907563,500-1k,200-500
B001325,Republican,564,2,0.18085106382978725,-0.24373278075361682,0.9510961214165261,347.15008431703205,500-1k,200-500
B001231,Democrat,279,2,0.12544802867383512,-0.039454154042487505,0.3891213389121339,142.02928870292888,200-500,<200/yr
F000110,Democrat,176,2,0.20454545454545456,-0.22883337015574037,0.31095406360424027,113.4982332155477,<200,<200/yr
L000261,Democrat,570,4,0.08070175438596491,-0.0765251198122751,0.4068522483940043,148.50107066381156,500-1k,<200/yr
J000177,Democrat,1204,4,0.07059800664451828,-0.09315130382383288,0.8508833922261484,310.5724381625442,1k-2k,200-500
R000616,Democrat,1354,2,0.26661742983751846,-0.022345719927741176,1.8727524204702628,683.554633471646,1k-2k,500-1k
G000562,Republican,3442,6,0.1653108657757118,-0.07795427867323007,1.5905730129390019,580.5591497227357,2k-5k,500-1k
R000602,Democrat,3089,6,0.3107801877630301,0.08280196628510705,1.6395966029723992,598.4527600849257,2k-5k,500-1k
H001065,Republican,970,8,0.16804123711340208,-0.040105319217183126,0.33299004462753173,121.54136628904908,500-1k,<200/yr
A000374,Republican,1037,6,0.2227579556412729,-0.03211428029783569,0.5498409331919406,200.69194061505831,1k-2k,200-500
C001134,Democrat,968,2,0.08987603305785125,-0.25104435370392936,1.704225352112676,622.0422535211268,500-1k,500-1k
G000577,Republican,4232,10,0.11082230623818526,-0.12806871355294902,1.1904360056258791,434.5091420534459,2k-5k,200-500
Y000066,Republican,4090,4,0.05672371638141809,-0.14752134991987154,2.8226363008971704,1030.2622498274673,2k-5k,1k-2k
D000625,Republican,1976,4,0.11234817813765183,-0.1104818604418473,1.5719968178202068,573.7788385043755,1k-2k,500-1k
D000620,Democrat,4276,6,0.07764265668849392,-0.09867563136589726,2.0075117370892017,732.7417840375587,2k-5k,500-1k
S001197,Republican,854,5,0.30562060889929743,0.12930482055929274,0.4899598393574297,178.83534136546183,500-1k,<200/yr
J000298,Democrat,35264,10,0.42621370235934664,0.12054185340798805,10.015336552115876,3655.597841522295,20k+,2k-4k
K000381,Democrat,7545,12,0.07448641484426773,-0.20377840882248488,1.7352805887764489,633.3774149034039,5k-10k,500-1k
G000377,Republican,4037,14,0.11023036908595492,-0.15833648291588112,0.7935915077648908,289.66090033418516,2k-5k,200-500
F000446,Republican,5038,6,0.3179833267169512,-0.034236508353227925,2.4683978441940226,900.9652131308183,5k-10k,500-1k
P000449,Republican,19132,12,0.1644888145515367,-0.08999193898384758,4.517591499409681,1648.9208972845336,10k-20k,1k-2k
D000610,Democrat,11777,12,0.3562027681073278,0.10471986371681347,2.7815304676428907,1015.2586206896551,10k-20k,1k-2k
S000168,Republican,9181,6,0.21838579675416622,-0.1403767212239201,4.463296062226544,1629.1030627126884,5k-10k,1k-2k
W000822,Democrat,9045,9,0.3783305693753455,0.05996961045438296,2.889776357827476,1054.7683706070288,5k-10k,1k-2k
C001112,Democrat,8224,10,0.19382295719844359,-0.12200057521766362,2.3383565538811486,853.5001421666192,5k-10k,500-1k
L000551,Democrat,13740,14,0.3630276564774381,0.12240988649315027,2.7261904761904763,995.0595238095239,10k-20k,500-1k
R000599,Democrat,5439,10,0.1165655451369737,-0.20283002873760284,1.4566148901981788,531.6644349223353,5k-10k,500-1k
B001243,Republican,18966,12,0.5474533375514078,0.2070761276182547,4.30360789652825,1570.8168822328114,10k-20k,1k-2k
O000019,Republican,2711,6,0.19254887495389156,-0.1514156105613263,1.318579766536965,481.2816147859922,2k-5k,200-500
S001201,Democrat,5972,10,0.21064969859343605,-0.12137678457550469,1.771055753262159,646.435349940688,5k-10k,500-1k
J000305,Democrat,5068,6,0.3303078137332281,-0.02025001574374967,2.46138902379796,898.4069936862554,5k-10k,500-1k
J000301,Republican,4227,8,0.1547196593328602,-0.185454621052991,1.5161406025824964,553.3913199426112,2k-5k,500-1k
W000797,Democrat,13095,14,0.42084765177548683,0.10730829644877295,2.7401129943502824,1000.1412429378531,10k-20k,1k-2k
B001298,Republican,23831,10,0.29981956275439553,-0.03185351901613664,7.096783799880882,2590.326086956522,20k+,2k-4k
D000482,Democrat,3979,12,0.32872581050515204,0.0558650396181861,0.9399952752185211,343.0982754547602,2k-5k,200-500
G000546,Republican,5647,14,0.22773153887019656,-0.010975480736608855,1.1803929765886287,430.8434364548495,5k-10k,200-500
T000474,Democrat,5056,10,0.3338607594936709,-0.011347808231007698,1.4727643460530149,537.5589863093504,5k-10k,500-1k
C001090,Democrat,4174,12,0.17609008145663632,-0.06740271609414045,0.993100166547704,362.48156078991195,2k-5k,200-500
H001088,Republican,2981,4,0.2814491781281449,-0.009580677963184429,2.642730496453901,964.5966312056738,2k-5k,500-1k
D000631,Democrat,6387,8,0.2544230468138406,-0.06077926619598322,2.2908895265423244,836.1746771879484,5k-10k,500-1k
I000056,Republican,3930,10,0.6073791348600509,0.2604053774588053,0.7869443331998398,287.23468161794153,2k-5k,200-500
J000293,Republican,10725,16,0.32354312354312353,0.05235741339016375,1.8799298860648554,686.1744084136723,10k-20k,500-1k
F000465,Republican,1808,7,0.34126106194690264,0.038396193023915864,0.7874564459930313,287.42160278745644,1k-2k,200-500
S001183,Republican,7782,16,0.17360575687483937,-0.0790184345381919,1.3635885754336778,497.7098300332924,5k-10k,200-500
L000590,Democrat,10657,8,0.1915173125645116,-0.12847519687225528,3.8197132616487455,1394.195340501792,10k-20k,1k-2k
F000482,Republican,817,2,0.193390452876377,-0.221607078678026,1.373109243697479,501.1848739495798,500-1k,500-1k
K000399,Republican,3142,4,0.1718650541056652,-0.22088729927540404,2.369532428355958,864.8793363499246,2k-5k,500-1k
F000477,Democrat,2269,4,0.3662406346408109,-0.02169015069247793,1.7124528301886792,625.045283018868,2k-5k,500-1k
S001226,Democrat,3147,4,0.2726406101048618,-0.10475884782422229,2.3733031674208145,866.2556561085972,2k-5k,500-1k
G000604,Democrat,1839,2,0.3153887982599239,-0.11153669184554314,3.085570469798658,1126.2332214765102,1k-2k,1k-2k
L000595,Republican,2439,6,0.1943419434194342,-0.17545345943265736,1.2488479262672811,455.82949308755764,2k-5k,200-500
D000594,Republican,2015,4,0.18411910669975187,-0.1929747031125509,1.540519877675841,562.289755351682,2k-5k,500-1k
O000177,Republican,1421,2,0.3856439127375088,-0.03182577702760385,2.384228187919463,870.2432885906039,1k-2k,500-1k
G000605,Democrat,333,2,0.13213213213213212,-0.29904953222071734,0.5634517766497462,205.65989847715736,200-500,200-500
B001285,Democrat,5316,9,0.17513167795334839,-0.13715578477335943,1.9401459854014598,708.1532846715328,5k-10k,500-1k
D000623,Democrat,7432,12,0.29520990312163614,-0.005357963333025947,1.7536573855592261,640.0849457291175,5k-10k,500-1k
W000813,Republican,5461,10,0.17359457974729903,-0.04451142727313632,1.57286866359447,574.0970622119816,5k-10k,500-1k
G000560,Republican,4440,10,0.14504504504504503,-0.05897455167944476,1.2468407750631845,455.09688289806235,2k-5k,200-500
B001315,Democrat,1992,4,0.20933734939759036,-0.15999231221395602,1.5045317220543806,549.1540785498489,1k-2k,500-1k
C000542,Republican,3715,6,0.17496635262449528,0.022165892937972418,1.99838622915546,729.4109736417429,2k-5k,500-1k
M001165,Republican,612,7,0.5392156862745098,0.20089319382440649,0.20393202265911362,74.43518827057648,500-1k,<200/yr
B000711,Democrat,1873,6,0.3107314468766684,0.15335888721872498,0.8599632690541782,313.88659320477507,1k-2k,200-500
R000590,Republican,148,2,0.13513513513513514,-0.029435460006125704,0.26763110307414106,97.68535262206149,<200,<200/yr
B000213,Republican,1739,8,0.14951121334100057,-0.025649292993613605,0.6221824686940965,227.09660107334523,1k-2k,200-500
L000554,Republican,3827,8,0.11157564672066893,-0.08716121164108126,1.4920077972709551,544.5828460038986,2k-5k,500-1k
V000108,Democrat,1825,10,0.04986301369863014,-0.1306661866430487,0.5506940253470127,201.00331925165963,1k-2k,200-500
M001245,Democrat,188,1,0.2127659574468085,-0.1834101013561316,0.9641025641025641,351.8974358974359,<200,200-500
R000607,Republican,440,4,0.22727272727272727,-0.05669432287827838,0.38128249566724437,139.1681109185442,200-500,<200/yr
B001320,Democrat,686,2,0.13119533527696792,-0.20562323743188457,1.6372315035799523,597.5894988066826,500-1k,500-1k
F000464,Republican,966,2,0.11594202898550725,-0.1605591432947245,1.3472803347280335,491.75732217573227,500-1k,200-500
B001294,Republican,2551,4,0.07761662093296746,-0.13627540858209575,1.7605244996549345,642.5914423740511,2k-5k,500-1k
W000799,Democrat,2304,6,0.1831597222222222,-0.051675416267283864,1.193782383419689,435.7305699481865,2k-5k,200-500
B001302,Republican,27309,10,0.48112343915925154,0.16754402032164373,8.12042818911686,2963.956289027654,20k+,2k-4k
W000825,Democrat,5283,6,0.21465076660988075,-0.0874488371399521,2.4424410540915393,891.4909847434119,5k-10k,500-1k
T000468,Democrat,17967,14,0.19574775978182224,-0.077071115473505,3.620918984280532,1321.6354292623942,10k-20k,1k-2k
J000306,Democrat,1539,2,0.2871994801819363,-0.015684393620639746,2.6534482758620688,968.5086206896551,1k-2k,500-1k
L000491,Republican,3296,14,0.12135922330097088,-0.16612797277694147,0.673202614379085,245.71895424836603,2k-5k,200-500
D000622,Democrat,13250,11,0.3957735849056604,0.08554468065775402,3.2555282555282554,1188.2678132678132,10k-20k,1k-2k
M001185,Democrat,6953,10,0.2719689342729757,0.023355894556785387,2.006058857472591,732.2114829774957,5k-10k,500-1k
K000392,Republican,4363,9,0.20077928031171213,-0.12730760655335716,1.4165584415584416,517.0438311688312,2k-5k,500-1k
C000754,Democrat,6033,12,0.1873031659207691,-0.06797824291934355,1.4289436286120323,521.5644244433918,5k-10k,500-1k
H001086,Republican,3764,6,0.4298618490967056,0.07825197281830736,1.8298492950899368,667.8949927078269,2k-5k,500-1k
M001202,Democrat,4102,5,0.13164310092637738,-0.1585189771418718,2.8685314685314687,1047.0139860139861,2k-5k,1k-2k
P000609,Republican,3863,12,0.26274915868495985,-0.017801371917109485,0.9097974564295808,332.07607159679696,2k-5k,200-500
P000615,Republican,2146,6,0.18080149114631874,-0.1251648130761607,0.9953617810760668,363.30705009276437,2k-5k,200-500
W000187,Democrat,2796,15,0.5014306151645207,0.22809917811726854,0.5043290043290043,184.08008658008657,2k-5k,<200/yr
C001067,Democrat,10991,16,0.34155217905559093,0.05837997764506031,1.9323136427566807,705.2944796061885,10k-20k,500-1k
M001210,Republican,5536,8,0.39541184971098264,0.0629700548432414,2.1864139020537126,798.0410742496051,5k-10k,500-1k
G000574,Democrat,9031,11,0.42021924482338613,0.07953902113588068,2.5389373067191454,926.712116952488,5k-10k,500-1k
C001114,Republican,4763,8,0.11820281335292883,-0.17534250923784367,1.8569200779727095,677.775828460039,2k-5k,500-1k
G000553,Democrat,5086,16,0.26386158081006683,-0.033980407387676784,0.8958957195701955,327.0019376431214,5k-10k,200-500
V000138,Democrat,2039,2,0.4281510544384502,0.010031628076101428,3.4211409395973154,1248.71644295302,2k-5k,1k-2k
L000596,Republican,11236,4,0.39827340690637236,0.007460919236650377,8.44812030075188,3083.563909774436,10k-20k,2k-4k
K000405,Republican,1134,2,0.5696649029982364,0.15074288503351801,1.9090909090909092,696.8181818181819,1k-2k,500-1k
S001188,Republican,2057,8,0.28585318424890616,-0.008681182420121262,0.3667320377963986,133.8571937956855,2k-5k,<200/yr
G000601,Republican,507,2,0.28007889546351084,-0.15063385331203663,0.8666666666666667,316.33333333333337,500-1k,200-500
T000491,Democrat,610,2,0.3,-0.1119516578942219,1.0892857142857142,397.58928571428567,500-1k,200-500
H001098,Republican,1942,2,0.296086508753862,-0.11224781751737137,3.2420701168614356,1183.355592654424,1k-2k,1k-2k
M001203,Democrat,2557,4,0.1490027375831052,-0.14879294202068874,1.9548929663608563,713.5359327217126,2k-5k,500-1k
K000391,Democrat,4603,10,0.46404518792092114,0.1273979638362557,1.3618343195266271,497.0695266272189,2k-5k,200-500
W000795,Republican,6518,16,0.2888922982509972,-0.014591733789777198,1.168100358422939,426.35663082437276,5k-10k,200-500
T000483,Democrat,5370,6,0.16089385474860335,-0.14018999518483688,2.489568845618915,908.692628650904,5k-10k,500-1k
R000615,Republican,2753,6,0.22557210316018889,-0.08326577266855831,1.2727693018955155,464.5607951918632,2k-5k,200-500
B000668,Republican,1544,6,0.29015544041450775,-0.05557796119879643,0.7579774177712322,276.66175748649977,1k-2k,200-500
R000609,Republican,2815,9,0.28063943161634103,-0.04125368672790283,0.9157449577098243,334.2469095640859,2k-5k,200-500
F000470,Republican,3498,6,0.25929102344196686,-0.08879838290050923,1.703018500486855,621.601752677702,2k-5k,500-1k
B001301,Republican,2079,10,0.17893217893217894,-0.11645734819623647,0.591296928327645,215.82337883959045,2k-5k,200-500
T000488,Democrat,2595,4,0.5279383429672447,0.14306576521153852,1.9555388093443857,713.7716654107008,2k-5k,500-1k
F000479,Democrat,1843,4,0.34617471513836134,0.00020228358133044932,1.4155145929339479,516.662826420891,1k-2k,500-1k
H001100,Republican,1246,2,0.07865168539325842,-0.34563047584324813,2.0941176470588236,764.3529411764706,1k-2k,500-1k
R000621,Democrat,38,2,0.39473684210526316,-0.02885178104375944,0.07584830339321358,27.684630738522955,<200,<200/yr
N000179,Democrat,510,4,0.1784313725490196,-0.14764445854750627,0.38990825688073394,142.3165137614679,500-1k,<200/yr
F000461,Republican,11055,10,0.2317503392130258,0.005619550521416447,3.0606312292358804,1117.1303986710964,10k-20k,1k-2k
G000289,Republican,3950,8,0.14101265822784811,-0.03670979082438429,1.6089613034623218,587.2708757637474,2k-5k,500-1k
D000612,Republican,2851,8,0.07506138197123816,-0.11129626778977961,0.9909628084810567,361.7014250955857,2k-5k,200-500
J000290,Republican,4769,8,0.11386034808135878,-0.06437567944296756,1.6422176308539944,599.4094352617079,2k-5k,500-1k
J000285,Republican,248,2,0.08870967741935484,-0.07633828900421781,0.3974358974358974,145.06410256410257,200-500,<200/yr
C001093,Republican,5290,9,0.35992438563327034,0.1265792124722851,1.835530881332408,669.968771686329,5k-10k,500-1k
N000181,Republican,213,8,0.14084507042253522,-0.0684149367167207,0.06458459672528806,23.573377804730143,200-500,<200/yr
R000576,Democrat,764,3,0.14136125654450263,-0.19643457062790137,0.7586891757696127,276.9215491559086,500-1k,200-500
H000338,Republican,6994,7,0.1875893623105519,-0.02660845546169387,3.262126865671642,1190.6763059701493,5k-10k,1k-2k
B001297,Republican,2053,8,0.33317096931320017,0.09358407427759645,0.6102853745541023,222.7541617122473,2k-5k,200-500
H001059,Republican,3144,7,0.14917302798982188,-0.027207579449980354,1.4174932371505862,517.385031559964,2k-5k,500-1k
R000361,Democrat,1341,2,0.09097688292319164,-0.0709982164982882,1.9212034383954155,701.2392550143267,1k-2k,500-1k
W000413,Republican,898,6,0.10244988864142539,-0.04638190342711265,0.4517102615694165,164.87424547283703,500-1k,<200/yr
M001219,Republican,81,2,0.037037037037037035,-0.30855721839930456,0.15606936416184972,56.96531791907515,<200,<200/yr
T000250,Republican,8536,16,0.18064667291471415,-0.061853565918842286,1.5091937765205092,550.8557284299859,5k-10k,500-1k
H001091,Republican,8093,6,0.3433831706412949,-0.0033621330657513126,3.930548810101991,1434.6503156872268,5k-10k,1k-2k
C001108,Republican,4306,7,0.5636321411983279,0.21982960933425066,1.9214636323070058,701.3342257920572,2k-5k,500-1k
D000630,Democrat,4007,4,0.04392313451459945,-0.24946179434491336,3.234059725585149,1180.4317998385793,2k-5k,1k-2k
S001196,Republican,22850,12,0.43553610503282275,0.116947214082498,5.382803297997644,1964.7232037691401,20k+,1k-2k
P000617,Democrat,14400,8,0.3520138888888889,0.030773207192377375,5.1594410605517735,1883.1959871013973,10k-20k,1k-2k
D000629,Democrat,7372,8,0.11285946825827456,-0.22066458954079987,2.642293906810036,964.4372759856632,5k-10k,500-1k
S000148,Democrat,32281,16,0.4014125956444968,0.12328265042009505,5.661346895826026,2066.3916169764993,20k+,2k-4k
G000581,Democrat,4633,9,0.15842866393265703,-0.1671547459296866,1.5438187270909696,563.4938353882039,2k-5k,500-1k
O000172,Democrat,9627,8,0.39025657006336345,0.07543818859817962,3.449301325689717,1258.9949838767468,5k-10k,1k-2k
B001295,Republican,4154,12,0.17116032739528167,-0.13311874263149762,0.9787935909519322,357.2596606974553,2k-5k,200-500
T000486,Democrat,8590,6,0.39720605355064026,0.04927480155362851,4.178015564202335,1524.9756809338523,5k-10k,1k-2k
B001267,Democrat,13436,16,0.24292944328669247,-0.05760728649501251,2.353064798598949,858.8686514886164,10k-20k,500-1k
M001163,Democrat,2679,10,0.25905188503172827,-0.09193556713423491,0.7081681205392546,258.48136399682795,2k-5k,200-500
M001184,Republican,26768,14,0.3868424985056784,0.08027838660946676,5.4164305949008495,1976.99716713881,20k+,1k-2k
N000192,Democrat,2488,2,0.1989549839228296,-0.10446205829445745,4.267581475128645,1557.6672384219553,2k-5k,1k-2k
G000551,Democrat,8431,14,0.4458545842723283,0.18367286858962337,1.6639036905466746,607.3248470495363,5k-10k,500-1k
K000188,Democrat,2400,12,0.1225,-0.12118733854406737,0.5700712589073634,208.07600950118766,2k-5k,200-500
M001205,Republican,3647,8,0.20784206196874144,-0.11534216090238153,1.3085755292429135,477.63006817366346,2k-5k,200-500
F000468,Democrat,6705,8,0.14347501864280388,-0.18668790923356474,2.411003236245955,880.0161812297735,5k-10k,500-1k
C001056,Republican,15584,14,0.3422741273100616,0.008509814044122745,3.141935483870968,1146.8064516129032,10k-20k,1k-2k
B001287,Democrat,7660,14,0.18655352480417756,-0.09187487243283415,1.5518638573743921,566.4303079416532,5k-10k,500-1k
L000266,Republican,1845,4,0.46233062330623304,0.1413839097804539,1.3113006396588487,478.6247334754798,1k-2k,200-500
G000596,Republican,2996,4,0.6668891855807744,0.3428466205283187,2.0921787709497206,763.6452513966481,2k-5k,500-1k
C001103,Republican,4540,12,0.27004405286343613,-0.04321338876655498,1.0715128628746755,391.10219494925656,2k-5k,200-500
P000603,Republican,20298,16,0.38373238742733273,0.10521126784762376,3.554193661355279,1297.2806863946769,20k+,1k-2k
A000148,Democrat,2896,6,0.3083563535911602,-0.032596557004437775,1.4189122978931896,517.9029887310143,2k-5k,500-1k
M001199,Republican,11764,10,0.3765725943556613,0.0463910154947502,3.341096279466061,1219.5001420051121,10k-20k,1k-2k
B001314,Republican,1381,4,0.38160753077480086,-0.0068762224308586365,1.0672333848531685,389.5401854714065,1k-2k,200-500
H001099,Republican,668,2,0.20658682634730538,-0.20807922987812047,1.188612099644128,433.84341637010675,500-1k,200-500
M001226,Democrat,2882,4,0.2970159611380985,-0.0922009329538794,2.1685477802859294,791.5199398043642,2k-5k,500-1k
W000831,Democrat,519,2,0.5568400770712909,0.13820377424499855,1.5131195335276968,552.2886297376093,500-1k,500-1k
H001058,Republican,9704,16,0.24690849134377577,0.006055663239202614,1.70036796916068,620.6343087436481,5k-10k,500-1k
M001232,Democrat,1103,2,0.34088848594741616,-0.0837546031530099,1.853781512605042,676.6302521008404,1k-2k,500-1k
S001228,Republican,582,2,0.14604810996563575,-0.27211721252974347,1.0337477797513321,377.31793960923625,500-1k,200-500
K000376,Republican,1780,9,0.2662921348314607,-0.09245546720077517,0.574378831881252,209.648273636657,1k-2k,200-500
E000298,Republican,3852,10,0.25778816199376947,-0.06269482834227065,1.1339417132764205,413.8887253458935,2k-5k,200-500
C001118,Republican,5151,8,0.42710153368278003,0.08332099387847608,1.8468985299390464,674.1179634277519,5k-10k,500-1k
D000616,Republican,1203,9,0.38154613466334164,0.05154627730214818,0.38570054504648926,140.78069894196858,1k-2k,<200/yr
F000469,Republican,3764,8,0.26567481402763016,-0.06624477038044478,1.3505561535701471,492.95299605310373,2k-5k,200-500
L000397,Democrat,4386,15,0.32079343365253077,0.04356246113463459,0.7882818116462976,287.72286125089863,2k-5k,200-500
H001061,Republican,6372,15,0.06450094161958568,-0.21388679270127478,1.2518664047151278,456.93123772102166,5k-10k,200-500
S001230,Democrat,1247,2,0.3897353648757017,-0.04021257123022513,2.0887772194304857,762.4036850921273,1k-2k,500-1k
Y000063,Republican,7151,8,0.06166969654593763,-0.12605679882063958,2.4977296542088716,911.6713237862382,5k-10k,500-1k
G000535,Democrat,5520,8,0.29039855072463766,0.08746254476441193,1.929395316322964,704.2292904578819,5k-10k,500-1k
C001051,Republican,1252,9,0.36182108626198084,0.012334489650451488,0.4160850780990362,151.87105350614823,1k-2k,<200/yr
T000487,Democrat,1428,4,0.17366946778711484,-0.20299610716063046,1.0818181818181818,394.8636363636364,1k-2k,200-500
R000487,Republican,2727,8,0.15364869820315366,-0.019793366904714588,1.1071863580998782,404.1230207064555,2k-5k,200-500
R000586,Republican,2883,8,0.08047173083593478,-0.11317108286630825,1.16579053780833,425.51354630004045,2k-5k,200-500
S000248,Democrat,4267,10,0.1410827279118819,-0.06077683261309067,1.2817662961850405,467.8446981075398,2k-5k,200-500
D000613,Republican,2177,4,0.07533302710151585,-0.07910962211837602,1.1748515920129519,428.82083108472744,2k-5k,200-500
H001041,Republican,5454,8,0.08434176751008435,-0.09841089459167916,1.9839941797017098,724.157875591124,5k-10k,500-1k
M001201,Republican,1557,3,0.1926782273603083,-0.09318455986440417,1.7633069082672708,643.6070215175538,1k-2k,500-1k
W000810,Republican,1202,6,0.08985024958402663,-0.15018781721799968,0.6417512012813668,234.23918846769885,1k-2k,200-500
R000591,Republican,6467,9,0.15153858048554197,-0.045665676134362544,2.152796271637816,785.7706391478029,5k-10k,500-1k
H001069,Democrat,8455,6,0.0814902424600828,-0.10979829408349451,3.912540490513651,1428.0772790374826,5k-10k,1k-2k
D000604,Democrat,1998,8,0.08158158158158157,-0.09786927056464956,0.7505634861006761,273.9556724267468,1k-2k,200-500
O000170,Democrat,3150,6,0.07873015873015873,-0.0831084465149409,1.5403422982885087,562.2249388753056,2k-5k,500-1k
M001193,Republican,2101,4,0.07139457401237506,-0.12609164879595883,1.4827099505998589,541.1891319689485,2k-5k,500-1k
K000368,Democrat,1569,4,0.04461440407903123,-0.11103437764195136,1.1175213675213675,407.89529914529913,1k-2k,200-500
C001050,Democrat,79,2,0.05063291139240506,-0.11445538940225122,0.13435374149659865,49.03911564625851,<200,<200/yr
G000597,Republican,2253,6,0.2663115845539281,-0.0723692681405176,1.0990243902439025,401.14390243902443,2k-5k,200-500
S000510,Democrat,10236,16,0.24931613911684253,-0.048303294931261426,1.7935868231995795,654.6591904678465,10k-20k,500-1k
R000122,Democrat,8865,14,0.18364354201917654,-0.08820232306075154,1.7876588021778583,652.4954627949182,5k-10k,500-1k
P000616,Democrat,3824,6,0.26464435146443516,-0.03689864494969855,1.8287900526064085,667.5083692013391,2k-5k,500-1k
S001209,Democrat,7003,6,0.15579037555333428,-0.15017887898262994,3.237632917244568,1181.7360147942672,5k-10k,1k-2k
T000469,Democrat,13739,16,0.23531552514739065,-0.0005220936048538781,2.4065510597302504,878.3911368015414,10k-20k,500-1k
J000295,Republican,6830,14,0.12313323572474377,-0.13803332565492712,1.377016129032258,502.61088709677415,5k-10k,500-1k
M001166,Democrat,2307,12,0.1681837884698743,-0.05415158517778659,0.5882202957674656,214.70040795512494,2k-5k,200-500
S001184,Republican,14953,16,0.21587641275998126,-0.0548587843588408,2.6311807144114026,960.3809607601619,10k-20k,500-1k
M000194,Republican,27921,6,0.4330432291107052,0.04649503597343462,13.553883495145632,4947.167475728155,20k+,4k+
F000471,Republican,1963,6,0.42587875700458483,0.08339122658849449,0.966518956179222,352.77941900541606,1k-2k,200-500
B001311,Republican,4002,6,0.552223888055972,0.24433399823129534,2.1074249605055293,769.2101105845182,2k-5k,500-1k
B001296,Democrat,14515,12,0.3052704099207716,0.022645686152372464,3.4185115402731983,1247.7567121997174,10k-20k,1k-2k
H001084,Republican,1652,2,0.461864406779661,0.15395377858060835,2.8336192109777016,1034.2710120068612,1k-2k,1k-2k
C001054,Republican,1482,4,0.36707152496626183,0.04877443056234171,1.0518097941802698,383.9105748757985,1k-2k,200-500
H001089,Republican,14030,8,0.5193157519600855,0.18621765327048573,5.026872088857041,1834.80831243282,10k-20k,1k-2k
G000563,Republican,3746,12,0.2637479978643887,0.05421567917744948,0.8851606805293005,323.08364839319466,2k-5k,200-500
M001213,Republican,2530,6,0.10790513833992095,-0.23589549516920308,1.2305447470817121,449.1488326848249,2k-5k,200-500
F000483,Democrat,879,2,0.42889647326507396,0.010204064680710006,1.512908777969019,552.2117039586919,500-1k,500-1k
K000401,Independent,3132,4,0.5648148148148148,0.18485895923479626,2.358433734939759,860.8283132530121,2k-5k,500-1k
M001242,Republican,907,2,0.6085997794928335,0.185899146694078,1.5218120805369129,555.4614093959732,500-1k,500-1k
M001240,Republican,994,2,0.3038229376257545,-0.10373102945995158,1.6847457627118645,614.9322033898305,500-1k,500-1k
B001327,Republican,597,2,0.09212730318257957,-0.33346199767057183,1.0547703180212014,384.9911660777385,500-1k,200-500
M001228,Republican,896,4,0.11272321428571429,-0.2842731296697333,0.891542288557214,325.41293532338307,500-1k,200-500
L000603,Republican,1712,4,0.2610981308411215,-0.12159846768245376,1.295987887963664,473.0355791067373,1k-2k,200-500
T000480,Republican,3960,8,0.28585858585858587,-0.05114936052796372,1.4203730272596844,518.4361549497849,2k-5k,500-1k
S001176,Republican,3639,12,0.6471558120362737,0.3139798497805077,0.9124874623871615,333.05792377131394,2k-5k,200-500
S001198,Republican,5433,12,0.2473771397018222,-0.037997712400916095,1.281065786371139,467.5890120254657,5k-10k,200-500
S001225,Democrat,1942,4,0.16065911431513905,-0.22255572797654252,1.4712121212121212,536.9924242424242,1k-2k,500-1k
C000567,Republican,1668,7,0.1528776978417266,-0.017778578599928,0.7676023930050622,280.1748734468477,1k-2k,200-500
K000363,Republican,2455,6,0.1470468431771894,-0.014118163692931346,1.1696045736064793,426.9056693663649,2k-5k,200-500
H001051,Republican,2615,6,0.08221797323135756,-0.07776088053855017,1.2440532825880115,454.0794481446242,2k-5k,200-500
G000607,Republican,216,1,0.4583333333333333,0.06215727453039319,2.958904109589041,1080.0,200-500,1k-2k
B001279,Democrat,1844,3,0.04067245119305857,-0.11806896782305365,2.019715224534502,737.1960569550931,1k-2k,500-1k
S001155,Republican,317,2,0.17665615141955837,0.011594270174356328,0.5179738562091504,189.06045751633988,200-500,<200/yr
W000819,Republican,4396,6,0.1737943585077343,-0.07614471926287197,2.3173431734317345,845.830258302583,2k-5k,500-1k
B001308,Democrat,2359,2,0.11403136922424756,-0.17423917943370368,3.2448418156808803,1184.3672627235212,2k-5k,1k-2k
W000824,Republican,868,2,0.12442396313364056,-0.16850353215048786,1.28023598820059,467.2861356932154,500-1k,200-500
G000061,Republican,318,2,0.3050314465408805,-0.03142442436992505,0.5264900662251656,192.16887417218544,200-500,<200/yr
D000607,Democrat,5370,7,0.044878957169459964,-0.15746141726009577,2.136038186157518,779.653937947494,5k-10k,500-1k
P000612,Republican,3633,5,0.17120836774015966,-0.04917065314578767,2.0149750415973378,735.4658901830283,2k-5k,500-1k
L000580,Democrat,4378,6,0.1667428049337597,-0.03867890812669711,2.0553990610328636,750.2206572769952,2k-5k,500-1k
D000621,Republican,1990,6,0.2793969849246231,0.09672746786471781,0.9759686120647376,356.2285434036292,1k-2k,200-500
