src,dst,n,anger,sp,dp,cross
T000469,K000382,3,0.4717317248384158,Democrat,Democrat,False
S001205,U000040,22,0.1605433027937331,Democrat,Democrat,False
J000298,O000173,35,0.3570620740098613,Democrat,Democrat,False
H001091,F000446,6,0.3932057737062375,Republican,Republican,False
N000191,H000273,3,0.02262463327497244,Democrat,Democrat,False
C001095,B001236,47,0.13327923633078945,Republican,Republican,False
J000298,S000033,28,0.36934021511115134,Democrat,Independent,False
J000298,P000607,36,0.46160310035985375,Democrat,Democrat,False
F000454,K000385,16,0.2526846143009607,Democrat,Democrat,False
P000607,B001230,97,0.23640113312405409,Democrat,Democrat,False
R000584,C000880,149,0.17043584923966218,Republican,Republican,False
M001176,B001230,21,0.5059389719029977,Democrat,Democrat,False
N000015,P000197,19,0.3401005003895414,Democrat,Democrat,False
M001202,G000582,26,0.0601740234101621,Democrat,Republican,True
L000560,B001292,8,0.371466938406229,Democrat,Democrat,False
G000597,S001196,12,0.2517695807230969,Republican,Republican,False
S001168,S001193,3,0.32615856764217216,Democrat,Democrat,False
S001168,G000586,3,0.3959036096930504,Democrat,Democrat,False
P000145,W000817,14,0.4111734192286219,Democrat,Democrat,False
B001299,W000795,5,0.5629972435534001,Republican,Republican,False
S001205,C001101,134,0.3991705652694704,Democrat,Democrat,False
M000087,N000191,5,0.6897891670465469,Democrat,Democrat,False
G000586,G000551,37,0.527236792510627,Democrat,Democrat,False
E000296,K000380,8,0.34296525560785085,Democrat,Democrat,False
F000454,U000040,43,0.2799303357294479,Democrat,Democrat,False
G000586,T000472,13,0.16473086880376706,Democrat,Democrat,False
R000609,S001176,5,0.7844759583473205,Republican,Republican,False
G000565,R000103,5,0.4184303544461727,Republican,Republican,False
D000610,N000191,6,0.627051611430943,Democrat,Democrat,False
S001168,M001143,4,0.28391613997519016,Democrat,Democrat,False
B001302,F000469,7,0.29221112972923685,Republican,Republican,False
W000826,C001121,7,0.435466398618051,Democrat,Democrat,False
P000145,F000062,12,0.2640737422431509,Democrat,Democrat,False
M001176,B000944,13,0.5659779166946044,Democrat,Democrat,False
S000148,W000790,6,0.3771079950965941,Democrat,Democrat,False
B000944,M001176,6,0.4175250877936681,Democrat,Democrat,False
S001183,B000755,6,0.1155506328990062,Republican,Republican,False
S001205,M001208,18,0.2707050999419557,Democrat,Democrat,False
B001261,T000250,25,0.6093570120632649,Republican,Republican,False
B001281,L000581,18,0.2437903308827016,Democrat,Democrat,False
B001302,M001190,17,0.8570874701527988,Republican,Republican,False
E000296,D000622,5,0.7622832775115966,Democrat,Democrat,False
B001305,T000476,12,0.23061644448898733,Republican,Republican,False
M000087,N000147,26,0.12715773223541105,Democrat,Democrat,False
V000131,A000376,9,0.027467080702384312,Democrat,Democrat,False
S001190,K000385,4,0.09620982292108238,Democrat,Democrat,False
J000301,A000377,4,0.12749309092760086,Republican,Republican,False
W000822,K000385,10,0.23655445016920568,Democrat,Democrat,False
U000031,D000197,46,0.026454426591163097,Republican,Democrat,True
S001205,J000306,7,0.2845410050026008,Democrat,Democrat,False
T000481,L000592,9,0.19924101274874476,Democrat,Democrat,False
K000382,M001208,4,0.3390286380890757,Democrat,Democrat,False
T000472,C001080,8,0.5267017513979226,Democrat,Democrat,False
E000296,S000185,22,0.23590785832228986,Democrat,Democrat,False
P000607,M000312,22,0.5593486856669188,Democrat,Democrat,False
U000040,D000216,5,0.41465913578867913,Democrat,Democrat,False
D000615,L000577,3,0.5048132638136545,Republican,Republican,False
S000148,W000779,24,0.7512258533388376,Democrat,Democrat,False
F000454,C001101,37,0.38893679559633537,Democrat,Democrat,False
N000191,B001267,47,0.1942103273889169,Democrat,Democrat,False
W000797,D000197,7,0.29064286526824745,Democrat,Democrat,False
S001185,B001286,5,0.08504022154957055,Democrat,Democrat,False
C001054,G000577,3,0.21645453572273254,Republican,Republican,False
E000296,A000370,12,0.21816392537827292,Democrat,Democrat,False
H001082,B001299,14,0.4816886028274894,Republican,Republican,False
G000587,P000197,102,0.31243879017511417,Democrat,Democrat,False
J000298,C001080,14,0.5465208773634264,Democrat,Democrat,False
F000466,G000583,6,0.3830146148490409,Republican,Democrat,True
W000822,D000624,4,0.5899750776588917,Democrat,Democrat,False
R000515,R000486,3,0.26158332855751115,Democrat,Democrat,False
W000797,R000486,4,0.18546526064164937,Democrat,Democrat,False
G000585,R000515,3,0.13128645345568657,Democrat,Democrat,False
K000389,L000551,22,0.43077573006634007,Democrat,Democrat,False
P000607,T000472,11,0.4442576633935625,Democrat,Democrat,False
G000565,G000552,11,0.3094925670461221,Republican,Republican,False
H001084,S001212,9,0.44480447802278733,Republican,Republican,False
M001211,J000289,34,0.4810898040476091,Republican,Republican,False
S000770,S001215,4,0.0355621250346303,Democrat,Democrat,False
B001310,C001095,5,0.5911184787750244,Republican,Republican,False
M001212,C001104,5,0.21011290550231934,Republican,Republican,False
M000087,P000034,8,0.25909919379046187,Democrat,Democrat,False
L000590,H001066,17,0.1087295450270176,Democrat,Democrat,False
M000133,M001196,5,0.14460281543433667,Democrat,Democrat,False
L000571,S001184,16,0.3852950173895806,Republican,Republican,False
C000127,M001111,9,0.1985452909850412,Democrat,Democrat,False
F000470,S001212,8,0.30644335271790624,Republican,Republican,False
F000462,D000610,37,0.3665701810245377,Democrat,Democrat,False
K000382,C001101,8,0.4742068205960095,Democrat,Democrat,False
T000486,S001200,3,0.309121564651529,Democrat,Democrat,False
B001302,B001297,34,0.5997288308982902,Republican,Republican,False
S000033,O000173,10,0.39560008263215424,Independent,Democrat,False
D000631,J000294,20,0.4508341672830284,Democrat,Democrat,False
C001038,S000248,5,0.01639182083308697,Democrat,Democrat,False
M001185,P000197,10,0.2521929287351668,Democrat,Democrat,False
L000592,L000551,5,0.27190863247960806,Democrat,Democrat,False
M001176,C001070,6,0.2778590554371476,Democrat,Democrat,False
B000944,P000449,4,0.05864443862810731,Democrat,Republican,True
J000299,B001307,3,0.36352035651604336,Republican,Republican,False
M000639,P000096,37,0.39807413450467427,Democrat,Democrat,False
G000591,H001079,12,0.17823194533896944,Republican,Republican,False
C001069,L000557,16,0.2146440136129968,Democrat,Democrat,False
H001068,R000606,5,0.7014267168939113,Democrat,Democrat,False
N000147,V000128,3,0.6365556046366692,Democrat,Democrat,False
H001082,M001210,4,0.25773986033163965,Republican,Republican,False
P000610,M001169,3,0.9141871333122253,Democrat,Democrat,False
H001082,W000795,16,0.49823255836963654,Republican,Republican,False
B000740,L000575,7,0.3791308752926333,Republican,Republican,False
O000173,M000312,8,0.6897691302001476,Democrat,Democrat,False
W000822,C001101,33,0.3628104792089399,Democrat,Democrat,False
W000815,L000585,5,0.21741887629032136,Republican,Republican,False
C001104,B000825,3,0.9428333640098572,Republican,Republican,False
H001086,B000825,3,0.4505794644355774,Republican,Republican,False
W000815,C001103,7,0.08191376312502793,Republican,Republican,False
W000790,O000174,8,0.1127463118173182,Democrat,Democrat,False
W000817,S001203,19,0.22603407423747213,Democrat,Democrat,False
H001058,S000364,3,0.06484285369515419,Republican,Republican,False
P000607,G000551,11,0.4867900449951941,Democrat,Democrat,False
N000190,J000289,16,0.39352120680268854,Republican,Republican,False
C001117,C001121,10,0.34428513403981925,Democrat,Democrat,False
H000273,D000622,4,0.6574150510132313,Democrat,Democrat,False
C000174,D000622,14,0.4733519723106708,Democrat,Democrat,False
F000462,S001193,7,0.5648803640423077,Democrat,Democrat,False
P000048,M001157,13,0.30226603150367737,Republican,Republican,False
B000740,L000491,4,0.0649395992513746,Republican,Republican,False
F000461,S001176,120,0.6803487539601822,Republican,Republican,False
G000552,B001302,15,0.5226515658199787,Republican,Republican,False
C001080,P000197,8,0.3690068449359387,Democrat,Democrat,False
B001230,D000563,7,0.2868843939421432,Democrat,Democrat,False
H001068,S001156,4,0.4864657027646899,Democrat,Democrat,False
L000174,D000563,54,0.45372145155582716,Democrat,Democrat,False
N000191,S001185,3,0.6861664652824402,Democrat,Democrat,False
B001302,K000392,5,0.5088829644024372,Republican,Republican,False
D000610,J000288,5,0.6076360605657101,Democrat,Democrat,False
S001168,J000298,4,0.38629494048655033,Democrat,Democrat,False
B001302,C001115,11,0.6337286491285671,Republican,Republican,False
L000570,H001080,12,0.14409228189227483,Democrat,Democrat,False
M001187,B001274,3,0.02187280636280775,Republican,Republican,False
D000610,C001112,3,0.21172896524270376,Democrat,Democrat,False
L000579,P000197,5,0.5818701036274433,Democrat,Democrat,False
T000480,S001176,7,0.6994835541450551,Republican,Republican,False
T000483,L000591,3,0.1969053465873003,Democrat,Democrat,False
G000585,L000287,5,0.44291387125849724,Democrat,Democrat,False
W000822,M001203,3,0.18302098910013834,Democrat,Democrat,False
B001302,B001295,7,0.8803662061691284,Republican,Republican,False
G000586,M000312,16,0.5248758541420102,Democrat,Democrat,False
K000385,E000179,3,0.5375532607237498,Democrat,Democrat,False
S001168,K000381,7,0.29150050239903585,Democrat,Democrat,False
C001066,R000515,3,0.8208166360855103,Democrat,Democrat,False
D000610,S001205,8,0.19450681720627472,Democrat,Democrat,False
S001205,K000385,4,0.8370213285088539,Democrat,Democrat,False
G000579,R000610,3,0.0868214579919974,Republican,Republican,False
M000133,M000312,21,0.2826266061692011,Democrat,Democrat,False
L000570,S001185,6,0.37955007950464886,Democrat,Democrat,False
C001067,W000822,10,0.3331362714059651,Democrat,Democrat,False
M000087,S001145,9,0.25771039796786177,Democrat,Democrat,False
R000515,C001117,10,0.4195168886333704,Democrat,Democrat,False
N000191,E000299,10,0.11614985573105514,Democrat,Democrat,False
F000454,M001208,8,0.15858908841619268,Democrat,Democrat,False
R000588,F000455,3,0.5817716121673584,Democrat,Democrat,False
D000622,H001042,7,0.45579397512067643,Democrat,Democrat,False
C001066,C001121,3,0.3245248415817817,Democrat,Democrat,False
B001298,W000823,5,0.07715828362852335,Republican,Republican,False
R000608,D000563,4,0.5139101147651672,Democrat,Democrat,False
T000468,L000590,3,0.3295550278077523,Democrat,Democrat,False
S001206,D000627,13,0.4034538489694779,Democrat,Democrat,False
W000817,H001075,9,0.5507894179059399,Democrat,Democrat,False
W000797,S001150,4,0.8368797898292542,Democrat,Democrat,False
R000515,S001150,5,0.8509746432304383,Democrat,Democrat,False
B001302,G000591,5,0.8350510120391845,Republican,Republican,False
F000461,R000610,13,0.7076931263391788,Republican,Republican,False
N000002,J000298,38,0.5279241550689269,Democrat,Democrat,False
M001187,G000565,13,0.5531234898819373,Republican,Republican,False
R000606,J000298,5,0.490931348502636,Democrat,Democrat,False
E000179,J000294,3,0.5582287510236105,Democrat,Democrat,False
D000627,S001200,10,0.1699499972164631,Democrat,Democrat,False
S000033,P000607,7,0.4728791740323816,Independent,Democrat,False
O000173,C001072,5,0.3245521916076541,Democrat,Democrat,False
B001281,A000370,9,0.14085810052023995,Democrat,Democrat,False
G000586,W000826,6,0.2347320904955268,Democrat,Democrat,False
M001137,A000370,3,0.02123029964665572,Democrat,Democrat,False
G000565,L000589,10,0.20572416689246892,Republican,Republican,False
A000377,C001118,4,0.26187689177459106,Republican,Republican,False
P000197,W000797,5,0.579513094201684,Democrat,Democrat,False
A000377,Z000017,8,0.5029440957587212,Republican,Republican,False
L000551,S001150,7,0.5936500664268222,Democrat,Democrat,False
J000299,S001214,4,0.7592465132474899,Republican,Republican,False
C001114,M001209,4,0.13392046792432666,Republican,Democrat,True
F000062,C001112,3,0.016251407253245514,Democrat,Democrat,False
M001187,B001243,3,0.37542348106702167,Republican,Republican,False
E000298,B000755,6,0.27649332117289305,Republican,Republican,False
L000585,F000465,3,0.0735677843913436,Republican,Republican,False
M001184,P000597,5,0.1082061368972063,Republican,Democrat,True
M001229,N000188,3,0.6454369773467382,Democrat,Democrat,False
W000822,H001081,3,0.4163813122237722,Democrat,Democrat,False
C001131,O000173,3,0.6824665168921152,Democrat,Democrat,False
L000570,H000273,8,0.7240727255120873,Democrat,Democrat,False
E000299,M000312,3,0.768607497215271,Democrat,Democrat,False
H001042,M001111,13,0.7854495552869943,Democrat,Democrat,False
L000571,C001098,5,0.7654327929019928,Republican,Republican,False
L000607,L000397,3,0.34273918097217876,Democrat,Democrat,False
L000570,P000145,14,0.49223622939150247,Democrat,Democrat,False
H001042,C001113,3,0.5620045761267344,Democrat,Democrat,False
L000570,K000377,8,0.6039180918596685,Democrat,Democrat,False
S001148,D000600,11,0.5920173204080625,Republican,Republican,False
W000808,F000462,29,0.23115371874180332,Democrat,Democrat,False
F000459,S001176,19,0.5123080244091781,Republican,Republican,False
G000555,K000377,9,0.5584654409645332,Democrat,Democrat,False
L000582,G000599,4,0.8044039607048035,Democrat,Democrat,False
M001215,G000593,4,0.3748549232259393,Republican,Republican,False
D000635,J000294,9,0.823489596032434,Democrat,Democrat,False
K000385,Q000023,10,0.610313706099987,Democrat,Democrat,False
K000367,H001042,6,0.8097927868366241,Democrat,Democrat,False
S001194,S001150,3,0.6095983783404032,Democrat,Democrat,False
T000482,P000617,9,0.12589243644227585,Democrat,Democrat,False
F000466,G000592,4,0.19535047933459282,Republican,Democrat,True
W000805,W000790,3,0.5117190976937612,Democrat,Democrat,False
D000530,C001121,4,0.7457557916641235,Democrat,Democrat,False
N000188,P000607,3,0.5416572379569212,Democrat,Democrat,False
U000031,S001196,5,0.023146812804043293,Republican,Republican,False
G000574,P000614,3,0.43265551204482716,Democrat,Democrat,False
F000454,O000172,4,0.4155164316762239,Democrat,Democrat,False
S001194,K000394,4,0.5249324291944504,Democrat,Democrat,False
M001234,S001203,4,0.7616707757115364,Democrat,Democrat,False
S001181,B001230,3,0.3533535848061244,Democrat,Democrat,False
S001200,M001207,8,0.1325982885900885,Democrat,Democrat,False
D000627,M001185,3,0.3499053691824277,Democrat,Democrat,False
T000480,R000610,4,0.37321436731144786,Republican,Republican,False
W000802,D000399,3,0.529830813407898,Democrat,Democrat,False
M000133,C001070,6,0.3175104608138402,Democrat,Democrat,False
R000616,P000616,3,0.3587588282922904,Democrat,Democrat,False
E000299,G000551,7,0.4756441838773234,Democrat,Democrat,False
W000797,M001207,10,0.18728857822716236,Democrat,Democrat,False
C001061,M001163,4,0.04414100432768464,Democrat,Democrat,False
F000461,W000791,4,0.6575837694108486,Republican,Republican,False
W000817,K000389,6,0.26368137697378796,Democrat,Democrat,False
H001053,S001196,5,0.5472911385819316,Republican,Republican,False
H001080,O000173,3,0.5686270395914713,Democrat,Democrat,False
T000461,C001070,3,0.06831830025961001,Republican,Democrat,True
H000874,R000606,3,0.21777585769693056,Democrat,Democrat,False
E000296,M001185,3,0.6069507946570715,Democrat,Democrat,False
A000375,B001299,10,0.6284312484785914,Republican,Republican,False
M001160,S001156,4,0.533344704657793,Democrat,Democrat,False
T000250,C001096,3,0.9609692295392355,Republican,Republican,False
B001278,E000297,5,0.3153886405751109,Democrat,Democrat,False
R000606,D000610,9,0.3749756339109606,Democrat,Democrat,False
E000296,W000822,12,0.5353257927733163,Democrat,Democrat,False
F000455,H001075,3,0.14737799701591334,Democrat,Democrat,False
G000586,S001175,5,0.4034050054848194,Democrat,Democrat,False
R000608,C001096,3,0.22754446029042205,Democrat,Republican,True
S000770,S001181,3,0.024759228186060984,Democrat,Democrat,False
B001298,B000755,4,0.4385559055954218,Republican,Republican,False
B001298,P000613,6,0.11376265979682405,Republican,Democrat,True
P000523,V000128,3,0.2760063211123149,Democrat,Democrat,False
L000564,B001297,5,0.12476487830281258,Republican,Republican,False
M001180,C001047,19,0.0669117055245136,Republican,Republican,False
M000312,T000460,6,0.5503384823290011,Democrat,Democrat,False
N000191,S000510,3,0.01702121552079916,Democrat,Democrat,False
L000591,M001200,4,0.022873507579788566,Democrat,Democrat,False
S001207,M000639,3,0.37881603340307873,Democrat,Democrat,False
R000515,D000482,3,0.6867322524388632,Democrat,Democrat,False
B001281,W000822,10,0.17050143433734774,Democrat,Democrat,False
V000132,G000581,4,0.03674845700152218,Democrat,Democrat,False
J000298,M001111,26,0.30142437680982626,Democrat,Democrat,False
E000299,S001175,11,0.5876588567414067,Democrat,Democrat,False
S001184,M000355,6,0.2980766681333383,Republican,Republican,False
S001190,M001208,3,0.1362930154427886,Democrat,Democrat,False
S001165,P000096,6,0.46454017392049235,Democrat,Democrat,False
R000606,C001091,8,0.6091873850673437,Democrat,Democrat,False
T000482,E000299,3,0.013487928857405981,Democrat,Democrat,False
N000002,S001193,11,0.6196841289373961,Democrat,Democrat,False
C001066,L000287,20,0.30831977697089313,Democrat,Democrat,False
C001117,K000391,12,0.1973985449100534,Democrat,Democrat,False
D000610,P000034,3,0.4324473358380298,Democrat,Democrat,False
K000380,L000287,6,0.24952799951036772,Democrat,Democrat,False
L000560,N000002,3,0.609810701260964,Democrat,Democrat,False
E000296,S001200,4,0.4555001992266625,Democrat,Democrat,False
S001206,S000148,3,0.3293150880684455,Democrat,Democrat,False
S001224,J000289,3,0.964867909749349,Republican,Republican,False
H001082,T000278,3,0.9605096777280172,Republican,Republican,False
S000185,K000384,4,0.12195870862342417,Democrat,Democrat,False
B001282,H001072,7,0.25982651753085,Republican,Republican,False
B000825,B001316,4,0.1444418728351593,Republican,Republican,False
B001319,C001098,3,0.22276924860974154,Republican,Republican,False
C001137,P000048,3,0.052763533778488636,Republican,Republican,False
E000215,S000364,3,0.12577345222234726,Democrat,Republican,True
L000557,S001156,7,0.3258571547589132,Democrat,Democrat,False
W000817,B001303,6,0.3455803291872144,Democrat,Democrat,False
G000565,G000596,15,0.3613662963112195,Republican,Republican,False
J000310,C001091,4,0.4091884926892817,Democrat,Democrat,False
B001303,B001230,6,0.7159512465198835,Democrat,Democrat,False
W000815,W000813,3,0.19292173410455385,Republican,Republican,False
C001117,R000515,7,0.35549465846270323,Democrat,Democrat,False
V000131,W000788,7,0.3518706980560507,Democrat,Democrat,False
O000086,C001114,3,0.05966706946492195,Republican,Republican,False
G000551,T000481,4,0.2514254483394325,Democrat,Democrat,False
L000571,T000461,14,0.31434014945157934,Republican,Republican,False
B001298,M001186,5,0.3310692936182022,Republican,Republican,False
C001104,G000595,10,0.4875034376978874,Republican,Republican,False
B001298,C001120,3,0.7344737450281779,Republican,Republican,False
E000296,M000687,5,0.28426004089415075,Democrat,Democrat,False
R000614,C001115,15,0.5996151660879453,Republican,Republican,False
B001311,J000299,12,0.7036439244014522,Republican,Republican,False
B001311,M001184,24,0.5960586668613056,Republican,Republican,False
C001070,G000555,5,0.25434863548725845,Democrat,Democrat,False
C001097,B001300,11,0.2871536464345726,Democrat,Democrat,False
M000312,J000294,9,0.4812599319136805,Democrat,Democrat,False
W000822,J000306,4,0.6382164359092712,Democrat,Democrat,False
L000560,A000376,5,0.04317219443619251,Democrat,Democrat,False
P000607,C001072,3,0.523748562981685,Democrat,Democrat,False
L000560,W000788,7,0.2547833090648055,Democrat,Democrat,False
S001185,W000808,15,0.21398501138513287,Democrat,Democrat,False
B001278,L000551,9,0.42728577378309435,Democrat,Democrat,False
L000592,L000582,4,0.04495918098837137,Democrat,Democrat,False
C001097,L000551,3,0.2788151620576779,Democrat,Democrat,False
L000557,L000273,4,0.28401142731308937,Democrat,Democrat,False
B001286,J000298,6,0.5156991130982836,Democrat,Democrat,False
D000631,T000460,9,0.15221632603141996,Democrat,Democrat,False
J000299,S001212,4,0.5006111869588494,Republican,Republican,False
H000874,F000454,4,0.3475954020395875,Democrat,Democrat,False
P000048,G000061,4,0.023735950235277414,Republican,Republican,False
B000825,L000577,3,0.5254729092121124,Republican,Republican,False
B001296,M001184,4,0.41472279094159603,Democrat,Republican,True
W000797,F000462,8,0.2911359313875437,Democrat,Democrat,False
P000605,D000032,4,0.5171206751838326,Republican,Republican,False
M001226,M001229,5,0.6424567058682442,Democrat,Democrat,False
B001292,J000298,19,0.39210688646294567,Democrat,Democrat,False
M000312,M000133,27,0.3763431341697772,Democrat,Democrat,False
B001292,N000015,5,0.5610252641141414,Democrat,Democrat,False
H001102,C001116,3,0.7298252781232198,Republican,Republican,False
H001104,S001232,6,0.6504989738265673,Republican,Republican,False
W000437,S001198,3,0.10703018928567569,Republican,Republican,False
P000617,W000797,3,0.45198532442251843,Democrat,Democrat,False
S000148,S001150,7,0.5469328143766948,Democrat,Democrat,False
W000802,A000380,6,0.28095324353004497,Democrat,Democrat,False
O000177,L000577,3,0.3642391323422392,Republican,Republican,False
M001235,S001227,3,0.4117229202141364,Republican,Republican,False
H000273,P000620,6,0.6656820227702459,Democrat,Democrat,False
L000596,C001132,19,0.3165631388853255,Republican,Republican,False
B001302,F000246,14,0.7319038198994738,Republican,Republican,False
R000614,B001297,11,0.4109375048428774,Republican,Republican,False
L000577,J000289,4,0.6588623039424419,Republican,Republican,False
W000802,P000595,4,0.6262898491695523,Democrat,Democrat,False
D000482,P000034,5,0.6419886365532875,Democrat,Democrat,False
R000305,G000586,3,0.03785736750190457,Democrat,Democrat,False
M001157,G000590,3,0.40242212017377216,Republican,Republican,False
W000822,O000172,5,0.5305764883756637,Democrat,Democrat,False
C001067,A000370,6,0.3025087195759018,Democrat,Democrat,False
P000048,L000564,3,0.8914084235827128,Republican,Republican,False
B001224,J000306,3,0.3616215654959281,Democrat,Democrat,False
C001097,L000582,4,0.4688255153596401,Democrat,Democrat,False
C001097,E000297,3,0.3225034972031911,Democrat,Democrat,False
A000377,T000483,4,0.2574280579574406,Republican,Democrat,True
C001117,W000802,19,0.5926656466173498,Democrat,Democrat,False
C001090,H001066,4,0.019289411837235093,Democrat,Democrat,False
C001117,M000087,7,0.275799997150898,Democrat,Democrat,False
C001066,M000087,3,0.3522806478043397,Democrat,Democrat,False
K000397,S000168,5,0.03668970447033644,Republican,Republican,False
D000191,T000468,3,0.5192607684681813,Democrat,Democrat,False
S001193,P000096,4,0.8773745745420456,Democrat,Democrat,False
T000464,W000805,5,0.4031287679448724,Democrat,Democrat,False
W000826,P000616,3,0.598247442394495,Democrat,Democrat,False
S001209,W000805,4,0.25483975862152874,Democrat,Democrat,False
C001117,S001190,4,0.26589538948610425,Democrat,Democrat,False
O000086,W000798,3,0.38206765055656433,Republican,Republican,False
L000577,D000563,6,0.22939831111580133,Republican,Democrat,True
B001292,C001091,12,0.5967091651788602,Democrat,Democrat,False
L000570,H001046,6,0.10383494943380356,Democrat,Democrat,False
S001205,L000593,6,0.4993200882648428,Democrat,Democrat,False
B001292,D000399,6,0.8274570070207119,Democrat,Democrat,False
J000298,V000081,7,0.35903593538595097,Democrat,Democrat,False
S001214,C001093,3,0.269344637170434,Republican,Republican,False
L000596,B001309,41,0.34612916814299616,Republican,Republican,False
S000168,S000929,4,0.1281432982068509,Republican,Republican,False
M001212,S001196,11,0.5738253071904182,Republican,Republican,False
S001205,D000624,4,0.4422778682783246,Democrat,Democrat,False
T000480,A000378,3,0.02636497374624014,Republican,Democrat,True
H001066,K000385,3,0.18662917986512184,Democrat,Democrat,False
B001299,D000626,3,0.3661758440236251,Republican,Republican,False
S001159,P000197,4,0.08466565096750855,Democrat,Democrat,False
C001063,J000294,3,0.6087464094161987,Democrat,Democrat,False
W000815,L000566,3,0.3424783516675234,Republican,Republican,False
P000048,T000250,6,0.16982120461761951,Republican,Republican,False
F000454,T000482,3,0.39815204466382664,Democrat,Democrat,False
M001215,F000470,3,0.5020476666589578,Republican,Republican,False
W000822,U000040,4,0.5155689138919115,Democrat,Democrat,False
B000755,C001056,3,0.25812945514917374,Republican,Republican,False
G000559,L000579,8,0.2529234813991934,Democrat,Democrat,False
B000711,G000555,9,0.25702977573706043,Democrat,Democrat,False
B001283,M001184,12,0.4065779020699362,Republican,Republican,False
C000542,W000813,3,0.028170689319570858,Republican,Republican,False
G000559,M001163,8,0.057392472052015364,Democrat,Democrat,False
P000593,T000460,6,0.5400939186414083,Democrat,Democrat,False
H001069,H001061,8,0.04608116520103067,Democrat,Republican,True
G000546,H001051,74,0.19360998902167822,Republican,Republican,False
S000033,R000146,11,0.4394166576252742,Independent,Democrat,False
S001175,G000555,4,0.4475238583981991,Democrat,Democrat,False
H001066,A000369,4,0.19587058597244322,Democrat,Republican,True
G000559,S001145,4,0.07024760195054114,Democrat,Democrat,False
B000213,B001243,3,0.6629782939950625,Republican,Republican,False
R000577,J000295,5,0.035068629682064055,Democrat,Republican,True
B001273,P000591,3,0.27916020962099236,Republican,Republican,False
C001038,M000312,6,0.6924140664438406,Democrat,Democrat,False
E000293,D000216,12,0.21777007007040083,Democrat,Democrat,False
M001183,R000361,6,0.24345916773503026,Democrat,Democrat,False
C001098,B001291,4,0.23935672920197248,Republican,Republican,False
D000610,W000808,3,0.22299440205097198,Democrat,Democrat,False
H001087,R000616,3,0.3818918528656165,Democrat,Democrat,False
B001270,L000582,5,0.20403005760163068,Democrat,Democrat,False
P000523,T000460,4,0.6666033770889044,Democrat,Democrat,False
S001206,M000639,7,0.336007614753076,Democrat,Democrat,False
L000570,E000299,3,0.7699210246404012,Democrat,Democrat,False
D000624,L000592,3,0.283482080946366,Democrat,Democrat,False
R000515,D000197,5,0.8428685545921326,Democrat,Democrat,False
S001150,P000197,4,0.26282374444417655,Democrat,Democrat,False
T000469,B001278,3,0.34474467548231286,Democrat,Democrat,False
D000563,M001153,3,0.39523473754525185,Democrat,Republican,True
H001058,C001056,3,0.6159425179163615,Republican,Republican,False
E000296,L000581,5,0.23654761128127574,Democrat,Democrat,False
C001075,K000393,4,0.45795476995408535,Republican,Republican,False
S001205,T000482,4,0.4800438228994608,Democrat,Democrat,False
M001215,C001039,3,0.3381334686030944,Republican,Republican,False
C001066,D000216,10,0.39992531277239324,Democrat,Democrat,False
M000087,S001207,3,0.15393141532937685,Democrat,Democrat,False
J000126,B001281,4,0.25490290112793446,Democrat,Democrat,False
L000560,G000587,3,0.01989294650653998,Democrat,Democrat,False
J000298,D000191,4,0.6439430583268404,Democrat,Democrat,False
P000617,L000592,3,0.18298463771740595,Democrat,Democrat,False
C001097,D000627,4,0.05743302637711167,Democrat,Democrat,False
C000714,N000127,3,0.786988228559494,Democrat,Democrat,False
K000380,W000798,3,0.19456084507207075,Democrat,Republican,True
T000472,R000146,3,0.6802568038304647,Democrat,Democrat,False
B001273,B001243,4,0.33766546263359487,Republican,Republican,False
P000608,V000130,3,0.02587731834501028,Democrat,Democrat,False
M000639,G000555,3,0.4800375076010823,Democrat,Democrat,False
L000551,R000486,4,0.07616527751088142,Democrat,Democrat,False
O000170,P000588,3,0.06166520776847998,Democrat,Republican,True
J000126,S001185,5,0.4013286031782627,Democrat,Democrat,False
B000755,S000364,4,0.14010111847892404,Republican,Republican,False
B000711,M000702,6,0.3933675878991683,Democrat,Democrat,False
S000033,M001111,6,0.08719596949716409,Independent,Democrat,False
J000298,M001200,7,0.31031889095902443,Democrat,Democrat,False
G000559,B001286,4,0.07791249011643231,Democrat,Democrat,False
C001070,T000461,3,0.1495340826610724,Democrat,Republican,True
F000462,J000298,4,0.5639455318450928,Democrat,Democrat,False
K000389,S000148,3,0.09487186620632808,Democrat,Democrat,False
T000460,C001080,4,0.6133307665586472,Democrat,Democrat,False
G000579,T000463,3,0.2929138292868932,Republican,Republican,False
S001168,D000399,4,0.694851640611887,Democrat,Democrat,False
D000563,K000385,3,0.3970269287625949,Democrat,Democrat,False
Y000062,H000874,4,0.4972853288054466,Democrat,Democrat,False
S001184,R000584,3,0.04365228364864985,Republican,Republican,False
W000817,N000002,3,0.8223049640655518,Democrat,Democrat,False
B001273,H001053,4,0.13765982165932655,Republican,Republican,False
G000563,L000564,3,0.30185409883658093,Republican,Republican,False
N000002,D000610,17,0.4256258492686731,Democrat,Democrat,False
S001168,D000610,4,0.09890895686112344,Democrat,Democrat,False
N000002,C001091,4,0.21058516181074083,Democrat,Democrat,False
L000579,G000585,4,0.3054159265011549,Democrat,Democrat,False
P000613,T000460,8,0.11440840689465404,Democrat,Democrat,False
T000476,I000055,10,0.05301300846040249,Republican,Republican,False
B001281,L000570,4,0.3891617599874735,Democrat,Democrat,False
S000248,G000582,8,0.049462924245744944,Democrat,Republican,True
B001292,D000610,10,0.23759136837907135,Democrat,Democrat,False
H000324,D000610,5,0.2562880369834602,Democrat,Democrat,False
W000825,M000087,4,0.28855224745348096,Democrat,Democrat,False
C001097,M000639,7,0.20885781424918345,Democrat,Democrat,False
D000623,D000610,7,0.5287213658115694,Democrat,Democrat,False
C001059,C001124,3,0.023023270691434543,Democrat,Democrat,False
S001168,S001211,3,0.09053910368432601,Democrat,Democrat,False
M001207,D000610,3,0.12431289317707221,Democrat,Democrat,False
K000382,T000482,3,0.0238149743527174,Democrat,Democrat,False
P000604,L000551,3,0.7260538836320242,Democrat,Democrat,False
R000605,T000250,13,0.042040909425570414,Republican,Republican,False
R000486,W000797,3,0.10155042881766956,Democrat,Democrat,False
M001181,C001106,12,0.17252751905471087,Republican,Republican,False
W000808,R000486,4,0.021502019371837378,Democrat,Democrat,False
L000397,G000535,7,0.22780096983270987,Democrat,Democrat,False
R000585,T000467,4,0.03824667911976576,Republican,Republican,False
C000714,P000096,3,0.541423081420362,Democrat,Democrat,False
G000289,G000568,3,0.20843134572108588,Republican,Republican,False
B001286,C001091,3,0.08105296517411868,Democrat,Democrat,False
F000462,C001091,3,0.02239890582859516,Democrat,Democrat,False
D000617,H001064,5,0.1799199055880308,Democrat,Democrat,False
F000448,H001053,3,0.024686346451441448,Republican,Republican,False
W000808,F000455,4,0.03985643316991627,Democrat,Democrat,False
Y000063,U000031,3,0.023157086844245594,Republican,Republican,False
B001281,K000380,6,0.5323125210901102,Democrat,Democrat,False
B001282,T000469,3,0.025013229499260586,Republican,Democrat,True
C001068,M001163,3,0.134425255159537,Democrat,Democrat,False
J000294,C001080,3,0.52767081061999,Democrat,Democrat,False
I000057,C001038,5,0.595978157222271,Democrat,Democrat,False
L000580,A000371,4,0.781182050704956,Democrat,Democrat,False
C001038,C001072,4,0.6830162890255451,Democrat,Democrat,False
C001038,R000588,4,0.839014545083046,Democrat,Democrat,False
C001061,B001286,3,0.022458279815812904,Democrat,Democrat,False
S001193,I000057,3,0.34035772643983364,Democrat,Democrat,False
S001185,S001145,3,0.37550721193353337,Democrat,Democrat,False
L000580,I000057,4,0.6605248861014843,Democrat,Democrat,False
T000476,M000355,18,0.17733083360104096,Republican,Republican,False
C000984,B001230,5,0.3281093671917915,Democrat,Democrat,False
F000448,G000565,3,0.22534632931152979,Republican,Republican,False
M000087,S001205,3,0.014727224595844746,Democrat,Democrat,False
S000148,C000174,14,0.3270342876868589,Democrat,Democrat,False
F000062,D000563,7,0.4328563434204885,Democrat,Democrat,False
B001281,B001278,3,0.17251826884845892,Democrat,Democrat,False
E000296,P000613,5,0.21494125816971063,Democrat,Democrat,False
J000294,D000191,3,0.12754318614800772,Democrat,Democrat,False
C001098,L000564,3,0.1548507697880268,Republican,Republican,False
N000015,L000562,3,0.06059720025708278,Democrat,Democrat,False
R000606,G000586,4,0.3720394433476031,Democrat,Democrat,False
C001097,V000130,3,0.06476733864595492,Democrat,Democrat,False
L000579,B001270,3,0.24097272381186485,Democrat,Democrat,False
K000380,T000469,5,0.40570661034435035,Democrat,Democrat,False
F000451,D000620,5,0.045867593586444856,Republican,Democrat,True
L000580,W000799,3,0.03270340027908484,Democrat,Democrat,False
C001066,E000290,3,0.7554232875506083,Democrat,Democrat,False
F000462,D000399,3,0.5902455324927965,Democrat,Democrat,False
D000197,S001156,3,0.341704442165792,Democrat,Democrat,False
R000122,M000303,4,0.16801420436240733,Democrat,Republican,True
W000413,U000031,4,0.2143470321316272,Republican,Republican,False
D000620,L000287,3,0.04514140449464321,Democrat,Democrat,False
S000364,N000189,3,0.0322619571040074,Republican,Republican,False
C001038,C001066,3,0.07728427089750767,Democrat,Democrat,False
S000148,B000711,4,0.4232313558459282,Democrat,Democrat,False
Y000062,S001156,5,0.5155842557549477,Democrat,Democrat,False
S001193,P000618,5,0.17294938787817954,Democrat,Democrat,False
L000551,D000197,6,0.33964330159748596,Democrat,Democrat,False
V000131,N000002,4,0.3911725601647049,Democrat,Democrat,False
M001137,S000185,3,0.2265066516896089,Democrat,Democrat,False
E000298,M001159,3,0.43275238883992034,Republican,Republican,False
M000312,M001160,3,0.8916013240814209,Democrat,Democrat,False
N000189,K000381,3,0.11094982425371806,Republican,Democrat,True
L000551,F000462,6,0.5312439824144045,Democrat,Democrat,False
L000397,B001286,3,0.38672287948429585,Democrat,Democrat,False
B001230,S001145,5,0.4084692046046257,Democrat,Democrat,False
C000984,T000472,4,0.8156790733337402,Democrat,Democrat,False
L000263,G000410,3,0.17413651229192814,Democrat,Democrat,False
L000557,R000606,3,0.0313231156518062,Democrat,Democrat,False
S001199,R000585,3,0.03532213096817335,Republican,Republican,False
B001290,P000603,4,0.28693906497210264,Republican,Republican,False
D000623,S001193,6,0.4116629580967128,Democrat,Democrat,False
P000588,M001159,4,0.07570655248127878,Republican,Republican,False
H001075,J000298,4,0.5087655221577734,Democrat,Democrat,False
T000478,S001190,4,0.45592784136533737,Republican,Democrat,True
S000770,V000128,3,0.5827327986868719,Democrat,Democrat,False
B001300,W000822,5,0.35756555907428267,Democrat,Democrat,False
R000122,P000197,3,0.21691273339092731,Democrat,Democrat,False
P000604,M000639,3,0.02792430544892947,Democrat,Democrat,False
B001279,H001053,3,0.2740981187671423,Democrat,Republican,True
L000576,L000569,3,0.12999415770173073,Republican,Republican,False
F000455,H001066,3,0.4179978637645642,Democrat,Democrat,False
R000307,T000250,3,0.12901553635795912,Republican,Republican,False
C000984,G000551,3,0.010635841016968092,Democrat,Democrat,False
J000294,V000081,5,0.3067564252763987,Democrat,Democrat,False
G000546,C001077,3,0.36042431990305585,Republican,Republican,False
M000312,G000574,3,0.9521825313568115,Democrat,Democrat,False
C001036,D000216,3,0.34045424064000446,Democrat,Democrat,False
L000263,D000197,4,0.28948790254071355,Democrat,Democrat,False
M001185,K000379,4,0.5248150564730167,Democrat,Democrat,False
M000087,W000808,4,0.12638497771695256,Democrat,Democrat,False
E000293,L000287,6,0.44611801362286013,Democrat,Democrat,False
B000944,H001042,6,0.6096783159300685,Democrat,Democrat,False
W000815,B001248,8,0.0991399772465229,Republican,Republican,False
T000460,C001097,3,0.2310529612004757,Democrat,Democrat,False
H001080,M001200,3,0.4143833750858903,Democrat,Democrat,False
C001036,L000287,3,0.5699557736515999,Democrat,Democrat,False
L000397,S001145,3,0.5797273100664219,Democrat,Democrat,False
C001038,L000557,3,0.9388311902681986,Democrat,Democrat,False
W000820,M001159,6,0.027664639987051487,Republican,Republican,False
D000096,D000622,4,0.6156814601272345,Democrat,Democrat,False
F000459,W000815,3,0.17943138753374419,Republican,Republican,False
W000808,S001150,4,0.5446599908173084,Democrat,Democrat,False
S001208,D000624,3,0.13233919317523637,Democrat,Democrat,False
M000133,B000944,3,0.6238892500599226,Democrat,Democrat,False
M000133,B001230,3,0.30300725996494293,Democrat,Democrat,False
H001050,M000087,5,0.4185463421046734,Democrat,Democrat,False
F000466,B001308,3,0.03913240134716034,Republican,Democrat,True
P000523,U000039,6,0.07504938667019208,Democrat,Democrat,False
S001184,H001041,3,0.025349128991365433,Republican,Republican,False
M001212,S001176,28,0.8017470738185304,Republican,Republican,False
B001302,J000289,160,0.5398792139778379,Republican,Republican,False
D000631,P000610,3,0.37867315610249835,Democrat,Democrat,False
E000296,M001200,5,0.0428789334371686,Democrat,Democrat,False
S001168,P000618,4,0.440333966165781,Democrat,Democrat,False
W000825,B001292,24,0.21031884600718817,Democrat,Democrat,False
W000822,L000582,5,0.5954013060778379,Democrat,Democrat,False
M001176,S001194,3,0.2084595188498497,Democrat,Democrat,False
G000565,B001302,57,0.38184069626425443,Republican,Republican,False
S000148,M000133,38,0.508504464585138,Democrat,Democrat,False
S001205,L000582,14,0.44658843454505714,Democrat,Democrat,False
C001117,B001292,12,0.4208452344561617,Democrat,Democrat,False
P000048,J000299,17,0.5063688246642842,Republican,Republican,False
P000607,R000606,16,0.5396020709304139,Democrat,Democrat,False
S001205,D000627,90,0.4715101569580535,Democrat,Democrat,False
S001205,M001206,4,0.20184622425585985,Democrat,Democrat,False
D000631,S001150,18,0.46951400209218264,Democrat,Democrat,False
E000296,C001090,16,0.23190023109782487,Democrat,Democrat,False
S000168,G000582,8,0.2354488327400759,Republican,Republican,False
H000601,E000295,4,0.06754063395783305,Republican,Republican,False
N000190,B001297,9,0.5697812322113249,Republican,Republican,False
B001285,U000040,3,0.05060260370373726,Democrat,Democrat,False
M001160,S001175,6,0.5536718126386404,Democrat,Democrat,False
F000446,M000871,3,0.1868174597620964,Republican,Republican,False
B001304,S000510,5,0.3192209042608738,Democrat,Democrat,False
B001305,R000614,7,0.37919910571404863,Republican,Republican,False
B001261,E000295,18,0.5224530168084635,Republican,Republican,False
G000593,C001039,3,0.02469664377470811,Republican,Republican,False
H000874,G000551,5,0.4798417426645756,Democrat,Democrat,False
B001299,C001095,3,0.7349863549073538,Republican,Republican,False
E000296,V000081,16,0.32133885205257684,Democrat,Democrat,False
A000375,F000465,3,0.5535008584459623,Republican,Republican,False
B001298,T000479,5,0.2267544163390994,Republican,Republican,False
M001205,L000585,4,0.2895466797053814,Republican,Republican,False
K000395,S001176,15,0.6798419889062643,Republican,Republican,False
B001261,D000618,9,0.4750299117424422,Republican,Republican,False
S000148,O000174,3,0.4064946261545022,Democrat,Democrat,False
S001205,D000631,58,0.31332615694705523,Democrat,Democrat,False
L000593,C001061,3,0.6776298880577087,Democrat,Democrat,False
L000576,M001159,11,0.3665463280948726,Republican,Republican,False
C001039,S000168,3,0.037393179101248585,Republican,Republican,False
B001305,M001156,3,0.0776932667940855,Republican,Republican,False
T000481,P000617,33,0.5447678670964458,Democrat,Democrat,False
M000087,B001270,5,0.4473283693194389,Democrat,Democrat,False
M000312,R000486,4,0.1986648489255458,Democrat,Democrat,False
F000465,A000375,4,0.8296807110309601,Republican,Republican,False
B001230,C000127,4,0.4772866042330861,Democrat,Democrat,False
C001117,W000817,12,0.3691617758013308,Democrat,Democrat,False
C001067,V000081,15,0.2388910036534071,Democrat,Democrat,False
M001200,S001209,10,0.14832510212436317,Democrat,Democrat,False
L000576,B000755,21,0.47539933553586405,Republican,Republican,False
D000610,P000197,18,0.4239642528506617,Democrat,Democrat,False
B001300,M001200,3,0.6244410673777262,Democrat,Democrat,False
B001299,B001311,4,0.6280595660209656,Republican,Republican,False
B001310,P000603,3,0.35356155037879944,Republican,Republican,False
A000377,C001093,36,0.38985147710061735,Republican,Republican,False
W000822,L000551,28,0.4502886928218816,Democrat,Democrat,False
H001058,S001184,74,0.43949618677583496,Republican,Republican,False
C001113,S001181,6,0.6309415809034059,Democrat,Democrat,False
B001300,C001080,3,0.4444785763820012,Democrat,Democrat,False
L000174,P000197,4,0.7580040656030178,Democrat,Democrat,False
T000472,S000185,4,0.3476166087202728,Democrat,Democrat,False
T000483,S000185,3,0.338324050574253,Democrat,Democrat,False
S000148,B001288,15,0.3410036977380514,Democrat,Democrat,False
E000296,C001080,7,0.7740325182676315,Democrat,Democrat,False
B001261,C001075,4,0.7018491551280022,Republican,Republican,False
W000822,E000297,10,0.413392985239625,Democrat,Democrat,False
G000552,G000596,8,0.3510231012478471,Republican,Republican,False
B001261,P000449,9,0.5014308606170945,Republican,Republican,False
M001157,K000397,12,0.5381529570246736,Republican,Republican,False
H001058,C001098,4,0.7481274455785751,Republican,Republican,False
L000576,H001089,3,0.7039277851581573,Republican,Republican,False
M001160,B001230,28,0.19806204456835985,Democrat,Democrat,False
C001080,S001145,4,0.2715588826686144,Democrat,Democrat,False
C001080,J000288,3,0.6230507846921682,Democrat,Democrat,False
L000560,S001159,7,0.16981207140322244,Democrat,Democrat,False
M000871,E000298,3,0.6567433091501395,Republican,Republican,False
F000454,D000627,18,0.18656144711551154,Democrat,Democrat,False
T000250,B001261,6,0.5052263227601846,Republican,Republican,False
S000770,C000174,5,0.20066405273973942,Democrat,Democrat,False
T000482,W000797,3,0.026394196785986423,Democrat,Democrat,False
P000197,R000599,3,0.3340565109004577,Democrat,Democrat,False
B001310,T000278,3,0.9217918912569681,Republican,Republican,False
G000558,M001159,4,0.1935993805527687,Republican,Republican,False
C001108,M000355,6,0.14883253381898007,Republican,Republican,False
S001185,P000197,6,0.17682476884995899,Democrat,Democrat,False
M001208,D000610,3,0.20666281878948212,Democrat,Democrat,False
H001053,S001176,16,0.5612712673901115,Republican,Republican,False
R000103,R000614,14,0.5897803923913411,Republican,Republican,False
B001282,M000355,15,0.11138231710841258,Republican,Republican,False
B000944,B001230,9,0.30469578752915066,Democrat,Democrat,False
L000592,O000172,4,0.19536411063745618,Democrat,Democrat,False
R000103,N000190,3,0.14493269473314285,Republican,Republican,False
O000172,B001224,8,0.31048050650861114,Democrat,Democrat,False
M000087,P000197,40,0.353474405198358,Democrat,Democrat,False
M001176,H001042,21,0.6265214285148042,Democrat,Democrat,False
B001261,J000293,4,0.6083536706864834,Republican,Republican,False
J000298,W000822,14,0.4161098627040961,Democrat,Democrat,False
F000459,G000590,10,0.4707138236612082,Republican,Republican,False
R000515,J000294,6,0.6623382276544968,Democrat,Democrat,False
L000592,D000624,4,0.2613789471797645,Democrat,Democrat,False
C001054,T000278,4,0.30371663346886635,Republican,Republican,False
W000797,S001165,5,0.2122228104621172,Democrat,Democrat,False
K000396,C001101,3,0.32591780088841915,Democrat,Democrat,False
C001039,G000594,3,0.4749920815229416,Republican,Republican,False
W000797,J000294,5,0.1775511085987091,Democrat,Democrat,False
S001214,B001299,9,0.5659620453500085,Republican,Republican,False
S001194,B001288,10,0.3411988142877817,Democrat,Democrat,False
A000055,M001136,3,0.6548184057076772,Republican,Republican,False
G000565,C001098,8,0.26866034569684416,Republican,Republican,False
B001299,S000929,5,0.6494256362318993,Republican,Republican,False
M001135,A000370,4,0.06077793589793146,Democrat,Democrat,False
M001184,J000289,13,0.4393386592228825,Republican,Republican,False
S001168,G000555,5,0.4516586363315582,Democrat,Democrat,False
D000615,G000565,5,0.500611275434494,Republican,Republican,False
M001200,C001066,9,0.3591597163014942,Democrat,Democrat,False
S001205,L000551,21,0.6011737776654107,Democrat,Democrat,False
C001068,P000197,7,0.5747199814234462,Democrat,Democrat,False
W000798,S001176,7,0.22724563096250808,Republican,Republican,False
S000510,G000551,6,0.6274291897813479,Democrat,Democrat,False
P000593,S001150,12,0.6781087548782428,Democrat,Democrat,False
W000822,D000627,9,0.3410538395659791,Democrat,Democrat,False
R000613,G000583,4,0.37740661296993494,Democrat,Democrat,False
C001061,P000197,5,0.4123746372759342,Democrat,Democrat,False
D000563,M001169,6,0.35975440482919413,Democrat,Democrat,False
J000299,J000302,12,0.561128196461747,Republican,Republican,False
D000563,S000148,33,0.5737717456438325,Democrat,Democrat,False
L000557,G000551,5,0.4239900980144739,Democrat,Democrat,False
B001302,G000588,3,0.459440956513087,Republican,Republican,False
D000610,B001296,4,0.4077538074925542,Democrat,Democrat,False
H001080,L000570,10,0.23945870408788322,Democrat,Democrat,False
P000523,S001150,21,0.6951879397744224,Democrat,Democrat,False
L000591,S000185,19,0.02381771136271326,Democrat,Democrat,False
P000617,E000299,4,0.6566076725721359,Democrat,Democrat,False
W000815,M000355,4,0.936150386929512,Republican,Republican,False
M001187,D000615,16,0.5102274456294253,Republican,Republican,False
B001292,P000096,4,0.6577481403946877,Democrat,Democrat,False
V000131,L000287,3,0.06855785598357518,Democrat,Democrat,False
K000389,C000984,3,0.056536463710168995,Democrat,Democrat,False
C001117,L000590,11,0.2895411562851884,Democrat,Democrat,False
H000874,H001087,3,0.6509327354530493,Democrat,Democrat,False
H001068,C001066,4,0.32756483904086053,Democrat,Democrat,False
R000606,P000096,26,0.6438471966494734,Democrat,Democrat,False
P000607,C001067,4,0.3847712283022702,Democrat,Democrat,False
B001302,F000459,9,0.7233816832304001,Republican,Republican,False
B001302,A000374,3,0.5775046596924464,Republican,Republican,False
G000578,K000395,3,0.18881313254435858,Republican,Republican,False
D000615,B001274,6,0.37309490454693633,Republican,Republican,False
D000615,M001187,13,0.46894049723274434,Republican,Republican,False
M000312,F000455,6,0.5553608238697052,Democrat,Democrat,False
J000299,B001291,12,0.5989335938356817,Republican,Republican,False
D000610,T000468,7,0.2591666235987629,Democrat,Democrat,False
N000002,P000096,11,0.6441260583021424,Democrat,Democrat,False
D000563,M000639,18,0.47485632283820045,Democrat,Democrat,False
S001210,S001176,8,0.5414042654447258,Republican,Republican,False
B001275,B000755,4,0.37499022856354713,Republican,Republican,False
M001187,R000601,7,0.6159451550671032,Republican,Republican,False
R000515,M001160,6,0.5171427447348833,Democrat,Democrat,False
B001296,C001070,7,0.419869459101132,Democrat,Democrat,False
M000087,G000585,8,0.2892079367302358,Democrat,Democrat,False
P000197,S001185,6,0.28083712436879676,Democrat,Democrat,False
Q000023,S001193,5,0.33013520706444976,Democrat,Democrat,False
P000197,E000299,4,0.47209060890600085,Democrat,Democrat,False
K000385,S001185,5,0.5540605161339045,Democrat,Democrat,False
P000523,R000486,4,0.34108301252126694,Democrat,Democrat,False
P000593,D000197,7,0.308773114745106,Democrat,Democrat,False
D000631,C001117,3,0.03955691121518612,Democrat,Democrat,False
S000148,V000128,13,0.5672935579831784,Democrat,Democrat,False
L000397,P000197,4,0.539662925992161,Democrat,Democrat,False
G000551,M001200,16,0.14366473391419277,Democrat,Democrat,False
T000469,C001080,6,0.11690181012575825,Democrat,Democrat,False
L000576,C001120,11,0.5629124455153942,Republican,Republican,False
M001187,B001310,9,0.4253095102806886,Republican,Republican,False
P000613,F000455,9,0.4405783069216543,Democrat,Democrat,False
F000461,S001196,3,0.8767290711402893,Republican,Republican,False
L000551,M001160,10,0.36035212557762863,Democrat,Democrat,False
B001230,S000770,7,0.41870134031133993,Democrat,Democrat,False
P000604,C001101,3,0.14415903699894747,Democrat,Democrat,False
S001206,C001101,6,0.576926214620471,Democrat,Democrat,False
M000312,D000197,5,0.40353743061423303,Democrat,Democrat,False
M000312,S001150,18,0.6314004398882389,Democrat,Democrat,False
W000821,W000809,12,0.10150846738057832,Republican,Republican,False
D000197,U000031,13,0.02141404839662405,Democrat,Republican,True
P000197,H001080,5,0.24714449252933263,Democrat,Democrat,False
W000817,W000802,13,0.6232072660842767,Democrat,Democrat,False
H000874,C001072,4,0.48645213432610035,Democrat,Democrat,False
P000197,S000510,3,0.8585880398750305,Democrat,Democrat,False
S001193,D000610,5,0.4637080945074558,Democrat,Democrat,False
M001180,S001176,17,0.4801767588428715,Republican,Republican,False
C001098,E000295,3,0.43604012082020444,Republican,Republican,False
E000179,S001150,5,0.8195351719856262,Democrat,Democrat,False
K000395,R000610,6,0.7334935193260511,Republican,Republican,False
C001093,A000377,3,0.635550698886315,Republican,Republican,False
C001072,L000551,6,0.6156244268640876,Democrat,Democrat,False
C000174,M001111,9,0.53218031860888,Democrat,Democrat,False
E000299,S001194,6,0.5321644780536493,Democrat,Democrat,False
M001160,L000557,7,0.8571114454950605,Democrat,Democrat,False
B001303,M001176,8,0.7398919439874589,Democrat,Democrat,False
H001042,D000622,7,0.6296691954401987,Democrat,Democrat,False
C001118,M000871,3,0.3829400489727656,Republican,Republican,False
C001137,E000300,11,0.7038822413676165,Republican,Republican,False
F000482,P000048,3,0.3651287915805976,Republican,Republican,False
M001229,A000381,3,0.8835897246996561,Democrat,Democrat,False
S001194,G000574,11,0.7007329504598271,Democrat,Democrat,False
H001042,L000570,6,0.7853796547278762,Democrat,Democrat,False
M001229,P000617,5,0.5339604631066323,Democrat,Democrat,False
T000481,L000602,11,0.6800233449109576,Democrat,Democrat,False
W000808,J000294,9,0.6426628434823619,Democrat,Democrat,False
M001234,C001121,3,0.48504320283730823,Democrat,Democrat,False
W000805,S001181,5,0.6875595271587371,Democrat,Democrat,False
C001067,O000173,5,0.3869454529136419,Democrat,Democrat,False
H001058,S001195,3,0.588551119590799,Republican,Republican,False
K000367,B001230,4,0.8794348537921906,Democrat,Democrat,False
D000216,P000197,7,0.42171561997383833,Democrat,Democrat,False
L000570,W000805,7,0.7530520292265075,Democrat,Democrat,False
Q000023,J000298,3,0.019139640343685944,Democrat,Democrat,False
P000617,L000602,5,0.42535910215228795,Democrat,Democrat,False
P000617,A000381,3,0.13952109528084597,Democrat,Democrat,False
S001217,G000582,6,0.043022519598404564,Republican,Republican,False
H000874,T000472,5,0.19372476115822793,Democrat,Democrat,False
D000631,M001207,8,0.34162814798764884,Democrat,Democrat,False
F000462,B001287,4,0.25075003132224083,Democrat,Democrat,False
L000576,C001109,5,0.3237617466598749,Republican,Republican,False
R000606,C001078,17,0.4297802074100165,Democrat,Democrat,False
S001181,C001035,4,0.14776884857565165,Democrat,Republican,True
B001300,D000191,3,0.4923204630613327,Democrat,Democrat,False
F000462,M001202,7,0.2732085582933256,Democrat,Democrat,False
W000822,M000639,26,0.41421704087406397,Democrat,Democrat,False
P000607,S001156,10,0.24934215508401394,Democrat,Democrat,False
J000292,P000449,5,0.2058310266584158,Republican,Republican,False
B001304,A000382,10,0.10738559570163489,Democrat,Democrat,False
C000141,H000874,4,0.02100536902435124,Democrat,Democrat,False
H000874,C001066,8,0.20116725331172347,Democrat,Democrat,False
B001275,C001120,4,0.5024289228022099,Republican,Republican,False
D000631,W000825,3,0.4051255136728287,Democrat,Democrat,False
P000593,W000825,3,0.17172032222151756,Democrat,Democrat,False
G000586,R000606,8,0.2897258721059188,Democrat,Democrat,False
C001093,S001176,3,0.5929928813129663,Republican,Republican,False
M001137,V000081,7,0.19385970902762242,Democrat,Democrat,False
M001200,G000551,9,0.5620797783550289,Democrat,Democrat,False
R000307,A000360,3,0.0623087165877223,Republican,Republican,False
B001278,L000593,3,0.11558993781606357,Democrat,Democrat,False
P000197,T000193,4,0.3185398655477911,Democrat,Democrat,False
E000299,R000606,4,0.5819778293371201,Democrat,Democrat,False
C000266,S001176,3,0.45604443177580833,Republican,Republican,False
W000437,A000360,3,0.2346051757534345,Republican,Republican,False
C001075,M000639,3,0.0726724403599898,Republican,Democrat,True
D000096,C001080,4,0.2140565598383546,Democrat,Democrat,False
R000606,P000618,6,0.4869839392292003,Democrat,Democrat,False
B001305,N000190,6,0.2512831001852949,Republican,Republican,False
W000822,B001300,8,0.4781721084145829,Democrat,Democrat,False
M000133,M001176,20,0.45910264044068755,Democrat,Democrat,False
B001278,C001101,11,0.35432151942090556,Democrat,Democrat,False
R000122,D000563,5,0.2743296787142754,Democrat,Democrat,False
K000395,A000377,5,0.5688106834888458,Republican,Republican,False
R000584,S001148,18,0.02211832518999775,Republican,Republican,False
B001310,M001153,4,0.04379750695079565,Republican,Republican,False
J000298,B001277,4,0.2912276992574334,Democrat,Democrat,False
D000622,B001230,7,0.3029353875400765,Democrat,Democrat,False
S001184,T000476,3,0.071650804951787,Republican,Republican,False
K000009,F000455,10,0.26069321017712355,Democrat,Democrat,False
S001185,V000131,8,0.3035590823274106,Democrat,Democrat,False
Z000017,S001176,12,0.2848258609883487,Republican,Republican,False
J000298,T000481,12,0.35580785867447656,Democrat,Democrat,False
C001113,U000039,4,0.36924701277166605,Democrat,Democrat,False
H001066,R000608,4,0.4009396964684129,Democrat,Democrat,False
R000486,E000299,4,0.14581867144443095,Democrat,Democrat,False
B001303,H000874,4,0.029199591604992747,Democrat,Democrat,False
W000798,W000791,3,0.04775630744795004,Republican,Republican,False
B001288,M000133,4,0.28939565597102046,Democrat,Democrat,False
W000817,C001061,3,0.20504236842195192,Democrat,Democrat,False
H001047,C001069,8,0.21887427649926394,Democrat,Democrat,False
J000288,V000081,3,0.35452739397684735,Democrat,Democrat,False
M001229,T000193,4,0.7675698287785053,Democrat,Democrat,False
H001052,R000614,4,0.5366602782160044,Republican,Republican,False
C001066,M001188,4,0.5092569077387452,Democrat,Democrat,False
P000605,C001108,5,0.6222473382949829,Republican,Republican,False
B001303,H001042,3,0.813711682955424,Democrat,Democrat,False
G000555,W000805,4,0.8588530868291855,Democrat,Democrat,False
B000944,C001070,6,0.4175823110466202,Democrat,Democrat,False
B001277,D000563,7,0.2272673523319619,Democrat,Democrat,False
M001238,C001088,4,0.4786534511949867,Democrat,Democrat,False
H001082,C001095,5,0.5324261799454689,Republican,Republican,False
M000639,D000610,6,0.48142223929365474,Democrat,Democrat,False
L000564,J000289,4,0.6931295935064554,Republican,Republican,False
S001194,O000174,3,0.6439716468254725,Democrat,Democrat,False
G000576,W000829,3,0.5931838055451711,Republican,Republican,False
L000560,M000087,3,0.04370410864551862,Democrat,Democrat,False
S001165,G000586,3,0.04124304714302222,Democrat,Democrat,False
S001193,G000586,3,0.2318228247265021,Democrat,Democrat,False
S001181,P000449,4,0.048588292207568884,Democrat,Republican,True
L000560,B001313,5,0.10453713610768318,Democrat,Democrat,False
M001186,L000266,3,0.01622607186436653,Republican,Republican,False
B001302,P000599,3,0.4163718521595001,Republican,Republican,False
J000299,B001309,15,0.6307218047479789,Republican,Republican,False
C001097,L000593,4,0.14629527647048235,Democrat,Democrat,False
B001223,M001176,6,0.4676041081547737,Democrat,Democrat,False
H000874,J000126,5,0.036621959321200846,Democrat,Democrat,False
G000591,W000437,3,0.3230958456794421,Republican,Republican,False
C001117,W000788,5,0.4408438928425312,Democrat,Democrat,False
E000296,P000607,4,0.7276844121515751,Democrat,Democrat,False
N000026,V000134,3,0.4919479663173358,Republican,Republican,False
J000298,A000370,4,0.604338894598186,Democrat,Democrat,False
G000591,T000478,3,0.8108046849568685,Republican,Republican,False
L000557,C001072,3,0.03278589124480883,Democrat,Democrat,False
H000874,M000312,3,0.3852805433173974,Democrat,Democrat,False
S001205,M001169,4,0.6714657060801983,Democrat,Democrat,False
L000603,C001129,3,0.31537512006858986,Republican,Republican,False
H001102,S001224,15,0.4421881973743439,Republican,Republican,False
L000570,K000367,4,0.39179156976751983,Democrat,Democrat,False
A000381,K000377,8,0.5338055854663253,Democrat,Democrat,False
S000148,S001181,6,0.48871176534642774,Democrat,Democrat,False
M001235,S001224,5,0.4801961824297905,Republican,Republican,False
L000577,L000596,3,0.3314242238799731,Republican,Republican,False
W000822,M001169,4,0.5051619447767735,Democrat,Democrat,False
H000273,S000033,4,0.7289359271526337,Democrat,Independent,False
B001292,F000476,3,0.12776384068032107,Democrat,Democrat,False
W000802,K000384,8,0.800449968315661,Democrat,Democrat,False
G000586,L000273,3,0.4258580729365349,Democrat,Democrat,False
M001176,R000122,5,0.8687907755374908,Democrat,Democrat,False
C001091,E000299,4,0.547789491713047,Democrat,Democrat,False
L000596,S001214,9,0.511429457200898,Republican,Republican,False
T000478,M000317,3,0.54323677221934,Republican,Republican,False
B001302,G000589,4,0.3443877808749676,Republican,Republican,False
F000446,C001039,5,0.27038757409900427,Republican,Republican,False
L000596,B000825,5,0.4476229175925255,Republican,Republican,False
Q000023,G000586,10,0.3554969089105725,Democrat,Democrat,False
O000173,C001067,3,0.6161285666748881,Democrat,Democrat,False
R000617,M000133,3,0.3856530686219533,Democrat,Democrat,False
A000148,T000486,4,0.2638392513617873,Democrat,Democrat,False
G000586,C001067,3,0.6536696174492439,Democrat,Democrat,False
E000299,H000874,10,0.22458450170233846,Democrat,Democrat,False
F000465,S001195,3,0.5987742394208908,Republican,Republican,False
B001281,M001200,3,0.02293925794462363,Democrat,Democrat,False
W000822,D000631,3,0.4935962160428365,Democrat,Democrat,False
B001310,H000601,3,0.2444569207727909,Republican,Republican,False
B001281,C001080,5,0.10878324825316668,Democrat,Democrat,False
C000141,H001042,3,0.7152329484621683,Democrat,Democrat,False
M001210,R000603,3,0.3291130531579256,Republican,Republican,False
N000190,F000246,5,0.7759588062763214,Republican,Republican,False
B001281,D000191,4,0.2474538132082671,Democrat,Democrat,False
S001205,S001168,13,0.4370609882932443,Democrat,Democrat,False
C001117,S001203,4,0.41042127599939704,Democrat,Democrat,False
G000551,C001080,3,0.32023790044089157,Democrat,Democrat,False
W000797,M001160,3,0.4023047685623169,Democrat,Democrat,False
H001082,B001311,4,0.6872092830017209,Republican,Republican,False
G000597,S001176,3,0.571880419117709,Republican,Republican,False
C001063,G000583,3,0.08145414292812347,Democrat,Democrat,False
T000476,C001088,9,0.12728635470072427,Republican,Democrat,True
L000560,C001061,3,0.11214219406247139,Democrat,Democrat,False
L000596,M001184,6,0.5083506144583225,Republican,Republican,False
A000375,W000816,4,0.6062442511320114,Republican,Republican,False
L000602,D000530,4,0.4363195945043117,Democrat,Democrat,False
A000381,E000299,3,0.6040448003138105,Democrat,Democrat,False
B001292,K000384,18,0.5672996075461723,Democrat,Democrat,False
S001181,E000295,3,0.08243148028850555,Democrat,Republican,True
J000298,B001278,3,0.44864726283897954,Democrat,Democrat,False
P000617,S001185,3,0.022582617898782093,Democrat,Democrat,False
C001056,B001298,6,0.733141245941321,Republican,Republican,False
M001229,B001281,4,0.111398009583354,Democrat,Democrat,False
P000622,S001217,4,0.4374829325824976,Republican,Republican,False
M000194,S001184,6,0.3111933624992768,Republican,Republican,False
F000454,D000631,4,0.2684229929000139,Democrat,Democrat,False
J000298,L000570,3,0.4236114174127579,Democrat,Democrat,False
C001097,D000624,3,0.12481850261489551,Democrat,Democrat,False
B001304,T000193,3,0.44372425973415375,Democrat,Democrat,False
G000597,C000266,3,0.12906744331121445,Republican,Republican,False
B000755,A000375,5,0.41690014619380233,Republican,Republican,False
M001211,B001297,3,0.5709866893788179,Republican,Republican,False
C000141,M001176,4,0.0669596791267395,Democrat,Democrat,False
C001097,Y000062,5,0.12818501200526952,Democrat,Democrat,False
A000377,G000577,4,0.14145546220242977,Republican,Republican,False
G000551,P000607,10,0.4782810817472637,Democrat,Democrat,False
L000560,R000515,3,0.42170004919171333,Democrat,Democrat,False
B001304,S001185,3,0.3069426758835713,Democrat,Democrat,False
S001145,J000298,3,0.3345291092991829,Democrat,Democrat,False
D000482,P000197,5,0.37708177231252193,Democrat,Democrat,False
C001067,C001080,3,0.44951919217904407,Democrat,Democrat,False
K000389,L000593,3,0.556414765616258,Democrat,Democrat,False
E000290,D000216,6,0.3717103283852339,Democrat,Democrat,False
N000002,G000555,6,0.5190370118555924,Democrat,Democrat,False
K000383,C001035,34,0.08723533016574733,Independent,Republican,False
H001041,H001066,3,0.013759445088605085,Republican,Democrat,True
U000031,W000791,11,0.051009302620183335,Republican,Republican,False
M001160,J000126,6,0.30487431834141415,Democrat,Democrat,False
C000141,D000620,11,0.22256863726810974,Democrat,Democrat,False
S001157,B000490,3,0.0406630119929711,Democrat,Democrat,False
G000559,M001166,8,0.19732314813882113,Democrat,Democrat,False
G000559,B001279,12,0.21162293781526387,Democrat,Democrat,False
G000559,K000379,5,0.17755352854728698,Democrat,Democrat,False
M001183,H001069,4,0.04999104607850313,Democrat,Democrat,False
M001184,D000621,17,0.5155155511901659,Republican,Republican,False
H001064,F000451,4,0.06314889108762145,Democrat,Republican,True
D000615,P000591,3,0.15889507656296095,Republican,Republican,False
G000559,T000266,5,0.2988934962078929,Democrat,Democrat,False
M001184,L000397,4,0.43842066172510386,Republican,Democrat,True
B001273,M001181,3,0.08075221069157124,Republican,Republican,False
M000404,V000128,3,0.2829055345306794,Democrat,Democrat,False
M001158,B000755,5,0.16666411459445954,Republican,Republican,False
D000621,D000600,3,0.2640894179542859,Republican,Republican,False
G000551,S000033,8,0.5139538273215294,Democrat,Independent,False
M000702,H001069,4,0.11022786190733314,Democrat,Democrat,False
S000364,B000755,15,0.4511501776054502,Republican,Republican,False
W000808,B001288,4,0.28047682996839285,Democrat,Democrat,False
C001068,B001270,3,0.13057559169828892,Democrat,Democrat,False
O000170,T000468,3,0.034334830939769745,Democrat,Democrat,False
R000575,S000364,4,0.3041635053232312,Republican,Republican,False
K000363,P000594,5,0.4971793830394745,Republican,Republican,False
R000146,G000555,6,0.36535856189827126,Democrat,Democrat,False
K000385,B001281,14,0.3389569544233382,Democrat,Democrat,False
B001273,F000458,3,0.02649721720566352,Republican,Republican,False
B001273,I000056,6,0.11775031002859275,Republican,Republican,False
J000290,M001159,4,0.25010940711945295,Republican,Republican,False
L000551,B001288,3,0.2084477450698614,Democrat,Democrat,False
C001038,S001156,10,0.47244081310927866,Democrat,Democrat,False
R000572,U000031,4,0.03236266667954624,Republican,Republican,False
G000559,L000580,4,0.126779202837497,Democrat,Democrat,False
G000559,H001034,5,0.3289247827604413,Democrat,Democrat,False
M001187,I000056,30,0.4179028121754527,Republican,Republican,False
B001273,W000812,4,0.46031318441964686,Republican,Republican,False
W000822,S001168,3,0.5909978126486143,Democrat,Democrat,False
T000469,M001200,3,0.35500867540637654,Democrat,Democrat,False
D000610,C001111,3,0.09248543654878934,Democrat,Democrat,False
B001274,C001098,4,0.5155850425362587,Republican,Republican,False
B001292,C001078,9,0.4832624979317188,Democrat,Democrat,False
T000476,B001135,26,0.09423870743753818,Republican,Republican,False
R000614,J000289,11,0.22128748859871517,Republican,Republican,False
S001157,S000185,3,0.09236341932167609,Democrat,Democrat,False
T000483,R000611,7,0.07223959067570311,Democrat,Republican,True
C001101,H001080,4,0.6960614947602153,Democrat,Democrat,False
S000148,U000039,11,0.47303149582479487,Democrat,Democrat,False
L000581,T000472,3,0.4967864155769348,Democrat,Democrat,False
R000614,P000599,3,0.16532013627390066,Republican,Republican,False
B001278,M001208,6,0.23683891507486501,Democrat,Democrat,False
M001188,P000197,4,0.19315906800329685,Democrat,Democrat,False
C001097,K000385,4,0.18795583629980683,Democrat,Democrat,False
L000592,J000306,3,0.3463555822769801,Democrat,Democrat,False
W000797,T000460,4,0.5696019153110683,Democrat,Democrat,False
B001278,D000624,4,0.22828745190054178,Democrat,Democrat,False
C001066,H001066,3,0.07853317136565845,Democrat,Democrat,False
F000246,D000032,4,0.7048421970102936,Republican,Republican,False
C001097,C001101,4,0.5011920589022338,Democrat,Democrat,False
L000557,T000472,3,0.4662676006555557,Democrat,Democrat,False
C001097,C001059,4,0.08852595207281411,Democrat,Democrat,False
M001190,U000031,3,0.11599707355101903,Republican,Republican,False
H000874,W000826,5,0.5278144981712103,Democrat,Democrat,False
A000360,T000250,3,0.32465680688619614,Republican,Republican,False
M001181,M001159,3,0.018931214697659016,Republican,Republican,False
C001098,M001184,4,0.5458961147814989,Republican,Republican,False
G000559,C001038,4,0.7557302564382553,Democrat,Democrat,False
J000290,B000755,4,0.06272287759929895,Republican,Republican,False
C000266,W000815,3,0.029975878695646923,Republican,Republican,False
C000714,S001193,4,0.36565582384355366,Democrat,Democrat,False
F000462,G000555,3,0.2881835779796044,Democrat,Democrat,False
B001261,A000360,3,0.6146730234225591,Republican,Republican,False
B000755,S001184,5,0.35252318531274796,Republican,Republican,False
B000755,C001098,6,0.2971287996818622,Republican,Republican,False
D000096,S000033,3,0.6297984023888906,Democrat,Independent,False
W000809,U000031,3,0.30353425318996113,Republican,Republican,False
U000031,M001180,5,0.07136909570544958,Republican,Republican,False
L000562,K000379,3,0.2456712300578753,Democrat,Democrat,False
W000808,M001160,4,0.6188113656826317,Democrat,Democrat,False
C001098,P000449,3,0.06817302666604519,Republican,Republican,False
C000174,R000146,3,0.40365415439009666,Democrat,Democrat,False
D000620,C000141,6,0.04165731153140465,Democrat,Democrat,False
L000560,D000216,3,0.06290248036384583,Democrat,Democrat,False
E000296,S000033,6,0.6600355332096418,Democrat,Independent,False
M001185,J000288,4,0.5737165492027998,Democrat,Democrat,False
G000592,P000597,3,0.5315854909519354,Democrat,Democrat,False
B001304,P000617,3,0.10141643105695645,Democrat,Democrat,False
C001072,D000627,3,0.2673153125991424,Democrat,Democrat,False
H001082,B001282,3,0.055589260533452034,Republican,Republican,False
W000802,G000555,4,0.760756641626358,Democrat,Democrat,False
L000571,C001056,3,0.30014400370419025,Republican,Republican,False
S001217,T000278,3,0.9680432081222534,Republican,Republican,False
L000596,S001188,3,0.3905830333630244,Republican,Republican,False
M001160,G000551,3,0.8804932037989298,Democrat,Democrat,False
D000615,S001185,3,0.09162388431529205,Republican,Democrat,True
B001281,V000081,5,0.15129990503191948,Democrat,Democrat,False
M000133,S001194,4,0.05555215151980519,Democrat,Democrat,False
K000379,P000617,5,0.03780608680099249,Democrat,Democrat,False
S000248,E000297,4,0.05199295631609857,Democrat,Democrat,False
S001206,U000040,4,0.49304885789752007,Democrat,Democrat,False
L000551,T000460,5,0.2215239280834794,Democrat,Democrat,False
D000610,K000379,3,0.6816085328658422,Democrat,Democrat,False
T000464,H001046,3,0.2541636824607849,Democrat,Democrat,False
W000817,D000216,3,0.3284741584211588,Democrat,Democrat,False
U000031,S001176,16,0.08033778518438339,Republican,Republican,False
C001080,G000535,7,0.54500398678439,Democrat,Democrat,False
E000293,B001292,8,0.2861669696867466,Democrat,Democrat,False
C001097,H001064,4,0.0515646506100893,Democrat,Democrat,False
P000593,P000598,3,0.3478892308970292,Democrat,Democrat,False
T000469,P000607,3,0.5128676220774651,Democrat,Democrat,False
P000604,Y000062,3,0.18261180569728216,Democrat,Democrat,False
R000515,B001288,4,0.7609639167785645,Democrat,Democrat,False
H001041,F000062,5,0.01818895461037755,Republican,Democrat,True
Y000062,R000588,4,0.6121133458800614,Democrat,Democrat,False
S000364,L000576,3,0.03890000035365423,Republican,Republican,False
I000057,M001163,4,0.1235586297698319,Democrat,Democrat,False
C001101,S001185,6,0.5830694288015366,Democrat,Democrat,False
H001041,M000355,5,0.18253739252686502,Republican,Republican,False
L000579,S001145,3,0.3511210245390733,Democrat,Democrat,False
R000588,J000294,3,0.03265323272595803,Democrat,Democrat,False
L000579,B001286,3,0.025756314396858215,Democrat,Democrat,False
I000057,S001145,3,0.05747796533008417,Democrat,Democrat,False
C000714,P000595,3,0.08230012251685064,Democrat,Democrat,False
E000290,L000287,6,0.4785753370573123,Democrat,Democrat,False
F000455,L000287,4,0.2586766164749861,Democrat,Democrat,False
O000174,M001169,3,0.14856116597851118,Democrat,Democrat,False
M000312,F000462,5,0.6153163380920887,Democrat,Democrat,False
U000031,B001275,5,0.09022086951881647,Republican,Republican,False
R000602,S001168,3,0.34942008554935455,Democrat,Democrat,False
Y000062,G000559,3,0.394620884830753,Democrat,Democrat,False
H001068,G000559,3,0.08682242253174384,Democrat,Democrat,False
R000602,L000582,10,0.2913109827786684,Democrat,Democrat,False
L000592,M001208,3,0.3288420407722394,Democrat,Democrat,False
R000616,B001292,3,0.49560990929603577,Democrat,Democrat,False
A000376,V000131,4,0.025553127750754356,Democrat,Democrat,False
C001101,B001281,4,0.6768410913646221,Democrat,Democrat,False
D000610,B001270,3,0.34638640098273754,Democrat,Democrat,False
R000515,S001215,3,0.7116666436195374,Democrat,Democrat,False
L000593,R000616,6,0.0806415503223737,Democrat,Democrat,False
T000480,G000560,3,0.2193818831195434,Republican,Republican,False
L000580,E000215,3,0.5153648580114046,Democrat,Democrat,False
L000263,V000128,4,0.736057061702013,Democrat,Democrat,False
L000580,D000610,4,0.2836214394774288,Democrat,Democrat,False
B001281,P000607,4,0.24028004985302687,Democrat,Democrat,False
S001185,B001270,3,0.03652101755142212,Democrat,Democrat,False
L000263,T000460,5,0.6985279440879821,Democrat,Democrat,False
L000551,V000128,3,0.5865241587162018,Democrat,Democrat,False
Y000064,S000250,3,0.2842675307765603,Republican,Republican,False
S000033,B001277,5,0.024319158121943473,Independent,Democrat,False
H001068,T000472,3,0.4037333329518636,Democrat,Democrat,False
G000535,M000639,11,0.2997760467908599,Democrat,Democrat,False
F000462,W000799,4,0.15720774955116212,Democrat,Democrat,False
S000364,M001159,11,0.2786814957772466,Republican,Republican,False
R000486,S001185,3,0.818873405456543,Democrat,Democrat,False
C000984,S001156,3,0.39755813777446747,Democrat,Democrat,False
C000754,L000287,11,0.3276281090961261,Democrat,Democrat,False
T000468,L000287,4,0.2502916478551924,Democrat,Democrat,False
I000057,J000288,3,0.3301057902475198,Democrat,Democrat,False
F000463,E000295,3,0.02112320065498352,Republican,Republican,False
H000338,S001192,4,0.01861452590674162,Republican,Republican,False
P000604,C000714,4,0.2550909179262817,Democrat,Democrat,False
L000580,S001193,3,0.4705957916254799,Democrat,Democrat,False
K000381,S001193,3,0.05319961501906315,Democrat,Democrat,False
B001275,M001159,5,0.06092921644449234,Republican,Republican,False
L000263,J000294,6,0.3883721192056934,Democrat,Democrat,False
S001193,K000381,3,0.12102008859316508,Democrat,Democrat,False
D000623,I000057,3,0.34063179170091945,Democrat,Democrat,False
G000535,V000130,4,0.28411271376535296,Democrat,Democrat,False
I000057,B001286,5,0.2146662723273039,Democrat,Democrat,False
G000535,E000297,34,0.34087965052629654,Democrat,Democrat,False
M000133,H001042,6,0.5534970175164441,Democrat,Democrat,False
N000002,W000799,3,0.5083307875320315,Democrat,Democrat,False
C001113,M000133,5,0.12676262632012367,Democrat,Democrat,False
W000812,M001159,4,0.014396059908904135,Republican,Republican,False
D000627,V000081,3,0.12063183231900136,Democrat,Democrat,False
B001292,W000799,4,0.5163369621150196,Democrat,Democrat,False
C001038,C001067,3,0.3520009368658066,Democrat,Democrat,False
L000551,H001068,3,0.8565160632133484,Democrat,Democrat,False
R000307,D000618,6,0.39281625890483457,Republican,Republican,False
R000602,S000148,6,0.7827636894459525,Democrat,Democrat,False
M001188,C001038,6,0.14314944995567203,Democrat,Democrat,False
H001059,D000620,4,0.278295308817178,Republican,Democrat,True
L000581,C001072,3,0.8172691663106283,Democrat,Democrat,False
C000714,J000298,10,0.5137902735732496,Democrat,Democrat,False
L000397,C001038,3,0.7409812311331431,Democrat,Democrat,False
L000174,S000770,5,0.43725138865411284,Democrat,Democrat,False
S000770,W000779,3,0.7051055729389191,Democrat,Democrat,False
K000389,C000714,3,0.029056853304306667,Democrat,Democrat,False
L000560,P000616,3,0.8365314404169718,Democrat,Democrat,False
W000437,P000449,3,0.04505933759113153,Republican,Republican,False
L000560,L000585,3,0.028680709501107533,Democrat,Republican,True
P000594,S000364,3,0.019770692102611065,Republican,Republican,False
L000174,M000303,5,0.4401234544813633,Democrat,Republican,True
G000587,S001205,4,0.018517474178224802,Democrat,Democrat,False
C000141,S001194,4,0.30567541625350714,Democrat,Democrat,False
H001069,G000555,4,0.11589732673019171,Democrat,Democrat,False
M000087,C001038,5,0.46343284398317336,Democrat,Democrat,False
L000582,P000607,3,0.2477450647080938,Democrat,Democrat,False
F000458,S001176,3,0.34250138451655704,Republican,Republican,False
L000551,G000574,3,0.5865328342964252,Democrat,Democrat,False
S001198,M000303,3,0.05901901672283808,Republican,Republican,False
Y000062,T000472,3,0.5955126211047173,Democrat,Democrat,False
G000553,G000410,3,0.04461071267724037,Democrat,Democrat,False
M001181,B000755,4,0.058819229481741786,Republican,Republican,False
L000581,R000588,3,0.4507161645839612,Democrat,Democrat,False
D000623,W000799,3,0.3356688193355997,Democrat,Democrat,False
M000355,B001236,3,0.5585960932075977,Republican,Republican,False
H001080,W000823,3,0.05213248791793982,Democrat,Republican,True
H001080,W000822,4,0.03218166995793581,Democrat,Democrat,False
C000266,T000463,3,0.034735467905799546,Republican,Republican,False
T000460,P000593,3,0.6708230475584666,Democrat,Democrat,False
W000817,M000087,3,0.6095793495575587,Democrat,Democrat,False
R000601,L000577,3,0.033356714993715286,Republican,Republican,False
C001067,C001097,6,0.22697579627856612,Democrat,Democrat,False
T000460,L000581,3,0.7101794083913168,Democrat,Democrat,False
T000460,A000370,4,0.610890619456768,Democrat,Democrat,False
G000535,B001300,3,0.16888263449072838,Democrat,Democrat,False
D000620,B001292,4,0.4688976686447859,Democrat,Democrat,False
D000617,E000297,5,0.031215333193540574,Democrat,Democrat,False
H000338,P000603,3,0.06090230246384939,Republican,Republican,False
R000602,M001169,4,0.4781710859388113,Democrat,Democrat,False
L000576,S001196,48,0.6667996708808156,Republican,Republican,False
T000469,D000630,9,0.06371299156712161,Democrat,Democrat,False
B001282,R000602,3,0.014847691791752974,Republican,Democrat,True
M001184,G000596,18,0.4877549127365152,Republican,Republican,False
L000551,O000173,5,0.1887400835752487,Democrat,Democrat,False
W000822,N000188,24,0.2934494706957291,Democrat,Democrat,False
C001097,P000145,21,0.1985235923369016,Democrat,Democrat,False
S001159,K000381,7,0.027023384480604103,Democrat,Democrat,False
W000817,M001176,18,0.5791858912756046,Democrat,Democrat,False
C001117,C001066,19,0.3663111012428999,Democrat,Democrat,False
W000826,H001085,8,0.05537766340421513,Democrat,Democrat,False
G000587,C001091,11,0.557185476476496,Democrat,Democrat,False
S001168,G000585,6,0.6943762674927711,Democrat,Democrat,False
Y000033,M001153,20,0.07813330055214465,Republican,Republican,False
S001183,S001176,5,0.4404803102836013,Republican,Republican,False
S001205,E000296,66,0.3597875232243854,Democrat,Democrat,False
N000192,B001292,6,0.3020998015999794,Democrat,Democrat,False
S001168,B001296,3,0.5800969700018564,Democrat,Democrat,False
S001135,G000061,3,0.5609135031700134,Republican,Republican,False
B000944,S001203,9,0.5164509854382939,Democrat,Democrat,False
M000087,P000618,5,0.32769323587417604,Democrat,Democrat,False
B001305,G000061,5,0.33458031341433525,Republican,Republican,False
D000622,W000817,3,0.8323322733243307,Democrat,Democrat,False
B001302,G000596,3,0.6218104592214028,Republican,Republican,False
R000614,B001305,9,0.4987339081449641,Republican,Republican,False
C001066,G000551,4,0.48424489120952785,Democrat,Democrat,False
E000296,M001160,7,0.41373025639248745,Democrat,Democrat,False
W000826,C001070,10,0.30847025122493504,Democrat,Democrat,False
F000465,R000585,4,0.6212749555706978,Republican,Republican,False
K000397,G000593,3,0.6359060853719711,Republican,Republican,False
P000048,B001248,5,0.3071969721466303,Republican,Republican,False
W000815,J000302,8,0.1315572503954172,Republican,Republican,False
S000770,L000581,3,0.11187935620546341,Democrat,Democrat,False
P000197,Y000062,6,0.47737406256298226,Democrat,Democrat,False
B001304,Y000062,6,0.04310917776698867,Democrat,Democrat,False
G000581,V000132,7,0.28019027026104076,Democrat,Democrat,False
H001068,N000002,7,0.5881514881870576,Democrat,Democrat,False
A000378,D000563,3,0.05399458731214205,Democrat,Democrat,False
P000607,D000216,21,0.30236318844947074,Democrat,Democrat,False
R000606,P000197,39,0.37775507605133146,Democrat,Democrat,False
K000389,P000617,11,0.2866548238830133,Democrat,Democrat,False
M001211,B001302,10,0.8297005400061608,Republican,Republican,False
B001296,W000817,3,0.4021219164133072,Democrat,Democrat,False
C001080,D000610,4,0.25120424234773964,Democrat,Democrat,False
W000797,C001080,6,0.38504710979759693,Democrat,Democrat,False
D000563,H001076,5,0.6501107141375542,Democrat,Democrat,False
M001176,W000802,25,0.5062773765623569,Democrat,Democrat,False
S001168,S000770,3,0.5475188009440899,Democrat,Democrat,False
R000608,G000555,3,0.623979996268948,Democrat,Democrat,False
F000062,G000555,3,0.20387014808754125,Democrat,Democrat,False
P000607,R000515,13,0.5685899122618139,Democrat,Democrat,False
M001137,S001165,9,0.18823314530567992,Democrat,Democrat,False
W000815,K000376,8,0.22684380959253758,Republican,Republican,False
B000944,W000817,31,0.5352310681595437,Democrat,Democrat,False
B001311,N000190,7,0.532402282048549,Republican,Republican,False
C001097,R000599,4,0.37665760703384876,Democrat,Democrat,False
T000463,S001196,4,0.41526318714022636,Republican,Republican,False
W000825,C001072,4,0.5958319157361984,Democrat,Democrat,False
C001114,R000615,13,0.31014904329696524,Republican,Republican,False
M001215,K000396,3,0.042748368034760155,Republican,Democrat,True
S001185,P000096,3,0.5881984730561575,Democrat,Democrat,False
C001080,J000298,7,0.331979704488601,Democrat,Democrat,False
B001278,E000299,6,0.29467914439737797,Democrat,Democrat,False
M000312,S000185,3,0.45598367787897587,Democrat,Democrat,False
C001068,P000096,21,0.7101924681947345,Democrat,Democrat,False
B001310,B001243,3,0.5624052733182907,Republican,Republican,False
T000481,D000624,18,0.2270344297091166,Democrat,Democrat,False
W000802,S000770,8,0.6356343729421496,Democrat,Democrat,False
P000617,O000172,12,0.2209463418306162,Democrat,Democrat,False
P000605,S001176,5,0.5898523181676865,Republican,Republican,False
F000462,P000597,3,0.44268930455048877,Democrat,Democrat,False
M001203,C001114,3,0.33034196744362515,Democrat,Republican,True
P000607,M000087,3,0.33154809723297757,Democrat,Democrat,False
P000617,J000306,11,0.5970432720020075,Democrat,Democrat,False
R000305,P000197,4,0.021870248718187213,Democrat,Democrat,False
F000462,P000197,54,0.3701994552415002,Democrat,Democrat,False
L000577,C001098,23,0.5620933408727464,Republican,Republican,False
B001311,R000614,17,0.7194979848230586,Republican,Republican,False
S000770,K000380,3,0.20626256801187992,Democrat,Democrat,False
R000614,R000103,18,0.5217266244192919,Republican,Republican,False
F000454,Q000023,26,0.510525886542522,Democrat,Democrat,False
D000615,B001299,10,0.5193080144003034,Republican,Republican,False
C001070,S001205,13,0.17035495976989085,Democrat,Democrat,False
W000822,L000592,16,0.4377153654349968,Democrat,Democrat,False
B001300,J000294,24,0.6064795558340847,Democrat,Democrat,False
C001096,H001061,17,0.050940865952083296,Republican,Republican,False
N000191,L000582,7,0.21196967789105006,Democrat,Democrat,False
B001299,D000615,5,0.503103706240654,Republican,Republican,False
C001117,T000472,4,0.4699920490384102,Democrat,Democrat,False
P000197,U000040,3,0.39597871402899426,Democrat,Democrat,False
C000174,M000133,3,0.030743087952335674,Democrat,Democrat,False
S001188,P000591,7,0.2779856008876647,Republican,Republican,False
M001238,S001194,10,0.6053442321717739,Democrat,Democrat,False
B001267,H000273,9,0.22214192017498943,Democrat,Democrat,False
S001194,M001111,9,0.4578601550828252,Democrat,Democrat,False
W000814,P000048,4,0.19780278950929642,Republican,Republican,False
M001236,H001102,6,0.6788185611367226,Republican,Republican,False
T000469,J000294,5,0.6757870152592659,Democrat,Democrat,False
C001067,J000294,12,0.48742418464583653,Democrat,Democrat,False
L000576,G000359,4,0.7756409831345081,Republican,Republican,False
G000565,B001297,11,0.5709737622263756,Republican,Republican,False
E000296,J000294,55,0.6256802856244824,Democrat,Democrat,False
G000586,R000515,19,0.3928327359945366,Democrat,Democrat,False
H001082,C001116,3,0.3930689903597037,Republican,Republican,False
J000307,L000577,3,0.5064428274830183,Republican,Republican,False
B001281,J000294,20,0.44185168081894516,Democrat,Democrat,False
B001298,S001176,12,0.625090822034205,Republican,Republican,False
H001077,S001176,9,0.49706840742793346,Republican,Republican,False
D000399,W000802,6,0.252879557510217,Democrat,Democrat,False
M001160,B001292,7,0.5451034757175616,Democrat,Democrat,False
W000795,S001214,3,0.2168866495291392,Republican,Republican,False
S000770,D000622,5,0.39684169739484787,Democrat,Democrat,False
W000817,H001042,5,0.7125504970550537,Democrat,Democrat,False
P000145,H001042,7,0.577240317527737,Democrat,Democrat,False
N000190,B001302,24,0.5933344934601337,Republican,Republican,False
J000299,K000395,22,0.375492030585354,Republican,Republican,False
B001277,C001091,6,0.6955059543251991,Democrat,Democrat,False
S001194,C001113,4,0.47986926627345383,Democrat,Democrat,False
G000585,G000551,4,0.5712465718388557,Democrat,Democrat,False
M000133,W000802,22,0.5242802350866523,Democrat,Democrat,False
Q000023,D000563,9,0.24317497025347418,Democrat,Democrat,False
B001302,B001305,16,0.4872015252476558,Republican,Republican,False
D000563,L000174,10,0.37209210991859437,Democrat,Democrat,False
J000299,R000614,9,0.49373082878688973,Republican,Republican,False
B001302,L000589,54,0.6713998769927356,Republican,Republican,False
R000515,C001097,3,0.0976194217801094,Democrat,Democrat,False
R000606,G000585,9,0.6347192724545797,Democrat,Democrat,False
M000639,D000563,24,0.35876517832123983,Democrat,Democrat,False
C000141,R000576,15,0.03476585571964582,Democrat,Democrat,False
G000590,M001187,3,0.5610059400399526,Republican,Republican,False
M000639,P000034,15,0.3469651937484741,Democrat,Democrat,False
S001172,F000463,13,0.0466053057461977,Republican,Republican,False
C001101,T000482,3,0.01439326194425424,Democrat,Democrat,False
S001168,P000197,17,0.42065089891719465,Democrat,Democrat,False
B001302,S001210,6,0.7616879840691885,Republican,Republican,False
F000461,C001120,13,0.603999230509194,Republican,Republican,False
W000813,Y000064,4,0.040845284005627036,Republican,Republican,False
B001292,P000197,13,0.3547782428705922,Democrat,Democrat,False
N000002,P000197,3,0.707192579905192,Democrat,Democrat,False
B001296,K000378,7,0.8653663992881775,Democrat,Republican,True
B001292,B001270,6,0.5612697520603737,Democrat,Democrat,False
F000461,B000755,14,0.3702676606231502,Republican,Republican,False
G000587,G000586,18,0.27957199252624476,Democrat,Democrat,False
B001304,M001203,4,0.612018708139658,Democrat,Democrat,False
K000382,H001076,10,0.32888252367265525,Democrat,Democrat,False
E000299,L000287,5,0.2870055874809623,Democrat,Democrat,False
G000586,L000287,6,0.30410106976826984,Democrat,Democrat,False
P000617,H001081,3,0.21478979041179022,Democrat,Democrat,False
S001206,S001185,3,0.5547402997811636,Democrat,Democrat,False
M000087,P000096,8,0.23930067708715796,Democrat,Democrat,False
H000874,H001066,4,0.29656944796442986,Democrat,Democrat,False
B001302,G000552,9,0.5084060082832972,Republican,Republican,False
D000627,M001160,3,0.04415117825071017,Democrat,Democrat,False
B001281,M001160,8,0.5225871265865862,Democrat,Democrat,False
M001185,S001193,4,0.28583724051713943,Democrat,Democrat,False
L000564,L000589,5,0.5258718259632588,Republican,Republican,False
T000472,S001150,5,0.8801414251327515,Democrat,Democrat,False
S001203,D000563,3,0.46160391221443814,Democrat,Democrat,False
Y000062,N000002,4,0.9145781695842743,Democrat,Democrat,False
M001207,P000197,7,0.1756487853292908,Democrat,Democrat,False
H000874,N000002,6,0.7798956284920374,Democrat,Democrat,False
C001101,K000385,6,0.5483202636241913,Democrat,Democrat,False
G000586,W000187,7,0.3223136445241315,Democrat,Democrat,False
K000379,D000624,7,0.060258104731994014,Democrat,Democrat,False
J000298,S001150,15,0.4719181244572004,Democrat,Democrat,False
P000197,D000624,8,0.3024544541258365,Democrat,Democrat,False
P000607,L000287,9,0.2904130361146397,Democrat,Democrat,False
C001097,E000299,6,0.27205384662374854,Democrat,Democrat,False
C001121,H000874,4,0.21446535410359502,Democrat,Democrat,False
L000586,A000370,4,0.03260315698571503,Democrat,Democrat,False
B001291,M001187,4,0.7312417216598988,Republican,Republican,False
L000576,G000590,3,0.2517157693703969,Republican,Republican,False
L000551,S000033,4,0.6105002453550696,Democrat,Independent,False
W000802,P000197,3,0.6410390237967173,Democrat,Democrat,False
P000617,C001101,30,0.2711958865324656,Democrat,Democrat,False
F000469,R000584,17,0.09994369838386774,Republican,Republican,False
C001113,M001111,7,0.5086884241817253,Democrat,Democrat,False
J000298,W000779,3,0.8905405203501383,Democrat,Democrat,False
E000298,S001176,12,0.3808172473994394,Republican,Republican,False
L000570,B001300,5,0.6388291709125042,Democrat,Democrat,False
R000609,W000823,3,0.12456493576367696,Republican,Republican,False
S000250,P000048,4,0.26641631056554615,Republican,Republican,False
G000586,D000216,8,0.472247056895867,Democrat,Democrat,False
G000586,R000617,8,0.5404047884512693,Democrat,Democrat,False
C001130,M001184,14,0.5876856954502208,Democrat,Republican,True
C001066,M000312,4,0.7265885015949607,Democrat,Democrat,False
W000805,M001111,5,0.7229123651981354,Democrat,Democrat,False
C001116,R000614,10,0.5258352726697921,Republican,Republican,False
H001042,S001150,13,0.759718154485409,Democrat,Democrat,False
S001148,S001176,12,0.5864309809015443,Republican,Republican,False
R000618,B001305,3,0.6247751712799072,Republican,Republican,False
H001058,S000168,4,0.18885524023789912,Republican,Republican,False
C001132,S001224,5,0.7157110415399075,Republican,Republican,False
C001118,K000405,3,0.6648981173833212,Republican,Republican,False
O000173,R000617,3,0.9364352226257324,Democrat,Democrat,False
H001047,B001288,3,0.603794331351916,Democrat,Democrat,False
M001229,K000385,4,0.824165865778923,Democrat,Democrat,False
B001303,C001088,30,0.3621917445833484,Democrat,Democrat,False
B001316,C001132,5,0.3384280864149332,Republican,Republican,False
R000515,O000173,10,0.5194819116964936,Democrat,Democrat,False
C001114,S001192,16,0.060582962760236114,Republican,Republican,False
H001042,W000790,3,0.5465016613403956,Democrat,Democrat,False
M001238,R000579,3,0.46346961085995037,Democrat,Democrat,False
N000191,L000551,8,0.38479495514184237,Democrat,Democrat,False
L000586,S001200,11,0.3163960481231863,Democrat,Democrat,False
W000825,S001209,4,0.03583251708187163,Democrat,Democrat,False
K000379,C001101,18,0.2816943234453599,Democrat,Democrat,False
M000087,C001078,4,0.4314468614757061,Democrat,Democrat,False
M001176,K000391,4,0.26335176452994347,Democrat,Democrat,False
N000002,B001270,10,0.6233355533331633,Democrat,Democrat,False
S000148,S000033,12,0.4832366518676281,Democrat,Independent,False
P000603,M000194,4,0.018091249861754477,Republican,Republican,False
P000523,A000370,12,0.1300680646672845,Democrat,Democrat,False
H000874,G000587,4,0.3290814934298396,Democrat,Democrat,False
G000551,G000574,12,0.39817256092404324,Democrat,Democrat,False
R000515,V000081,4,0.6813679523766041,Democrat,Democrat,False
M000639,S001207,10,0.1350368309766054,Democrat,Democrat,False
S001205,N000188,3,0.3358672121539712,Democrat,Democrat,False
M001137,J000294,21,0.5553250377554269,Democrat,Democrat,False
C001075,H001079,3,0.45475533604621887,Republican,Republican,False
D000096,J000294,15,0.4678056692083677,Democrat,Democrat,False
M001202,D000617,4,0.26409145863726735,Democrat,Democrat,False
D000399,D000216,9,0.4745824413581027,Democrat,Democrat,False
M000133,C001088,3,0.3293454007556041,Democrat,Democrat,False
L000551,C001080,9,0.29568657361798817,Democrat,Democrat,False
R000606,P000597,3,0.322081654643019,Democrat,Democrat,False
P000197,L000593,4,0.20001754234544933,Democrat,Democrat,False
J000295,P000449,5,0.12027789279818535,Republican,Republican,False
S001184,E000295,5,0.30894511565566063,Republican,Republican,False
G000581,G000587,8,0.3442444091197103,Democrat,Democrat,False
L000551,P000607,13,0.4033104284451558,Democrat,Democrat,False
J000298,C001117,3,0.3040650611122449,Democrat,Democrat,False
G000586,K000391,3,0.2724540537844102,Democrat,Democrat,False
S001184,A000360,6,0.027529276441782713,Republican,Republican,False
R000606,B001270,3,0.5340433989961942,Democrat,Democrat,False
H000874,B001303,4,0.863018125295639,Democrat,Democrat,False
T000250,S001184,5,0.4506585210561752,Republican,Republican,False
K000385,C001101,4,0.2346134539693594,Democrat,Democrat,False
S001181,C001088,5,0.058840326964855194,Democrat,Democrat,False
P000617,T000482,17,0.16504899330218048,Democrat,Democrat,False
E000215,P000197,10,0.07623585648834705,Democrat,Democrat,False
S001193,S001145,4,0.06831231387332082,Democrat,Democrat,False
B000711,D000563,5,0.19179875254631043,Democrat,Democrat,False
M001176,C001088,4,0.39680858538486063,Democrat,Democrat,False
C000174,V000128,5,0.6687230654060841,Democrat,Democrat,False
S001165,P000034,3,0.28929128653059405,Democrat,Democrat,False
M001180,M001195,4,0.023905666079372168,Republican,Republican,False
R000614,L000589,9,0.5012627347475953,Republican,Republican,False
F000469,R000614,3,0.22895298525691032,Republican,Republican,False
R000603,H001067,3,0.5405737037460009,Republican,Republican,False
M001225,J000294,3,0.36595893278717995,Democrat,Democrat,False
O000172,F000476,3,0.43018219619989395,Democrat,Democrat,False
G000563,L000566,4,0.2710050120949745,Republican,Republican,False
S001224,C001098,4,0.07924620225094259,Republican,Republican,False
S000929,M001184,4,0.08694946160539985,Republican,Republican,False
N000190,S001184,14,0.19735895632766187,Republican,Republican,False
E000299,D000216,4,0.4457941078580916,Democrat,Democrat,False
T000481,C001131,5,0.7815950877964497,Democrat,Democrat,False
D000622,B001303,3,0.5062973791112503,Democrat,Democrat,False
C001095,F000463,3,0.5849994253367186,Republican,Republican,False
H001086,R000614,3,0.5446336728831133,Republican,Republican,False
S000148,M001111,46,0.6070998859713259,Democrat,Democrat,False
K000385,M001208,4,0.05684896279126406,Democrat,Democrat,False
B001301,S001184,4,0.8512770235538483,Republican,Republican,False
L000582,J000294,5,0.460541395843029,Democrat,Democrat,False
J000293,S001213,3,0.3504282757639885,Republican,Republican,False
B001303,W000802,4,0.5693549611605704,Democrat,Democrat,False
M001136,K000399,3,0.7161465585231781,Republican,Republican,False
M000194,C001111,3,0.6214257975419363,Republican,Democrat,True
C001104,K000395,9,0.27682664348847336,Republican,Republican,False
L000557,W000788,4,0.49381953198462725,Democrat,Democrat,False
F000459,H001086,3,0.7844685912132263,Republican,Republican,False
B001298,G000574,4,0.013116300106048584,Republican,Democrat,True
J000299,M001136,7,0.7459293473511934,Republican,Republican,False
H001084,M001136,3,0.6239862230916818,Republican,Republican,False
D000615,D000616,3,0.5882187079017361,Republican,Republican,False
C001097,S000510,3,0.039294189463059105,Democrat,Democrat,False
B001302,R000103,19,0.44067641328039925,Republican,Republican,False
W000816,C001098,6,0.11426051907862227,Republican,Republican,False
Q000023,S001145,10,0.1505781514570117,Democrat,Democrat,False
B000944,K000389,3,0.14432291810711226,Democrat,Democrat,False
B001303,D000216,3,0.13392342813313007,Democrat,Democrat,False
C001104,R000614,8,0.4270284448284656,Republican,Republican,False
C001066,J000126,7,0.1224345595442823,Democrat,Democrat,False
C001075,L000571,3,0.608951156338056,Republican,Republican,False
M001184,R000103,4,0.4839947111904621,Republican,Republican,False
S000148,V000081,5,0.12829071301966904,Democrat,Democrat,False
R000515,P000607,16,0.4293914489680901,Democrat,Democrat,False
T000460,D000482,3,0.09761286713182926,Democrat,Democrat,False
D000191,G000586,5,0.2618479492142797,Democrat,Democrat,False
J000298,B001223,9,0.5807771239843633,Democrat,Democrat,False
C001059,T000460,5,0.4468551632016897,Democrat,Democrat,False
B001236,C001095,29,0.21779373546676903,Republican,Republican,False
K000384,G000555,4,0.6845822585746646,Democrat,Democrat,False
H001067,H001101,7,0.38615124326731476,Republican,Republican,False
B000825,P000603,4,0.6200301190838218,Republican,Republican,False
G000559,B001287,13,0.16456169849978045,Democrat,Democrat,False
A000381,O000172,5,0.49547015130519867,Democrat,Democrat,False
K000377,P000614,3,0.40851116304596263,Democrat,Democrat,False
C001095,B001243,3,0.8455158869425455,Republican,Republican,False
B001316,F000484,3,0.09117753803730011,Republican,Republican,False
W000817,R000122,3,0.7083561271429062,Democrat,Democrat,False
L000570,R000608,4,0.7586954161524773,Democrat,Democrat,False
H001098,C001133,8,0.20738578826421872,Republican,Republican,False
J000307,S001217,7,0.23999348336032458,Republican,Republican,False
D000635,S001218,6,0.5394266679262122,Democrat,Democrat,False
F000454,D000617,4,0.40392929688096046,Democrat,Democrat,False
F000246,G000590,6,0.7248255461454391,Republican,Republican,False
F000246,S001196,5,0.2129496518522501,Republican,Republican,False
L000592,P000617,7,0.10275262354740075,Democrat,Democrat,False
R000515,M001200,3,0.3739560234049956,Democrat,Democrat,False
G000559,P000096,3,0.6323053228358427,Democrat,Democrat,False
B000740,S001196,3,0.587745378104349,Republican,Republican,False
S000148,C001113,14,0.5806154951985393,Democrat,Democrat,False
L000557,H001066,4,0.4649275718256831,Democrat,Democrat,False
B001316,B001309,3,0.7526675860087076,Republican,Republican,False
J000299,V000134,4,0.47091499622911215,Republican,Republican,False
L000570,M000639,3,0.04901278748487433,Democrat,Democrat,False
M001215,G000591,3,0.4295692940553029,Republican,Republican,False
C001090,S001156,3,0.4586983323097229,Democrat,Democrat,False
B001298,H001091,3,0.4627375149478515,Republican,Republican,False
H001067,M001156,10,0.18137746076099576,Republican,Republican,False
B001304,D000624,4,0.15773907979018986,Democrat,Democrat,False
T000476,E000295,5,0.04711534418165684,Republican,Republican,False
S000168,T000478,6,0.3915668441914022,Republican,Republican,False
B001282,M001157,3,0.012125521432608366,Republican,Republican,False
D000191,B000574,4,0.06662528170272708,Democrat,Democrat,False
L000551,M000404,3,0.27520716469734907,Democrat,Democrat,False
D000191,S001211,3,0.3445903478811185,Democrat,Democrat,False
C000141,W000802,5,0.20512257590889932,Democrat,Democrat,False
L000577,M001198,3,0.5174332552899917,Republican,Republican,False
H000273,S001181,5,0.5637382537126541,Democrat,Democrat,False
C001091,L000593,4,0.649618573486805,Democrat,Democrat,False
C001131,M001223,3,0.15763117869695029,Democrat,Democrat,False
B001292,T000468,4,0.31122807203792036,Democrat,Democrat,False
H000273,V000128,3,0.9162135521570841,Democrat,Democrat,False
D000615,P000603,4,0.2778998790308833,Republican,Republican,False
V000131,H000874,3,0.6357851400971413,Democrat,Democrat,False
M000194,L000596,3,0.3019750105837981,Republican,Republican,False
H000273,O000174,5,0.7221318393945694,Democrat,Democrat,False
J000292,L000566,9,0.03241468220949173,Republican,Republican,False
H001084,R000614,5,0.5590263396501541,Republican,Republican,False
M000312,P000593,4,0.13117521768435836,Democrat,Democrat,False
W000797,C001097,3,0.2590688665707906,Democrat,Democrat,False
E000299,C001121,4,0.29403156065382063,Democrat,Democrat,False
C001104,M001136,8,0.22135659656487405,Republican,Republican,False
M000133,M000087,6,0.21995644768079123,Democrat,Democrat,False
T000482,M001169,3,0.30080516388018924,Democrat,Democrat,False
A000378,B001286,4,0.036646015010774136,Democrat,Democrat,False
T000481,J000306,4,0.6419397816061974,Democrat,Democrat,False
E000296,T000460,5,0.5478187572211027,Democrat,Democrat,False
G000586,M000087,5,0.32097008302807806,Democrat,Democrat,False
D000631,K000380,6,0.06240552477538586,Democrat,Democrat,False
T000483,W000825,3,0.04229235431800286,Democrat,Democrat,False
B001304,T000483,3,0.0808558960755666,Democrat,Democrat,False
C001097,B001281,4,0.3035730682313442,Democrat,Democrat,False
G000559,C001078,3,0.4090157796939214,Democrat,Democrat,False
N000002,C001038,6,0.3064353695760171,Democrat,Democrat,False
S001185,G000555,5,0.08867997918277978,Democrat,Democrat,False
B000755,B001273,5,0.46143392398953437,Republican,Republican,False
Q000023,B001286,6,0.06529240837941568,Democrat,Democrat,False
J000126,L000551,6,0.42529894473652047,Democrat,Democrat,False
M001160,N000002,4,0.5296278493478894,Democrat,Democrat,False
L000550,H001069,3,0.029711608464519184,Democrat,Democrat,False
V000108,D000607,4,0.025863379007205367,Democrat,Democrat,False
M001188,G000555,9,0.2798725301399827,Democrat,Democrat,False
J000126,C001036,4,0.07658799458295107,Democrat,Democrat,False
D000096,M001160,3,0.36992745970686275,Democrat,Democrat,False
S001190,Q000023,6,0.2387696192599833,Democrat,Democrat,False
B001223,M000087,5,0.35153623335063455,Democrat,Democrat,False
S001217,B001243,5,0.581246192753315,Republican,Republican,False
B001270,S001185,4,0.06125648645684123,Democrat,Democrat,False
B000220,S000364,4,0.20611084438860416,Republican,Republican,False
C000141,C001088,7,0.20928914924817427,Democrat,Democrat,False
R000486,Y000062,3,0.4024131968617439,Democrat,Democrat,False
F000461,M001159,4,0.2683063680306077,Republican,Republican,False
C001038,D000216,9,0.4287239375213782,Democrat,Democrat,False
L000174,M000702,6,0.16168026253581047,Democrat,Democrat,False
C001035,M000702,5,0.30290399547666313,Republican,Democrat,True
B001282,F000451,3,0.03340170967082182,Republican,Republican,False
G000546,G000563,4,0.3036302193067968,Republican,Republican,False
H001058,B001273,3,0.10150566635032494,Republican,Republican,False
D000399,L000287,5,0.35307874754071233,Democrat,Democrat,False
G000565,M000303,7,0.08632472716271877,Republican,Republican,False
L000550,M000639,4,0.06072033103555441,Democrat,Democrat,False
D000610,C001078,4,0.33236691635102034,Democrat,Democrat,False
H001034,L000397,3,0.013436920630435148,Democrat,Democrat,False
L000263,M000404,6,0.5046366689105829,Democrat,Democrat,False
M001188,I000057,7,0.090796088400696,Democrat,Democrat,False
B000755,R000585,5,0.1130796492099762,Republican,Republican,False
K000379,T000482,5,0.05157108046114445,Democrat,Democrat,False
A000377,D000615,5,0.19392273463308812,Republican,Republican,False
T000460,P000608,8,0.5229946901090443,Democrat,Democrat,False
A000370,U000040,3,0.03048980173965295,Democrat,Democrat,False
B001292,K000379,5,0.7505698442459107,Democrat,Democrat,False
B001230,K000384,4,0.26212411979213357,Democrat,Democrat,False
D000623,M001166,4,0.02920506871305406,Democrat,Democrat,False
B001281,T000460,6,0.5507582848270735,Democrat,Democrat,False
G000551,H001068,3,0.3126342898855607,Democrat,Democrat,False
L000570,L000551,4,0.3399976873770356,Democrat,Democrat,False
W000797,V000081,3,0.11350312487532695,Democrat,Democrat,False
G000552,P000599,5,0.12358246184885502,Republican,Republican,False
R000577,K000009,9,0.5844142265203927,Democrat,Democrat,False
L000551,P000523,5,0.3368038071319461,Democrat,Democrat,False
N000026,M001218,10,0.4847852016799152,Republican,Republican,False
T000481,O000172,5,0.5701037026941776,Democrat,Democrat,False
R000614,G000596,4,0.49496073042973876,Republican,Republican,False
F000462,B001270,8,0.27516615064814687,Democrat,Democrat,False
R000614,H001052,3,0.3408839503924052,Republican,Republican,False
B001303,T000469,3,0.3406281427790721,Democrat,Democrat,False
C001035,G000555,3,0.21756668078402677,Republican,Democrat,True
C000714,L000397,7,0.4400273710489273,Democrat,Democrat,False
G000559,G000555,3,0.11550620136161645,Democrat,Democrat,False
S000148,R000146,16,0.4315087512950413,Democrat,Democrat,False
L000263,R000146,9,0.24832314749558768,Democrat,Democrat,False
P000588,S001176,5,0.06141456104815006,Republican,Republican,False
Y000063,C001061,5,0.04302956312894821,Republican,Democrat,True
R000395,B001282,3,0.013192758740236362,Republican,Republican,False
A000360,I000055,3,0.06760790509482224,Republican,Republican,False
W000802,M000303,5,0.3868057193234563,Democrat,Republican,True
G000546,U000031,3,0.06855153540770213,Republican,Republican,False
H001068,F000062,5,0.3071100562810898,Democrat,Democrat,False
T000469,V000128,5,0.5874980956315994,Democrat,Democrat,False
B001304,M001208,4,0.2536011862102896,Democrat,Democrat,False
J000299,M000317,3,0.31226117505381507,Republican,Republican,False
H001082,D000615,4,0.08992189983837306,Republican,Republican,False
R000591,B001273,5,0.3995964713394642,Republican,Republican,False
C000714,W000808,12,0.13638067920692265,Democrat,Democrat,False
T000469,L000560,3,0.07948913611471653,Democrat,Democrat,False
K000395,C001108,3,0.3290925857921441,Republican,Republican,False
K000389,G000579,3,0.16162168110410371,Democrat,Republican,True
P000197,M001208,3,0.24511058318118253,Democrat,Democrat,False
M001200,B001292,5,0.10691448859870434,Democrat,Democrat,False
K000380,M000312,3,0.4475461194912593,Democrat,Democrat,False
M000312,B001278,4,0.36172257200814784,Democrat,Democrat,False
S001193,L000397,4,0.1169389202259481,Democrat,Democrat,False
D000399,C001061,3,0.5232345350086689,Democrat,Democrat,False
M000087,G000555,3,0.028091874594489735,Democrat,Democrat,False
M000087,N000192,3,0.19655276307215294,Democrat,Democrat,False
B001312,D000399,3,0.3912439237659176,Democrat,Democrat,False
L000575,S001184,7,0.22847606175179994,Republican,Republican,False
S001168,V000131,5,0.25644279308617113,Democrat,Democrat,False
B001281,K000009,10,0.41281170705333353,Democrat,Democrat,False
D000610,M001202,4,0.045195566955953836,Democrat,Democrat,False
B001296,B001292,3,0.6444713647166888,Democrat,Democrat,False
C001117,H001085,3,0.04138924740254879,Democrat,Democrat,False
L000397,T000474,3,0.1960820878545443,Democrat,Democrat,False
S001201,R000602,3,0.03921904352804025,Democrat,Democrat,False
S001217,S001224,3,0.06314241265257199,Republican,Republican,False
D000614,M001156,9,0.05083840743949016,Republican,Republican,False
A000378,F000467,4,0.03853156301192939,Democrat,Democrat,False
G000587,D000610,3,0.4632501530771454,Democrat,Democrat,False
K000389,S000510,6,0.3454488627612591,Democrat,Democrat,False
P000617,C000984,3,0.5114921530087789,Democrat,Democrat,False
D000615,W000795,3,0.03612344215313593,Republican,Republican,False
B001301,W000804,3,0.031456210960944496,Republican,Republican,False
H001069,K000360,3,0.06752353285749753,Democrat,Republican,True
E000293,M001196,3,0.0471924344698588,Democrat,Democrat,False
P000604,B001281,4,0.2224082420580089,Democrat,Democrat,False
M001184,B001294,5,0.22592581640928983,Republican,Republican,False
L000174,C001098,3,0.4998617221911748,Democrat,Republican,True
L000579,D000610,3,0.22405960441877446,Democrat,Democrat,False
C000984,R000576,3,0.05080218364795049,Democrat,Democrat,False
C000714,G000535,4,0.5296492418274283,Democrat,Democrat,False
B001291,G000565,3,0.31942553880314034,Republican,Republican,False
H001069,M000303,4,0.11087278416380286,Democrat,Republican,True
C001066,R000588,4,0.8711459189653397,Democrat,Democrat,False
H000324,C001038,6,0.6844372178117434,Democrat,Democrat,False
L000580,M001163,7,0.17047374030309065,Democrat,Democrat,False
C000714,M001163,3,0.024047601347168285,Democrat,Democrat,False
S001184,D000618,3,0.02379197192688783,Republican,Republican,False
R000146,T000468,4,0.14742032438516617,Democrat,Democrat,False
I000057,S001193,11,0.1995817053724419,Democrat,Democrat,False
C001066,C001072,3,0.8659147024154663,Democrat,Democrat,False
A000360,M000355,9,0.23224880577375492,Republican,Republican,False
P000523,K000380,5,0.36122736781835557,Democrat,Democrat,False
S001175,S001145,3,0.6581270657479763,Democrat,Democrat,False
C001101,D000624,5,0.22231505010277033,Democrat,Democrat,False
C000984,L000287,3,0.30096831545233727,Democrat,Democrat,False
H000324,B001270,3,0.7821524739265442,Democrat,Democrat,False
C001038,L000287,9,0.5304819846318828,Democrat,Democrat,False
T000469,T000460,3,0.14664682435492674,Democrat,Democrat,False
M000312,S001200,3,0.29437674147387344,Democrat,Democrat,False
B001302,C001056,3,0.4819188266992569,Republican,Republican,False
J000294,S001150,4,0.6830822974443436,Democrat,Democrat,False
D000627,J000294,9,0.6299018487334251,Democrat,Democrat,False
R000307,C001088,4,0.023567663738504052,Republican,Democrat,True
E000296,F000466,4,0.02492907561827451,Democrat,Republican,True
T000483,K000394,3,0.024042904066542786,Democrat,Democrat,False
L000564,G000562,6,0.04881338899334272,Republican,Republican,False
D000610,P000096,3,0.27298762525121373,Democrat,Democrat,False
C001069,D000216,3,0.4012129058440526,Democrat,Democrat,False
B001281,V000128,4,0.5130675793625414,Democrat,Democrat,False
F000462,T000266,3,0.2795395003631711,Democrat,Democrat,False
F000462,K000379,3,0.3432525886843602,Democrat,Democrat,False
N000002,K000379,3,0.328412343437473,Democrat,Democrat,False
Y000062,M001188,3,0.4506130777299404,Democrat,Democrat,False
N000127,P000607,4,0.2694119098596275,Democrat,Democrat,False
W000820,S001176,9,0.24967586994171143,Republican,Republican,False
E000293,L000557,7,0.20931811138455356,Democrat,Democrat,False
F000462,C001038,5,0.5299150543287396,Democrat,Democrat,False
L000397,I000057,3,0.5318943616002798,Democrat,Democrat,False
H001059,R000576,3,0.02243307450165351,Republican,Democrat,True
L000551,R000146,3,0.424543975541989,Democrat,Democrat,False
S001175,D000563,3,0.2555972523987293,Democrat,Democrat,False
E000293,R000602,3,0.8515677054723104,Democrat,Democrat,False
D000623,B001270,3,0.16636822558939457,Democrat,Democrat,False
G000581,C001063,3,0.33204873899618786,Democrat,Democrat,False
N000189,G000289,3,0.04648324785133203,Republican,Republican,False
G000562,R000307,3,0.43831221759319305,Republican,Republican,False
P000611,P000597,3,0.027735821281870205,Republican,Democrat,True
C001038,E000290,5,0.5168565690517426,Democrat,Democrat,False
B001293,G000289,8,0.18626525718718767,Republican,Republican,False
B001292,M000303,3,0.40599146485328674,Democrat,Republican,True
L000581,N000002,10,0.534839435480535,Democrat,Democrat,False
S001181,T000476,3,0.06675110074381034,Democrat,Republican,True
C001063,G000581,3,0.0710367492089669,Democrat,Democrat,False
M001180,J000297,4,0.0641110991127789,Republican,Republican,False
D000563,W000805,4,0.6232142369262874,Democrat,Democrat,False
B001286,V000131,3,0.456927136828502,Democrat,Democrat,False
T000476,A000360,5,0.0815031100064516,Republican,Republican,False
J000298,R000486,11,0.46809954136948695,Democrat,Democrat,False
C001101,C000984,4,0.7375790290534496,Democrat,Democrat,False
L000263,P000607,3,0.6470730106035868,Democrat,Democrat,False
L000582,M000133,14,0.5145412811211177,Democrat,Democrat,False
C001066,S001175,6,0.48694256413728,Democrat,Democrat,False
D000623,C001038,3,0.33797421058019,Democrat,Democrat,False
T000476,C001075,3,0.31574434600770473,Republican,Republican,False
C001066,L000557,3,0.9112207690874735,Democrat,Democrat,False
L000580,B001286,6,0.3636045691867669,Democrat,Democrat,False
S001191,S001176,3,0.12558539832631746,Democrat,Republican,True
M000087,W000799,3,0.5187538576622804,Democrat,Democrat,False
T000475,D000624,5,0.1175493136048317,Republican,Democrat,True
C001066,T000472,3,0.6214182128508886,Democrat,Democrat,False
F000462,L000580,3,0.3342907012750705,Democrat,Democrat,False
C001038,M000087,4,0.5367237911559641,Democrat,Democrat,False
M001193,N000188,5,0.042370408214628695,Republican,Democrat,True
L000263,C001080,4,0.7629834562540054,Democrat,Democrat,False
M000639,G000535,4,0.5070978999137878,Democrat,Democrat,False
E000299,R000515,3,0.6745468775431315,Democrat,Democrat,False
B001230,M000702,3,0.32632522098720074,Democrat,Democrat,False
W000815,M001157,3,0.02070518583059311,Republican,Republican,False
H001068,B001292,12,0.5505676429408292,Democrat,Democrat,False
T000476,P000449,3,0.06281089441229899,Republican,Republican,False
A000360,C000567,4,0.06484100874513388,Republican,Republican,False
M000087,I000057,4,0.6093200775794685,Democrat,Democrat,False
M000355,R000307,3,0.5153584132591883,Republican,Republican,False
M000312,K000380,6,0.8769303460915884,Democrat,Democrat,False
B000944,H001075,3,0.417293647925059,Democrat,Democrat,False
W000815,B001291,4,0.3358445125631988,Republican,Republican,False
C000174,U000039,3,0.4584878583749135,Democrat,Democrat,False
S001193,W000808,5,0.20327766314148904,Democrat,Democrat,False
L000582,G000574,4,0.8998820781707764,Democrat,Democrat,False
W000437,C001088,3,0.028858965262770653,Republican,Democrat,True
C001098,B001248,3,0.3364000419775645,Republican,Republican,False
L000174,K000384,3,0.7564606467882792,Democrat,Democrat,False
R000585,F000465,3,0.3244330398738384,Republican,Republican,False
C001124,R000486,3,0.018618833273649216,Democrat,Democrat,False
A000374,A000369,3,0.02278717824568351,Republican,Republican,False
Y000063,L000585,3,0.29184848566850025,Republican,Republican,False
G000553,G000581,3,0.06049393986662229,Democrat,Democrat,False
W000802,C000141,4,0.46123686945065856,Democrat,Democrat,False
L000560,S001211,3,0.03329876127342383,Democrat,Democrat,False
B001275,B001310,3,0.23053335646788278,Republican,Republican,False
D000631,L000582,3,0.6241340215007464,Democrat,Democrat,False
S001212,F000470,9,0.3696861095312569,Republican,Republican,False
B001302,M001184,61,0.5064836625070845,Republican,Republican,False
D000631,D000627,47,0.4235512076956319,Democrat,Democrat,False
W000817,J000298,20,0.41502823485061524,Democrat,Democrat,False
F000454,W000825,5,0.21070255264639853,Democrat,Democrat,False
F000454,C001117,55,0.17775833681225778,Democrat,Democrat,False
M000312,M001206,4,0.6696372330188751,Democrat,Democrat,False
G000586,D000563,104,0.41390457106395984,Democrat,Democrat,False
S001200,G000582,6,0.08228280209004879,Democrat,Republican,True
P000607,N000191,18,0.44565605672283304,Democrat,Democrat,False
E000296,B001281,41,0.3082339451534719,Democrat,Democrat,False
M000087,M001137,6,0.1852123293404778,Democrat,Democrat,False
B001302,B000825,21,0.5116378639691642,Republican,Republican,False
L000560,D000610,3,0.42708997055888176,Democrat,Democrat,False
C001047,E000295,10,0.09079449241980911,Republican,Republican,False
S001205,W000790,6,0.22380670447212955,Democrat,Democrat,False
L000586,D000627,6,0.1284657452876369,Democrat,Democrat,False
S001168,A000376,4,0.23725474625825882,Democrat,Democrat,False
M000312,D000627,8,0.5450937571004033,Democrat,Democrat,False
P000617,V000081,6,0.5328438471381863,Democrat,Democrat,False
H001084,M001215,4,0.22938648238778114,Republican,Republican,False
K000381,S001159,10,0.02472804272547364,Democrat,Democrat,False
G000551,S000510,3,0.21048177778720856,Democrat,Democrat,False
R000606,B001292,44,0.3886319289026274,Democrat,Democrat,False
P000613,L000582,3,0.3068356203536193,Democrat,Democrat,False
K000389,B001288,7,0.4482854325324297,Democrat,Democrat,False
M000087,G000551,4,0.5040368014015257,Democrat,Democrat,False
M001176,D000563,12,0.48433699769278366,Democrat,Democrat,False
V000131,C001091,5,0.32727272547781466,Democrat,Democrat,False
W000802,F000062,18,0.47421768825087285,Democrat,Democrat,False
E000296,S001185,20,0.18550911787897348,Democrat,Democrat,False
H000874,B001270,6,0.7770105600357056,Democrat,Democrat,False
S000510,B001270,5,0.4094682276248932,Democrat,Democrat,False
S001205,S001150,55,0.6014819644730199,Democrat,Democrat,False
S001168,W000788,12,0.3987227367858092,Democrat,Democrat,False
G000596,B001302,8,0.7294178530573845,Republican,Republican,False
L000564,B000825,3,0.056863515016933285,Republican,Republican,False
J000306,P000096,3,0.40957217290997505,Democrat,Democrat,False
M001212,T000278,9,0.7301293052732944,Republican,Republican,False
B001230,C001070,10,0.17810469320975245,Democrat,Democrat,False
Y000062,P000197,13,0.5517504527591742,Democrat,Democrat,False
W000802,S001203,13,0.25754970498383045,Democrat,Democrat,False
B001261,C001096,20,0.501041830284521,Republican,Republican,False
W000817,C001091,6,0.3483035167058309,Democrat,Democrat,False
W000822,C001117,8,0.4423420187085867,Democrat,Democrat,False
S001205,C001117,7,0.28355864541871206,Democrat,Democrat,False
S000148,O000172,11,0.10232734595510093,Democrat,Democrat,False
B001296,P000197,10,0.22517526121810078,Democrat,Democrat,False
G000586,J000288,5,0.12152735628187657,Democrat,Democrat,False
W000822,K000394,12,0.5261960987312099,Democrat,Democrat,False
C001096,D000618,3,0.01925803441554308,Republican,Republican,False
G000586,L000397,4,0.08128332486376166,Democrat,Democrat,False
M001184,B000825,25,0.531090442314744,Republican,Republican,False
B001304,C001080,3,0.5846898009379705,Democrat,Democrat,False
C000174,P000145,3,0.35531214127937955,Democrat,Democrat,False
P000197,C001080,4,0.7989940494298935,Democrat,Democrat,False
T000481,P000607,10,0.6380233854055405,Democrat,Democrat,False
P000618,W000817,4,0.47730491403490305,Democrat,Democrat,False
Q000023,D000216,4,0.6762768309563398,Democrat,Democrat,False
G000586,N000191,6,0.36540372141947347,Democrat,Democrat,False
S000148,J000306,3,0.019831362180411816,Democrat,Democrat,False
F000462,M001188,9,0.3646213936929901,Democrat,Democrat,False
P000607,S001145,28,0.3555267718287983,Democrat,Democrat,False
C001117,P000618,8,0.29027370223775506,Democrat,Democrat,False
D000629,C001061,13,0.1868463447317481,Democrat,Democrat,False
R000606,M001188,4,0.49202100560069084,Democrat,Democrat,False
G000586,S001145,47,0.4640712619838404,Democrat,Democrat,False
P000617,O000173,51,0.3861482274791628,Democrat,Democrat,False
O000174,W000790,36,0.17407115728646103,Democrat,Democrat,False
A000376,S001209,4,0.04510207264684141,Democrat,Democrat,False
S001135,C001098,4,0.41306707076728344,Republican,Republican,False
S000510,P000197,8,0.32172270212322474,Democrat,Democrat,False
L000560,K000381,17,0.1791407865307787,Democrat,Democrat,False
R000305,W000788,5,0.037385988235473636,Democrat,Democrat,False
C001117,N000192,7,0.18348666187375784,Democrat,Democrat,False
P000607,N000147,3,0.32976968276004,Democrat,Democrat,False
H000874,P000197,13,0.5049637311782974,Democrat,Democrat,False
M001200,P000197,4,0.3126167154405266,Democrat,Democrat,False
H001068,P000197,16,0.2459322775248438,Democrat,Democrat,False
W000802,W000817,45,0.6920104794825117,Democrat,Democrat,False
J000298,E000296,7,0.2849174312182835,Democrat,Democrat,False
L000570,S001218,11,0.028651776384900917,Democrat,Democrat,False
M000312,L000551,24,0.4134426451055333,Democrat,Democrat,False
H000273,B001267,8,0.07655549456831068,Democrat,Democrat,False
D000399,S001145,4,0.21131147583946586,Democrat,Democrat,False
O000172,M000312,3,0.8681440750757853,Democrat,Democrat,False
N000191,P000593,9,0.11092218115097946,Democrat,Democrat,False
P000610,J000294,9,0.6657458225058185,Democrat,Democrat,False
C001130,S001193,7,0.7415862381458282,Democrat,Democrat,False
V000081,C001131,3,0.6083728472391764,Democrat,Democrat,False
R000599,P000145,4,0.013227910734713078,Democrat,Democrat,False
B000944,S000770,4,0.09923995658755302,Democrat,Democrat,False
B001311,B001297,5,0.8761307597160339,Republican,Republican,False
C001097,J000294,9,0.519125501314799,Democrat,Democrat,False
S001168,W000817,3,0.7851314345995585,Democrat,Democrat,False
B001300,R000599,3,0.23354024440050125,Democrat,Democrat,False
S001224,C001132,9,0.26503478383852375,Republican,Republican,False
T000476,C001056,9,0.18639862361467546,Republican,Republican,False
K000389,K000009,3,0.3746851732333501,Democrat,Democrat,False
M001158,I000056,29,0.21776289215054492,Republican,Republican,False
V000134,B001248,3,0.22896441568930945,Republican,Republican,False
R000614,B000825,8,0.44863380084279925,Republican,Republican,False
C001104,B001297,34,0.5819038609590601,Republican,Republican,False
L000560,J000298,18,0.22516135674797827,Democrat,Democrat,False
T000483,D000617,4,0.04525140626356006,Democrat,Democrat,False
B001302,J000299,30,0.7074125560000539,Republican,Republican,False
S001214,S001176,8,0.5656901802867651,Republican,Republican,False
C001087,W000809,14,0.2517262761747198,Republican,Republican,False
B001298,F000463,32,0.18205625405244064,Republican,Republican,False
H001058,M000355,8,0.7590783052146435,Republican,Republican,False
B001302,B001289,16,0.7549577848985791,Republican,Republican,False
F000461,C001093,23,0.7700017327847688,Republican,Republican,False
R000606,K000389,5,0.7285202264785766,Democrat,Democrat,False
C001072,S001150,9,0.7065982106659148,Democrat,Democrat,False
G000578,B001302,39,0.3779951137944292,Republican,Republican,False
L000397,T000472,4,0.8678167760372162,Democrat,Democrat,False
G000551,H001080,6,0.4140536521251003,Democrat,Democrat,False
R000606,C000141,5,0.030023041367530822,Democrat,Democrat,False
S000770,S000148,14,0.49221550832901684,Democrat,Democrat,False
P000605,M001187,21,0.46801689967867877,Republican,Republican,False
G000590,S001176,7,0.8437784484454564,Republican,Republican,False
B001302,G000568,3,0.7896453936894735,Republican,Republican,False
C000141,N000147,3,0.12013036943972111,Democrat,Democrat,False
M001160,P000197,5,0.4194146178662777,Democrat,Democrat,False
Q000023,R000515,4,0.6117583913728595,Democrat,Democrat,False
G000565,R000614,5,0.4174210406839848,Republican,Republican,False
D000617,S001150,12,0.6346741452192267,Democrat,Democrat,False
B001302,S001189,3,0.9477758208910624,Republican,Republican,False
G000591,K000388,3,0.1584535324946046,Republican,Republican,False
C000141,D000563,10,0.35344002274796366,Democrat,Democrat,False
B001303,S001205,3,0.05176438515384992,Democrat,Democrat,False
H001053,B001299,11,0.6842917948961258,Republican,Republican,False
R000515,K000385,12,0.2913949923822656,Democrat,Democrat,False
R000585,B000755,4,0.47347166016697884,Republican,Republican,False
R000608,B001230,5,0.7386377930641175,Democrat,Democrat,False
F000454,S001150,8,0.6799556743353605,Democrat,Democrat,False
N000002,G000587,4,0.3014907129108906,Democrat,Democrat,False
B001278,H001068,3,0.10890723578631878,Democrat,Democrat,False
W000822,F000455,7,0.34046084580144714,Democrat,Democrat,False
S001203,W000802,4,0.3699571564793587,Democrat,Democrat,False
B001305,B001302,4,0.24288974981755018,Republican,Republican,False
C001072,D000197,3,0.5733673488721251,Democrat,Democrat,False
B001274,R000614,3,0.04613185301423073,Republican,Republican,False
L000581,P000197,9,0.5147938221279118,Democrat,Democrat,False
H001058,M001156,13,0.3668607154574532,Republican,Republican,False
B001302,S001214,7,0.729420372417995,Republican,Republican,False
P000197,C001090,3,0.15473859322567782,Democrat,Democrat,False
K000379,K000375,3,0.28763300832360983,Democrat,Democrat,False
S001203,P000616,5,0.15934595689177514,Democrat,Democrat,False
P000197,M001200,3,0.6706748406092325,Democrat,Democrat,False
H001077,M001187,3,0.6534971197446188,Republican,Republican,False
J000292,J000289,4,0.4196396810002625,Republican,Republican,False
M000133,D000563,15,0.43752831996728975,Democrat,Democrat,False
W000797,C001101,6,0.22928017688294253,Democrat,Democrat,False
S001206,S001165,6,0.30732947929451865,Democrat,Democrat,False
S001168,N000002,4,0.34493186231702566,Democrat,Democrat,False
N000002,B001292,9,0.5679625235497952,Democrat,Democrat,False
F000462,N000002,8,0.5988945253193378,Democrat,Democrat,False
S001200,C001101,3,0.34459152693549794,Democrat,Democrat,False
R000606,G000587,5,0.2824368841946125,Democrat,Democrat,False
S000033,L000174,9,0.12340644136485127,Independent,Democrat,False
E000296,S000510,3,0.9642217953999838,Democrat,Democrat,False
T000481,S000033,15,0.5850021779537201,Democrat,Independent,False
S001168,C000141,10,0.12485371287912131,Democrat,Democrat,False
M000087,C001072,3,0.5664997454732656,Democrat,Democrat,False
W000797,D000624,4,0.2540255328640342,Democrat,Democrat,False
M000087,M000312,5,0.5657766275107861,Democrat,Democrat,False
R000515,D000624,5,0.4275023937225342,Democrat,Democrat,False
S001215,D000624,6,0.070473730408897,Democrat,Democrat,False
S001193,L000287,6,0.3690330293029547,Democrat,Democrat,False
J000298,Q000023,4,0.6632048189640045,Democrat,Democrat,False
P000593,L000551,3,0.897934635480245,Democrat,Democrat,False
D000631,L000551,10,0.43955054320394993,Democrat,Democrat,False
E000296,T000467,6,0.02597423316910863,Democrat,Republican,True
P000197,V000081,3,0.35786401480436325,Democrat,Democrat,False
M000639,W000802,5,0.21871953308582306,Democrat,Democrat,False
C001097,H001068,3,0.14627974356214204,Democrat,Democrat,False
W000817,G000586,4,0.19114709831774235,Democrat,Democrat,False
T000481,O000173,47,0.5604303739766808,Democrat,Democrat,False
H001046,S001203,17,0.40797941989320163,Democrat,Democrat,False
K000384,B001230,4,0.9411454200744629,Democrat,Democrat,False
G000559,L000557,4,0.6847480656579137,Democrat,Democrat,False
L000570,B001277,4,0.5841293740086257,Democrat,Democrat,False
M001234,G000606,3,0.5576143587629,Democrat,Democrat,False
G000559,M000312,3,0.3362355592350165,Democrat,Democrat,False
S001194,M001153,3,0.055214389537771545,Democrat,Republican,True
T000474,D000216,4,0.5570899732410908,Democrat,Democrat,False
N000026,C001098,3,0.5650254612167677,Republican,Republican,False
L000570,D000622,5,0.6367713510990143,Democrat,Democrat,False
S001194,O000172,5,0.4934953451156616,Democrat,Democrat,False
D000635,M001169,8,0.7955118045210838,Democrat,Democrat,False
F000482,H001061,4,0.07414588937535882,Republican,Republican,False
B000825,C001108,3,0.7824612955252329,Republican,Republican,False
P000597,M001184,3,0.1846661070982615,Democrat,Republican,True
P000605,S001224,13,0.6293058441235468,Republican,Republican,False
B001306,L000566,3,0.44024315973122913,Republican,Republican,False
T000481,V000081,5,0.7285820297896862,Democrat,Democrat,False
H001052,B001302,4,0.44110471941530704,Republican,Republican,False
L000598,M000317,4,0.7815560400485992,Republican,Republican,False
F000459,S001148,3,0.32767783229549724,Republican,Republican,False
T000463,I000056,16,0.16721116015105508,Republican,Republican,False
C001096,M001197,4,0.03891406720504165,Republican,Republican,False
B001302,M001197,14,0.10205268770057176,Republican,Republican,False
E000179,E000297,6,0.07887430923680465,Democrat,Democrat,False
U000031,D000624,15,0.12015221950908501,Republican,Democrat,True
S001205,M001207,15,0.39056296870112417,Democrat,Democrat,False
M001180,T000483,4,0.03878181497566402,Republican,Democrat,True
M000312,M001169,7,0.5154320041515997,Democrat,Democrat,False
C000174,B001267,3,0.40569728799164295,Democrat,Democrat,False
W000822,G000583,4,0.25931763648986816,Democrat,Democrat,False
B001281,P000617,9,0.5021809112901489,Democrat,Democrat,False
B001300,T000193,3,0.037895108573138714,Democrat,Democrat,False
T000250,Y000064,3,0.031025301354626816,Republican,Republican,False
L000579,S001156,4,0.1822763793170452,Democrat,Democrat,False
M000087,S001175,9,0.39712173119187355,Democrat,Democrat,False
H000874,V000131,3,0.31430210918188095,Democrat,Democrat,False
D000627,E000299,3,0.37962240104873973,Democrat,Democrat,False
B001298,H001053,4,0.8066306710243225,Republican,Republican,False
L000585,W000815,5,0.19349851198494433,Republican,Republican,False
S000770,R000608,3,0.07428338720152776,Democrat,Democrat,False
C001061,D000629,10,0.058394758775830266,Democrat,Democrat,False
B001301,M001194,6,0.05501830608894428,Republican,Republican,False
U000040,G000555,3,0.03463286285599073,Democrat,Democrat,False
S001181,P000614,3,0.016087743143240612,Democrat,Democrat,False
D000563,C000174,8,0.06432992010377347,Democrat,Democrat,False
R000515,U000040,6,0.1659259678175052,Democrat,Democrat,False
A000377,S001196,3,0.4506305546189348,Republican,Republican,False
L000557,B001296,4,0.2395257344469428,Democrat,Democrat,False
R000606,N000002,18,0.4908332110693057,Democrat,Democrat,False
D000096,B001281,9,0.28471390075153774,Democrat,Democrat,False
L000174,M000312,6,0.3612963358561198,Democrat,Democrat,False
J000299,B001298,4,0.5182297094725072,Republican,Republican,False
S001184,C001056,9,0.04332201131102112,Republican,Republican,False
S001184,T000480,3,0.33209655433893204,Republican,Republican,False
J000299,M001190,7,0.6854650250502995,Republican,Republican,False
P000613,D000627,3,0.2323118895292282,Democrat,Democrat,False
C001096,E000295,6,0.19679427581528822,Republican,Republican,False
R000486,C001097,4,0.015897051664069295,Democrat,Democrat,False
D000096,S001185,3,0.4207554481302698,Democrat,Democrat,False
T000460,D000623,5,0.33720099925994873,Democrat,Democrat,False
J000126,L000581,4,0.26414060313254595,Democrat,Democrat,False
R000620,G000585,5,0.7516585342586041,Democrat,Democrat,False
K000389,M000133,3,0.3250424986084302,Democrat,Democrat,False
C001066,F000476,3,0.8970790902773539,Democrat,Democrat,False
M001158,D000603,4,0.10579823050647974,Republican,Republican,False
F000471,S001213,3,0.580101490020752,Republican,Republican,False
C001095,B001319,3,0.4736396049459775,Republican,Republican,False
W000825,C001078,5,0.07002047076821327,Democrat,Democrat,False
E000299,N000191,6,0.3714624649534623,Democrat,Democrat,False
F000462,G000587,4,0.03839677933137864,Democrat,Democrat,False
G000601,L000603,3,0.010711954751362404,Republican,Republican,False
G000585,T000474,3,0.5248293510327736,Democrat,Democrat,False
P000618,H001075,3,0.6082764957100153,Democrat,Democrat,False
E000071,D000230,3,0.21746368426829576,Republican,Democrat,True
B001230,B000944,12,0.1907352275835971,Democrat,Democrat,False
Q000023,C001088,3,0.06915222915510337,Democrat,Democrat,False
J000298,L000592,13,0.34592008146529013,Democrat,Democrat,False
B001300,S000510,3,0.03904273981849352,Democrat,Democrat,False
R000515,P000604,4,0.3363334396854043,Democrat,Democrat,False
H001058,M001136,9,0.22714379088332257,Republican,Republican,False
M001136,M001213,3,0.015500742321213087,Republican,Republican,False
L000551,C001101,7,0.1390900724966611,Democrat,Democrat,False
R000614,J000299,4,0.29858370684087276,Republican,Republican,False
R000614,M001184,36,0.5358687956403527,Republican,Republican,False
C001104,C001115,3,0.8309981226921082,Republican,Republican,False
A000376,J000126,4,0.2544041264336556,Democrat,Democrat,False
M001215,V000134,3,0.13076301664113998,Republican,Republican,False
P000616,S001209,5,0.23486920297145844,Democrat,Democrat,False
G000551,P000617,3,0.598440625394384,Democrat,Democrat,False
B001286,G000587,3,0.44130754222472507,Democrat,Democrat,False
B001300,E000299,3,0.3302899555613597,Democrat,Democrat,False
E000299,D000563,4,0.6097279340028763,Democrat,Democrat,False
H001084,B001297,5,0.6281676530838013,Republican,Republican,False
J000299,M001215,3,0.4773447910944621,Republican,Republican,False
L000560,G000586,3,0.32825095718726516,Democrat,Democrat,False
P000607,W000808,4,0.19658465962857008,Democrat,Democrat,False
H000874,B001296,4,0.16740063345059752,Democrat,Democrat,False
W000802,K000389,7,0.6812034845352173,Democrat,Democrat,False
D000216,L000557,7,0.6767989194818905,Democrat,Democrat,False
Q000023,G000598,3,0.5012733489274979,Democrat,Democrat,False
O000173,N000191,4,0.5703349066898227,Democrat,Democrat,False
L000562,M000312,3,0.5131009370088577,Democrat,Democrat,False
M000312,B001300,4,0.47561065200716257,Democrat,Democrat,False
B001292,W000817,3,0.66570795327425,Democrat,Democrat,False
T000165,R000614,5,0.6359725713729858,Republican,Republican,False
M001136,D000600,4,0.023709323490038514,Republican,Republican,False
O000175,T000278,5,0.8481959521770477,Republican,Republican,False
B001292,B001303,3,0.34309579618275166,Democrat,Democrat,False
P000617,M001111,4,0.5454707574099302,Democrat,Democrat,False
H000273,K000377,10,0.6806342294439673,Democrat,Democrat,False
H001082,S001196,3,0.4999297708272934,Republican,Republican,False
R000515,C001101,13,0.49418441019952297,Democrat,Democrat,False
C001104,F000246,5,0.3530270367860794,Republican,Republican,False
L000576,I000056,5,0.5171131475828588,Republican,Republican,False
F000446,B000740,8,0.17142494581639767,Republican,Republican,False
N000026,B001302,8,0.4025895199738443,Republican,Republican,False
B001311,F000246,5,0.24765757098793983,Republican,Republican,False
C001096,C001075,4,0.3461560341529548,Republican,Republican,False
P000603,L000577,5,0.24167178124189376,Republican,Republican,False
C001117,R000305,5,0.4375866588205099,Democrat,Democrat,False
T000483,W000797,3,0.05473644006997347,Democrat,Democrat,False
M000087,W000826,4,0.06984790787100792,Democrat,Democrat,False
B001302,G000595,7,0.48656395530062063,Republican,Republican,False
C001066,A000371,3,0.6035397772987684,Democrat,Democrat,False
M001212,B001299,5,0.7973679661750793,Republican,Republican,False
M001136,M001212,3,0.3363128735994299,Republican,Republican,False
C001097,G000574,8,0.37617547577247024,Democrat,Democrat,False
M001185,H000874,4,0.08578188042156398,Democrat,Democrat,False
M000194,K000389,4,0.030095365131273866,Republican,Democrat,True
B001224,B001223,4,0.33091387525200844,Democrat,Democrat,False
M001136,D000032,5,0.2535787416622043,Republican,Republican,False
C001113,M001153,5,0.027010329812765122,Democrat,Republican,True
R000103,B001302,14,0.38710926393313067,Republican,Republican,False
R000577,B001281,13,0.28842553997842163,Democrat,Democrat,False
W000797,Y000062,6,0.3484923218687375,Democrat,Democrat,False
L000592,M000133,3,0.11364690152307351,Democrat,Democrat,False
H001084,F000246,4,0.8604046404361725,Republican,Republican,False
P000197,D000191,6,0.1838728473521769,Democrat,Democrat,False
C001104,J000304,4,0.6921460637822747,Republican,Republican,False
J000298,D000617,4,0.7051139906980097,Democrat,Democrat,False
M000194,A000376,3,0.01706731350471576,Republican,Democrat,True
M000702,B000711,3,0.3770711241910855,Democrat,Democrat,False
D000617,D000197,3,0.28747467417269945,Democrat,Democrat,False
D000191,M001176,4,0.020215276861563325,Democrat,Democrat,False
S001183,G000565,12,0.2781297273468226,Republican,Republican,False
W000797,M001208,3,0.2482469311604897,Democrat,Democrat,False
G000585,P000096,6,0.6511934244384369,Democrat,Democrat,False
L000591,W000805,6,0.019181595494349796,Democrat,Democrat,False
H001042,W000805,4,0.8932413309812546,Democrat,Democrat,False
W000802,B001303,3,0.6332781761884689,Democrat,Democrat,False
G000586,P000034,3,0.649480919043223,Democrat,Democrat,False
S001205,F000462,9,0.297959304207729,Democrat,Democrat,False
N000191,S001218,3,0.09058111968139808,Democrat,Democrat,False
W000822,B001223,5,0.22080898378044367,Democrat,Democrat,False
T000483,N000188,3,0.11591616614411275,Democrat,Democrat,False
B001281,T000193,5,0.25359478797763585,Democrat,Democrat,False
R000614,G000595,10,0.39270307272672655,Republican,Republican,False
Y000062,P000597,3,0.30939313024282455,Democrat,Democrat,False
S000168,K000397,4,0.25352498493157327,Republican,Republican,False
E000296,T000193,7,0.44384717415752156,Democrat,Democrat,False
M000087,R000602,4,0.12929580523632467,Democrat,Democrat,False
B001278,T000460,6,0.0738356198805074,Democrat,Democrat,False
M000133,N000191,3,0.05303968240817388,Democrat,Democrat,False
S001205,D000197,3,0.612471267580986,Democrat,Democrat,False
S001209,M001200,5,0.13463815730065107,Democrat,Democrat,False
C001080,R000606,5,0.49102405160665513,Democrat,Democrat,False
B001281,S001185,9,0.3264868398093515,Democrat,Democrat,False
C001067,P000617,5,0.17039866968989373,Democrat,Democrat,False
W000809,G000289,6,0.301228071252505,Republican,Republican,False
R000146,H001066,4,0.25741859758272767,Democrat,Democrat,False
C000714,E000290,3,0.30976928770542145,Democrat,Democrat,False
G000559,J000126,8,0.23006839712616056,Democrat,Democrat,False
M001160,C001038,5,0.42476788312196734,Democrat,Democrat,False
D000621,I000056,18,0.22714594254891077,Republican,Republican,False
C001035,K000383,17,0.059196713106597174,Republican,Independent,False
C001090,R000577,5,0.6432095885276794,Democrat,Democrat,False
Y000064,B001275,13,0.20924095902591944,Republican,Republican,False
S001191,G000565,3,0.04180286452174187,Democrat,Republican,True
R000593,C001056,6,0.4715345228711764,Republican,Republican,False
L000551,C000714,4,0.45269262231886387,Democrat,Democrat,False
E000293,H001047,5,0.18206417579203843,Democrat,Democrat,False
B000213,B000755,6,0.4573619564374288,Republican,Republican,False
C001068,B000944,5,0.6607580354437232,Democrat,Democrat,False
P000604,V000128,3,0.15796355406443277,Democrat,Democrat,False
G000546,H001067,3,0.5224727715055147,Republican,Republican,False
N000127,P000594,3,0.02638711066295703,Democrat,Republican,True
D000610,M000312,3,0.969749907652537,Democrat,Democrat,False
G000559,S001175,4,0.0194089554133825,Democrat,Democrat,False
M001212,M001210,4,0.49704036535695195,Republican,Republican,False
C001104,S000168,3,0.4833484136809905,Republican,Republican,False
C001080,S001156,4,0.3109674067236483,Democrat,Democrat,False
M001184,D000618,8,0.30244764033704996,Republican,Republican,False
J000290,R000307,11,0.024533393623476677,Republican,Republican,False
E000299,S001205,8,0.13523403531871736,Democrat,Democrat,False
B001292,N000002,13,0.5073632850096776,Democrat,Democrat,False
G000581,P000197,4,0.041225731605663896,Democrat,Democrat,False
G000574,G000551,3,0.6188432971636454,Democrat,Democrat,False
W000797,C000984,4,0.3945962507277727,Democrat,Democrat,False
B001305,H001067,10,0.15976348258554934,Republican,Republican,False
A000372,I000055,3,0.013868479368587336,Republican,Republican,False
B000755,M000355,5,0.2650758527219296,Republican,Republican,False
M001207,G000587,5,0.24642610996961595,Democrat,Democrat,False
C001101,V000081,4,0.2516694706864655,Democrat,Democrat,False
B001289,S001176,32,0.2358072388160508,Republican,Republican,False
D000623,N000002,12,0.6317735488216082,Democrat,Democrat,False
N000191,L000570,3,0.33810516198476154,Democrat,Democrat,False
S001190,S001150,3,0.7599566380182902,Democrat,Democrat,False
B001310,B001275,3,0.1797550693154335,Republican,Republican,False
R000103,C001098,3,0.0631426175435384,Republican,Republican,False
K000381,C001061,4,0.02535503637045622,Democrat,Democrat,False
H001066,P000610,3,0.011819519568234682,Democrat,Democrat,False
C001066,M001202,5,0.5099857719615102,Democrat,Democrat,False
C001097,V000128,5,0.36769575215876105,Democrat,Democrat,False
W000808,C000714,10,0.30682193813845515,Democrat,Democrat,False
E000290,M001143,3,0.12873790692538023,Democrat,Democrat,False
S000364,I000056,5,0.35441520921885966,Republican,Republican,False
B001275,I000056,9,0.27519042551931405,Republican,Republican,False
B001261,C000542,3,0.7448351780573527,Republican,Republican,False
B001279,S001191,5,0.03194893077015877,Democrat,Democrat,False
G000546,S001195,3,0.03353846569856008,Republican,Republican,False
S001191,B001281,3,0.015288876990477243,Democrat,Democrat,False
H001041,G000555,6,0.0611269207050403,Republican,Democrat,True
E000296,E000299,4,0.3937651365995407,Democrat,Democrat,False
J000290,Y000063,6,0.11839801135162513,Republican,Republican,False
D000621,D000615,4,0.35786802787333727,Republican,Republican,False
T000469,L000263,3,0.09382509191830952,Democrat,Democrat,False
C001080,H000874,3,0.5193749864896139,Democrat,Democrat,False
M001160,B001270,4,0.7173259556293488,Democrat,Democrat,False
Y000062,B001270,3,0.47656003447870415,Democrat,Democrat,False
C001067,B001281,6,0.1648944841387371,Democrat,Democrat,False
S001205,W000825,4,0.7769947424530983,Democrat,Democrat,False
M001137,B001281,4,0.02249632077291608,Democrat,Democrat,False
D000399,M001135,4,0.16255955304950476,Democrat,Democrat,False
P000604,S001165,5,0.08078018948435783,Democrat,Democrat,False
G000559,M001196,3,0.47227433572212857,Democrat,Democrat,False
O000086,B001302,3,0.354475441078345,Republican,Republican,False
T000478,C001098,4,0.3361895866692066,Republican,Republican,False
N000002,M001188,3,0.6022796407341957,Democrat,Democrat,False
E000179,L000582,4,0.2801568256691098,Democrat,Democrat,False
L000581,B001270,8,0.35380044428166,Democrat,Democrat,False
P000523,L000551,4,0.8075102120637894,Democrat,Democrat,False
P000523,S000148,4,0.6781698875129223,Democrat,Democrat,False
L000397,G000551,3,0.32351282083739835,Democrat,Democrat,False
S000510,C000127,3,0.07001418558259805,Democrat,Democrat,False
L000570,K000380,3,0.662705335766077,Democrat,Democrat,False
B001303,W000808,3,0.19466994578639665,Democrat,Democrat,False
R000486,V000081,5,0.06900276243686676,Democrat,Democrat,False
M000312,L000582,7,0.5758379378489086,Democrat,Democrat,False
M000312,S001168,7,0.3074744519378458,Democrat,Democrat,False
L000551,K000385,3,0.44414774188771844,Democrat,Democrat,False
Y000062,B001296,5,0.7211033791303635,Democrat,Democrat,False
K000385,D000191,3,0.02622664471467336,Democrat,Democrat,False
P000604,J000294,5,0.5801306061446667,Democrat,Democrat,False
F000451,L000562,3,0.029756659020980198,Republican,Democrat,True
C001038,G000535,7,0.07234793848225049,Democrat,Democrat,False
R000602,P000598,3,0.3455131932472189,Democrat,Democrat,False
L000263,Y000062,6,0.42946390931804973,Democrat,Democrat,False
C001066,P000096,4,0.6835486881900579,Democrat,Democrat,False
B001281,L000263,3,0.09055309742689133,Democrat,Democrat,False
K000360,W000812,3,0.39666760712862015,Republican,Republican,False
C000141,C001071,7,0.10934080609253474,Democrat,Republican,True
K000381,L000287,5,0.29177300855517385,Democrat,Democrat,False
H001064,C000127,4,0.4881409676745534,Democrat,Democrat,False
C001068,R000588,3,0.6206264154364666,Democrat,Democrat,False
Y000062,C001038,10,0.6284999307245016,Democrat,Democrat,False
C001038,M001163,7,0.17047374030309065,Democrat,Democrat,False
R000587,R000589,5,0.20238113794475793,Republican,Republican,False
C001101,P000607,8,0.5489486125297844,Democrat,Democrat,False
C001070,C001088,5,0.21499879527837037,Democrat,Democrat,False
R000602,D000197,4,0.2715164292603731,Democrat,Democrat,False
J000126,K000380,3,0.7754862109820048,Democrat,Democrat,False
R000146,W000817,3,0.9343674381573995,Democrat,Democrat,False
Y000064,S001176,3,0.46302596728007,Republican,Republican,False
C001097,K000009,5,0.315918967500329,Democrat,Democrat,False
C001038,S001145,5,0.5117349125444889,Democrat,Democrat,False
K000380,I000057,5,0.8444980621337891,Democrat,Democrat,False
Q000023,L000287,3,0.3363751086095969,Democrat,Democrat,False
L000580,L000287,8,0.3682871679775417,Democrat,Democrat,False
A000370,P000523,4,0.4275281373411417,Democrat,Democrat,False
G000410,D000197,4,0.4759038961492479,Democrat,Democrat,False
M001137,S001185,5,0.019850820116698743,Democrat,Democrat,False
T000469,S001185,5,0.5803711235523223,Democrat,Democrat,False
C000714,L000287,6,0.31234436326970655,Democrat,Democrat,False
L000581,S000770,3,0.06790670876701672,Democrat,Democrat,False
L000263,K000385,6,0.6342166215181351,Democrat,Democrat,False
G000535,R000486,11,0.49170072842389345,Democrat,Democrat,False
U000039,W000779,4,0.3709120834246278,Democrat,Democrat,False
M000087,H001085,3,0.011105272298057875,Democrat,Democrat,False
W000822,W000779,4,0.828803151845932,Democrat,Democrat,False
D000610,R000602,3,0.19394770730286837,Democrat,Democrat,False
B001291,S001176,6,0.43748584839825827,Republican,Republican,False
D000610,G000551,3,0.5687242358302077,Democrat,Democrat,False
D000610,C001066,6,0.4024387546038876,Democrat,Democrat,False
S001184,G000562,3,0.4066001111641526,Republican,Republican,False
E000290,D000610,3,0.1934183311338226,Democrat,Democrat,False
Y000062,L000580,3,0.6013186499476433,Democrat,Democrat,False
K000380,W000799,3,0.20540201663970947,Democrat,Democrat,False
S001185,J000126,4,0.2935176456812769,Democrat,Democrat,False
C000714,D000216,3,0.2092916543285052,Democrat,Democrat,False
L000580,D000216,7,0.3282338045537472,Democrat,Democrat,False
L000580,M000087,3,0.42883863175908726,Democrat,Democrat,False
C001066,I000057,3,0.2820699413617452,Democrat,Democrat,False
L000551,Y000062,3,0.39218761771917343,Democrat,Democrat,False
L000263,D000624,5,0.5464409541338682,Democrat,Democrat,False
D000399,G000535,3,0.042132935797174774,Democrat,Democrat,False
L000397,C001066,3,0.3381251034637292,Democrat,Democrat,False
L000560,S001193,3,0.3269467692201336,Democrat,Democrat,False
F000451,B001296,4,0.05024117836728692,Republican,Democrat,True
B000711,W000802,3,0.34173052695890266,Democrat,Democrat,False
V000131,S001193,3,0.22191154956817627,Democrat,Democrat,False
Y000033,N000189,3,0.016838460850218933,Republican,Republican,False
L000564,M001184,3,0.30046968658765155,Republican,Republican,False
C001114,H000338,8,0.04102561331819743,Republican,Republican,False
L000581,M000303,3,0.7119267880916595,Democrat,Republican,True
T000461,C001071,3,0.2822511686633031,Republican,Republican,False
D000614,R000585,6,0.04156212415546179,Republican,Republican,False
H001075,F000062,11,0.3759125935083086,Democrat,Democrat,False
B001286,B001292,3,0.5509935437391201,Democrat,Democrat,False
H000324,N000002,6,0.7734978447357813,Democrat,Democrat,False
E000215,B001292,5,0.7690199255943299,Democrat,Democrat,False
N000002,F000062,4,0.5620080567896366,Democrat,Democrat,False
B001267,M000133,3,0.3024399143954118,Democrat,Democrat,False
B001292,H001075,3,0.37522646101812523,Democrat,Democrat,False
W000802,H001075,3,0.6489482571681341,Democrat,Democrat,False
B001292,F000062,4,0.5711455196142197,Democrat,Democrat,False
K000383,D000563,4,0.14293390233069658,Independent,Democrat,False
D000615,H000338,3,0.545338986441493,Republican,Republican,False
W000798,D000624,7,0.08934700382607323,Republican,Democrat,True
T000470,W000821,5,0.0660788182169199,Republican,Republican,False
Q000023,M000087,3,0.3844026066362858,Democrat,Democrat,False
K000382,S001150,3,0.7934490442276001,Democrat,Democrat,False
C001066,C001078,3,0.6828652818997701,Democrat,Democrat,False
E000215,N000002,3,0.31503310923775035,Democrat,Democrat,False
K000378,S001176,13,0.08474883759537569,Republican,Republican,False
P000604,B001288,5,0.0297973845154047,Democrat,Democrat,False
R000602,S001150,10,0.6245236083865165,Democrat,Democrat,False
D000625,M001159,3,0.3379219248890877,Republican,Republican,False
J000298,L000174,3,0.8183618783950806,Democrat,Democrat,False
D000627,B001281,5,0.04931233711540699,Democrat,Democrat,False
C001038,B001286,6,0.6542093142246207,Democrat,Democrat,False
T000468,C001091,3,0.3748596174021562,Democrat,Democrat,False
C001067,T000193,4,0.27339102048426867,Democrat,Democrat,False
P000607,B001286,4,0.6760306409560144,Democrat,Democrat,False
T000469,G000558,3,0.03634883277118206,Democrat,Republican,True
C001066,W000799,3,0.20440915444244942,Democrat,Democrat,False
B001278,S001180,3,0.013613333149502674,Democrat,Democrat,False
W000808,K000385,9,0.3696625139564276,Democrat,Democrat,False
R000611,M001201,3,0.49146068344513577,Republican,Republican,False
C001070,B001135,4,0.02000630903057754,Democrat,Republican,True
C000127,D000617,3,0.254490302875638,Democrat,Democrat,False
L000174,C001070,3,0.3618655775984128,Democrat,Democrat,False
Z000018,S001176,3,0.019021765639384586,Republican,Republican,False
M000639,C001088,4,0.07964635780081153,Democrat,Democrat,False
M001197,C001098,3,0.04878900945186615,Republican,Republican,False
L000581,C001038,4,0.7163233458995819,Democrat,Democrat,False
C001067,S001185,4,0.2461127620190382,Democrat,Democrat,False
B001292,E000293,3,0.21366784473260245,Democrat,Democrat,False
M000312,P000197,41,0.45432612229502056,Democrat,Democrat,False
R000305,A000370,11,0.0647198310629888,Democrat,Democrat,False
B001311,C001095,41,0.657126747435186,Republican,Republican,False
L000564,S001176,31,0.6786622756851777,Republican,Republican,False
F000446,G000386,15,0.2790372637410959,Republican,Republican,False
E000296,N000015,45,0.2910583352463113,Democrat,Democrat,False
B000944,M000639,10,0.36702378587797285,Democrat,Democrat,False
C001121,B001267,13,0.3680841237163314,Democrat,Democrat,False
H001084,B001311,3,0.546241415043672,Republican,Republican,False
S001205,W000826,53,0.2337860289416364,Democrat,Democrat,False
L000576,S001195,19,0.5462612499924082,Republican,Republican,False
W000809,B001236,50,0.14456034331582487,Republican,Republican,False
B001302,S001176,75,0.6561396439249317,Republican,Republican,False
C001087,B001236,25,0.07141020737588405,Republican,Republican,False
J000298,G000555,7,0.34609611092933584,Democrat,Democrat,False
S001211,T000483,3,0.030695849408706028,Democrat,Democrat,False
D000631,P000197,39,0.4074927412260037,Democrat,Democrat,False
L000273,L000570,8,0.14791571465320885,Democrat,Democrat,False
S001168,P000593,4,0.3163282638415694,Democrat,Democrat,False
S001168,P000613,3,0.168822151919206,Democrat,Democrat,False
D000622,M001169,6,0.7956373045841852,Democrat,Democrat,False
S001168,L000581,6,0.5478132081528505,Democrat,Democrat,False
W000825,W000805,3,0.02980202343314886,Democrat,Democrat,False
P000607,O000172,20,0.6386340953409672,Democrat,Democrat,False
B001261,T000278,9,0.7729783790806929,Republican,Republican,False
P000048,B001299,12,0.5203374012683829,Republican,Republican,False
C001113,D000563,14,0.46087778612439123,Democrat,Democrat,False
L000551,J000288,6,0.2408460765145719,Democrat,Democrat,False
H001086,B001311,3,0.6253910462061564,Republican,Republican,False
S001168,A000370,3,0.47054557998975116,Democrat,Democrat,False
S001168,S001200,5,0.23147400319576264,Democrat,Democrat,False
M001212,J000289,30,0.6403651705011726,Republican,Republican,False
B001299,G000061,3,0.044997297848264374,Republican,Republican,False
F000465,B000755,7,0.38689134110297474,Republican,Republican,False
P000607,C001101,48,0.4645418926374987,Democrat,Democrat,False
H000874,S001168,6,0.09242515700558822,Democrat,Democrat,False
B001261,K000393,4,0.5769909583032131,Republican,Republican,False
F000462,S001200,19,0.3437948782291067,Democrat,Democrat,False
B001261,H000601,13,0.811200582064115,Republican,Republican,False
O000086,L000577,22,0.347299445187673,Republican,Republican,False
T000482,G000587,5,0.052733310125768186,Democrat,Democrat,False
K000381,M001111,4,0.02182559692300856,Democrat,Democrat,False
D000096,G000586,4,0.2805854065809399,Democrat,Democrat,False
B001230,C000174,7,0.2726066994613835,Democrat,Democrat,False
J000126,A000376,9,0.2714804665495952,Democrat,Democrat,False
S000148,D000563,19,0.4354637896544055,Democrat,Democrat,False
P000617,M000087,8,0.44902130466653034,Democrat,Democrat,False
M000639,C001113,16,0.2711662714718841,Democrat,Democrat,False
B001223,C001101,4,0.025336947990581393,Democrat,Democrat,False
W000817,P000145,18,0.3175666391228636,Democrat,Democrat,False
D000610,R000486,3,0.3569018791119258,Democrat,Democrat,False
C001097,S001156,11,0.32739496942270885,Democrat,Democrat,False
J000299,B001311,8,0.8327349126338959,Republican,Republican,False
S001205,M000312,40,0.49539309926331043,Democrat,Democrat,False
M000639,M001111,6,0.363435335457325,Democrat,Democrat,False
L000576,C001098,3,0.5972188164790472,Republican,Republican,False
G000586,J000306,5,0.11662128418684006,Democrat,Democrat,False
P000607,J000306,6,0.3644782441357772,Democrat,Democrat,False
K000381,C001080,4,0.5431753993034363,Democrat,Democrat,False
H001068,L000582,3,0.33742169321825105,Democrat,Democrat,False
M000312,C001068,4,0.6057438794523478,Democrat,Democrat,False
R000606,S000185,7,0.24588960355945996,Democrat,Democrat,False
M000133,O000172,13,0.27393855118694216,Democrat,Democrat,False
W000797,N000191,4,0.7991315424442291,Democrat,Democrat,False
B001304,D000216,4,0.46056377049535513,Democrat,Democrat,False
P000607,D000624,15,0.4552469241122405,Democrat,Democrat,False
K000396,H001042,9,0.4681255928137236,Democrat,Democrat,False
G000586,C001101,23,0.31503329448320944,Democrat,Democrat,False
S001205,C001070,53,0.3532226580054552,Democrat,Democrat,False
C001047,M001180,4,0.04014515830203891,Republican,Republican,False
F000462,W000822,3,0.16701336205005646,Democrat,Democrat,False
S001205,H001085,13,0.1176381276633877,Democrat,Democrat,False
C001039,M000194,3,0.59611976146698,Republican,Republican,False
A000375,B001291,3,0.27739861855904263,Republican,Republican,False
M000133,T000482,13,0.08022719349425572,Democrat,Democrat,False
B001277,B001288,4,0.3404589407145977,Democrat,Democrat,False
T000482,W000817,10,0.1377183798700571,Democrat,Democrat,False
C001070,C001090,4,0.34068881208077073,Democrat,Democrat,False
B001277,M000133,14,0.30938392265566755,Democrat,Democrat,False
J000298,N000192,7,0.0950918732477086,Democrat,Democrat,False
S001159,L000560,8,0.04417834838386625,Democrat,Democrat,False
F000462,L000581,10,0.20793897425755858,Democrat,Democrat,False
E000299,C001101,6,0.5767799075692892,Democrat,Democrat,False
D000622,S000148,15,0.38808718472719195,Democrat,Democrat,False
F000462,W000823,3,0.07067631060878436,Democrat,Republican,True
R000615,C001114,4,0.3410716066136956,Republican,Republican,False
R000515,S001145,16,0.2917458607116714,Democrat,Democrat,False
P000614,H001076,6,0.2708121159424384,Democrat,Democrat,False
K000385,M000087,4,0.2207712298259139,Democrat,Democrat,False
B001296,L000582,3,0.5979011456171671,Democrat,Democrat,False
C001104,B001311,8,0.4771553445607424,Republican,Republican,False
G000565,S001191,3,0.09475441152850787,Republican,Democrat,True
B001275,S001184,4,0.4858002776745707,Republican,Republican,False
P000617,W000187,5,0.6345576256513595,Democrat,Democrat,False
S001205,S001175,20,0.3497103615198284,Democrat,Democrat,False
D000622,M000639,3,0.05848521552979946,Democrat,Democrat,False
S001203,S000033,5,0.3278088551014662,Democrat,Independent,False
C001130,E000299,3,0.580102534343799,Democrat,Democrat,False
P000197,D000216,3,0.653991644581159,Democrat,Democrat,False
S001194,D000563,9,0.4369897898286581,Democrat,Democrat,False
Z000018,D000618,6,0.03120219303915898,Republican,Republican,False
H001086,H001084,3,0.12234220653772354,Republican,Republican,False
G000586,O000172,16,0.48065392358694226,Democrat,Democrat,False
M000639,V000081,5,0.041039145365357396,Democrat,Democrat,False
R000395,M000355,43,0.05881967551486437,Republican,Republican,False
D000627,S001193,4,0.5694059357047081,Democrat,Democrat,False
R000515,N000147,4,0.30544861126691103,Democrat,Democrat,False
S001168,L000570,5,0.4842435598373413,Democrat,Democrat,False
E000235,H001067,3,0.6640434811512629,Republican,Republican,False
F000469,S001148,13,0.16005733150702256,Republican,Republican,False
S001199,S001176,44,0.29605105955323036,Republican,Republican,False
S001217,E000295,12,0.2562130067187051,Republican,Republican,False
K000396,C001055,17,0.02881199329653207,Democrat,Democrat,False
H001082,B001309,6,0.7281563853224119,Republican,Republican,False
L000576,S001184,7,0.5331547119255576,Republican,Republican,False
W000817,P000617,35,0.49263330668743166,Democrat,Democrat,False
P000523,B001270,3,0.38878031509617966,Democrat,Democrat,False
T000472,P000618,4,0.4369813706725836,Democrat,Democrat,False
F000465,D000032,3,0.49480065641303855,Republican,Republican,False
B001302,W000819,13,0.7904166948909943,Republican,Republican,False
L000579,U000039,5,0.1762026607990265,Democrat,Democrat,False
S001185,S001150,13,0.6361273686186626,Democrat,Democrat,False
S001206,H000874,9,0.5403936662090322,Democrat,Democrat,False
B001278,H000874,7,0.268592629847782,Democrat,Democrat,False
J000299,R000603,6,0.32013277243822813,Republican,Republican,False
F000459,K000392,9,0.2160839664025439,Republican,Republican,False
C001061,F000455,4,0.4177529464941472,Democrat,Democrat,False
D000610,F000462,13,0.26933646402679956,Democrat,Democrat,False
B001292,S000185,7,0.3312955376292978,Democrat,Democrat,False
P000593,P000197,16,0.7237768869381398,Democrat,Democrat,False
R000606,L000581,3,0.3581065982580185,Democrat,Democrat,False
W000817,H001080,9,0.25056960961471003,Democrat,Democrat,False
B001278,M001176,27,0.38070748511839797,Democrat,Democrat,False
E000179,P000197,15,0.5741895347833633,Democrat,Democrat,False
S001168,S000185,3,0.049167739848295845,Democrat,Democrat,False
D000563,B001230,12,0.5794818055195113,Democrat,Democrat,False
P000523,P000197,24,0.4823061440838501,Democrat,Democrat,False
W000822,M000312,9,0.7354405240880119,Democrat,Democrat,False
G000587,J000294,10,0.448115636408329,Democrat,Democrat,False
D000563,B000944,6,0.25644202592472237,Democrat,Democrat,False
E000297,R000515,4,0.7959600910544395,Democrat,Democrat,False
D000096,N000015,23,0.19967254097370998,Democrat,Democrat,False
D000610,M001207,11,0.3522008696401661,Democrat,Democrat,False
W000822,B000944,9,0.51696685463604,Democrat,Democrat,False
L000576,B001302,18,0.6013140328642395,Republican,Republican,False
J000299,C001093,10,0.564707994274795,Republican,Republican,False
R000515,D000563,15,0.23937688584749897,Democrat,Democrat,False
L000589,B001302,10,0.6411121455021203,Republican,Republican,False
L000560,S001185,8,0.22601411218056455,Democrat,Democrat,False
R000515,P000034,8,0.24615109618753195,Democrat,Democrat,False
B001302,A000377,9,0.6726449562443627,Republican,Republican,False
G000553,P000197,4,0.27484961599111557,Democrat,Democrat,False
P000197,C001121,5,0.25580133479088546,Democrat,Democrat,False
B001278,R000606,7,0.6132645330258778,Democrat,Democrat,False
S001192,S001176,10,0.705463108047843,Republican,Republican,False
R000515,J000288,12,0.3633369853099187,Democrat,Democrat,False
L000174,W000779,8,0.7313965056091547,Democrat,Democrat,False
R000515,B001286,10,0.4085232285782695,Democrat,Democrat,False
W000822,T000472,3,0.6073000778754553,Democrat,Democrat,False
C001121,G000579,3,0.016500855175157387,Democrat,Republican,True
P000613,P000197,12,0.2939610307415326,Democrat,Democrat,False
N000191,N000002,17,0.30104927017408256,Democrat,Democrat,False
D000610,S001150,4,0.9085741937160492,Democrat,Democrat,False
W000822,G000551,9,0.5493457622619139,Democrat,Democrat,False
B001300,J000298,3,0.30293451218555373,Democrat,Democrat,False
H001088,C001087,3,0.3479106205826004,Republican,Republican,False
C001087,C001093,3,0.8078082998593649,Republican,Republican,False
C001067,G000586,4,0.13018007017672062,Democrat,Democrat,False
E000296,G000586,3,0.1977465202411016,Democrat,Democrat,False
G000551,G000586,30,0.34330530107642215,Democrat,Democrat,False
L000576,H001067,3,0.2212867308408022,Republican,Republican,False
B001299,L000564,7,0.6299584374896118,Republican,Republican,False
B001302,C000266,6,0.29472319160898525,Republican,Republican,False
P000197,C001061,3,0.33609573046366376,Democrat,Democrat,False
H001067,B001311,4,0.2180105010047555,Republican,Republican,False
B001310,J000293,7,0.2505520135164261,Republican,Republican,False
B001310,D000618,3,0.7042731245358785,Republican,Republican,False
M000087,S001150,6,0.8526489734649658,Democrat,Democrat,False
M001137,S001193,12,0.7025773615265886,Democrat,Democrat,False
K000395,S001199,6,0.48628950864076614,Republican,Republican,False
S001200,W000808,3,0.015550844992200533,Democrat,Democrat,False
B001299,B001291,7,0.6622467594487327,Republican,Republican,False
H000874,L000551,7,0.45975168687956675,Democrat,Democrat,False
D000096,B000574,5,0.4595365781337023,Democrat,Democrat,False
L000570,W000817,11,0.7991797009652312,Democrat,Democrat,False
K000389,M001184,30,0.314229424794515,Democrat,Republican,True
G000555,B001303,3,0.36803577716151875,Democrat,Democrat,False
G000555,W000817,3,0.6308652659257253,Democrat,Democrat,False
B001261,M000934,3,0.366133247812589,Republican,Republican,False
C001121,H000273,3,0.6496073851982752,Democrat,Democrat,False
C001068,S001150,9,0.4074045974347327,Democrat,Democrat,False
G000586,K000385,6,0.5551281687803566,Democrat,Democrat,False
H001046,L000570,26,0.564712836765326,Democrat,Democrat,False
C001087,C001095,9,0.6884787347581651,Republican,Republican,False
R000122,B001288,4,0.7567680403590202,Democrat,Democrat,False
B001230,W000790,10,0.43982345052063465,Democrat,Democrat,False
T000472,A000371,3,0.4351032276948293,Democrat,Democrat,False
M001229,R000617,4,0.30722939781844616,Democrat,Democrat,False
T000481,R000617,13,0.767156746954872,Democrat,Democrat,False
L000397,S001150,7,0.6891843527555466,Democrat,Democrat,False
F000462,D000600,3,0.0445491566012303,Democrat,Republican,True
C001080,J000294,8,0.3629024109104648,Democrat,Democrat,False
S001203,O000173,3,0.9688898324966431,Democrat,Democrat,False
K000399,G000583,4,0.3571106242015958,Republican,Democrat,True
H001042,G000555,3,0.5981314592063427,Democrat,Democrat,False
P000145,K000377,3,0.26358359431227046,Democrat,Democrat,False
M001229,K000402,5,0.4969505824148655,Democrat,Democrat,False
R000608,W000790,6,0.7119211455186208,Democrat,Democrat,False
B000740,C001098,3,0.3514642044901848,Republican,Republican,False
H001052,L000577,3,0.49741126721103984,Republican,Republican,False
B001316,L000577,9,0.3695462784833378,Republican,Republican,False
G000586,H001081,3,0.03732403181493282,Democrat,Democrat,False
T000482,L000590,3,0.32322853555281955,Democrat,Democrat,False
O000173,O000172,4,0.5260515175759792,Democrat,Democrat,False
L000570,S001203,10,0.636676698550582,Democrat,Democrat,False
D000216,F000462,3,0.8825291991233826,Democrat,Democrat,False
B001310,E000295,5,0.39800037890672685,Republican,Republican,False
B001302,R000610,6,0.6596930536131064,Republican,Republican,False
H000874,D000627,6,0.6544330866696934,Democrat,Democrat,False
L000560,S000510,10,0.20056989546865225,Democrat,Democrat,False
B000944,S000148,5,0.5088801801204681,Democrat,Democrat,False
L000593,C001123,7,0.30579558280961855,Democrat,Democrat,False
L000557,M001169,6,0.2503890042814116,Democrat,Democrat,False
M000312,T000468,6,0.41463560052216053,Democrat,Democrat,False
M000312,B001270,11,0.3781233917583119,Democrat,Democrat,False
H001090,F000466,3,0.2107111799220244,Democrat,Republican,True
T000483,N000179,4,0.0509886983782053,Democrat,Democrat,False
C001096,A000377,5,0.036005095951259135,Republican,Republican,False
R000614,R000610,3,0.0965148111184438,Republican,Republican,False
E000296,R000577,4,0.26129242265596986,Democrat,Democrat,False
B001300,G000586,4,0.496535362675786,Democrat,Democrat,False
G000590,A000360,3,0.06033567090829214,Republican,Republican,False
G000586,D000624,6,0.25030568800866604,Democrat,Democrat,False
T000250,C001047,5,0.3358007185161114,Republican,Republican,False
P000613,G000585,3,0.2595924697816372,Democrat,Democrat,False
C001097,H000874,7,0.12233339928622756,Democrat,Democrat,False
Q000023,F000468,3,0.0457816943526268,Democrat,Democrat,False
T000481,R000515,4,0.3196052424609661,Democrat,Democrat,False
S001206,R000606,8,0.17277596588246524,Democrat,Democrat,False
A000375,W000827,4,0.3290647107642144,Republican,Republican,False
R000606,T000481,3,0.30285142982999486,Democrat,Democrat,False
B001261,M001153,4,0.6343856975436211,Republican,Republican,False
H001058,B000755,3,0.32183805542687577,Republican,Republican,False
S001187,G000563,3,0.05092403168479601,Republican,Republican,False
C001096,S001181,4,0.10813057515770197,Republican,Democrat,True
R000307,M000934,7,0.029182735298361098,Republican,Republican,False
F000455,P000617,3,0.6497876395781835,Democrat,Democrat,False
C001070,C001113,4,0.06306406948715448,Democrat,Democrat,False
R000606,W000822,3,0.47001148387789726,Democrat,Democrat,False
S001206,S001156,3,0.46230263262987137,Democrat,Democrat,False
D000631,F000479,5,0.052425768598914145,Democrat,Democrat,False
C001069,H001081,5,0.11153676882386207,Democrat,Democrat,False
C000141,T000483,5,0.03150998577475548,Democrat,Democrat,False
M001176,M001153,3,0.04176262579858303,Democrat,Republican,True
M001176,O000172,3,0.40271008138855297,Democrat,Democrat,False
W000817,H001046,3,0.13724285550415516,Democrat,Democrat,False
M000087,F000455,3,0.5270583865543207,Democrat,Democrat,False
H001068,L000551,4,0.5221142545342445,Democrat,Democrat,False
R000614,S001176,3,0.5510584364334742,Republican,Republican,False
W000802,B001277,26,0.5948291915253952,Democrat,Democrat,False
S001205,T000472,5,0.44080508723855016,Democrat,Democrat,False
S001184,W000437,5,0.023651817254722117,Republican,Republican,False
J000299,W000816,5,0.5315242141485215,Republican,Republican,False
M001176,C001101,5,0.15317940581589937,Democrat,Democrat,False
F000062,S001150,4,0.4299181178212166,Democrat,Democrat,False
M001185,D000630,5,0.030793737061321734,Democrat,Democrat,False
B001288,D000563,7,0.4220279399305582,Democrat,Democrat,False
S001176,H001093,3,0.11194876705606778,Republican,Republican,False
O000172,C001117,4,0.8096623569726944,Democrat,Democrat,False
S001176,M001235,3,0.6350670432051023,Republican,Republican,False
S001176,K000405,5,0.5640990667045116,Republican,Republican,False
C001120,B001260,3,0.9777899980545044,Republican,Republican,False
T000193,C001125,3,0.6054440268004934,Democrat,Democrat,False
J000288,K000400,3,0.6365700986546775,Democrat,Democrat,False
C001066,W000797,4,0.30219980608671904,Democrat,Democrat,False
S001231,K000400,3,0.7085146605968475,Democrat,Democrat,False
P000617,D000216,3,0.3357504413773616,Democrat,Democrat,False
P000605,H001052,4,0.6906383475288749,Republican,Republican,False
M001238,A000381,3,0.6236254790176948,Democrat,Democrat,False
B000825,O000175,3,0.17034198498974243,Republican,Republican,False
W000802,D000622,8,0.6811965052038431,Democrat,Democrat,False
F000462,K000382,6,0.4450025564680497,Democrat,Democrat,False
R000122,S001181,4,0.17262827302329242,Democrat,Democrat,False
S000168,C001075,4,0.4511801260523498,Republican,Republican,False
C001070,M001111,25,0.18204110834747553,Democrat,Democrat,False
E000296,J000298,9,0.4984271186921332,Democrat,Democrat,False
R000515,W000808,4,0.567181040532887,Democrat,Democrat,False
R000515,S001205,3,0.8159960309664408,Democrat,Democrat,False
J000299,L000595,7,0.10329133152429547,Republican,Republican,False
H001058,C001120,15,0.4372645471865932,Republican,Republican,False
L000557,L000582,6,0.36621587894236046,Democrat,Democrat,False
G000586,U000040,5,0.43179989904165267,Democrat,Democrat,False
K000395,J000289,3,0.7832131385803223,Republican,Republican,False
S001214,J000299,3,0.26450704286495846,Republican,Republican,False
M000312,P000597,13,0.2704719557211949,Democrat,Democrat,False
B001303,K000385,4,0.06705122673884034,Democrat,Democrat,False
B001223,J000306,3,0.39474399636189145,Democrat,Democrat,False
C001098,H000601,3,0.8987701932589213,Republican,Republican,False
O000174,B001230,3,0.2603841498494148,Democrat,Democrat,False
W000797,B001286,4,0.9466012418270111,Democrat,Democrat,False
B001286,L000581,4,0.44009766820818186,Democrat,Democrat,False
L000551,W000808,5,0.0700674807652831,Democrat,Democrat,False
S001209,C001121,7,0.2780712405219674,Democrat,Democrat,False
B001286,K000382,6,0.4883031540860732,Democrat,Democrat,False
L000557,D000627,3,0.06523697512845199,Democrat,Democrat,False
M000133,J000306,5,0.3625940039753914,Democrat,Democrat,False
L000557,S001168,3,0.045233435928821564,Democrat,Democrat,False
M001215,L000266,3,0.07557313547780116,Republican,Republican,False
M000087,F000462,6,0.2730548001515369,Democrat,Democrat,False
M001200,B001300,3,0.17468311358243227,Democrat,Democrat,False
H001067,S001148,4,0.5000264248810709,Republican,Republican,False
F000468,M000312,3,0.5414183835188547,Democrat,Democrat,False
P000617,R000617,4,0.16713362513110042,Democrat,Democrat,False
S001176,A000372,3,0.8371036052703857,Republican,Republican,False
H001072,F000474,3,0.022645493658880394,Republican,Republican,False
M001136,V000134,3,0.5009456761181355,Republican,Republican,False
H001085,C001121,5,0.2139925891533494,Democrat,Democrat,False
S001203,M001111,5,0.6893518388271331,Democrat,Democrat,False
R000614,B001317,7,0.557003809937409,Republican,Republican,False
P000617,C001061,3,0.09941887607177098,Democrat,Democrat,False
H001042,K000384,4,0.279340383131057,Democrat,Democrat,False
P000617,B001313,3,0.3918941958496968,Democrat,Democrat,False
C001117,Q000023,7,0.1216042037787182,Democrat,Democrat,False
L000596,P000603,3,0.36073702077070874,Republican,Republican,False
P000608,S001194,3,0.1757016827662786,Democrat,Democrat,False
K000385,R000515,5,0.31056681983172896,Democrat,Democrat,False
B001298,C001056,6,0.1698374111826221,Republican,Republican,False
C001117,L000592,6,0.2656586679319541,Democrat,Democrat,False
B001261,C000880,7,0.4203457103243896,Republican,Republican,False
C001075,T000250,7,0.35450421859111103,Republican,Republican,False
Q000023,P000607,3,0.3054265317817529,Democrat,Democrat,False
B001300,C001091,10,0.35113379238173364,Democrat,Democrat,False
M000312,B001296,7,0.8346600958279201,Democrat,Democrat,False
C001067,J000298,11,0.5009904063560746,Democrat,Democrat,False
B001281,G000586,6,0.20807627068522075,Democrat,Democrat,False
G000595,M001184,3,0.2233256995677948,Republican,Republican,False
S001205,C001066,3,0.021310373209416866,Democrat,Democrat,False
B001224,M000312,3,0.2508206957330306,Democrat,Democrat,False
B001223,O000172,8,0.3595836900640279,Democrat,Democrat,False
C001063,M001215,3,0.04632921268542608,Democrat,Republican,True
S001208,S001209,3,0.02400230212757985,Democrat,Democrat,False
S001205,J000305,4,0.0443198112770915,Democrat,Democrat,False
J000298,T000474,3,0.307326380473872,Democrat,Democrat,False
K000396,L000273,3,0.10595772136002779,Democrat,Democrat,False
K000380,L000592,3,0.24319892190396786,Democrat,Democrat,False
E000215,L000570,5,0.5012194573879242,Democrat,Democrat,False
P000145,H001046,5,0.48554528281092646,Democrat,Democrat,False
H001076,K000382,3,0.1632621462146441,Democrat,Democrat,False
D000610,W000825,3,0.3166842106729746,Democrat,Democrat,False
T000463,G000555,3,0.46236858268578845,Republican,Democrat,True
D000399,Y000062,4,0.7234991174191236,Democrat,Democrat,False
B001281,R000577,10,0.292022427264601,Democrat,Democrat,False
A000381,G000598,5,0.4924860417842865,Democrat,Democrat,False
S001217,J000293,3,0.8668263753255209,Republican,Republican,False
L000273,S001218,6,0.1667918434056143,Democrat,Democrat,False
W000802,L000570,4,0.9639061987400055,Democrat,Democrat,False
A000379,J000304,3,0.8756407697995504,Republican,Republican,False
M001188,F000462,6,0.4933890389899413,Democrat,Democrat,False
P000145,H000273,3,0.3804037570953369,Democrat,Democrat,False
T000478,I000056,3,0.2624929758409659,Republican,Republican,False
M000087,C001117,3,0.43940274603664875,Democrat,Democrat,False
B001301,S001196,6,0.5128615399201711,Republican,Republican,False
A000379,B001298,3,0.626943955818812,Republican,Republican,False
B001224,J000305,3,0.0788382887840271,Democrat,Democrat,False
P000449,M000355,4,0.4990891311317682,Republican,Republican,False
W000797,W000808,4,0.07169920718297362,Democrat,Democrat,False
M001215,J000295,4,0.26875721756368876,Republican,Republican,False
W000822,W000826,4,0.1383070219308138,Democrat,Democrat,False
M001185,J000294,4,0.18039805861189961,Democrat,Democrat,False
J000299,B000668,4,0.44538460671901703,Republican,Republican,False
C000754,S001185,6,0.0890489808904628,Democrat,Democrat,False
P000617,R000515,3,0.27946753799915314,Democrat,Democrat,False
G000586,C001125,3,0.016382890132566292,Democrat,Democrat,False
H000874,E000297,5,0.38662001844495536,Democrat,Democrat,False
B000755,C001120,4,0.17354959016665816,Republican,Republican,False
G000551,D000610,4,0.16191941336728632,Democrat,Democrat,False
M001211,C001104,3,0.5105471766243378,Republican,Republican,False
M001215,M001159,6,0.5229212505122026,Republican,Republican,False
C001063,P000197,3,0.023361661781867344,Democrat,Democrat,False
G000559,S001150,5,0.6211127519607544,Democrat,Democrat,False
M001184,W000815,5,0.02295960858464241,Republican,Republican,False
R000597,B000755,3,0.3057822169115146,Republican,Republican,False
C001080,M001160,3,0.10525322332978249,Democrat,Democrat,False
B001282,I000056,3,0.7179691592852274,Republican,Republican,False
G000410,J000126,3,0.2735976583013932,Democrat,Democrat,False
K000360,G000555,5,0.1542090117931366,Republican,Democrat,True
G000559,K000188,3,0.14503120755155882,Democrat,Democrat,False
J000126,H001066,3,0.3687593812743823,Democrat,Democrat,False
C000714,P000607,4,0.45267934165894985,Democrat,Democrat,False
G000546,Y000063,3,0.016502391857405502,Republican,Republican,False
B000220,S001181,4,0.017555031226947904,Republican,Democrat,True
S000033,G000555,5,0.22359007075428963,Independent,Democrat,False
B001273,J000290,5,0.32371000200510025,Republican,Republican,False
B001270,S001156,3,0.3274379611636202,Democrat,Democrat,False
L000551,S001145,12,0.3956300431552033,Democrat,Democrat,False
B001282,W000812,3,0.32586193457245827,Republican,Republican,False
R000593,B001243,3,0.2403745111078024,Republican,Republican,False
R000591,M001159,3,0.3373442093531291,Republican,Republican,False
C000714,S000033,3,0.8552372852961222,Democrat,Independent,False
G000546,I000056,3,0.7205940286318461,Republican,Republican,False
M001160,L000551,10,0.5330518234521151,Democrat,Democrat,False
P000607,T000482,3,0.16914294101297855,Democrat,Democrat,False
L000551,P000034,5,0.501188729237765,Democrat,Democrat,False
B000711,M001111,6,0.6133565406004587,Democrat,Democrat,False
C001098,P000603,8,0.4507034916896373,Republican,Republican,False
W000821,C001087,4,0.49145697243511677,Republican,Republican,False
J000298,C001078,3,0.42516928911209106,Democrat,Democrat,False
J000293,D000614,5,0.29451265521347525,Republican,Republican,False
L000581,D000627,4,0.022771088406443596,Democrat,Democrat,False
W000797,P000034,3,0.582446905473868,Democrat,Democrat,False
R000601,K000389,6,0.038200397665301956,Republican,Democrat,True
B001292,W000822,3,0.11996275186538696,Democrat,Democrat,False
W000819,S001176,6,0.47025452957799035,Republican,Republican,False
G000551,M001143,3,0.3342725324134032,Democrat,Democrat,False
B001304,B001313,5,0.4007467105984688,Democrat,Democrat,False
B001281,C001091,3,0.41001440957188606,Democrat,Democrat,False
N000026,M001216,12,0.6157626863569021,Republican,Republican,False
G000565,N000026,5,0.8462659299373627,Republican,Republican,False
G000551,C001091,3,0.3570115901529789,Democrat,Democrat,False
C000141,H000601,7,0.028195733603622233,Democrat,Republican,True
K000389,R000606,3,0.4804658529659112,Democrat,Democrat,False
G000551,J000298,7,0.34835192441408125,Democrat,Democrat,False
L000551,N000147,6,0.40130801871418953,Democrat,Democrat,False
C001097,R000606,3,0.32759762772669393,Democrat,Democrat,False
C001097,F000454,6,0.023835770941028993,Democrat,Democrat,False
L000551,B001286,4,0.5822234451770782,Democrat,Democrat,False
B001282,Y000063,4,0.056281553115695715,Republican,Republican,False
G000559,F000462,3,0.2473058501879374,Democrat,Democrat,False
I000055,S001181,4,0.052518450655043125,Republican,Democrat,True
B001292,L000570,3,0.8938843210538229,Democrat,Democrat,False
A000370,M000087,3,0.6357598211616278,Democrat,Democrat,False
S001183,S000364,4,0.26190564781427383,Republican,Republican,False
D000621,C001098,3,0.5776219007869562,Republican,Republican,False
L000263,S001145,7,0.5082848516425916,Democrat,Democrat,False
B000711,R000146,13,0.46719644784640807,Democrat,Democrat,False
K000188,M001160,3,0.3910979647189379,Democrat,Democrat,False
W000797,S001145,5,0.5013577237725257,Democrat,Democrat,False
P000197,M000087,5,0.27538870424032214,Democrat,Democrat,False
E000299,M001208,3,0.25056238534549874,Democrat,Democrat,False
G000586,L000593,4,0.6671581920236349,Democrat,Democrat,False
F000246,B001302,4,0.4763066731393337,Republican,Republican,False
S001191,S001193,4,0.019126662984490395,Democrat,Democrat,False
R000591,A000055,3,0.13159643610318503,Republican,Republican,False
L000580,C001097,3,0.24108887805293003,Democrat,Democrat,False
H001068,M001169,4,0.9132556021213531,Democrat,Democrat,False
M001181,T000461,6,0.21870698283116022,Republican,Republican,False
Q000023,C001080,3,0.611258198817571,Democrat,Democrat,False
D000631,B001270,4,0.5988899562507868,Democrat,Democrat,False
M000087,W000825,3,0.16588804001609483,Democrat,Democrat,False
F000462,B001278,4,0.290567927993834,Democrat,Democrat,False
V000131,S001185,8,0.4330620530527085,Democrat,Democrat,False
H000874,L000582,5,0.5755533512681723,Democrat,Democrat,False
B001285,H000874,3,0.2438681156684955,Democrat,Democrat,False
W000817,H000273,4,0.18729731580242515,Democrat,Democrat,False
C001091,C001121,3,0.9552562832832336,Democrat,Democrat,False
B001230,W000779,3,0.3303640056401491,Democrat,Democrat,False
V000131,B001281,4,0.019692510832101107,Democrat,Democrat,False
R000486,D000216,3,0.4064379458626111,Democrat,Democrat,False
P000197,S001190,3,0.18133215109507242,Democrat,Democrat,False
L000581,L000551,7,0.3881614953279495,Democrat,Democrat,False
R000606,K000380,3,0.32647275769462186,Democrat,Democrat,False
B000755,M001159,10,0.1855414666235447,Republican,Republican,False
M000087,D000197,3,0.14803290056685606,Democrat,Democrat,False
G000581,E000297,3,0.44548219442367554,Democrat,Democrat,False
B001292,D000622,8,0.2745584456715733,Democrat,Democrat,False
B001281,D000610,5,0.11663388004526495,Democrat,Democrat,False
T000469,D000610,4,0.09115194901823997,Democrat,Democrat,False
Y000062,L000582,3,0.3492463951309522,Democrat,Democrat,False
D000399,C000984,5,0.6203210443258286,Democrat,Democrat,False
K000009,P000197,6,0.3544002687558532,Democrat,Democrat,False
B001292,A000370,4,0.21438625163864344,Democrat,Democrat,False
K000382,S001175,3,0.0970099934687217,Democrat,Democrat,False
M000133,C001101,3,0.2951868887369831,Democrat,Democrat,False
R000606,P000613,3,0.06781718010703723,Democrat,Democrat,False
C001101,D000216,3,0.509743794798851,Democrat,Democrat,False
L000397,R000486,6,0.23253521462902427,Democrat,Democrat,False
B001304,R000515,7,0.2601606965597187,Democrat,Democrat,False
M001194,K000380,4,0.22941460949368775,Republican,Democrat,True
L000580,C001080,4,0.4031060573179275,Democrat,Democrat,False
Q000023,D000191,3,0.02622664471467336,Democrat,Democrat,False
C000714,D000191,3,0.07278603812058766,Democrat,Democrat,False
C000714,C001080,3,0.17731982003897429,Democrat,Democrat,False
C000141,C000714,3,0.3967246164878209,Democrat,Democrat,False
P000607,C000984,4,0.611796211451292,Democrat,Democrat,False
C001038,C000984,3,0.7972894310951233,Democrat,Democrat,False
B001293,H001058,6,0.17751735278094807,Republican,Republican,False
B001230,C001047,7,0.030243605641382083,Democrat,Republican,True
M001195,M001180,8,0.017172205727547407,Republican,Republican,False
T000469,S001193,5,0.09371018018573522,Democrat,Democrat,False
D000610,P000598,3,0.289371719583869,Democrat,Democrat,False
C001038,Y000062,5,0.36798163801431655,Democrat,Democrat,False
C001106,B001296,3,0.19513878722985586,Republican,Democrat,True
J000294,A000371,3,0.7262317935625712,Democrat,Democrat,False
T000469,C001091,4,0.049127752892673016,Democrat,Democrat,False
H001072,W000821,3,0.024798822589218616,Republican,Republican,False
M001187,M001156,3,0.04986795224249363,Republican,Republican,False
H000324,K000380,4,0.6674934918992221,Democrat,Democrat,False
D000624,W000798,6,0.023198981614162523,Democrat,Republican,True
L000551,M001163,4,0.038805514108389616,Democrat,Democrat,False
R000587,H001059,3,0.12732486799359322,Republican,Republican,False
U000031,B001257,11,0.01816751511598175,Republican,Republican,False
E000290,S001185,3,0.40247589349746704,Democrat,Democrat,False
B001294,E000295,4,0.04324254719540477,Republican,Republican,False
N000002,K000380,3,0.6868555049101511,Democrat,Democrat,False
D000624,D000216,5,0.24825055785477163,Democrat,Democrat,False
K000379,L000287,5,0.4005018472671509,Democrat,Democrat,False
K000385,L000287,5,0.6627349562942981,Democrat,Democrat,False
C001101,L000287,10,0.48879793044179676,Democrat,Democrat,False
H000324,L000570,3,0.47990219419201213,Democrat,Democrat,False
D000624,L000287,5,0.38343550339341165,Democrat,Democrat,False
P000588,S000364,3,0.5009434719880422,Republican,Republican,False
M001137,D000610,3,0.32542161270976067,Democrat,Democrat,False
F000455,B001281,14,0.21506061830690928,Democrat,Democrat,False
F000454,J000126,3,0.33650576199094456,Democrat,Democrat,False
W000808,J000288,3,0.3281141232388715,Democrat,Democrat,False
F000455,S001185,6,0.40918534714728594,Democrat,Democrat,False
M000312,K000379,13,0.4242318379155432,Democrat,Democrat,False
L000581,S001168,3,0.4775647396842639,Democrat,Democrat,False
A000371,T000474,3,0.04066553711891174,Democrat,Democrat,False
E000299,Y000062,3,0.3638048532108466,Democrat,Democrat,False
F000462,S000185,4,0.20349456369876862,Democrat,Democrat,False
C000141,M001153,3,0.22127204947173595,Democrat,Republican,True
Y000062,L000551,3,0.686516652504603,Democrat,Democrat,False
L000174,S001150,4,0.3638709485530853,Democrat,Democrat,False
R000606,B001278,4,0.22469317354261875,Democrat,Democrat,False
B001278,F000454,5,0.5817992679774762,Democrat,Democrat,False
L000580,P000607,5,0.3776175521314144,Democrat,Democrat,False
Y000062,C001036,4,0.09607810480520129,Democrat,Democrat,False
Y000062,J000032,3,0.3580124576886495,Democrat,Democrat,False
N000189,M001159,5,0.1659110214561224,Republican,Republican,False
Y000064,D000620,3,0.03443409906079372,Republican,Democrat,True
B001293,M001159,8,0.13329537224490196,Republican,Republican,False
C000141,C000984,6,0.1425781762227416,Democrat,Democrat,False
P000607,Y000062,7,0.7448314896651677,Democrat,Democrat,False
L000579,M000133,4,0.2577935627195984,Democrat,Democrat,False
G000535,G000551,8,0.5580218122340739,Democrat,Democrat,False
C001103,I000055,3,0.04020345179984967,Republican,Republican,False
J000294,I000057,3,0.34843953388432664,Democrat,Democrat,False
G000560,P000612,3,0.05165625922381878,Republican,Republican,False
W000808,S001145,5,0.38675281032919884,Democrat,Democrat,False
B001292,K000382,5,0.43802514784038066,Democrat,Democrat,False
E000285,A000360,4,0.0811458732932806,Republican,Republican,False
M001195,S001176,6,0.19315318980564675,Republican,Republican,False
B001293,B000755,8,0.18731178902089596,Republican,Republican,False
B001292,L000581,4,0.10611012997105718,Democrat,Democrat,False
C001107,G000583,3,0.04922745501001676,Republican,Democrat,True
G000535,S000248,3,0.053114800403515496,Democrat,Democrat,False
L000581,J000032,3,0.6549568126598994,Democrat,Democrat,False
T000476,W000437,4,0.27227834542281926,Republican,Republican,False
H001076,D000622,3,0.45608233908812207,Democrat,Democrat,False
Y000062,S001168,3,0.2225009873509407,Democrat,Democrat,False
L000551,L000579,3,0.5759992493937413,Democrat,Democrat,False
H000324,A000370,4,0.01680990238673985,Democrat,Democrat,False
G000551,D000399,4,0.5618677248712629,Democrat,Democrat,False
E000215,P000613,5,0.31599598973989484,Democrat,Democrat,False
C001070,S000033,3,0.33358784144123393,Democrat,Independent,False
C001067,E000215,3,0.40548298756281537,Democrat,Democrat,False
M000312,C001038,9,0.7112916683157285,Democrat,Democrat,False
R000602,M001196,3,0.4653027392923832,Democrat,Democrat,False
G000559,P000608,3,0.06170577292020122,Democrat,Democrat,False
H000338,A000360,4,0.21005948074162006,Republican,Republican,False
B001286,D000622,4,0.14287940692156553,Democrat,Democrat,False
D000625,M000317,3,0.01592648836473624,Republican,Republican,False
R000584,K000383,4,0.09517208207398653,Republican,Independent,False
L000263,M001163,8,0.3954657409340143,Democrat,Democrat,False
L000263,B001286,5,0.7053855994716287,Democrat,Democrat,False
E000296,D000610,9,0.35981548148103887,Democrat,Democrat,False
P000523,C001038,7,0.7401412283735616,Democrat,Democrat,False
K000382,T000472,3,0.377957247197628,Democrat,Democrat,False
J000298,P000618,4,0.39092278853058815,Democrat,Democrat,False
E000296,S001193,4,0.5862647732719779,Democrat,Democrat,False
Y000063,D000614,3,0.024382658613224823,Republican,Republican,False
L000397,D000197,3,0.5854515104244152,Democrat,Democrat,False
M000702,B001230,3,0.1616297165552775,Democrat,Democrat,False
H001052,R000591,7,0.4408306178769895,Republican,Republican,False
G000546,R000591,3,0.6445653090874354,Republican,Republican,False
C001097,H001042,3,0.1338582436243693,Democrat,Democrat,False
W000815,C000059,4,0.08532171417027712,Republican,Republican,False
C000754,S000510,3,0.23113596066832542,Democrat,Democrat,False
C000984,K000385,4,0.857736274600029,Democrat,Democrat,False
C001038,K000385,5,0.7060095429420471,Democrat,Democrat,False
K000379,C001061,4,0.32616555597633123,Democrat,Democrat,False
R000602,B001230,3,0.030170903851588566,Democrat,Democrat,False
C001098,D000614,7,0.6300983045782361,Republican,Republican,False
T000460,A000371,4,0.7226452305912971,Democrat,Democrat,False
G000535,M000312,4,0.2134757856838405,Democrat,Democrat,False
P000607,K000385,3,0.20689199306070805,Democrat,Democrat,False
C001105,M001159,3,0.01660755556076765,Republican,Republican,False
R000606,K000382,3,0.42742869164794683,Democrat,Democrat,False
L000581,L000582,3,0.7070901989936829,Democrat,Democrat,False
N000002,W000822,14,0.7098300817555615,Democrat,Democrat,False
G000565,M001159,3,0.16419817134737968,Republican,Republican,False
Y000063,C001107,3,0.11437464132905006,Republican,Republican,False
C001114,N000191,8,0.07903019525110722,Republican,Democrat,True
K000389,J000298,20,0.26935352641157806,Democrat,Democrat,False
S001168,L000551,3,0.3787422813475132,Democrat,Democrat,False
P000048,T000479,3,0.057974161580204964,Republican,Republican,False
S001212,S001176,8,0.7006450360640883,Republican,Republican,False
J000299,D000032,7,0.33077817503362894,Republican,Republican,False
M001157,P000048,11,0.2865484883500771,Republican,Republican,False
P000617,J000288,3,0.6387163624167442,Democrat,Democrat,False
W000817,M000133,27,0.3791134975919569,Democrat,Democrat,False
D000610,W000797,13,0.19962714633976036,Democrat,Democrat,False
M001160,A000370,5,0.027791473269462585,Democrat,Democrat,False
H001088,E000294,8,0.13222351006697863,Republican,Republican,False
W000822,P000618,8,0.4267214071005583,Democrat,Democrat,False
G000586,P000607,78,0.5846352993797225,Democrat,Democrat,False
S001168,L000582,3,0.26031923790772754,Democrat,Democrat,False
W000802,M000639,10,0.5405152782797813,Democrat,Democrat,False
M001205,S001176,12,0.5277866771599898,Republican,Republican,False
F000472,S001176,3,0.7078733245531718,Republican,Republican,False
P000607,S000033,58,0.4517820441035618,Democrat,Independent,False
F000462,D000627,9,0.4019849892291758,Democrat,Democrat,False
H001084,H001086,3,0.33480253877739113,Republican,Republican,False
S001159,S000510,5,0.21048625856637954,Democrat,Democrat,False
W000822,P000096,87,0.5973379066556521,Democrat,Democrat,False
H001058,B001282,35,0.4257450579532555,Republican,Republican,False
M001176,M001111,22,0.6433153941550038,Democrat,Democrat,False
P000607,O000173,97,0.5119568183442059,Democrat,Democrat,False
Q000023,Y000062,3,0.3477156550313036,Democrat,Democrat,False
G000586,O000173,36,0.43010123125794864,Democrat,Democrat,False
L000551,T000469,8,0.42784747341647744,Democrat,Democrat,False
C001117,S001150,3,0.3618222965548436,Democrat,Democrat,False
M001157,B001248,3,0.4284497524301211,Republican,Republican,False
B001230,H001076,4,0.5087056802585721,Democrat,Democrat,False
B001302,B001243,8,0.5714683509431779,Republican,Republican,False
S000168,G000593,10,0.47482847739011047,Republican,Republican,False
B001230,W000805,8,0.7945683188736439,Democrat,Democrat,False
S001205,P000618,7,0.1750149486054267,Democrat,Democrat,False
M000312,B001292,24,0.43557927454821765,Democrat,Democrat,False
B000944,D000622,6,0.2472658036276698,Democrat,Democrat,False
T000278,S000320,12,0.11628387914970517,Republican,Republican,False
C001104,N000026,9,0.6473220857895083,Republican,Republican,False
P000617,N000191,3,0.2174099969367186,Democrat,Democrat,False
J000126,V000131,3,0.02810371605058511,Democrat,Democrat,False
B001304,L000397,3,0.10189270103971164,Democrat,Democrat,False
A000148,C001101,7,0.18276605728481496,Democrat,Democrat,False
P000197,L000397,5,0.25615052208304406,Democrat,Democrat,False
M001137,H000874,4,0.43073996528983116,Democrat,Democrat,False
P000607,C001080,9,0.6605126998490758,Democrat,Democrat,False
C001117,D000197,3,0.7051029205322266,Democrat,Democrat,False
G000586,C001080,14,0.738561036331313,Democrat,Democrat,False
H000874,S000185,6,0.17548809790362915,Democrat,Democrat,False
S000510,S000185,3,0.43232960626482964,Democrat,Democrat,False
H001053,C001103,3,0.8101359009742737,Republican,Republican,False
M000312,W000817,15,0.33033256779114406,Democrat,Democrat,False
P000197,N000191,3,0.5083001330494881,Democrat,Democrat,False
R000575,T000278,3,0.16798299675186476,Republican,Republican,False
D000096,S001156,10,0.1581389922183007,Democrat,Democrat,False
B001223,O000173,5,0.2790040001273155,Democrat,Democrat,False
G000597,J000020,4,0.11896558664739132,Republican,Republican,False
M001211,D000615,5,0.37288127318024633,Republican,Republican,False
G000595,G000552,3,0.441543052593867,Republican,Republican,False
M000087,D000623,6,0.5794800159831842,Democrat,Democrat,False
C001075,S001184,16,0.21531867381418124,Republican,Republican,False
L000592,J000298,8,0.2026935052126646,Democrat,Democrat,False
H001082,A000375,3,0.3185617681592703,Republican,Republican,False
T000480,M001136,3,0.960334062576294,Republican,Republican,False
P000617,W000808,3,0.04463364897916714,Democrat,Democrat,False
M000087,W000797,5,0.16169155351817607,Democrat,Democrat,False
M001211,I000056,3,0.5278603235880533,Republican,Republican,False
M001136,M001215,5,0.20407130811363458,Republican,Republican,False
D000615,J000289,18,0.5848232056531641,Republican,Republican,False
G000587,E000299,24,0.3728574644968224,Democrat,Democrat,False
P000197,P000034,7,0.3214719576894173,Democrat,Democrat,False
S001168,D000627,7,0.507495567202568,Democrat,Democrat,False
T000486,C001067,3,0.04704319251080354,Democrat,Democrat,False
P000617,S001145,10,0.3062251779250801,Democrat,Democrat,False
R000606,B001300,3,0.35773392021656036,Democrat,Democrat,False
H001086,D000032,3,0.3885688092559576,Republican,Republican,False
B001311,H001089,6,0.7288713306188583,Republican,Republican,False
N000190,D000615,16,0.3491581240668893,Republican,Republican,False
R000606,D000631,8,0.2754525998607278,Democrat,Democrat,False
W000795,S001176,5,0.3995127137750387,Republican,Republican,False
E000296,H000874,36,0.22223182172617978,Democrat,Democrat,False
L000576,M001199,10,0.5719830540940165,Republican,Republican,False
G000595,R000103,7,0.46406612545251846,Republican,Republican,False
M000355,S001184,6,0.16573321687368056,Republican,Republican,False
W000802,S000148,72,0.6468963129704611,Democrat,Democrat,False
A000377,S001195,3,0.6659249365329742,Republican,Republican,False
R000608,H001076,4,0.1424426049925387,Democrat,Democrat,False
H001076,R000608,5,0.36953320875763895,Democrat,Democrat,False
B000668,N000189,3,0.441773384809494,Republican,Republican,False
L000560,J000294,4,0.06786069925874472,Democrat,Democrat,False
R000606,L000582,14,0.4632787856140307,Democrat,Democrat,False
W000817,O000174,5,0.5728196322917938,Democrat,Democrat,False
F000454,A000371,3,0.10743504265944163,Democrat,Democrat,False
C001130,B001288,3,0.6236768094822764,Democrat,Democrat,False
B001230,K000367,9,0.14915740583091974,Democrat,Democrat,False
H001082,S001195,22,0.4348821397870779,Republican,Republican,False
V000081,R000617,5,0.4344881996512413,Democrat,Democrat,False
B001309,G000596,3,0.6419456216196219,Republican,Republican,False
H001047,S001194,3,0.44091533434887725,Democrat,Democrat,False
M001224,S001195,9,0.42926655523478985,Republican,Republican,False
C001117,W000825,3,0.026233265176415443,Democrat,Democrat,False
S001205,N000192,5,0.17466773763298987,Democrat,Democrat,False
C000174,M001176,6,0.43371082935482264,Democrat,Democrat,False
S001168,S000148,12,0.659602563517789,Democrat,Democrat,False
V000131,J000294,6,0.6310014811654886,Democrat,Democrat,False
L000174,K000367,4,0.5639074197970331,Democrat,Democrat,False
C001072,B001287,3,0.21109566340843836,Democrat,Democrat,False
C001130,J000294,3,0.3695706787208716,Democrat,Democrat,False
R000620,S001218,3,0.5620034957925478,Democrat,Democrat,False
S001224,L000577,16,0.5823658108129166,Republican,Republican,False
J000294,M000312,3,0.4018053635954857,Democrat,Democrat,False
H001082,B001302,4,0.5784511873498559,Republican,Republican,False
B001281,C001067,5,0.5300218887627125,Democrat,Democrat,False
L000564,G000565,5,0.7361335664987564,Republican,Republican,False
C000174,H001042,3,0.3176227615525325,Democrat,Democrat,False
H000273,H001042,7,0.8571740644318717,Democrat,Democrat,False
Q000023,D000624,5,0.16564586162567138,Democrat,Democrat,False
A000377,S001184,13,0.38934882529653037,Republican,Republican,False
U000040,C001117,7,0.1456461620650121,Democrat,Democrat,False
M001157,H001072,4,0.35290348529815674,Republican,Republican,False
P000145,M000133,3,0.7079515159130096,Democrat,Democrat,False
D000399,F000468,7,0.16596659618828977,Democrat,Democrat,False
R000515,K000391,7,0.38891012221574783,Democrat,Democrat,False
M001176,C001113,7,0.4518415653812034,Democrat,Democrat,False
B001261,G000386,7,0.6309259235858917,Republican,Republican,False
M001236,K000405,3,0.5273520747820536,Republican,Republican,False
S001224,B001316,8,0.7490388788282871,Republican,Republican,False
M001184,G000565,14,0.5682342967816761,Republican,Republican,False
N000191,P000197,17,0.4195142289733185,Democrat,Democrat,False
D000631,G000587,12,0.30356326955370605,Democrat,Democrat,False
B001302,M001187,176,0.6325603815494105,Republican,Republican,False
B001302,H001053,11,0.640413377772678,Republican,Republican,False
B001302,G000565,65,0.6569743501022458,Republican,Republican,False
R000606,S001168,8,0.05423128558322787,Democrat,Democrat,False
H001082,G000576,4,0.06371023692190647,Republican,Republican,False
P000616,C001119,4,0.052730507450178266,Democrat,Democrat,False
B001292,M001169,6,0.6695941351354122,Democrat,Democrat,False
C001087,C001109,6,0.6467363527044654,Republican,Republican,False
M001184,M001187,6,0.7178918706874052,Republican,Republican,False
A000375,B001302,13,0.4056251012505247,Republican,Republican,False
T000250,R000307,4,0.17365548154339194,Republican,Republican,False
G000585,S001150,7,0.4925995298794338,Democrat,Democrat,False
O000173,S000033,17,0.5232946313917637,Democrat,Independent,False
M001200,S000185,5,0.11467163413763046,Democrat,Democrat,False
B001302,Y000065,5,0.3777741711586714,Republican,Republican,False
U000031,B001248,16,0.07841826637741178,Republican,Republican,False
C001066,C001117,11,0.15667224396020174,Democrat,Democrat,False
L000564,M001187,3,0.6680308530728022,Republican,Republican,False
U000031,W000798,14,0.10824403802065977,Republican,Republican,False
D000563,G000555,3,0.34633217255274457,Democrat,Democrat,False
D000610,D000617,3,0.3555841858809193,Democrat,Democrat,False
C000174,P000449,4,0.3372156135737896,Democrat,Republican,True
D000617,S001216,7,0.16082953907815473,Democrat,Democrat,False
T000483,M000312,3,0.30476891187330085,Democrat,Democrat,False
H001058,M001201,6,0.2578652060280244,Republican,Republican,False
G000586,V000081,17,0.5230794682112687,Democrat,Democrat,False
C001066,M001207,6,0.571425453449289,Democrat,Democrat,False
R000614,B001274,4,0.47439151955768466,Republican,Republican,False
M000087,E000179,5,0.4581364430487156,Democrat,Democrat,False
D000563,K000384,4,0.33618006529286504,Democrat,Democrat,False
W000817,U000039,10,0.40704979971051214,Democrat,Democrat,False
B001302,B001274,3,0.753152479728063,Republican,Republican,False
E000179,B001292,5,0.42830219864845276,Democrat,Democrat,False
M001200,A000370,8,0.2886578729376197,Democrat,Democrat,False
D000610,Q000023,3,0.4963214198748271,Democrat,Democrat,False
C001097,C001091,6,0.06368955038487911,Democrat,Democrat,False
P000197,W000808,5,0.6910619284957648,Democrat,Democrat,False
Q000023,H001064,3,0.22936071765919527,Democrat,Democrat,False
B001299,S001195,5,0.45559052303433417,Republican,Republican,False
C001066,D000197,5,0.39975614510476587,Democrat,Democrat,False
H001080,D000629,8,0.24021382379578426,Democrat,Democrat,False
B001292,D000627,5,0.42764938063919544,Democrat,Democrat,False
L000570,P000197,12,0.36505252805848915,Democrat,Democrat,False
P000197,S001145,6,0.22109853693594536,Democrat,Democrat,False
K000380,S001150,4,0.5474603136535734,Democrat,Democrat,False
C001113,C001088,4,0.506539985537529,Democrat,Democrat,False
P000523,B001292,11,0.5012507498772307,Democrat,Democrat,False
R000606,D000627,6,0.5803998131304979,Democrat,Democrat,False
G000553,G000587,14,0.26247532778818694,Democrat,Democrat,False
M001207,D000627,6,0.47190379894648987,Democrat,Democrat,False
K000393,C001075,3,0.036488186568021774,Republican,Republican,False
C001067,H000874,4,0.030321484431624413,Democrat,Democrat,False
L000570,B001270,3,0.5066860498239597,Democrat,Democrat,False
F000062,L000174,8,0.5778494863770902,Democrat,Democrat,False
E000179,N000002,13,0.3289152795019058,Democrat,Democrat,False
P000523,N000002,3,0.6170416185632348,Democrat,Democrat,False
O000173,P000607,17,0.6281007740865735,Democrat,Democrat,False
N000002,D000627,10,0.41361894281581046,Democrat,Democrat,False
C001098,R000605,4,0.21811215253546834,Republican,Republican,False
R000515,T000469,4,0.2112172362394631,Democrat,Democrat,False
M001210,B001302,4,0.6960263778455555,Republican,Republican,False
G000565,C001093,4,0.6121653290465474,Republican,Republican,False
L000589,L000564,4,0.591232730075717,Republican,Republican,False
C001113,W000802,5,0.3546527406200767,Democrat,Democrat,False
B001299,B001302,5,0.4862215705215931,Republican,Republican,False
L000576,M001157,5,0.11450646854937077,Republican,Republican,False
C001098,L000575,8,0.5099375215359032,Republican,Republican,False
R000614,G000565,5,0.6119368560612202,Republican,Republican,False
C001066,S001150,10,0.6235076535493136,Democrat,Democrat,False
D000096,H000874,6,0.57789504652222,Democrat,Democrat,False
F000461,M000355,10,0.40757699869573116,Republican,Republican,False
B001275,M001199,3,0.32169417043526966,Republican,Republican,False
H001058,W000816,6,0.6542925325532755,Republican,Republican,False
W000802,M001169,15,0.5845353619505962,Democrat,Democrat,False
J000298,M000312,13,0.5565546115573782,Democrat,Democrat,False
J000302,S001176,4,0.7288858955726027,Republican,Republican,False
R000606,L000551,4,0.4847282888367772,Democrat,Democrat,False
L000592,P000595,3,0.3199388384819031,Democrat,Democrat,False
T000472,M000312,3,0.5832121831675371,Democrat,Democrat,False
B001299,A000375,7,0.3372304381004402,Republican,Republican,False
P000608,S001193,4,0.05837485776282847,Democrat,Democrat,False
H001086,A000055,3,0.6364747354139885,Republican,Republican,False
S001176,L000566,5,0.03510012701153755,Republican,Republican,False
W000822,M001229,12,0.7591328305813173,Democrat,Democrat,False
B001303,M001111,14,0.8566463440656662,Democrat,Democrat,False
L000602,T000481,4,0.7831483706831932,Democrat,Democrat,False
C001066,F000462,5,0.4208553910255432,Democrat,Democrat,False
O000086,M001228,16,0.0911587433074601,Republican,Republican,False
S001194,C001121,3,0.6574172067145506,Democrat,Democrat,False
M001229,P000034,7,0.7609335950442723,Democrat,Democrat,False
H001042,B001230,8,0.5703487265855074,Democrat,Democrat,False
S001194,W000802,12,0.3332461693013708,Democrat,Democrat,False
S001176,P000048,4,0.24434551573358476,Republican,Republican,False
W000797,D000216,10,0.18544009029865266,Democrat,Democrat,False
L000571,H000601,7,0.17840378092867987,Republican,Republican,False
O000176,E000301,4,0.0362981625366956,Democrat,Democrat,False
D000635,S001203,3,0.4908532400925954,Democrat,Democrat,False
K000367,L000570,3,0.8418652216593424,Democrat,Democrat,False
S001150,K000377,3,0.3884483439226945,Democrat,Democrat,False
D000635,W000817,7,0.6596231777220964,Democrat,Democrat,False
K000367,D000622,3,0.7539848387241364,Democrat,Democrat,False
S001150,P000145,12,0.46650515877020854,Democrat,Democrat,False
C001080,C001123,3,0.030241771911581356,Democrat,Democrat,False
S001194,C001088,5,0.7722833454608917,Democrat,Democrat,False
K000384,W000805,3,0.33491750868658227,Democrat,Democrat,False
K000384,K000367,3,0.6531562327096859,Democrat,Democrat,False
S000148,W000802,32,0.33163720802986063,Democrat,Democrat,False
B000755,F000465,7,0.35230186049427303,Republican,Republican,False
T000482,P000197,9,0.3400207763641245,Democrat,Democrat,False
N000002,L000551,5,0.4806354597210884,Democrat,Democrat,False
P000613,K000389,3,0.0378392847875754,Democrat,Democrat,False
M000312,N000002,3,0.36085596059759456,Democrat,Democrat,False
R000575,B001299,10,0.4306914616376162,Republican,Republican,False
E000296,S001156,7,0.4629233724304608,Democrat,Democrat,False
R000515,D000096,11,0.3263126840306954,Democrat,Democrat,False
B001278,J000298,10,0.4291598642244935,Democrat,Democrat,False
N000191,K000379,3,0.5754978551218907,Democrat,Democrat,False
O000172,L000592,5,0.29343545213341715,Democrat,Democrat,False
S001206,D000610,4,0.3525218106806278,Democrat,Democrat,False
L000576,W000827,5,0.31350221801549194,Republican,Republican,False
C001112,B001300,3,0.35340526948372525,Democrat,Democrat,False
P000613,B001292,5,0.2446515243500471,Democrat,Democrat,False
A000375,C001098,4,0.2761391361709684,Republican,Republican,False
G000586,S000033,23,0.5632157353684306,Democrat,Independent,False
R000515,D000216,3,0.2518017708013455,Democrat,Democrat,False
S001145,O000172,3,0.6503830725948015,Democrat,Democrat,False
M000133,S000033,25,0.53847083337605,Democrat,Independent,False
D000631,B001292,13,0.5844910922818459,Democrat,Democrat,False
K000389,R000577,11,0.17799151824279266,Democrat,Democrat,False
M000133,C001113,6,0.3878871581206719,Democrat,Democrat,False
P000607,V000081,12,0.47527753266816336,Democrat,Democrat,False
T000480,N000190,8,0.3172143668634817,Republican,Republican,False
B001300,M001176,4,0.5014972537755966,Democrat,Democrat,False
L000593,H001068,5,0.24746438227593898,Democrat,Democrat,False
H001080,G000551,6,0.5486288430790106,Democrat,Democrat,False
W000817,B001288,11,0.3532646762376482,Democrat,Democrat,False
S001206,K000381,3,0.046184120078881584,Democrat,Democrat,False
C001047,M001205,6,0.03331799153238535,Republican,Republican,False
G000586,D000191,5,0.6301686286926269,Democrat,Democrat,False
C001070,M000934,3,0.15314566002537808,Democrat,Republican,True
D000631,N000002,11,0.36297356692904775,Democrat,Democrat,False
H001085,S001205,8,0.1044925267342478,Democrat,Democrat,False
W000817,S001181,3,0.05923414478699366,Democrat,Democrat,False
S001184,W000819,4,0.2842998090200126,Republican,Republican,False
W000826,D000482,4,0.25448582135140896,Democrat,Democrat,False
M000133,M001111,10,0.4881166100502014,Democrat,Democrat,False
P000523,G000587,3,0.3565269612396757,Democrat,Democrat,False
L000560,G000574,5,0.23269234895706176,Democrat,Democrat,False
L000557,B001277,5,0.028202041052281857,Democrat,Democrat,False
L000551,R000515,8,0.4449582147644833,Democrat,Democrat,False
S001193,O000172,9,0.8002196153004965,Democrat,Democrat,False
C001080,P000617,4,0.47135037393309176,Democrat,Democrat,False
S001224,S001217,15,0.5827993887166182,Republican,Republican,False
S001176,F000446,5,0.3791618563234806,Republican,Republican,False
W000829,S001213,6,0.6274002748541534,Republican,Republican,False
F000476,S001200,4,0.6257307082414627,Democrat,Democrat,False
M001208,K000385,3,0.08960324587921302,Democrat,Democrat,False
N000190,C001116,9,0.6110047300656637,Republican,Republican,False
B001288,C001088,4,0.55165895819664,Democrat,Democrat,False
G000576,S001213,5,0.5505462259054184,Republican,Republican,False
B001261,L000575,7,0.6448872451271329,Republican,Republican,False
S001216,J000298,3,0.02293056466927131,Democrat,Democrat,False
K000379,N000191,4,0.12852314580231905,Democrat,Democrat,False
B001288,W000802,4,0.36012222059071064,Democrat,Democrat,False
L000571,T000278,7,0.5568518792944295,Republican,Republican,False
P000197,S001205,3,0.050759490889807544,Democrat,Democrat,False
G000596,G000578,17,0.5567978752010009,Republican,Republican,False
S001217,G000593,4,0.6462444262579083,Republican,Republican,False
L000575,B001310,4,0.6964170578867197,Republican,Republican,False
L000397,I000056,5,0.06144503727555275,Democrat,Republican,True
C001097,G000586,13,0.16664894634427932,Democrat,Democrat,False
B001298,E000295,4,0.878150463104248,Republican,Republican,False
K000395,C001103,3,0.9349952538808187,Republican,Republican,False
L000557,S001200,3,0.029362859204411507,Democrat,Democrat,False
W000798,L000566,3,0.38208962604403496,Republican,Republican,False
L000592,G000586,9,0.1429786759739121,Democrat,Democrat,False
L000557,L000581,3,0.3471886981278658,Democrat,Democrat,False
V000130,P000197,10,0.2326874158345163,Democrat,Democrat,False
H001084,T000165,5,0.5446825146675109,Republican,Republican,False
J000299,M001159,4,0.31805375404655933,Republican,Republican,False
B001304,B001286,3,0.6349724481503168,Democrat,Democrat,False
S000770,W000817,3,0.24958863419791064,Democrat,Democrat,False
B001311,D000032,4,0.36794768599793315,Republican,Republican,False
W000822,N000192,3,0.06113697215914726,Democrat,Democrat,False
L000557,P000593,3,0.04898863441000382,Democrat,Democrat,False
G000559,N000188,3,0.03739615778128306,Democrat,Democrat,False
M001210,H001067,6,0.1444459881943961,Republican,Republican,False
L000551,M000087,5,0.38170248419046404,Democrat,Democrat,False
T000460,L000557,11,0.7066321884366599,Democrat,Democrat,False
J000310,M001206,9,0.4895544850991832,Democrat,Democrat,False
N000147,B001292,3,0.6078724687298139,Democrat,Democrat,False
R000614,S001224,24,0.5566855044259379,Republican,Republican,False
C001117,K000394,3,0.31889560632407665,Democrat,Democrat,False
H001058,C001095,4,0.7100461646914482,Republican,Republican,False
W000817,V000128,9,0.7430988591578271,Democrat,Democrat,False
H001042,T000487,3,0.2542683140685161,Democrat,Democrat,False
D000216,Q000023,3,0.648041620850563,Democrat,Democrat,False
D000600,A000379,3,0.3053077732523282,Republican,Republican,False
C001056,S001232,6,0.47886338209112483,Republican,Republican,False
L000551,E000290,5,0.21281454898416996,Democrat,Democrat,False
N000026,C001104,7,0.3243297386382307,Republican,Republican,False
N000026,S001196,3,0.5500694687167803,Republican,Republican,False
M001184,T000478,4,0.5561401322484016,Republican,Republican,False
H001084,N000026,3,0.45432164209584397,Republican,Republican,False
R000608,K000367,3,0.3365175665045778,Democrat,Democrat,False
C001097,J000298,4,0.3955273700412363,Democrat,Democrat,False
D000622,B001277,3,0.9163727760314941,Democrat,Democrat,False
B001292,L000582,15,0.4592136540760597,Democrat,Democrat,False
L000577,S001217,17,0.5669579430318931,Republican,Republican,False
B001300,H000874,5,0.2389047060161829,Democrat,Democrat,False
B001281,H000874,3,0.21820313731829324,Democrat,Democrat,False
T000486,H000874,4,0.195908181136474,Democrat,Democrat,False
J000298,S001175,4,0.7334520667791367,Democrat,Democrat,False
T000480,M001156,3,0.695949544509252,Republican,Republican,False
K000385,S001145,7,0.2857161946594715,Democrat,Democrat,False
B001278,G000586,4,0.6931404359638691,Democrat,Democrat,False
M000317,P000048,3,0.744249165058136,Republican,Republican,False
C001070,D000624,13,0.09763069379215057,Democrat,Democrat,False
C001095,C001056,4,0.7064089998602867,Republican,Republican,False
J000305,S001175,4,0.03699170472100377,Democrat,Democrat,False
K000385,D000563,7,0.29731966528509346,Democrat,Democrat,False
B001301,E000294,3,0.6608045771718025,Republican,Republican,False
J000299,S001135,4,0.5110538313165307,Republican,Republican,False
M000194,L000582,4,0.4130407196935266,Republican,Democrat,True
W000797,M000087,4,0.2702340860851109,Democrat,Democrat,False
B001304,N000147,9,0.09398258891370562,Democrat,Democrat,False
S000168,C001039,3,0.025642006968458492,Republican,Republican,False
M001160,W000822,6,0.5771137600143751,Democrat,Democrat,False
G000559,Q000023,7,0.12443041655101947,Democrat,Democrat,False
J000299,H001086,6,0.47025436473389465,Republican,Republican,False
C001061,Y000063,11,0.029913329011337322,Democrat,Republican,True
H000273,M001176,3,0.657548957814773,Democrat,Democrat,False
C001091,S001205,3,0.9153570532798767,Democrat,Democrat,False
M001176,S000033,15,0.34037789416809877,Democrat,Independent,False
B001281,R000606,3,0.5413778585692247,Democrat,Democrat,False
S001224,C001116,4,0.4216476115398109,Republican,Republican,False
M001176,D000191,4,0.06621465645730495,Democrat,Democrat,False
B000755,W000816,3,0.4999184813350439,Republican,Republican,False
T000250,H001079,3,0.3476848074545463,Republican,Republican,False
T000478,S001196,9,0.41108676025436985,Republican,Republican,False
B001298,J000299,3,0.08851102429131667,Republican,Republican,False
D000399,C001080,5,0.42017000541090965,Democrat,Democrat,False
L000575,H001079,3,0.3415246953566869,Republican,Republican,False
J000299,N000026,6,0.6107214740477502,Republican,Republican,False
C001097,M001143,3,0.510396847811838,Democrat,Democrat,False
N000192,D000622,4,0.071087378077209,Democrat,Democrat,False
C001090,T000460,3,0.7814509073893229,Democrat,Democrat,False
M001135,S001209,3,0.4144328807791074,Democrat,Democrat,False
B001261,R000605,3,0.3959399809439977,Republican,Republican,False
E000296,R000606,8,0.6953082531690598,Democrat,Democrat,False
C001090,M000133,3,0.07422862388193607,Democrat,Democrat,False
C001090,V000128,4,0.8219802677631378,Democrat,Democrat,False
M001188,W000797,5,0.13033348694443703,Democrat,Democrat,False
L000263,L000287,7,0.5134767846736524,Democrat,Democrat,False
M000702,G000555,5,0.3128354098647833,Democrat,Democrat,False
L000551,L000287,16,0.2540113857248798,Democrat,Democrat,False
R000588,L000287,5,0.4412277933210135,Democrat,Democrat,False
G000560,Y000063,3,0.24377022745708624,Republican,Republican,False
E000290,V000128,4,0.6565924435853958,Democrat,Democrat,False
M001176,R000146,6,0.804729754726092,Democrat,Democrat,False
M000303,L000261,3,0.3124014586210251,Republican,Democrat,True
L000590,A000378,3,0.1260957270860672,Democrat,Democrat,False
G000560,I000056,4,0.10899935534689575,Republican,Republican,False
L000577,I000056,3,0.3556872283418973,Republican,Republican,False
G000568,S001155,3,0.29702476039528847,Republican,Republican,False
C001035,L000174,4,0.12668185122311115,Republican,Democrat,True
L000551,D000216,19,0.3024080757443842,Democrat,Democrat,False
R000587,S001180,3,0.40050729798773926,Republican,Democrat,True
B001261,H000338,6,0.17994629529615244,Republican,Republican,False
U000031,L000566,8,0.14358166587771848,Republican,Republican,False
C001038,C001080,4,0.48426887043751776,Democrat,Democrat,False
J000126,C001038,6,0.6646454650908709,Democrat,Democrat,False
M001137,C001067,9,0.3067420667244328,Democrat,Democrat,False
B001292,L000551,9,0.488151610415015,Democrat,Democrat,False
L000570,T000468,3,0.06899135932326317,Democrat,Democrat,False
C001121,T000460,3,0.27043259764711064,Democrat,Democrat,False
E000179,M001188,3,0.3276701085269451,Democrat,Democrat,False
K000009,N000002,4,0.4386039450764656,Democrat,Democrat,False
B001300,S001156,3,0.1129507531101505,Democrat,Democrat,False
D000623,L000551,7,0.526637163279312,Democrat,Democrat,False
H001064,P000593,5,0.07357010282576085,Democrat,Democrat,False
L000586,G000587,3,0.2230502525344491,Democrat,Democrat,False
D000631,L000590,3,0.6650422029197216,Democrat,Democrat,False
L000560,A000378,3,0.04808507797618707,Democrat,Democrat,False
H001084,D000032,3,0.4178668757279714,Republican,Republican,False
J000302,W000815,5,0.4585227109491825,Republican,Republican,False
B001304,M001135,3,0.45504641222457093,Democrat,Democrat,False
P000593,N000002,5,0.5660170823335647,Democrat,Democrat,False
G000559,K000367,5,0.31540226228535173,Democrat,Democrat,False
S000770,S001203,3,0.018852277658879757,Democrat,Democrat,False
M001190,M001159,6,0.3586250664666295,Republican,Republican,False
J000305,M000312,3,0.6509269010275602,Democrat,Democrat,False
W000802,T000464,3,0.6624199748039246,Democrat,Democrat,False
W000808,D000216,4,0.247733224183321,Democrat,Democrat,False
B001278,D000610,5,0.03459087908267975,Democrat,Democrat,False
B001275,G000563,6,0.17073198423410454,Republican,Republican,False
R000593,S001176,6,0.03170396946370602,Republican,Republican,False
G000560,L000577,3,0.567179873585701,Republican,Republican,False
K000381,H001064,6,0.13839312844599286,Democrat,Democrat,False
G000546,S001183,15,0.2453775213410457,Republican,Republican,False
P000608,K000381,3,0.015023324638605118,Democrat,Democrat,False
S000364,U000031,14,0.0937438925861248,Republican,Republican,False
H001065,H001067,4,0.041111174039542675,Republican,Republican,False
B001311,T000165,3,0.5181138316790262,Republican,Republican,False
T000460,G000559,4,0.4724236086476594,Democrat,Democrat,False
C001097,S001193,4,0.1864630391355604,Democrat,Democrat,False
L000577,L000174,7,0.1880836162183966,Republican,Democrat,True
E000293,P000608,3,0.5623955670744181,Democrat,Democrat,False
R000584,T000461,4,0.588778362609446,Republican,Republican,False
S001205,M001202,4,0.42942555248737335,Democrat,Democrat,False
I000057,S001185,3,0.3555574355026086,Democrat,Democrat,False
P000604,S001193,3,0.5394579119359454,Democrat,Democrat,False
B001278,B000574,5,0.46015484873205426,Democrat,Democrat,False
L000576,U000031,22,0.1367312178269706,Republican,Republican,False
C001067,S001156,3,0.3680862144877513,Democrat,Democrat,False
C001104,D000032,3,0.08692831452935934,Republican,Republican,False
F000462,L000551,10,0.6788080006837844,Democrat,Democrat,False
J000298,M001196,3,0.6908224821090698,Democrat,Democrat,False
L000596,A000379,3,0.13034057368834814,Republican,Republican,False
H001087,W000825,4,0.4156456757336855,Democrat,Democrat,False
T000482,K000379,4,0.677245631814003,Democrat,Democrat,False
P000197,B001286,3,0.5362802495559057,Democrat,Democrat,False
S001185,D000615,3,0.02068670776983102,Democrat,Republican,True
M000312,K000389,6,0.4515515621751547,Democrat,Democrat,False
C001066,P000608,3,0.5545012143750986,Democrat,Democrat,False
L000578,G000559,3,0.045653171837329865,Republican,Democrat,True
F000462,L000582,4,0.2464113924652338,Democrat,Democrat,False
B001292,S001168,3,0.21837566047906876,Democrat,Democrat,False
T000483,W000826,3,0.14083499958117804,Democrat,Democrat,False
G000559,L000578,3,0.03202188635865847,Democrat,Republican,True
L000581,K000380,7,0.3257959277502128,Democrat,Democrat,False
N000002,M001169,3,0.446358572691679,Democrat,Democrat,False
W000808,M000087,3,0.016756509741147358,Democrat,Democrat,False
Y000062,L000581,3,0.35464730982979137,Democrat,Democrat,False
R000602,G000555,6,0.2554010641761124,Democrat,Democrat,False
F000451,D000604,3,0.03979764940838019,Republican,Democrat,True
H001068,K000380,3,0.33084403661390144,Democrat,Democrat,False
L000174,L000577,5,0.37652644589543344,Democrat,Republican,True
R000486,G000535,3,0.4134870345393817,Democrat,Democrat,False
L000580,C000984,5,0.6699888631701469,Democrat,Democrat,False
C001106,E000293,4,0.0320036297198385,Republican,Democrat,True
F000448,G000289,3,0.15785959300895533,Republican,Republican,False
C001038,V000081,6,0.20875374041497707,Democrat,Democrat,False
U000039,K000384,3,0.5727891400456429,Democrat,Democrat,False
R000146,M000639,5,0.4368558883666992,Democrat,Democrat,False
L000560,H001068,3,0.052130247155825295,Democrat,Democrat,False
J000294,R000588,8,0.5370005390141159,Democrat,Democrat,False
F000455,J000294,3,0.6742833281556765,Democrat,Democrat,False
Y000062,K000380,8,0.6024420966859907,Democrat,Democrat,False
D000624,M001163,3,0.023575559258461,Democrat,Democrat,False
C001101,M001163,4,0.1751677063293755,Democrat,Democrat,False
Y000062,B001278,3,0.2073475451519092,Democrat,Democrat,False
B001275,U000031,6,0.18587385459492603,Republican,Republican,False
L000570,C001038,3,0.3953085045019786,Democrat,Democrat,False
F000462,C001036,4,0.0389108257368207,Democrat,Democrat,False
C000141,M001111,3,0.33621868304908276,Democrat,Democrat,False
D000624,S001145,4,0.4651171655859798,Democrat,Democrat,False
D000624,B001286,3,0.3360606947292884,Democrat,Democrat,False
C000984,S000033,4,0.2550627375021577,Democrat,Independent,False
L000263,D000216,8,0.30358663899824023,Democrat,Democrat,False
N000127,L000287,3,0.3466965394715468,Democrat,Democrat,False
D000614,M001159,15,0.19584984115014473,Republican,Republican,False
N000002,S000148,5,0.11255620811134577,Democrat,Democrat,False
W000808,C001061,13,0.3995507382429563,Democrat,Democrat,False
U000031,W000813,3,0.08750842822094758,Republican,Republican,False
S000148,C001088,13,0.3128047396357243,Democrat,Democrat,False
E000296,C001067,8,0.6377100830432028,Democrat,Democrat,False
W000815,S001183,6,0.1634715273976326,Republican,Republican,False
D000096,C001067,3,0.17346514916668335,Democrat,Democrat,False
C001101,B001286,4,0.7033405266702175,Democrat,Democrat,False
N000002,E000297,7,0.4287413443837847,Democrat,Democrat,False
R000486,M001163,3,0.09711491533865531,Democrat,Democrat,False
F000462,V000130,3,0.3778620896240075,Democrat,Democrat,False
F000462,J000032,4,0.07421461585909128,Democrat,Democrat,False
L000397,Q000023,4,0.4056568033993244,Democrat,Democrat,False
W000808,L000287,14,0.35418943987627116,Democrat,Democrat,False
F000455,K000009,4,0.2857506601139903,Democrat,Democrat,False
H001064,K000380,5,0.5023982301354408,Democrat,Democrat,False
C000714,K000385,5,0.4363862223923206,Democrat,Democrat,False
L000397,W000797,3,0.3954583245019118,Democrat,Democrat,False
L000263,M000087,4,0.540828944183886,Democrat,Democrat,False
L000580,D000624,5,0.4359267964959145,Democrat,Democrat,False
L000580,K000385,4,0.7783591598272324,Democrat,Democrat,False
S000148,L000287,5,0.5228249147534371,Democrat,Democrat,False
C001038,P000607,5,0.22293825596570968,Democrat,Democrat,False
S000033,C001070,3,0.08892843251427014,Independent,Democrat,False
L000570,L000580,3,0.5851469337940216,Democrat,Democrat,False
C001097,R000577,3,0.43835406098514795,Democrat,Democrat,False
H000338,C001056,4,0.21669830288738012,Republican,Republican,False
N000127,T000469,3,0.1365604909757773,Democrat,Democrat,False
J000294,C001072,3,0.591463252902031,Democrat,Democrat,False
L000580,Y000062,5,0.6330062940716743,Democrat,Democrat,False
R000486,B001286,3,0.10206735630830129,Democrat,Democrat,False
N000002,J000032,5,0.7115571975708008,Democrat,Democrat,False
H001050,F000462,3,0.5529618238409361,Democrat,Democrat,False
L000551,B001304,3,0.04733977715174357,Democrat,Democrat,False
L000174,W000805,8,0.5945073729380965,Democrat,Democrat,False
K000389,D000399,3,0.5973153909047445,Democrat,Democrat,False
T000476,W000819,4,0.1830723574385047,Republican,Republican,False
L000581,S000185,5,0.40077967550605537,Democrat,Democrat,False
L000575,K000367,8,0.2703592018224299,Republican,Democrat,True
D000614,B000755,4,0.028456663247197866,Republican,Republican,False
B001292,B001300,3,0.30484294643004733,Democrat,Democrat,False
N000002,L000582,7,0.5729938697602067,Democrat,Democrat,False
D000627,N000032,3,0.13776680827140808,Democrat,Democrat,False
E000295,S001184,4,0.025569534744136035,Republican,Republican,False
H001067,M001159,9,0.05685849425693353,Republican,Republican,False
B001292,S000148,3,0.5281683554251989,Democrat,Democrat,False
W000821,R000601,3,0.05789153898755709,Republican,Republican,False
C001066,D000482,3,0.6456945942093929,Democrat,Democrat,False
L000581,W000822,5,0.43169017881155014,Democrat,Democrat,False
J000295,S001176,3,0.36826953664422035,Republican,Republican,False
A000370,S001145,3,0.2924087556699912,Democrat,Democrat,False
S001199,S001185,3,0.06336224172264338,Republican,Democrat,True
R000601,G000289,9,0.1293234680261877,Republican,Republican,False
J000298,T000472,3,0.48434703176220256,Democrat,Democrat,False
B001281,S001156,3,0.3654580193882187,Democrat,Democrat,False
G000551,C001067,3,0.3569382023997605,Democrat,Democrat,False
L000557,K000380,3,0.3801204239328702,Democrat,Democrat,False
S001199,T000467,7,0.029855800260390555,Republican,Republican,False
J000298,G000551,9,0.5576532694200674,Democrat,Democrat,False
E000293,S001150,4,0.6431521642953157,Democrat,Democrat,False
R000602,W000799,5,0.021278942935168743,Democrat,Democrat,False
T000482,L000562,4,0.08362042997032404,Democrat,Democrat,False
R000486,S001145,4,0.5148834423162043,Democrat,Democrat,False
W000797,T000469,4,0.4826775100082159,Democrat,Democrat,False
R000585,K000379,3,0.03212084683279196,Republican,Democrat,True
R000146,M001169,4,0.4040947947651148,Democrat,Democrat,False
D000615,P000599,3,0.28897079825401306,Republican,Republican,False
R000611,K000378,3,0.46916965146859485,Republican,Republican,False
B001300,C001067,3,0.06401313468813896,Democrat,Democrat,False
H001069,T000464,9,0.12910893093794584,Democrat,Democrat,False
F000451,S001191,3,0.15787823994954428,Republican,Democrat,True
G000562,S001184,3,0.5864001276592413,Republican,Republican,False
Y000062,K000382,3,0.6561159292856852,Democrat,Democrat,False
E000293,F000455,4,0.4637312013655901,Democrat,Democrat,False
M000133,O000173,5,0.6928993321955204,Democrat,Democrat,False
T000460,M000312,3,0.38321556399265927,Democrat,Democrat,False
H001080,T000484,3,0.04162042370686928,Democrat,Democrat,False
T000460,S001175,5,0.5843034982681274,Democrat,Democrat,False
D000197,K000380,3,0.596890777349472,Democrat,Democrat,False
D000399,P000607,4,0.5547025641426444,Democrat,Democrat,False
K000389,D000610,4,0.2647927547805011,Democrat,Democrat,False
G000551,M001176,4,0.2960784947499633,Democrat,Democrat,False
E000296,M001176,3,0.6300318539142609,Democrat,Democrat,False
M001215,H001091,19,0.21633774248000823,Republican,Republican,False
H001058,S001176,42,0.5349746597265559,Republican,Republican,False
H001076,S001181,16,0.2927344695199281,Democrat,Democrat,False
S001199,B000755,8,0.8100138845620677,Republican,Republican,False
M001212,B001302,10,0.5182051420211792,Republican,Republican,False
B001230,M001111,28,0.4418773046761219,Democrat,Democrat,False
E000296,P000197,122,0.3691892935589078,Democrat,Democrat,False
B001230,C001113,7,0.23820219774331367,Democrat,Democrat,False
B000944,B001267,12,0.06511228081459801,Democrat,Democrat,False
F000465,S001176,16,0.7782705127028748,Republican,Republican,False
F000465,W000815,3,0.22506901808083057,Republican,Republican,False
W000817,S000148,34,0.5723249968963072,Democrat,Democrat,False
S001205,C001121,13,0.30919879130445993,Democrat,Democrat,False
M001135,N000191,5,0.5223609399050474,Democrat,Democrat,False
J000294,N000191,6,0.42284762766212225,Democrat,Democrat,False
F000462,B001285,3,0.04522066997985045,Democrat,Democrat,False
P000197,G000551,5,0.46522549279034137,Democrat,Democrat,False
B001261,L000571,34,0.3230954172938843,Republican,Republican,False
S001193,S001150,43,0.6647053424832087,Democrat,Democrat,False
G000551,G000585,5,0.44476598873734474,Democrat,Democrat,False
W000802,V000128,22,0.7133229424838315,Democrat,Democrat,False
W000802,S001181,15,0.7505374034245809,Democrat,Democrat,False
J000298,S001205,11,0.4650798706676472,Democrat,Democrat,False
S001200,M001202,11,0.03857345235618678,Democrat,Democrat,False
R000614,M001212,4,0.8634006530046463,Republican,Republican,False
C001117,U000040,26,0.19598890674443772,Democrat,Democrat,False
B001223,L000592,6,0.34084267588332295,Democrat,Democrat,False
K000397,S001135,8,0.4265183226088993,Republican,Republican,False
B001304,T000472,4,0.19916273560374975,Democrat,Democrat,False
M000312,G000586,3,0.31235080026090145,Democrat,Democrat,False
E000296,B001296,14,0.1070473921219153,Democrat,Democrat,False
A000377,S001213,5,0.5373552769422532,Republican,Republican,False
C001117,L000593,8,0.12770335446111858,Democrat,Democrat,False
S001205,C001088,6,0.5569466762244701,Democrat,Democrat,False
C001117,T000482,14,0.3460400724517448,Democrat,Democrat,False
E000296,B001270,35,0.385138227045536,Democrat,Democrat,False
L000576,J000289,27,0.5084583560625712,Republican,Republican,False
M001176,H001076,11,0.3904583774168383,Democrat,Democrat,False
L000560,D000627,5,0.34327064026147125,Democrat,Democrat,False
L000273,G000574,3,0.31072372291237116,Democrat,Democrat,False
B001261,S001217,3,0.9050087332725525,Republican,Republican,False
B001301,T000479,3,0.06870892892281215,Republican,Republican,False
M000312,J000298,21,0.5211292467567892,Democrat,Democrat,False
T000278,M001198,3,0.6259103628496329,Republican,Republican,False
S001205,D000216,16,0.18576882756315172,Democrat,Democrat,False
R000608,C001113,44,0.21319514073812487,Democrat,Democrat,False
H001085,C001070,12,0.23229382125039896,Democrat,Democrat,False
P000145,L000582,4,0.14599691634066403,Democrat,Democrat,False
D000610,F000468,3,0.11037564029296239,Democrat,Democrat,False
S000168,M000317,5,0.36449244506657125,Republican,Republican,False
B001281,B001224,3,0.1293450864031911,Democrat,Democrat,False
C001117,C001101,15,0.45281441453844307,Democrat,Democrat,False
C001098,L000571,4,0.6455046888440847,Republican,Republican,False
L000592,W000817,15,0.23985025454312564,Democrat,Democrat,False
B001300,G000585,6,0.5427857780208191,Democrat,Democrat,False
O000172,V000081,16,0.4554837638279423,Democrat,Democrat,False
M000087,C001080,4,0.4595732744783163,Democrat,Democrat,False
N000192,E000299,3,0.21551026869565248,Democrat,Democrat,False
T000472,N000191,3,0.546422595779101,Democrat,Democrat,False
H000874,A000382,23,0.04928784837703342,Democrat,Democrat,False
C001113,G000555,6,0.6300763996938864,Democrat,Democrat,False
B001310,R000584,3,0.5544005905588468,Republican,Republican,False
J000301,F000470,4,0.16370809404179454,Republican,Republican,False
D000216,M001111,3,0.5186821868022283,Democrat,Democrat,False
B001230,P000607,15,0.36655793295552336,Democrat,Democrat,False
T000478,B001299,8,0.3121217367006466,Republican,Republican,False
C001104,T000478,3,0.38111011932293576,Republican,Republican,False
W000817,L000551,12,0.40940752656509477,Democrat,Democrat,False
B001277,D000622,4,0.7214354574680328,Democrat,Democrat,False
M001176,L000174,7,0.42108744542513576,Democrat,Democrat,False
K000396,W000817,4,0.7838155329227448,Democrat,Democrat,False
M000312,N000015,8,0.14065054059028625,Democrat,Democrat,False
B001298,M001215,4,0.2073234412819147,Republican,Republican,False
O000086,S001192,8,0.5497684823349118,Republican,Republican,False
T000250,L000575,5,0.7179916232824326,Republican,Republican,False
F000454,S001190,5,0.3816946681588888,Democrat,Democrat,False
B001261,B001310,5,0.4051780000329018,Republican,Republican,False
W000802,M000133,30,0.4485262389294803,Democrat,Democrat,False
C001098,S001217,5,0.29799548871815207,Republican,Republican,False
B001305,D000626,7,0.3279216941446066,Republican,Republican,False
C001080,B001277,3,0.5394070614129305,Democrat,Democrat,False
R000608,L000575,4,0.5459158169105649,Democrat,Republican,True
B000755,S001176,59,0.4695796931036196,Republican,Republican,False
L000571,C001047,3,0.15689352123687664,Republican,Republican,False
T000486,P000197,3,0.33115648943930864,Democrat,Democrat,False
H000874,R000599,3,0.2476245885094007,Democrat,Democrat,False
B001281,P000197,31,0.34366123381281094,Democrat,Democrat,False
B001224,C001121,4,0.359855311922729,Democrat,Democrat,False
D000627,P000197,31,0.6575553309352647,Democrat,Democrat,False
W000815,M001210,9,0.2993462127115991,Republican,Republican,False
T000480,K000381,7,0.05313922544675214,Republican,Democrat,True
W000817,M000639,4,0.45962420478463173,Democrat,Democrat,False
G000586,L000592,14,0.4546633250346141,Democrat,Democrat,False
R000614,H001086,4,0.5597773753106594,Republican,Republican,False
B001299,P000048,3,0.29250548003862303,Republican,Republican,False
R000606,J000294,4,0.3580694133415818,Democrat,Democrat,False
O000172,S000033,17,0.4144001278807135,Democrat,Independent,False
F000454,C001121,6,0.34276384736100834,Democrat,Democrat,False
P000145,S000148,4,0.041913723573088646,Democrat,Democrat,False
B001261,H001079,12,0.6493436473732194,Republican,Republican,False
B001300,B001270,5,0.4765236496925354,Democrat,Democrat,False
R000614,B000755,5,0.3666690280660987,Republican,Republican,False
C001098,L000577,44,0.3755057235248387,Republican,Republican,False
H001094,M001176,5,0.21113542132079602,Democrat,Democrat,False
P000610,H001066,3,0.73513396581014,Democrat,Democrat,False
M001225,P000197,5,0.5400785386562348,Democrat,Democrat,False
F000481,S001185,7,0.15052893265549624,Democrat,Democrat,False
S001230,W000805,6,0.408276926415662,Democrat,Democrat,False
T000165,W000829,8,0.7161725541809574,Republican,Republican,False
R000620,P000145,9,0.4243868837753932,Democrat,Democrat,False
S001231,G000585,3,0.8710039059321085,Democrat,Democrat,False
S001205,P000616,5,0.1911398686468601,Democrat,Democrat,False
G000578,P000603,6,0.5835653025036057,Republican,Republican,False
G000565,S001176,36,0.3580181742242227,Republican,Republican,False
M001160,P000617,4,0.04657856049016118,Democrat,Democrat,False
M001203,N000188,5,0.09985846132040024,Democrat,Democrat,False
R000606,V000128,7,0.21404469585312264,Democrat,Democrat,False
M000087,V000081,31,0.2295775330295005,Democrat,Democrat,False
H001086,B001243,4,0.502616720739752,Republican,Republican,False
S001168,V000128,8,0.34112139814533293,Democrat,Democrat,False
S001193,W000790,3,0.3722027689218521,Democrat,Democrat,False
M001176,K000367,8,0.16047580004669726,Democrat,Democrat,False
C001130,M001169,4,0.4997297339141369,Democrat,Democrat,False
H001082,C001103,4,0.5974808987230062,Republican,Republican,False
J000293,L000577,6,0.6350238670905431,Republican,Republican,False
L000570,L000273,6,0.07162450114265084,Democrat,Democrat,False
L000570,H001042,6,0.9111766616503397,Democrat,Democrat,False
D000216,P000607,4,0.35246301628649235,Democrat,Democrat,False
T000278,S001184,3,0.16450816579163074,Republican,Republican,False
B001302,D000600,3,0.645711338147521,Republican,Republican,False
B001302,C001120,7,0.7024722759212766,Republican,Republican,False
B001302,L000576,12,0.6326026160580417,Republican,Republican,False
P000617,M000312,25,0.38474136404693127,Democrat,Democrat,False
T000460,S001207,3,0.18962485839923224,Democrat,Democrat,False
D000610,V000081,3,0.5227809101343155,Democrat,Democrat,False
P000617,S001175,3,0.35774434606234234,Democrat,Democrat,False
T000250,R000605,8,0.045695396373048425,Republican,Republican,False
S001168,U000039,5,0.22303039096295835,Democrat,Democrat,False
H001053,B001302,6,0.6062107663601637,Republican,Republican,False
F000463,S001172,11,0.03604692957279357,Republican,Republican,False
O000173,L000592,6,0.46757711718479794,Democrat,Democrat,False
L000397,V000081,4,0.38544576801359653,Democrat,Democrat,False
M001137,P000197,22,0.4161692459390245,Democrat,Democrat,False
G000590,R000614,5,0.46465610563755033,Republican,Republican,False
M000312,S001193,7,0.6874563161815915,Democrat,Democrat,False
S000770,P000595,22,0.17177685595710168,Democrat,Democrat,False
M000639,W000779,4,0.5708232149481773,Democrat,Democrat,False
B001302,W000823,10,0.5207660077139735,Republican,Republican,False
B001302,B000755,13,0.8148027669924957,Republican,Republican,False
B001302,C001109,5,0.8939680457115173,Republican,Republican,False
P000197,H001087,3,0.34643528300027054,Democrat,Democrat,False
R000575,S001196,6,0.7376916254870594,Republican,Republican,False
Q000023,S001150,14,0.6338719417607146,Democrat,Democrat,False
W000823,C001120,4,0.48487748578190804,Republican,Republican,False
B001302,R000611,11,0.4479846646162597,Republican,Republican,False
K000385,M000312,6,0.6877915958563486,Democrat,Democrat,False
R000616,D000624,3,0.4771997941037019,Democrat,Democrat,False
E000179,J000298,3,0.11541937788327535,Democrat,Democrat,False
W000437,H001079,43,0.1923096315112225,Republican,Republican,False
B001281,B001270,8,0.3395158741623163,Democrat,Democrat,False
F000466,B001302,6,0.018749659104893606,Republican,Republican,False
J000299,M001187,5,0.4629168301820755,Republican,Republican,False
C001087,M001187,7,0.5509904197284153,Republican,Republican,False
B001278,B001292,13,0.4689590112807659,Democrat,Democrat,False
C001070,D000482,4,0.4788279093336314,Democrat,Democrat,False
D000563,W000802,9,0.4322997145354748,Democrat,Democrat,False
G000586,Q000023,18,0.40213312006865937,Democrat,Democrat,False
D000096,B001270,3,0.6621490915616354,Democrat,Democrat,False
S001199,C001109,3,0.7038015524546305,Republican,Republican,False
G000551,P000197,3,0.3375312363107999,Democrat,Democrat,False
L000581,B001281,13,0.16203436284111097,Democrat,Democrat,False
M000133,H001076,10,0.271538564376533,Democrat,Democrat,False
C001067,B001270,4,0.15994740021415055,Democrat,Democrat,False
B001285,L000590,3,0.12785711946586767,Democrat,Democrat,False
F000468,C001121,8,0.4275391974952072,Democrat,Democrat,False
D000096,P000197,17,0.2775595426449881,Democrat,Democrat,False
H001064,B001281,4,0.2813852783292532,Democrat,Democrat,False
T000483,S001207,4,0.05325138079933822,Democrat,Democrat,False
S001175,S001150,5,0.6333608537912369,Democrat,Democrat,False
C001087,G000565,3,0.6210541824499766,Republican,Republican,False
S001190,L000287,3,0.3579026252652208,Democrat,Democrat,False
S001205,L000287,7,0.20732558412211283,Democrat,Democrat,False
H000324,M001160,4,0.4929914250969887,Democrat,Democrat,False
L000590,R000608,22,0.2628361691128124,Democrat,Democrat,False
D000482,P000607,3,0.5150776753822962,Democrat,Democrat,False
S001206,N000002,5,0.7239537309855223,Democrat,Democrat,False
W000822,R000515,11,0.491208380934867,Democrat,Democrat,False
B001298,K000392,5,0.4268008593469858,Republican,Republican,False
W000822,H001090,3,0.8972096840540568,Democrat,Democrat,False
M001200,H001080,3,0.5907337479293346,Democrat,Democrat,False
W000817,M001169,4,0.21696779876947403,Democrat,Democrat,False
C001070,W000779,12,0.3348624863040944,Democrat,Democrat,False
P000197,C001072,4,0.6560380226001143,Democrat,Democrat,False
K000379,M000312,12,0.1967266519398739,Democrat,Democrat,False
C001067,P000197,10,0.3721052800305188,Democrat,Democrat,False
F000461,C001056,10,0.5287764219567179,Republican,Republican,False
Y000033,S001198,16,0.1485123261809349,Republican,Republican,False
L000570,S001156,4,0.5343370959162712,Democrat,Democrat,False
W000815,S001192,4,0.2963530542328954,Republican,Republican,False
B001300,P000197,5,0.3593586180359125,Democrat,Democrat,False
M001137,B001270,6,0.40705327317118645,Democrat,Democrat,False
J000298,N000191,14,0.31290141373340574,Democrat,Democrat,False
S001175,F000462,3,0.18294281233102083,Democrat,Democrat,False
W000823,D000600,5,0.4508949376642704,Republican,Republican,False
O000173,M001234,5,0.8604755520820617,Democrat,Democrat,False
F000468,D000216,4,0.5926320776343346,Democrat,Democrat,False
H001042,D000563,13,0.5764211265800091,Democrat,Democrat,False
B001303,W000805,12,0.6846693361488482,Democrat,Democrat,False
J000293,S001217,17,0.4475524351000786,Republican,Republican,False
S001176,H001067,11,0.6020148362625729,Republican,Republican,False
G000555,H001042,4,0.8984753340482712,Democrat,Democrat,False
W000805,K000384,11,0.2507448285310106,Democrat,Democrat,False
M001235,B001309,5,0.4501465767621994,Republican,Republican,False
M001136,J000299,6,0.39981580649813014,Republican,Republican,False
O000173,K000367,7,0.5765094459056854,Democrat,Democrat,False
M001215,S001176,5,0.41879880875349046,Republican,Republican,False
K000367,H000273,5,0.8512795567512512,Democrat,Democrat,False
L000570,M001176,12,0.876153610025843,Democrat,Democrat,False
K000367,K000377,5,0.5496562875807285,Democrat,Democrat,False
S001148,F000469,3,0.027002209797501564,Republican,Republican,False
D000622,K000377,4,0.6431935401633382,Democrat,Democrat,False
K000367,P000145,4,0.8198727071285248,Democrat,Democrat,False
C000567,W000437,10,0.09801972275599838,Republican,Republican,False
S001203,S001150,5,0.5709112852811813,Democrat,Democrat,False
L000571,G000359,5,0.4481709644198418,Republican,Republican,False
J000310,J000294,3,0.5689689815044403,Democrat,Democrat,False
S001203,W000790,26,0.6721187735406252,Democrat,Democrat,False
S001194,K000384,3,0.4213440790772438,Democrat,Democrat,False
B000825,B001309,14,0.46564673020371367,Republican,Republican,False
S001150,G000599,3,0.6108125286797682,Democrat,Democrat,False
P000617,H001087,5,0.08604062031954526,Democrat,Democrat,False
J000299,G000565,4,0.528137092012912,Republican,Republican,False
D000615,L000564,4,0.5664903044234961,Republican,Republican,False
M000133,L000174,8,0.42369514668826014,Democrat,Democrat,False
H001046,G000574,3,0.6226090242465337,Democrat,Democrat,False
M001188,V000081,4,0.12674857338424772,Democrat,Democrat,False
L000273,J000294,4,0.4176229815930128,Democrat,Democrat,False
P000197,T000472,3,0.38138548533121747,Democrat,Democrat,False
C001097,B001292,7,0.32668584239270004,Democrat,Democrat,False
S001206,G000587,5,0.4035001354292035,Democrat,Democrat,False
S001181,H001076,10,0.13952773995697498,Democrat,Democrat,False
P000613,E000215,3,0.2701163462673624,Democrat,Democrat,False
K000389,W000817,22,0.4730094098909335,Democrat,Democrat,False
B001278,L000590,3,0.18158939170340696,Democrat,Democrat,False
O000172,O000173,7,0.6110266617366246,Democrat,Democrat,False
H000874,T000193,9,0.44020526866532034,Democrat,Democrat,False
E000296,F000479,12,0.22387572548662624,Democrat,Democrat,False
M000639,G000583,4,0.07065406581386924,Democrat,Democrat,False
H001076,M000133,3,0.19399245455861092,Democrat,Democrat,False
B001281,K000379,5,0.5780578311532736,Democrat,Democrat,False
W000802,U000039,15,0.6222604026397069,Democrat,Democrat,False
E000179,C001091,6,0.5034306896850467,Democrat,Democrat,False
D000197,B001267,4,0.05296119651757181,Democrat,Democrat,False
D000563,C001088,5,0.2612775396555662,Democrat,Democrat,False
P000523,S001193,4,0.4314361980650574,Democrat,Democrat,False
P000613,D000610,5,0.32454231698065994,Democrat,Democrat,False
H000874,P000617,4,0.43603216274641454,Democrat,Democrat,False
H000874,S001185,5,0.23167308699339628,Democrat,Democrat,False
H001080,J000288,5,0.041712934337556365,Democrat,Democrat,False
R000486,G000551,4,0.2358234920538962,Democrat,Democrat,False
W000822,D000216,3,0.08294455893337727,Democrat,Democrat,False
B001302,T000165,7,0.40822078926222666,Republican,Republican,False
H001064,S000510,3,0.1241879394898812,Democrat,Democrat,False
S001190,R000515,3,0.25909213225046795,Democrat,Democrat,False
W000802,B001288,3,0.3573431000113487,Democrat,Democrat,False
S001176,S001195,8,0.22029517637565732,Republican,Republican,False
H001082,R000612,3,0.5598756447434425,Republican,Republican,False
A000375,P000048,10,0.24427228840067983,Republican,Republican,False
D000622,P000145,3,0.6915426800648371,Democrat,Democrat,False
H001046,B001288,4,0.9276769310235977,Democrat,Democrat,False
E000295,F000446,4,0.1832477953284979,Republican,Republican,False
L000397,C001080,5,0.467361930757761,Democrat,Democrat,False
F000454,R000515,4,0.7735160440206528,Democrat,Democrat,False
H001082,B000740,11,0.44284222986210475,Republican,Republican,False
F000462,J000294,6,0.2733307785044114,Democrat,Democrat,False
P000607,D000623,3,0.24030564352869987,Democrat,Democrat,False
B001288,G000555,3,0.014761476777493954,Democrat,Democrat,False
A000377,L000566,4,0.20198729075491428,Republican,Republican,False
B001310,K000395,14,0.4878347430910383,Republican,Republican,False
H001068,E000299,3,0.8436841169993082,Democrat,Democrat,False
J000298,J000288,8,0.3075727812247351,Democrat,Democrat,False
R000515,N000192,5,0.3794727289117873,Democrat,Democrat,False
J000298,S001145,12,0.5979852613915378,Democrat,Democrat,False
F000246,J000289,8,0.4355229949578643,Republican,Republican,False
H000874,S000510,5,0.40109093561768533,Democrat,Democrat,False
B001304,C001066,4,0.2705938001163304,Democrat,Democrat,False
C001117,K000385,8,0.3596302177757025,Democrat,Democrat,False
E000215,M000133,5,0.3674380868673325,Democrat,Democrat,False
L000557,S001185,9,0.15756747561196485,Democrat,Democrat,False
M001176,W000805,16,0.7509724753908813,Democrat,Democrat,False
H001089,S001217,5,0.40776465777307747,Republican,Republican,False
J000299,H001053,3,0.36405487979451817,Republican,Republican,False
C001115,R000614,6,0.5277691157534719,Republican,Republican,False
H001081,P000197,7,0.11069287173449993,Democrat,Democrat,False
S001205,W000802,3,0.3538002073764801,Democrat,Democrat,False
B001304,J000126,5,0.04291518460959196,Democrat,Democrat,False
P000607,N000188,14,0.3097131278898035,Democrat,Democrat,False
C000141,W000805,4,0.07457694713957608,Democrat,Democrat,False
B001261,L000577,7,0.4571859086198466,Republican,Republican,False
J000298,B001286,4,0.1814789860509336,Democrat,Democrat,False
J000126,H000874,5,0.21254384499043227,Democrat,Democrat,False
L000592,K000389,7,0.23324918267982347,Democrat,Democrat,False
B001286,B001285,3,0.33649331983178854,Democrat,Democrat,False
L000557,B001281,4,0.23950396827422082,Democrat,Democrat,False
P000607,L000592,16,0.40639335906598717,Democrat,Democrat,False
B001310,M000355,3,0.4102069269865751,Republican,Republican,False
R000305,S001215,4,0.026680771494284272,Democrat,Democrat,False
L000577,O000086,4,0.3649113359861076,Republican,Republican,False
P000607,Q000023,3,0.4408545196056366,Democrat,Democrat,False
B001316,P000603,4,0.6631228812038898,Republican,Republican,False
T000460,M001163,4,0.6223891079425812,Democrat,Democrat,False
N000190,M001211,14,0.5050152323341796,Republican,Republican,False
W000816,A000379,4,0.01355675351805985,Republican,Republican,False
W000817,R000608,3,0.18155409209430218,Democrat,Democrat,False
M001240,S001213,5,0.4965281516313553,Republican,Republican,False
T000481,M000312,8,0.7495208503678441,Democrat,Democrat,False
R000614,T000165,6,0.5846937596797943,Republican,Republican,False
B001292,J000294,9,0.5402276722921265,Democrat,Democrat,False
S001190,B001313,11,0.3143038869073445,Democrat,Democrat,False
C001116,S001224,8,0.6972414702177048,Republican,Republican,False
P000617,L000557,4,0.7495381459593773,Democrat,Democrat,False
D000600,S001217,7,0.5924650734024388,Republican,Republican,False
C001056,G000386,5,0.4967534001916647,Republican,Republican,False
C001056,L000575,3,0.5263611922661463,Republican,Republican,False
R000608,M001111,3,0.2353629476080338,Democrat,Democrat,False
L000596,L000577,35,0.5053056942299008,Republican,Republican,False
F000246,G000589,6,0.6700173237671455,Republican,Republican,False
L000592,W000788,7,0.4206542040088347,Democrat,Democrat,False
H001046,O000174,3,0.366899523884058,Democrat,Democrat,False
N000026,B001299,3,0.8899046778678894,Republican,Republican,False
G000595,R000614,6,0.620637575785319,Republican,Republican,False
R000614,N000026,8,0.7114334837533534,Republican,Republican,False
F000476,A000381,7,0.5562751427558916,Democrat,Democrat,False
H001067,T000478,4,0.7309803739190102,Republican,Republican,False
J000299,T000467,6,0.25423820596188307,Republican,Republican,False
C001066,Y000062,9,0.32078579833938015,Democrat,Democrat,False
P000593,G000586,3,0.4000142713387807,Democrat,Democrat,False
B000944,P000145,5,0.14718572050333023,Democrat,Democrat,False
B000755,W000815,11,0.08345760752192953,Republican,Republican,False
P000615,S001176,3,0.609210213025411,Republican,Republican,False
B001302,M001212,7,0.48665663466921877,Republican,Republican,False
A000377,P000048,4,0.6427744817920029,Republican,Republican,False
A000376,F000468,6,0.10066915039593975,Democrat,Democrat,False
V000131,S001168,4,0.09112195414490998,Democrat,Democrat,False
F000454,M000087,4,0.3754964633844793,Democrat,Democrat,False
S001192,C001120,4,0.289299001917243,Republican,Republican,False
R000606,H001068,4,0.8291607052087784,Democrat,Democrat,False
C001066,D000624,8,0.4036027757683769,Democrat,Democrat,False
K000395,B001302,3,0.7621503273646036,Republican,Republican,False
B000944,B001281,9,0.2182140587311652,Democrat,Democrat,False
B001302,D000032,3,0.35684660139183205,Republican,Republican,False
A000379,M000871,3,0.10249170164267223,Republican,Republican,False
M001224,P000048,3,0.4256313058237235,Republican,Republican,False
B001292,M001160,6,0.6665273184577624,Democrat,Democrat,False
C001098,S001227,9,0.26133676142328316,Republican,Republican,False
W000802,O000174,3,0.9217222134272257,Democrat,Democrat,False
L000596,S001217,9,0.6242811619821522,Republican,Republican,False
F000461,G000552,4,0.3349796533584595,Republican,Republican,False
S001183,M000303,4,0.03491761698387563,Republican,Republican,False
G000563,I000056,10,0.3725502192042768,Republican,Republican,False
S000148,G000555,20,0.26281571253202857,Democrat,Democrat,False
C001095,M000355,7,0.23944156723363058,Republican,Republican,False
F000062,C001113,7,0.10844597885651248,Democrat,Democrat,False
L000596,B001316,19,0.31503621057460185,Republican,Republican,False
M000312,C001091,4,0.3639676682651043,Democrat,Democrat,False
J000299,T000478,4,0.617440271191299,Republican,Republican,False
T000250,G000386,3,0.35831014811992645,Republican,Republican,False
M001215,A000378,4,0.26931994035840034,Republican,Democrat,True
G000552,G000578,3,0.30835918461283046,Republican,Republican,False
W000797,M001202,3,0.6135901908079783,Democrat,Democrat,False
S001157,J000288,4,0.08107299939729273,Democrat,Democrat,False
F000462,M001160,5,0.5003938449546694,Democrat,Democrat,False
C001097,B001303,4,0.1266910342965275,Democrat,Democrat,False
C001090,D000631,3,0.036461904644966125,Democrat,Democrat,False
B001281,P000597,4,0.4442840004339814,Democrat,Democrat,False
Y000062,S001185,5,0.426437770575285,Democrat,Democrat,False
G000559,C001069,13,0.34267058968544006,Democrat,Democrat,False
C001059,G000289,4,0.11714440397918224,Democrat,Republican,True
E000290,C001036,3,0.05417943435410658,Democrat,Democrat,False
H001041,A000369,8,0.14893568673869595,Republican,Republican,False
G000559,C001090,8,0.3178414658177644,Democrat,Democrat,False
G000564,H001051,3,0.576006236175696,Republican,Republican,False
C001092,B001273,3,0.7045756777127584,Republican,Republican,False
G000559,M000404,3,0.12468415560821693,Democrat,Democrat,False
M001184,B000755,3,0.017379365550975006,Republican,Republican,False
T000483,J000288,3,0.07794047271211942,Democrat,Democrat,False
S001180,P000608,4,0.05993662867695093,Democrat,Democrat,False
S001180,W000779,3,0.3352927891537547,Democrat,Democrat,False
W000809,P000591,4,0.3337147147394717,Republican,Republican,False
M001160,L000263,3,0.41355928778648376,Democrat,Democrat,False
L000174,R000146,5,0.16704673133790493,Democrat,Democrat,False
C001068,S000033,7,0.6055699012109211,Democrat,Independent,False
C000174,M000303,3,0.020941196475178003,Democrat,Republican,True
P000197,M000312,6,0.5177267482504249,Democrat,Democrat,False
T000478,Z000017,3,0.4100084851185481,Republican,Republican,False
D000617,D000216,5,0.6257900919765234,Democrat,Democrat,False
B001281,V000131,5,0.3828788558021188,Democrat,Democrat,False
H001085,S001209,4,0.17306151264347136,Democrat,Democrat,False
K000360,D000563,7,0.041206185572913716,Republican,Democrat,True
C000141,L000174,9,0.17534786369651556,Democrat,Democrat,False
Y000063,R000307,6,0.03368734863276283,Republican,Republican,False
E000215,T000460,7,0.49813205748796463,Democrat,Democrat,False
C001101,M000312,9,0.7340252347704437,Democrat,Democrat,False
B001292,G000574,5,0.3911706775426865,Democrat,Democrat,False
W000826,D000624,3,0.11274529807269573,Democrat,Democrat,False
W000822,L000287,4,0.44242143258452415,Democrat,Democrat,False
H000874,H001080,3,0.3224236120780309,Democrat,Democrat,False
F000462,T000460,5,0.7192721843719483,Democrat,Democrat,False
D000624,U000031,7,0.028193851267652854,Democrat,Republican,True
D000623,J000294,3,0.9407650430997213,Democrat,Democrat,False
Q000023,D000197,3,0.5646881113449732,Democrat,Democrat,False
B001304,S001209,6,0.2866131166617076,Democrat,Democrat,False
B001278,M001188,3,0.3794301676874359,Democrat,Democrat,False
F000454,C001061,3,0.015760110691189766,Democrat,Democrat,False
C001097,N000002,6,0.4602321597437064,Democrat,Democrat,False
G000586,N000188,3,0.4807529238363107,Democrat,Democrat,False
C001066,M001208,3,0.24736333917826414,Democrat,Democrat,False
W000822,B001304,3,0.5287369197855393,Democrat,Democrat,False
C001070,W000790,4,0.07501246221363544,Democrat,Democrat,False
E000296,C001068,3,0.5503191699584326,Democrat,Democrat,False
L000560,L000582,3,0.3229898711045583,Democrat,Democrat,False
Y000063,R000591,3,0.04691787281384071,Republican,Republican,False
S001191,K000379,5,0.011920462734997273,Democrat,Democrat,False
B001261,R000307,3,0.6592410604159037,Republican,Republican,False
R000591,S001176,12,0.11648102477192879,Republican,Republican,False
T000460,L000579,3,0.6074459254741669,Democrat,Democrat,False
S001191,B001279,3,0.0163081136221687,Democrat,Democrat,False
N000002,J000294,9,0.7522297420849403,Democrat,Democrat,False
G000581,E000299,6,0.45575436639289063,Democrat,Democrat,False
L000582,P000197,3,0.4295661747455597,Democrat,Democrat,False
B001236,E000295,3,0.7098210453987122,Republican,Republican,False
M000312,D000399,3,0.508919321000576,Democrat,Democrat,False
S001191,M000303,3,0.337831790248553,Democrat,Republican,True
W000819,A000370,4,0.025731371948495507,Republican,Democrat,True
G000546,P000594,4,0.5656867236830294,Republican,Republican,False
B001275,C000542,4,0.13647026754915714,Republican,Republican,False
W000817,H001069,3,0.03534795964757601,Democrat,Democrat,False
W000815,B001299,3,0.22267638891935349,Republican,Republican,False
P000593,S001193,4,0.7323428988456726,Democrat,Democrat,False
C000754,L000582,4,0.4722830760292709,Democrat,Democrat,False
K000389,B001292,3,0.5802724125484625,Democrat,Democrat,False
M000312,D000610,4,0.5806457084836438,Democrat,Democrat,False
P000523,D000399,3,0.23463202423105636,Democrat,Democrat,False
M001185,S001200,3,0.6410435897608598,Democrat,Democrat,False
B001278,W000817,3,0.5305070783942938,Democrat,Democrat,False
L000557,C001123,3,0.6323074512183666,Democrat,Democrat,False
B001305,B001299,4,0.5757139497436583,Republican,Republican,False
M000194,G000603,6,0.6863721528400978,Republican,Republican,False
B000755,W000819,3,0.4515143558382988,Republican,Republican,False
D000623,T000460,10,0.3281916569918394,Democrat,Democrat,False
G000585,C000984,4,0.5191833861172199,Democrat,Democrat,False
H001087,C001101,3,0.2841659113764763,Democrat,Democrat,False
W000826,C001101,4,0.20761577179655433,Democrat,Democrat,False
K000009,R000577,4,0.5945692509412766,Democrat,Democrat,False
R000606,T000460,7,0.07112775397087846,Democrat,Democrat,False
E000179,D000610,4,0.25964054313953966,Democrat,Democrat,False
H001087,C000984,3,0.3331996637086074,Democrat,Democrat,False
M001199,T000468,3,0.8347741762797037,Republican,Democrat,True
C001110,T000472,3,0.07843189500272274,Democrat,Democrat,False
C001066,C000984,3,0.8140506446361542,Democrat,Democrat,False
W000810,C001093,3,0.2695263574520747,Republican,Republican,False
B001286,J000294,5,0.9404956579208374,Democrat,Democrat,False
S001181,L000174,3,0.12415974494069815,Democrat,Democrat,False
K000380,H001064,3,0.0526553294621408,Democrat,Democrat,False
H000338,M000355,27,0.2918854040542134,Republican,Republican,False
G000410,T000469,6,0.49786084828277427,Democrat,Democrat,False
S000148,M000702,6,0.37657563015818596,Democrat,Democrat,False
Y000062,L000263,4,0.3112208074890077,Democrat,Democrat,False
E000285,M000355,4,0.2567567299120128,Republican,Republican,False
K000379,M001196,5,0.07279863022267818,Democrat,Democrat,False
I000057,L000570,3,0.7544031341870626,Democrat,Democrat,False
H001034,D000197,3,0.3047724546243747,Democrat,Democrat,False
D000096,B001296,5,0.4814173549413681,Democrat,Democrat,False
I000057,K000380,6,0.5532841968039671,Democrat,Democrat,False
N000127,W000799,3,0.28480780714501935,Democrat,Democrat,False
I000057,B001278,3,0.2073475451519092,Democrat,Democrat,False
D000621,J000289,3,0.38118605439861614,Republican,Republican,False
D000614,B001243,3,0.2888113772496581,Republican,Republican,False
B001281,C001038,5,0.4672197885811329,Democrat,Democrat,False
T000469,T000468,4,0.059203986544162035,Democrat,Democrat,False
S001197,F000463,10,0.011096915695816278,Republican,Republican,False
R000307,Y000063,12,0.08406246220692992,Republican,Republican,False
R000602,L000287,5,0.3946538746356964,Democrat,Democrat,False
G000563,D000603,4,0.22265734057873487,Republican,Republican,False
C001101,S001175,4,0.7865716367959976,Democrat,Democrat,False
L000263,I000057,4,0.6654933197423816,Democrat,Democrat,False
M001187,J000299,10,0.45870111510157585,Republican,Republican,False
D000610,L000591,5,0.03494760971516371,Democrat,Democrat,False
M000639,C000174,3,0.34505007167657215,Democrat,Democrat,False
J000298,S001207,3,0.3431288041174412,Democrat,Democrat,False
L000580,F000455,3,0.3294138126075268,Democrat,Democrat,False
L000397,P000607,3,0.6457311635216078,Democrat,Democrat,False
L000580,P000598,3,0.27896060049533844,Democrat,Democrat,False
J000294,M001163,3,0.41707323988278705,Democrat,Democrat,False
R000361,F000062,7,0.3277057058044842,Democrat,Democrat,False
M001187,B001289,3,0.3243502589563529,Republican,Republican,False
M001183,W000802,3,0.026333328957358997,Democrat,Democrat,False
H001052,S001192,4,0.3196647511795163,Republican,Republican,False
F000455,L000551,4,0.6118091950193048,Democrat,Democrat,False
W000797,I000057,3,0.3246135221173366,Democrat,Democrat,False
G000535,L000287,6,0.7055885667602221,Democrat,Democrat,False
L000575,H000338,3,0.5854299118121465,Republican,Republican,False
D000624,G000551,3,0.21295034357657036,Democrat,Democrat,False
T000469,V000131,3,0.7840775648752848,Democrat,Democrat,False
C000984,W000797,3,0.09388298851748307,Democrat,Democrat,False
S000033,D000563,3,0.3544130139052868,Independent,Democrat,False
U000031,J000292,3,0.3372662141919136,Republican,Republican,False
G000535,D000216,3,0.10227868954340617,Democrat,Democrat,False
F000462,V000128,3,0.3638450354337692,Democrat,Democrat,False
B001293,S001176,31,0.2856230973115852,Republican,Republican,False
S001199,M001159,20,0.08275243313983083,Republican,Republican,False
L000577,L000575,5,0.4635021021589637,Republican,Republican,False
H000338,I000055,6,0.1678118258714676,Republican,Republican,False
M000133,K000367,5,0.21466946862637998,Democrat,Democrat,False
B001292,U000039,3,0.43984241783618927,Democrat,Democrat,False
H000324,J000294,3,0.6987091451883316,Democrat,Democrat,False
B001274,S001176,3,0.3364080886046092,Republican,Republican,False
L000580,D000197,4,0.231009537470527,Democrat,Democrat,False
R000602,C001077,8,0.042562870716210455,Democrat,Republican,True
K000380,C000714,3,0.6033747966090838,Democrat,Democrat,False
E000179,S001193,3,0.2686658740664522,Democrat,Democrat,False
L000174,S000033,8,0.6966855498030782,Democrat,Independent,False
S000148,K000384,9,0.590759733484851,Democrat,Democrat,False
L000581,L000263,6,0.35140779707580805,Democrat,Democrat,False
E000293,K000385,4,0.8739792853593826,Democrat,Democrat,False
E000296,C001038,5,0.6009171035140752,Democrat,Democrat,False
H001068,S000510,3,0.03795199220379194,Democrat,Democrat,False
B001282,Z000017,3,0.3528662994503975,Republican,Republican,False
S001215,R000305,3,0.6481960862874985,Democrat,Democrat,False
O000170,P000523,3,0.4320558582743009,Democrat,Democrat,False
J000294,B001286,4,0.5441355158109218,Democrat,Democrat,False
E000290,L000551,5,0.45117540583014487,Democrat,Democrat,False
B001135,L000575,3,0.24050054450829825,Republican,Republican,False
T000469,C000127,4,0.3664820375852287,Democrat,Democrat,False
S001193,D000197,3,0.24475969560444355,Democrat,Democrat,False
E000215,J000294,3,0.651846619322896,Democrat,Democrat,False
H000338,H001041,3,0.06476235513885815,Republican,Republican,False
C001066,K000385,4,0.6943182274699211,Democrat,Democrat,False
R000602,M000087,3,0.08695891623695691,Democrat,Democrat,False
L000263,W000799,3,0.3296420943612854,Democrat,Democrat,False
C001124,B001286,3,0.34715358167886734,Democrat,Democrat,False
H001068,H001046,5,0.45792043805122373,Democrat,Democrat,False
B000944,H001046,3,0.5128175318241119,Democrat,Democrat,False
C001101,L000557,3,0.34932716097682714,Democrat,Democrat,False
M001166,L000551,3,0.9528825481732687,Democrat,Democrat,False
T000460,N000147,3,0.5311167140801748,Democrat,Democrat,False
T000460,S001145,6,0.5129126459360123,Democrat,Democrat,False
C001067,K000379,3,0.1077421351025502,Democrat,Democrat,False
M001137,C001038,3,0.3548695333302021,Democrat,Democrat,False
M001137,K000379,3,0.26033812512954074,Democrat,Democrat,False
F000466,M001202,3,0.4630193884174029,Republican,Democrat,True
R000577,K000379,3,0.13210928936799368,Democrat,Democrat,False
E000296,G000585,3,0.3828703264395396,Democrat,Democrat,False
C001097,G000587,3,0.4302966147661209,Democrat,Democrat,False
C001067,C001038,3,0.3125947955995798,Democrat,Democrat,False
S001199,D000604,3,0.01797862568249305,Republican,Democrat,True
B001277,W000802,7,0.5353585662586349,Democrat,Democrat,False
D000615,S001176,49,0.6796448129818452,Republican,Republican,False
W000815,M001215,3,0.515875892713666,Republican,Republican,False
S001205,G000599,3,0.8619229396184286,Democrat,Democrat,False
M001203,E000215,5,0.6884361281991005,Democrat,Democrat,False
E000299,C001091,27,0.5155101018026471,Democrat,Democrat,False
P000048,C001056,24,0.39355453111541766,Republican,Republican,False
P000607,J000298,164,0.41741891391575336,Democrat,Democrat,False
L000571,E000295,4,0.12413572007790208,Republican,Republican,False
F000454,D000622,27,0.4926237988251227,Democrat,Democrat,False
G000558,B001282,7,0.030971081528280462,Republican,Republican,False
P000607,G000586,58,0.38102901262905575,Democrat,Democrat,False
S001150,L000287,3,0.21026740223169327,Democrat,Democrat,False
B001261,C001056,17,0.3605739785467877,Republican,Republican,False
S001168,M000312,5,0.15771798118948938,Democrat,Democrat,False
H001091,M001215,6,0.1464341664686799,Republican,Republican,False
B001223,J000298,3,0.6347442449380954,Democrat,Democrat,False
A000377,M001159,28,0.4666543581323432,Republican,Republican,False
C001067,C001101,3,0.2820713296532631,Democrat,Democrat,False
D000563,D000622,29,0.3788376336853052,Democrat,Democrat,False
E000296,P000604,4,0.04101396328769624,Democrat,Democrat,False
F000462,S001175,25,0.4367337615042925,Democrat,Democrat,False
J000294,D000631,3,0.34790041235586006,Democrat,Democrat,False
F000462,C001066,12,0.330790812925746,Democrat,Democrat,False
F000446,E000295,22,0.24207066456702622,Republican,Republican,False
O000172,W000817,7,0.30702900380960535,Democrat,Democrat,False
L000571,D000618,17,0.44285298122421785,Republican,Republican,False
L000491,B000740,7,0.21823633102966206,Republican,Republican,False
M000087,B001292,9,0.5473624641696612,Democrat,Democrat,False
P000617,M000133,30,0.26277033214767775,Democrat,Democrat,False
P000048,M000871,4,0.6099618226289749,Republican,Republican,False
B001278,P000607,6,0.09406036293754975,Democrat,Democrat,False
R000606,G000551,5,0.5457593254745007,Democrat,Democrat,False
W000822,T000481,9,0.3662078268826008,Democrat,Democrat,False
G000586,J000298,51,0.4255771230833203,Democrat,Democrat,False
M000087,W000817,10,0.201571673899889,Democrat,Democrat,False
B001301,M001136,3,0.30560306925326586,Republican,Republican,False
C001070,S001194,4,0.6492234086617827,Democrat,Democrat,False
Y000033,G000574,4,0.02846886543557048,Republican,Democrat,True
C001104,G000576,3,0.3156019275387128,Republican,Republican,False
J000305,L000551,5,0.3515873786062002,Democrat,Democrat,False
O000173,G000586,5,0.7714001029729843,Democrat,Democrat,False
B001281,Y000062,7,0.0838027053645679,Democrat,Democrat,False
M001190,C001053,4,0.0304333979729563,Republican,Republican,False
C001067,K000385,11,0.2086890469389883,Democrat,Democrat,False
G000585,P000197,30,0.3937511668850978,Democrat,Democrat,False
B001230,S001203,9,0.38809986754010123,Democrat,Democrat,False
S001203,M001176,3,0.5522539168596268,Democrat,Democrat,False
S000148,P000617,7,0.4088768884539604,Democrat,Democrat,False
H000601,C001056,5,0.38929192945361135,Republican,Republican,False
S000148,H001046,16,0.5204777207109146,Democrat,Democrat,False
S000148,P000145,4,0.2909911060705781,Democrat,Democrat,False
G000586,C001091,23,0.3630471408529126,Democrat,Democrat,False
K000389,P000607,27,0.510209531661261,Democrat,Democrat,False
R000606,M000312,24,0.37567496780926984,Democrat,Democrat,False
O000173,J000298,23,0.3902545506134629,Democrat,Democrat,False
B001270,C001080,4,0.39838922466151416,Democrat,Democrat,False
P000145,C001112,6,0.05242293979972601,Democrat,Democrat,False
S001168,C001070,4,0.08123556524515152,Democrat,Democrat,False
S001205,S000185,3,0.20825420071681341,Democrat,Democrat,False
L000551,E000299,7,0.4726879790957485,Democrat,Democrat,False
B001281,K000385,29,0.44885657437081483,Democrat,Democrat,False
H001082,B000755,9,0.7338471280203925,Republican,Republican,False
M000639,M001176,4,0.3641807362437248,Democrat,Democrat,False
J000298,L000551,32,0.5750269631971605,Democrat,Democrat,False
B001261,H001061,7,0.18185132761885012,Republican,Republican,False
M000087,M001188,9,0.5223317639902234,Democrat,Democrat,False
M001202,S001200,16,0.043992925391648896,Democrat,Democrat,False
C001098,C001056,17,0.10972270665361601,Republican,Republican,False
P000145,D000563,10,0.30956392055377363,Democrat,Democrat,False
G000552,G000595,4,0.22743958979845047,Republican,Republican,False
B001286,W000826,3,0.01350514218211174,Democrat,Democrat,False
M001212,H001053,3,0.4250759581724803,Republican,Republican,False
L000579,D000216,4,0.479934262111783,Democrat,Democrat,False
C001068,N000002,12,0.6205055338020126,Democrat,Democrat,False
D000216,W000817,4,0.683433392085135,Democrat,Democrat,False
T000480,D000615,12,0.35671091289259493,Republican,Republican,False
S001185,W000788,7,0.042315117216535976,Democrat,Democrat,False
C001117,P000197,3,0.1388066097473105,Democrat,Democrat,False
C001066,P000197,32,0.2538340545434039,Democrat,Democrat,False
B001224,W000822,5,0.5656267911195755,Democrat,Democrat,False
J000299,G000576,7,0.6139812706304448,Republican,Republican,False
S000770,H001076,7,0.23883815814874002,Democrat,Democrat,False
T000250,J000301,8,0.3575337143847719,Republican,Republican,False
P000607,M001143,6,0.29192297129581374,Democrat,Democrat,False
K000389,S000033,69,0.47905640980309766,Democrat,Independent,False
D000096,K000385,8,0.12980471580522135,Democrat,Democrat,False
B001304,J000294,5,0.26454505398869516,Democrat,Democrat,False
C001113,F000463,3,0.03066055926804741,Democrat,Republican,True
P000197,J000294,9,0.5628741952694125,Democrat,Democrat,False
S000929,J000289,4,0.1420442732051015,Republican,Republican,False
K000381,H000874,8,0.0321856674272567,Democrat,Democrat,False
C001039,K000395,3,0.5605730560297767,Republican,Republican,False
P000048,F000470,4,0.22302920976653695,Republican,Republican,False
E000296,C001101,23,0.39223199499690015,Democrat,Democrat,False
J000298,L000582,11,0.22662079977718266,Democrat,Democrat,False
M001215,S001209,3,0.20220591127872467,Republican,Democrat,True
B001288,K000377,3,0.11935502042373021,Democrat,Democrat,False
S001203,S001194,5,0.3964988362044096,Democrat,Democrat,False
H001082,H001086,6,0.521304759507378,Republican,Republican,False
S001185,H001066,4,0.2251703180372715,Democrat,Democrat,False
W000816,K000395,3,0.5318281104167303,Republican,Republican,False
S001205,A000370,8,0.31348136719316244,Democrat,Democrat,False
S001215,P000617,3,0.06379212811589241,Democrat,Democrat,False
S000148,B001267,3,0.1451892824843526,Democrat,Democrat,False
C001104,B001302,16,0.5266007647151127,Republican,Republican,False
W000802,B001230,10,0.559478259831667,Democrat,Democrat,False
M001211,N000190,14,0.5940585284759956,Republican,Republican,False
B001278,C001080,9,0.529837822334634,Democrat,Democrat,False
B001311,H001067,9,0.38273083915313083,Republican,Republican,False
S001135,V000129,5,0.44294314086437225,Republican,Republican,False
C001117,B001224,3,0.1519862301647663,Democrat,Democrat,False
L000571,C001075,8,0.36068348260596395,Republican,Republican,False
A000375,B000755,7,0.307478330763323,Republican,Republican,False
D000399,C001091,6,0.31798116862773895,Democrat,Democrat,False
B000825,C001137,9,0.24487101928227478,Republican,Republican,False
J000288,M001208,6,0.2932845577597618,Democrat,Democrat,False
F000462,G000551,3,0.5454707418878874,Democrat,Democrat,False
C000266,H001053,3,0.33597663572678965,Republican,Republican,False
T000250,M000355,10,0.45926304180175065,Republican,Republican,False
L000576,C001093,43,0.694910558027237,Republican,Republican,False
F000465,K000376,3,0.3630918599665165,Republican,Republican,False
M000087,N000002,27,0.3414455531165004,Democrat,Democrat,False
B001302,C001103,11,0.5587291416119445,Republican,Republican,False
S001192,C001114,16,0.11645286600105464,Republican,Republican,False
N000191,S001150,15,0.7916499851892392,Democrat,Democrat,False
F000462,L000557,3,0.35098619883259136,Democrat,Democrat,False
M000087,A000376,3,0.3706041121234496,Democrat,Democrat,False
D000563,B001277,8,0.3861891133710742,Democrat,Democrat,False
D000627,C000984,4,0.4236871302127838,Democrat,Democrat,False
J000300,S001185,6,0.18731707831223807,Democrat,Democrat,False
L000557,P000096,5,0.37394377682358027,Democrat,Democrat,False
L000589,C001093,10,0.5803855214267969,Republican,Republican,False
R000585,G000583,9,0.13829909337477553,Republican,Democrat,True
P000605,Z000017,3,0.8057150642077128,Republican,Republican,False
W000797,H001080,5,0.14294458366930485,Democrat,Democrat,False
B001302,H001072,5,0.38446676060557367,Republican,Republican,False
H001082,C001120,6,0.6995329186320305,Republican,Republican,False
B001302,H001077,4,0.6104120463132858,Republican,Republican,False
B001302,W000798,5,0.7833890885114669,Republican,Republican,False
M001190,B001302,3,0.4999438213805358,Republican,Republican,False
M001202,W000823,7,0.1760409079226,Democrat,Republican,True
A000377,B000755,5,0.2613160789012909,Republican,Republican,False
C001120,S001196,3,0.7152466277281443,Republican,Republican,False
C001066,P000597,4,0.4023187472485006,Democrat,Democrat,False
D000610,B001260,4,0.8150768727064133,Democrat,Republican,True
D000610,N000002,20,0.47728326274082067,Democrat,Democrat,False
E000296,K000385,5,0.5179356135427952,Democrat,Democrat,False
S001168,W000826,3,0.09660715237259865,Democrat,Democrat,False
J000299,B001302,18,0.5884515249894725,Republican,Republican,False
F000062,H001075,3,0.7838984827200571,Democrat,Democrat,False
J000298,D000627,4,0.49461564514786005,Democrat,Democrat,False
W000797,S001185,4,0.25286395754665136,Democrat,Democrat,False
J000298,S001168,6,0.2504887351145347,Democrat,Democrat,False
C001121,S001207,4,0.07429215079173446,Democrat,Democrat,False
M000087,K000389,14,0.4756796191047345,Democrat,Democrat,False
M001187,G000590,13,0.5918513133118932,Republican,Republican,False
S001210,M001187,3,0.8844510515530905,Republican,Republican,False
M000087,G000587,3,0.3150892797857523,Democrat,Democrat,False
E000294,S001176,13,0.2804580903253876,Republican,Republican,False
C001087,B001302,7,0.6731093919702938,Republican,Republican,False
L000570,S001150,9,0.8045220441288419,Democrat,Democrat,False
L000569,S001176,4,0.2456989367492497,Republican,Republican,False
M001187,G000578,5,0.4632898822426796,Republican,Republican,False
F000454,M001185,5,0.2474967148154974,Democrat,Democrat,False
C001068,B001292,9,0.5570380298627747,Democrat,Democrat,False
P000604,C001090,3,0.29399147753914195,Democrat,Democrat,False
M001187,S001196,9,0.6389284057335721,Republican,Republican,False
S000033,L000551,4,0.6632396653294563,Independent,Democrat,False
C001066,C001111,7,0.4049312818263258,Democrat,Democrat,False
W000817,S001145,5,0.34294876717031003,Democrat,Democrat,False
B001281,D000624,6,0.5857044477015734,Democrat,Democrat,False
E000296,D000624,10,0.48603465789929035,Democrat,Democrat,False
W000822,A000370,12,0.24251437559723854,Democrat,Democrat,False
L000592,P000607,5,0.15939422100782394,Democrat,Democrat,False
L000551,P000617,17,0.4452249921091339,Democrat,Democrat,False
G000591,S001176,9,0.660565561718411,Republican,Republican,False
B001302,S001213,3,0.23738550146420798,Republican,Republican,False
M001185,T000469,6,0.4371532201766968,Democrat,Democrat,False
C001087,C001053,3,0.6276267773161331,Republican,Republican,False
O000173,M001143,10,0.1893081482499838,Democrat,Democrat,False
J000302,S001199,3,0.3311157487332821,Republican,Republican,False
S000033,S000148,14,0.49681361698146376,Independent,Democrat,False
T000472,L000551,4,0.4541026772931218,Democrat,Democrat,False
W000817,D000563,13,0.49882278591394424,Democrat,Democrat,False
E000299,D000399,6,0.4829398865501086,Democrat,Democrat,False
M001204,T000467,3,0.23541192120561996,Republican,Republican,False
C001095,G000386,3,0.5006676707416773,Republican,Republican,False
M001224,A000055,3,0.3698262001077334,Republican,Republican,False
C001088,C000174,3,0.10677568552394708,Democrat,Democrat,False
N000190,R000614,11,0.5062057748436928,Republican,Republican,False
H001042,S000148,14,0.6944626221167189,Democrat,Democrat,False
W000805,K000377,7,0.42283344947333845,Democrat,Democrat,False
S001194,K000377,12,0.502876868393893,Democrat,Democrat,False
F000477,R000305,19,0.4370863551862146,Democrat,Democrat,False
C001136,N000188,3,0.40401966373125714,Democrat,Democrat,False
F000482,C001096,3,0.032773397862911224,Republican,Republican,False
L000571,M001242,9,0.6077205038939913,Republican,Republican,False
K000367,G000555,6,0.8067441359162331,Democrat,Democrat,False
G000559,W000817,6,0.5991518422961235,Democrat,Democrat,False
D000624,J000294,3,0.32255964167416096,Democrat,Democrat,False
C001113,K000377,7,0.724340443100248,Democrat,Democrat,False
M001234,N000191,3,0.7762245535850525,Democrat,Democrat,False
C001098,B001305,3,0.640520895520846,Republican,Republican,False
S001194,P000145,3,0.9580551981925964,Democrat,Democrat,False
P000605,H001102,9,0.7917357186476389,Republican,Republican,False
S001211,G000606,5,0.3231740787625313,Democrat,Democrat,False
H001058,U000031,6,0.04470432596281171,Republican,Republican,False
R000585,D000197,6,0.22761898829291263,Republican,Democrat,True
F000462,T000472,8,0.4441742920316756,Democrat,Democrat,False
H000874,C001078,4,0.6508157923817635,Democrat,Democrat,False
R000608,L000590,10,0.06992195528000593,Democrat,Democrat,False
R000606,W000826,5,0.361880449578166,Democrat,Democrat,False
M001180,M001205,6,0.03997133858501911,Republican,Republican,False
L000593,L000579,4,0.31033505592495203,Democrat,Democrat,False
M001137,C001101,5,0.3558424741029739,Democrat,Democrat,False
M001185,M000087,4,0.7116968836635351,Democrat,Democrat,False
A000377,C001109,4,0.4422561037354171,Republican,Republican,False
Q000023,F000454,3,0.583224152525266,Democrat,Democrat,False
D000399,D000610,6,0.23404399709155163,Democrat,Democrat,False
M000639,C001075,8,0.19323682971298695,Democrat,Republican,True
M000312,L000174,8,0.4904808150604367,Democrat,Democrat,False
P000197,T000460,4,0.10766283539123833,Democrat,Democrat,False
K000395,T000467,3,0.3258406805495421,Republican,Republican,False
B001305,B001297,6,0.25668189860880375,Republican,Republican,False
W000802,B000944,13,0.4763803118123458,Democrat,Democrat,False
R000614,P000616,7,0.08965285840843405,Republican,Democrat,True
A000377,C001120,3,0.4564271370569865,Republican,Republican,False
W000802,C001070,7,0.5345548790480409,Democrat,Democrat,False
W000817,N000191,3,0.0492521682754159,Democrat,Democrat,False
R000515,T000193,8,0.4051868141395971,Democrat,Democrat,False
R000515,S000510,3,0.293512253711621,Democrat,Democrat,False
J000299,A000375,3,0.33867671930541593,Republican,Republican,False
M000639,R000122,4,0.44744349154643714,Democrat,Democrat,False
J000294,L000582,6,0.884624848763148,Democrat,Democrat,False
H001080,E000297,3,0.3072018859287103,Democrat,Democrat,False
E000215,S001175,6,0.612647986660401,Democrat,Democrat,False
B001306,P000449,8,0.5394985370803624,Republican,Republican,False
D000096,C001101,7,0.4056429197745664,Democrat,Democrat,False
H001053,G000579,3,0.339189072450002,Republican,Republican,False
L000557,H001047,3,0.5060681191583475,Democrat,Democrat,False
E000298,M000934,3,0.038187614331642784,Republican,Republican,False
R000606,C001066,3,0.3447488757471244,Democrat,Democrat,False
M001176,J000298,5,0.14606472309678792,Democrat,Democrat,False
L000551,S001185,5,0.5489291593432426,Democrat,Democrat,False
K000380,P000197,4,0.30027926433831453,Democrat,Democrat,False
B001277,C001088,3,0.1290517014761766,Democrat,Democrat,False
B001288,H001046,5,0.3848119594156742,Democrat,Democrat,False
S001205,S001200,3,0.33087037472675246,Democrat,Democrat,False
D000617,L000581,3,0.29021650925278664,Democrat,Democrat,False
R000606,S001175,4,0.4275351269170642,Democrat,Democrat,False
F000469,S001195,4,0.05855653272010386,Republican,Republican,False
J000288,K000385,3,0.2847951849301656,Democrat,Democrat,False
S001224,N000190,4,0.7964855134487152,Republican,Republican,False
B001288,P000145,6,0.4779551178993036,Democrat,Democrat,False
J000288,C001131,3,0.36586496978998184,Democrat,Democrat,False
M001235,H001091,4,0.24778747139498591,Republican,Republican,False
F000470,S001195,6,0.5701232757419348,Republican,Republican,False
N000147,W000805,4,0.041560313664376736,Democrat,Democrat,False
S001190,D000622,5,0.5259109687060117,Democrat,Democrat,False
F000478,G000359,4,0.02179204672574997,Republican,Republican,False
J000294,S000148,6,0.4000422100846966,Democrat,Democrat,False
S001194,H001046,7,0.2933236677199602,Democrat,Democrat,False
G000555,W000790,3,0.6544948071241379,Democrat,Democrat,False
R000122,W000802,13,0.22967562043609527,Democrat,Democrat,False
R000515,P000617,6,0.7093997225165367,Democrat,Democrat,False
A000360,S001184,9,0.0861133537772629,Republican,Republican,False
S001176,Y000067,3,0.025395778318246204,Republican,Republican,False
M001235,G000603,9,0.3943619363837772,Republican,Republican,False
R000515,S001185,4,0.3904765509068966,Democrat,Democrat,False
J000299,C001098,8,0.41748978663235903,Republican,Republican,False
E000299,J000298,7,0.2959648249670863,Democrat,Democrat,False
B001223,G000586,6,0.1738936978702744,Democrat,Democrat,False
B001310,L000575,14,0.5263513023299831,Republican,Republican,False
C001121,N000191,3,0.33606068169077236,Democrat,Democrat,False
C001070,M001176,3,0.335205923145016,Democrat,Democrat,False
L000560,N000191,5,0.05087471269071102,Democrat,Democrat,False
E000296,Y000062,7,0.3539269430828946,Democrat,Democrat,False
J000298,V000130,4,0.6213947264477611,Democrat,Democrat,False
G000559,J000301,8,0.19207344204187393,Democrat,Republican,True
B001311,B001302,23,0.7090737440663836,Republican,Republican,False
L000592,O000173,5,0.03377472274005413,Democrat,Democrat,False
S001135,M001215,3,0.08085500076413155,Republican,Republican,False
L000551,B001281,7,0.33295493120593683,Democrat,Democrat,False
D000631,E000296,8,0.15662159293424338,Democrat,Democrat,False
R000305,J000126,3,0.0300320362051328,Democrat,Democrat,False
B001281,C001125,6,0.2611271703305344,Democrat,Democrat,False
G000587,D000216,4,0.12196680717170238,Democrat,Democrat,False
B000755,M001157,4,0.17977432068437338,Republican,Republican,False
H001084,C001098,5,0.181455591134727,Republican,Republican,False
M001135,D000627,3,0.043945627907911934,Democrat,Democrat,False
C001075,D000600,3,0.39572108288606006,Republican,Republican,False
T000464,S001181,3,0.31925456908841926,Democrat,Democrat,False
S001213,C001039,3,0.03346242724607388,Republican,Republican,False
S001205,W000822,11,0.496133683080023,Democrat,Democrat,False
B001286,R000602,3,0.49235856533050537,Democrat,Democrat,False
L000560,M001163,3,0.023679219186306,Democrat,Democrat,False
N000026,J000304,7,0.7029479662222522,Republican,Republican,False
B001286,S001175,4,0.7188783437013626,Democrat,Democrat,False
H000874,N000179,4,0.3047561072744429,Democrat,Democrat,False
M001210,B000755,3,0.8610035379727682,Republican,Republican,False
L000560,W000808,5,0.06630420498549938,Democrat,Democrat,False
J000298,B001300,6,0.25162919439996284,Democrat,Democrat,False
T000481,V000128,7,0.615853122302464,Democrat,Democrat,False
H001067,C001098,5,0.5329822933301329,Republican,Republican,False
L000570,W000790,13,0.5245823383044738,Democrat,Democrat,False
S001224,R000614,5,0.6079499363899231,Republican,Republican,False
L000577,R000614,3,0.0744699848194917,Republican,Republican,False
H001058,M001199,3,0.3722342423473795,Republican,Republican,False
B001292,L000557,5,0.5881810665130616,Democrat,Democrat,False
M001176,P000595,5,0.6699755236506462,Democrat,Democrat,False
B001292,J000305,3,0.5890152379870415,Democrat,Democrat,False
M001211,R000614,5,0.5969842132180929,Republican,Republican,False
G000603,L000577,33,0.46875171329487453,Republican,Republican,False
M000312,Q000023,4,0.7406352311372757,Democrat,Democrat,False
B001292,M000312,7,0.43038620906216757,Democrat,Democrat,False
S001203,H001042,3,0.7157109926144282,Democrat,Democrat,False
R000617,P000617,3,0.6449165136242906,Democrat,Democrat,False
N000026,F000246,4,0.275610210839659,Republican,Republican,False
M001160,P000096,7,0.6416464314929077,Democrat,Democrat,False
K000395,T000478,4,0.7294429913163185,Republican,Republican,False
E000298,B001299,3,0.5402432214468718,Republican,Republican,False
C001075,C001120,4,0.706271743401885,Republican,Republican,False
B001302,P000048,5,0.47925431160256265,Republican,Republican,False
H001082,N000026,3,0.5102089022596678,Republican,Republican,False
M000194,B001309,3,0.4449296183884144,Republican,Republican,False
T000480,E000294,3,0.7424898544947306,Republican,Republican,False
G000586,R000577,4,0.366565503180027,Democrat,Democrat,False
H001067,S001195,15,0.4297949198633432,Republican,Republican,False
D000600,G000593,11,0.458181260492314,Republican,Republican,False
H001084,B001302,4,0.4869924932718277,Republican,Republican,False
O000086,B001297,7,0.5455448941460678,Republican,Republican,False
W000808,S001185,11,0.28093409711833706,Democrat,Democrat,False
W000822,K000380,3,0.5082734388609728,Democrat,Democrat,False
M001212,B001274,6,0.5452683058877786,Republican,Republican,False
P000607,D000399,12,0.5871219507729014,Democrat,Democrat,False
C001097,C001080,11,0.5815912049094384,Democrat,Democrat,False
C001067,J000306,5,0.22248840294778346,Democrat,Democrat,False
Y000033,O000171,3,0.025005559747417767,Republican,Democrat,True
B001304,G000574,3,0.04030753578990698,Democrat,Democrat,False
F000454,K000380,3,0.7279227375984192,Democrat,Democrat,False
B000825,S001176,3,0.17525790445506573,Republican,Republican,False
F000246,B001311,6,0.5920628812164068,Republican,Republican,False
B001223,T000486,3,0.29400573298335075,Democrat,Democrat,False
M000312,D000623,6,0.13651023153215647,Democrat,Democrat,False
B001281,U000040,3,0.10112439095973969,Democrat,Democrat,False
B001316,L000596,3,0.36897167190909386,Republican,Republican,False
A000379,S001227,5,0.5273952007293701,Republican,Republican,False
A000381,M001238,4,0.027918168110772967,Democrat,Democrat,False
H001082,D000032,13,0.4949396863006629,Republican,Republican,False
G000585,B001224,3,0.32339945435523987,Democrat,Democrat,False
W000797,T000193,3,0.212646022439003,Democrat,Democrat,False
G000592,L000590,3,0.07370958725611369,Democrat,Democrat,False
G000594,C001063,3,0.026307702685395878,Republican,Democrat,True
B001281,C001101,7,0.404523611733956,Democrat,Democrat,False
C001080,M000087,3,0.5993524094422659,Democrat,Democrat,False
H001053,B001243,7,0.302941693259137,Republican,Republican,False
T000483,D000631,3,0.011021445039659739,Democrat,Democrat,False
G000559,N000002,5,0.6745256870985031,Democrat,Democrat,False
G000559,F000062,10,0.04988904297351837,Democrat,Democrat,False
B001283,C001098,8,0.47679568734019995,Republican,Republican,False
J000292,R000577,4,0.02165322215296328,Republican,Democrat,True
G000559,M001188,4,0.36397227458655834,Democrat,Democrat,False
C001093,Y000065,5,0.02877647690474987,Republican,Republican,False
G000559,H001066,5,0.204901525657624,Democrat,Democrat,False
C001038,S001193,7,0.4764318200094359,Democrat,Democrat,False
C001097,C001090,3,0.03802276340623697,Democrat,Democrat,False
J000126,F000455,3,0.349612133577466,Democrat,Democrat,False
B001311,C001098,4,0.547385398298502,Republican,Republican,False
B001267,C001113,3,0.16802688874304295,Democrat,Democrat,False
H001053,H001059,3,0.1403269829849402,Republican,Republican,False
H001041,B001261,3,0.5759378870328268,Republican,Republican,False
F000461,I000056,6,0.32451537996530533,Republican,Republican,False
C001093,P000591,3,0.31244264387836057,Republican,Republican,False
G000564,M001185,3,0.13121427378306785,Republican,Democrat,True
C001070,C001035,9,0.05821003268162409,Democrat,Republican,True
C001080,D000216,4,0.10592212015762925,Democrat,Democrat,False
G000591,K000397,3,0.5334249138832092,Republican,Republican,False
T000478,S000168,3,0.29922405754526454,Republican,Republican,False
R000515,B001281,4,0.4181442931294441,Democrat,Democrat,False
M001160,G000555,3,0.33197057122985524,Democrat,Democrat,False
F000451,T000461,6,0.022368154333283503,Republican,Republican,False
E000290,D000563,5,0.34456663727760317,Democrat,Democrat,False
T000470,G000565,4,0.04627739451825619,Republican,Republican,False
M000312,L000592,7,0.30723815225064754,Democrat,Democrat,False
E000296,C000984,6,0.24680545398344597,Democrat,Democrat,False
B001292,T000472,3,0.8498732248942057,Democrat,Democrat,False
C001070,A000360,7,0.04931421045746122,Democrat,Republican,True
R000609,S001217,3,0.01668982378517588,Republican,Republican,False
B000755,W000827,3,0.25246779806911945,Republican,Republican,False
M001137,C000984,4,0.5167958843521774,Democrat,Democrat,False
O000171,S001191,7,0.15238989956144774,Democrat,Democrat,False
N000002,M000312,3,0.28456269204616547,Democrat,Democrat,False
S001168,H001087,3,0.3554845762749513,Democrat,Democrat,False
P000604,V000081,5,0.071368314512074,Democrat,Democrat,False
C001087,H001067,3,0.018256467767059803,Republican,Republican,False
D000610,B001292,4,0.23797805048525333,Democrat,Democrat,False
S001209,A000378,3,0.07387177087366581,Democrat,Democrat,False
G000551,O000172,3,0.36313838760058087,Democrat,Democrat,False
P000523,W000805,3,0.4575727830330531,Democrat,Democrat,False
B001278,D000191,9,0.16472783270809385,Democrat,Democrat,False
C001117,P000597,6,0.2707445099949837,Democrat,Democrat,False
B001278,O000173,7,0.3385359871068171,Democrat,Democrat,False
J000299,H001067,3,0.5110513834903637,Republican,Republican,False
L000570,R000486,4,0.019030599389225245,Democrat,Democrat,False
B001281,M001208,4,0.22999362088739872,Democrat,Democrat,False
F000462,J000126,3,0.017426354189713795,Democrat,Democrat,False
P000607,C001091,6,0.6559552090863386,Democrat,Democrat,False
D000191,D000216,5,0.2515639554709196,Democrat,Democrat,False
W000799,M001143,3,0.3384307560821374,Democrat,Democrat,False
P000607,D000610,4,0.27252537035383284,Democrat,Democrat,False
F000462,M000312,3,0.6279429169371724,Democrat,Democrat,False
L000551,L000263,3,0.6476637491335472,Democrat,Democrat,False
B001267,M001111,3,0.09012261498719454,Democrat,Democrat,False
B001280,W000798,3,0.028631461163361866,Republican,Republican,False
G000559,E000293,3,0.4874628446996212,Democrat,Democrat,False
V000130,P000608,4,0.09722919133491814,Democrat,Democrat,False
U000031,B001243,5,0.29520282819867133,Republican,Republican,False
S001192,W000813,3,0.02211582412322362,Republican,Republican,False
B001286,F000451,3,0.06366200807193916,Democrat,Republican,True
E000290,N000147,4,0.6353620826266706,Democrat,Democrat,False
F000454,L000581,3,0.6525199115276337,Democrat,Democrat,False
K000386,N000179,7,0.021783320499317988,Republican,Democrat,True
G000578,B001297,12,0.34623092707867426,Republican,Republican,False
G000585,B001270,4,0.6888180673122406,Democrat,Democrat,False
C001066,B001270,4,0.2634616340510547,Democrat,Democrat,False
B001230,K000389,3,0.6573759888609251,Democrat,Democrat,False
F000469,B001302,3,0.3198816229899724,Republican,Republican,False
F000466,G000579,3,0.5042931595817208,Republican,Republican,False
S001205,L000581,3,0.34260027545193833,Democrat,Democrat,False
M001188,G000587,5,0.2055137302726507,Democrat,Democrat,False
A000379,B001316,3,0.4726678306857745,Republican,Republican,False
B001243,S001217,3,0.9612389206886292,Republican,Republican,False
W000808,B001281,11,0.17513753346760164,Democrat,Democrat,False
L000596,C001039,11,0.28665167558938265,Republican,Republican,False
A000379,S001217,4,0.48339264653623104,Republican,Republican,False
L000582,M001224,6,0.19956631337602934,Democrat,Republican,True
G000574,W000817,4,0.6006415672600269,Democrat,Democrat,False
H001087,P000197,4,0.2587393503636122,Democrat,Democrat,False
C001097,V000081,7,0.4447420085115092,Democrat,Democrat,False
S000033,M001169,5,0.5910555988550186,Independent,Democrat,False
J000295,G000588,5,0.043175145611166955,Republican,Republican,False
M000133,G000562,5,0.15510373339056968,Democrat,Republican,True
A000374,S001176,4,0.4846488111652434,Republican,Republican,False
B001278,V000081,4,0.481520289555192,Democrat,Democrat,False
B001292,S001209,5,0.05887501984834671,Democrat,Democrat,False
L000551,S000510,6,0.6842287535158297,Democrat,Democrat,False
M001185,L000287,3,0.4998010660832127,Democrat,Democrat,False
D000624,T000460,3,0.4315886211891969,Democrat,Democrat,False
L000174,F000062,19,0.6352014569075484,Democrat,Democrat,False
N000191,M001207,3,0.5110814838359753,Democrat,Democrat,False
M000133,J000300,3,0.15877753247817358,Democrat,Democrat,False
G000552,M001184,3,0.3151248556872209,Republican,Republican,False
B001281,H001064,3,0.4480501711368561,Democrat,Democrat,False
K000379,M000133,9,0.2555593953778346,Democrat,Democrat,False
B001230,C000141,3,0.017260876794656117,Democrat,Democrat,False
G000560,I000055,6,0.03745225064146022,Republican,Republican,False
T000469,Y000062,6,0.32140279933810234,Democrat,Democrat,False
M001189,G000570,3,0.32135629933327436,Republican,Republican,False
Y000062,A000371,4,0.7820209711790085,Democrat,Democrat,False
C001066,C001038,7,0.6868442584361348,Democrat,Democrat,False
L000575,M000355,6,0.12248708059390385,Republican,Republican,False
J000294,C001036,3,0.09871127518514793,Democrat,Democrat,False
G000576,P000591,4,0.02744248416274786,Republican,Republican,False
F000462,R000588,4,0.44189680740237236,Democrat,Democrat,False
B001135,M000355,6,0.11709756404161453,Republican,Republican,False
C000141,P000595,3,0.07587297695378463,Democrat,Democrat,False
C001101,M000133,3,0.31940513135244447,Democrat,Democrat,False
L000579,L000287,6,0.49731562100350857,Democrat,Democrat,False
H001080,L000551,4,0.2988341769669205,Democrat,Democrat,False
L000174,C000141,13,0.3300471277191089,Democrat,Democrat,False
L000174,W000817,4,0.35280606150627136,Democrat,Democrat,False
H000324,M000312,3,0.8276278177897135,Democrat,Democrat,False
L000593,N000191,4,0.39871775452047586,Democrat,Democrat,False
B001286,L000557,3,0.24856738187372684,Democrat,Democrat,False
Z000017,M001187,4,0.8528784662485123,Republican,Republican,False
M001199,G000582,3,0.023321520537137985,Republican,Republican,False
E000299,D000610,5,0.3584157582372427,Democrat,Democrat,False
S001168,L000557,4,0.19930957350879908,Democrat,Democrat,False
T000482,M001207,3,0.16440235016246638,Democrat,Democrat,False
C000984,D000610,3,0.0368456218081216,Democrat,Democrat,False
B000755,K000376,6,0.20738375590493283,Republican,Republican,False
W000797,B001281,3,0.026427980201939743,Democrat,Democrat,False
B001277,D000216,4,0.1907594772055745,Democrat,Democrat,False
L000580,S001156,3,0.3620673818513751,Democrat,Democrat,False
Y000062,I000057,5,0.4916569352149963,Democrat,Democrat,False
L000263,S001185,3,0.5983167390028635,Democrat,Democrat,False
P000604,L000567,4,0.05299471761099994,Democrat,Republican,True
H000338,L000575,8,0.25585837359540164,Republican,Republican,False
C001094,S001176,3,0.11287226652105649,Republican,Republican,False
C001038,R000577,3,0.1388274629910787,Democrat,Democrat,False
I000057,E000290,3,0.7266296943028768,Democrat,Democrat,False
I000057,D000216,5,0.28777887523174284,Democrat,Democrat,False
L000397,N000002,4,0.7430200949311256,Democrat,Democrat,False
C001038,D000610,5,0.2983729773201048,Democrat,Democrat,False
V000131,S001145,3,0.6870459715525309,Democrat,Democrat,False
T000475,S001176,5,0.18980070035904645,Republican,Republican,False
M000133,E000215,3,0.09973129133383433,Democrat,Democrat,False
R000607,D000600,4,0.12140666134655476,Republican,Republican,False
B001292,G000551,4,0.7881402596831322,Democrat,Democrat,False
C001101,J000294,3,0.6987091451883316,Democrat,Democrat,False
K000385,J000294,3,0.33708431199193,Democrat,Democrat,False
C000714,R000606,4,0.5367033667862415,Democrat,Democrat,False
W000819,B001135,3,0.09848911470423143,Republican,Republican,False
M000133,P000595,7,0.35985797670270714,Democrat,Democrat,False
S001199,K000391,3,0.02345690255363782,Republican,Democrat,True
B001293,U000031,6,0.17733996361494064,Republican,Republican,False
C001066,K000379,4,0.5835302919149399,Democrat,Democrat,False
M001193,K000382,9,0.07857346203592089,Republican,Democrat,True
J000298,J000032,5,0.7205300515517592,Democrat,Democrat,False
C000714,C001067,3,0.9280735651652018,Democrat,Democrat,False
C001067,C000714,3,0.8225226402282715,Democrat,Democrat,False
W000819,T000476,3,0.012448066690315803,Republican,Republican,False
V000131,B001286,4,0.5259215063415468,Democrat,Democrat,False
D000614,H001067,4,0.10279663046821952,Republican,Republican,False
B001304,V000128,3,0.11316539843877156,Democrat,Democrat,False
I000057,L000287,4,0.5306307598948479,Democrat,Democrat,False
F000455,S001145,3,0.06139410908023516,Democrat,Democrat,False
E000290,S001145,3,0.3362144809216261,Democrat,Democrat,False
F000455,W000808,6,0.25172526606669027,Democrat,Democrat,False
G000565,L000564,3,0.6659815559784571,Republican,Republican,False
T000469,D000624,4,0.7218468845821917,Democrat,Democrat,False
J000294,L000551,4,0.5266802217811346,Democrat,Democrat,False
C001068,K000378,3,0.059781381860375404,Democrat,Republican,True
M000133,N000015,3,0.36432427788774174,Democrat,Democrat,False
R000602,W000822,3,0.39013607800006866,Democrat,Democrat,False
H000324,C001066,3,0.6231014002114534,Democrat,Democrat,False
L000581,W000799,3,0.5131001478681961,Democrat,Democrat,False
W000815,W000809,3,0.029310266797741253,Republican,Republican,False
H001080,S000148,3,0.35293616726994514,Democrat,Democrat,False
T000460,L000551,8,0.604727037018165,Democrat,Democrat,False
C001107,K000378,6,0.44611079556246597,Republican,Republican,False
D000614,C001098,3,0.11824116855859756,Republican,Republican,False
T000460,C001036,3,0.4801591833432515,Democrat,Democrat,False
W000819,H001072,3,0.28598187615474063,Republican,Republican,False
D000399,J000298,3,0.033026003589232765,Democrat,Democrat,False
M001200,K000384,3,0.5929748406633735,Democrat,Democrat,False
C001080,C001088,3,0.7219263116518656,Democrat,Democrat,False
H001050,C001038,5,0.5484879481140524,Democrat,Democrat,False
D000614,G000576,3,0.021828201909859974,Republican,Republican,False
K000389,V000081,3,0.333222646266222,Democrat,Democrat,False
S001135,S001176,5,0.7019762918353081,Republican,Republican,False
S001168,C001101,17,0.3285094564232756,Democrat,Democrat,False
S000148,W000817,48,0.4870893614521871,Democrat,Democrat,False
E000296,C001070,247,0.37314350288813775,Democrat,Democrat,False
D000617,K000381,5,0.038162927329540255,Democrat,Democrat,False
P000048,D000032,4,0.17414250341244042,Republican,Republican,False
M000639,S000148,40,0.63772403516341,Democrat,Democrat,False
S001168,L000593,3,0.3371096070234974,Democrat,Democrat,False
J000298,R000606,10,0.42277033217251303,Democrat,Democrat,False
T000278,M000355,8,0.34211350651457906,Republican,Republican,False
P000617,B001224,12,0.41669452749192715,Democrat,Democrat,False
W000815,S001176,25,0.43275554694235324,Republican,Republican,False
P000607,W000822,34,0.3604793177150628,Democrat,Democrat,False
H001058,D000626,5,0.30721155982464554,Republican,Republican,False
K000389,N000192,6,0.3242830003922184,Democrat,Democrat,False
E000296,L000557,7,0.30524247059864656,Democrat,Democrat,False
T000480,S001213,6,0.235819635912776,Republican,Republican,False
M001160,P000607,51,0.36226813269632996,Democrat,Democrat,False
M001190,L000491,6,0.18431725290914378,Republican,Republican,False
S001168,M001203,4,0.15012561902403831,Democrat,Democrat,False
F000462,M001208,4,0.18980835075490177,Democrat,Democrat,False
S001135,K000397,7,0.478970837513251,Republican,Republican,False
B001304,B001270,4,0.4544734489172697,Democrat,Democrat,False
M001212,V000134,3,0.3800947405397892,Republican,Republican,False
B001281,M001137,3,0.15295426857968172,Democrat,Democrat,False
R000606,Y000062,3,0.6264333513875803,Democrat,Democrat,False
B001305,S001176,15,0.6942587323486805,Republican,Republican,False
H001091,S001176,4,0.6676249327138066,Republican,Republican,False
B001230,H000273,4,0.22816144209355116,Democrat,Democrat,False
P000048,M001186,3,0.04871992642680804,Republican,Republican,False
B001230,B001267,3,0.4097739653661847,Democrat,Democrat,False
W000822,J000298,27,0.5025070311363649,Democrat,Democrat,False
B000944,C001113,6,0.37373423638443154,Democrat,Democrat,False
B001230,H001046,5,0.6990195019170642,Democrat,Democrat,False
C001097,P000618,3,0.21027377092589936,Democrat,Democrat,False
E000296,H001085,18,0.15239638191026947,Democrat,Democrat,False
C001095,T000461,3,0.5794202809532484,Republican,Republican,False
M000087,P000617,15,0.381450157550474,Democrat,Democrat,False
O000172,P000617,15,0.3047119540472825,Democrat,Democrat,False
P000607,T000481,28,0.4811576723254153,Democrat,Democrat,False
G000579,C001121,3,0.0400057298441728,Republican,Democrat,True
B000944,M001111,4,0.039480374194681644,Democrat,Democrat,False
H000874,C001080,4,0.5422716923058033,Democrat,Democrat,False
B001298,S001209,3,0.029263379362722237,Republican,Democrat,True
L000557,C001080,7,0.41661448271146845,Democrat,Democrat,False
M001160,C001080,6,0.4093533980970581,Democrat,Democrat,False
M001190,L000575,5,0.07938480861485005,Republican,Republican,False
C001096,S001217,4,0.29118888825178146,Republican,Republican,False
C001113,H001066,8,0.29957094660494477,Democrat,Democrat,False
S001192,L000577,12,0.21447949685777226,Republican,Republican,False
B001278,N000192,4,0.6318825259804726,Democrat,Democrat,False
S000148,M001188,8,0.5944751028437167,Democrat,Democrat,False
M001176,B001277,3,0.34111590807636577,Democrat,Democrat,False
W000817,W000790,8,0.6118488332722336,Democrat,Democrat,False
M001205,C001047,17,0.046854191897984815,Republican,Republican,False
L000551,W000817,12,0.3892994870742162,Democrat,Democrat,False
G000595,B001302,6,0.8486514687538147,Republican,Republican,False
G000586,W000822,12,0.45395696970323723,Democrat,Democrat,False
P000145,W000790,4,0.5695525761693716,Democrat,Democrat,False
T000250,W000437,4,0.28409853391349316,Republican,Republican,False
S000770,W000802,3,0.2799307247623801,Democrat,Democrat,False
J000292,J000295,7,0.09636392670550517,Republican,Republican,False
G000586,D000622,33,0.33555520695605967,Democrat,Democrat,False
G000587,W000797,3,0.03526849361757437,Democrat,Democrat,False
R000606,O000172,3,0.3391288382311662,Democrat,Democrat,False
F000462,C001101,18,0.3532437937748101,Democrat,Democrat,False
R000305,C001101,4,0.19934417819604278,Democrat,Democrat,False
Q000023,D000627,14,0.5440152415207454,Democrat,Democrat,False
J000298,M001176,7,0.18307444400021008,Democrat,Democrat,False
E000297,P000197,12,0.27878332083734375,Democrat,Democrat,False
B001304,P000197,9,0.5555081985269984,Democrat,Democrat,False
B001310,C001098,8,0.4501101905480027,Republican,Republican,False
B001224,J000298,7,0.2216186612578375,Democrat,Democrat,False
M001212,R000614,6,0.5699597125252088,Republican,Republican,False
S000770,C001088,4,0.01554803759790957,Democrat,Democrat,False
S001205,J000298,26,0.44034588222320264,Democrat,Democrat,False
M001176,P000613,8,0.02174031501635909,Democrat,Democrat,False
M001212,M001136,3,0.5400017152229944,Republican,Republican,False
C001113,S001203,5,0.2175786964595318,Democrat,Democrat,False
A000377,T000480,4,0.37298143724910915,Republican,Republican,False
C001066,J000294,32,0.6377892282325774,Democrat,Democrat,False
Q000023,L000582,4,0.07096918486058712,Democrat,Democrat,False
J000299,O000086,7,0.6157782210835389,Republican,Republican,False
P000607,A000370,8,0.3603632925078273,Democrat,Democrat,False
P000197,B001296,4,0.6766074895858765,Democrat,Democrat,False
C001132,B001302,32,0.36567822938377503,Republican,Republican,False
P000197,M001225,3,0.653162415449818,Democrat,Democrat,False
G000601,P000048,7,0.3983445457581963,Republican,Republican,False
H001086,M001211,5,0.5381866943091154,Republican,Republican,False
M000194,W000795,6,0.13671585141370693,Republican,Republican,False
G000565,B001299,6,0.4877173372854789,Republican,Republican,False
D000096,L000557,8,0.43673804367426783,Democrat,Democrat,False
S001203,M001169,10,0.41250236593186856,Democrat,Democrat,False
S001194,S001203,6,0.051393698590497174,Democrat,Democrat,False
M001205,S001196,9,0.03341419425689512,Republican,Republican,False
P000048,B000755,20,0.48126038268674165,Republican,Republican,False
F000062,P000145,27,0.30553885459623953,Democrat,Democrat,False
G000579,S001213,4,0.06162812979891896,Republican,Republican,False
S001205,S001193,10,0.4543231979012489,Democrat,Democrat,False
E000296,W000826,33,0.33220898777698027,Democrat,Democrat,False
R000608,H000273,3,0.627273777499795,Democrat,Democrat,False
B001281,G000551,4,0.4820347537752241,Democrat,Democrat,False
B001302,L000578,15,0.7983296324809392,Republican,Republican,False
R000606,T000483,17,0.11536569098996766,Democrat,Democrat,False
M001176,B001278,20,0.4170371770393103,Democrat,Democrat,False
D000096,M000312,6,0.6252480708062649,Democrat,Democrat,False
M001185,Q000023,5,0.31860697865486143,Democrat,Democrat,False
T000483,H000874,11,0.10274594531140545,Democrat,Democrat,False
K000385,B001270,4,0.8172303214669228,Democrat,Democrat,False
B001302,C000059,4,0.8891796767711639,Republican,Republican,False
M000133,B001277,19,0.3878895215886204,Democrat,Democrat,False
L000570,D000563,4,0.5369146624580026,Democrat,Democrat,False
M001184,D000615,5,0.36926643513143065,Republican,Republican,False
R000486,P000197,4,0.09131096326746047,Democrat,Democrat,False
D000615,M001190,8,0.3158835587091744,Republican,Republican,False
G000590,B001302,5,0.8060894548892975,Republican,Republican,False
Y000065,S001176,11,0.5133673704483293,Republican,Republican,False
M001187,J000289,76,0.5116289142323168,Republican,Republican,False
M000087,H001080,4,0.43445912189781666,Democrat,Democrat,False
D000624,P000197,10,0.1880034539848566,Democrat,Democrat,False
G000551,M000312,3,0.7388904492060343,Democrat,Democrat,False
E000296,M000312,18,0.4355670837685466,Democrat,Democrat,False
C001070,S000148,5,0.23782121799886227,Democrat,Democrat,False
P000614,S001181,4,0.11631957301869988,Democrat,Democrat,False
E000296,T000472,6,0.4643604923039675,Democrat,Democrat,False
T000483,R000606,5,0.1666437765583396,Democrat,Democrat,False
H001058,Z000017,8,0.737324383109808,Republican,Republican,False
S001215,L000590,4,0.17186201852746308,Democrat,Democrat,False
F000454,G000586,7,0.35223363153636456,Democrat,Democrat,False
T000250,F000463,6,0.3239277092119058,Republican,Republican,False
G000578,S001176,3,0.6340927879015604,Republican,Republican,False
G000583,P000096,4,0.40573470667004585,Democrat,Democrat,False
D000631,L000287,3,0.46237386266390484,Democrat,Democrat,False
O000173,T000481,13,0.5537104365917352,Democrat,Democrat,False
C001068,S001185,3,0.7921737631162008,Democrat,Democrat,False
C001113,F000062,6,0.030326993980755407,Democrat,Democrat,False
M000087,S001185,3,0.551031231880188,Democrat,Democrat,False
C001113,L000590,6,0.1846016199948887,Democrat,Democrat,False
R000515,N000002,7,0.6188454223530633,Democrat,Democrat,False
W000823,S001217,4,0.22526354319415987,Republican,Republican,False
G000551,T000472,7,0.5630729390042168,Democrat,Democrat,False
G000377,B000755,4,0.03042002022266388,Republican,Republican,False
W000797,H001066,3,0.5271805822849274,Democrat,Democrat,False
H001080,R000606,3,0.09713463578373194,Democrat,Democrat,False
B001302,W000814,3,0.21821684514482817,Republican,Republican,False
H001053,M000355,3,0.6644541869560877,Republican,Republican,False
C001101,P000197,7,0.47505226731300354,Democrat,Democrat,False
D000631,C001121,10,0.21595746474340557,Democrat,Democrat,False
S001193,D000627,8,0.43839301727712154,Democrat,Democrat,False
O000173,W000822,7,0.464654659054109,Democrat,Democrat,False
C001087,L000491,3,0.02927445558210214,Republican,Republican,False
W000822,S001193,3,0.46726636091868085,Democrat,Democrat,False
M000087,B001281,4,0.31922654970549047,Democrat,Democrat,False
H001088,H001053,3,0.0260824008534352,Republican,Republican,False
E000296,C001066,11,0.10280915925448592,Democrat,Democrat,False
S000510,M001111,9,0.3651808196057876,Democrat,Democrat,False
C000174,C001070,12,0.6107877865433693,Democrat,Democrat,False
W000797,N000002,7,0.567672827414104,Democrat,Democrat,False
U000040,B001285,4,0.03461636579595506,Democrat,Democrat,False
L000551,N000002,11,0.3570931111885743,Democrat,Democrat,False
W000802,M001153,5,0.04206414297223091,Democrat,Republican,True
R000515,G000587,5,0.4034828463569283,Democrat,Democrat,False
M001176,D000622,12,0.4911784140082697,Democrat,Democrat,False
P000197,V000131,7,0.06388927277709756,Democrat,Democrat,False
G000565,P000603,9,0.5521130532854133,Republican,Republican,False
G000574,H001080,4,0.5101780858822167,Democrat,Democrat,False
K000380,S001215,6,0.43500737752765417,Democrat,Democrat,False
G000586,A000370,7,0.2782058624018516,Democrat,Democrat,False
S001207,P000096,5,0.27012273371219636,Democrat,Democrat,False
R000606,D000624,4,0.17570113274268806,Democrat,Democrat,False
L000557,C001069,21,0.22247535766412815,Democrat,Democrat,False
J000126,W000808,10,0.0967208088375628,Democrat,Democrat,False
G000586,L000570,3,0.31505218769113225,Democrat,Democrat,False
K000385,P000197,4,0.4832067182287574,Democrat,Democrat,False
L000564,D000615,4,0.6185550335794687,Republican,Republican,False
W000813,S001176,8,0.49631393735762686,Republican,Republican,False
R000608,F000463,4,0.0963675428647548,Democrat,Republican,True
W000808,H001075,5,0.655958491563797,Democrat,Democrat,False
Q000023,L000551,3,0.8930180271466573,Democrat,Democrat,False
B001298,M001157,6,0.2241685160746177,Republican,Republican,False
L000589,J000299,5,0.15313291661441325,Republican,Republican,False
S001205,D000610,6,0.330491798153768,Democrat,Democrat,False
L000570,N000191,4,0.21170878317207098,Democrat,Democrat,False
K000009,D000216,3,0.4277397779126962,Democrat,Democrat,False
W000797,B001260,3,0.3278413585697611,Democrat,Republican,True
C001095,C001098,12,0.41588037305821973,Republican,Republican,False
L000585,S001195,4,0.1726651545614004,Republican,Republican,False
C000880,R000584,4,0.3989180587232113,Republican,Republican,False
S001176,B001260,10,0.25847856756299736,Republican,Republican,False
L000582,D000530,3,0.38232845067977905,Democrat,Democrat,False
G000559,K000377,3,0.18687329658617577,Democrat,Democrat,False
B000825,L000596,5,0.6361486315727234,Republican,Republican,False
O000086,S001176,4,0.7069751769304276,Republican,Republican,False
M001233,S001176,4,0.8514948636293411,Republican,Republican,False
B001230,K000377,9,0.5279160433759292,Democrat,Democrat,False
S001217,C001098,5,0.43509077429771426,Republican,Republican,False
L000397,L000607,7,0.15474109697554791,Democrat,Democrat,False
K000377,R000608,3,0.35478776786476374,Democrat,Democrat,False
F000476,S000033,4,0.32407521549612284,Democrat,Independent,False
K000367,C001113,4,0.3191768126562238,Democrat,Democrat,False
K000367,M001111,9,0.8715527554353079,Democrat,Democrat,False
C001108,S001176,3,0.6668993656833967,Republican,Republican,False
U000040,J000294,4,0.4591082623228431,Democrat,Democrat,False
P000603,M001184,5,0.4211027920246124,Republican,Republican,False
N000190,S001224,15,0.43759945773830017,Republican,Republican,False
E000299,W000822,5,0.40197416543960574,Democrat,Democrat,False
P000605,B001309,4,0.3719490244984627,Republican,Republican,False
K000009,B001313,6,0.7431557085365057,Democrat,Democrat,False
G000585,G000574,10,0.6759223312139511,Democrat,Democrat,False
E000296,M001137,4,0.4325346634723246,Democrat,Democrat,False
J000301,F000446,5,0.28907666467130183,Republican,Republican,False
C001066,H001068,5,0.7165909945964813,Democrat,Democrat,False
B001302,D000615,33,0.7523525195817152,Republican,Republican,False
S001217,P000622,11,0.024306239729577846,Republican,Republican,False
C001070,D000631,4,0.1451688790693879,Democrat,Democrat,False
F000469,N000189,5,0.3360721684992313,Republican,Republican,False
P000604,C001078,3,0.5439489657680193,Democrat,Democrat,False
S001206,C001078,5,0.34367446340620517,Democrat,Democrat,False
U000031,S001208,3,0.02629754412919283,Republican,Democrat,True
S001206,M001202,5,0.28979394510388373,Democrat,Democrat,False
S001165,M000639,4,0.08739824104122818,Democrat,Democrat,False
S000148,S001203,3,0.5403275589148203,Democrat,Democrat,False
M001185,E000179,3,0.03660930506885052,Democrat,Democrat,False
E000179,M000087,4,0.41143420757725835,Democrat,Democrat,False
G000586,T000481,11,0.42369655485857616,Democrat,Democrat,False
M000639,R000608,6,0.22187542542815208,Democrat,Democrat,False
L000592,P000618,3,0.4697227453192075,Democrat,Democrat,False
A000377,H001061,22,0.10667771824889562,Republican,Republican,False
B001299,H001082,5,0.4067187085747719,Republican,Republican,False
M000133,D000622,14,0.21685706251966103,Democrat,Democrat,False
W000822,R000577,5,0.5497912704944611,Democrat,Democrat,False
P000523,C001088,8,0.15491572045721114,Democrat,Democrat,False
B001282,S001176,9,0.32243505611808765,Republican,Republican,False
C001061,B001281,3,0.2352595745275418,Democrat,Democrat,False
C000266,K000378,3,0.3380154116700093,Republican,Republican,False
K000381,D000631,3,0.10451810558636983,Democrat,Democrat,False
H001079,E000295,3,0.014629368670284748,Republican,Republican,False
F000454,D000610,5,0.26316413674503564,Democrat,Democrat,False
F000454,K000381,5,0.07941962406039238,Democrat,Democrat,False
P000593,C001121,7,0.3232072638347745,Democrat,Democrat,False
W000808,W000817,3,0.9771622816721598,Democrat,Democrat,False
S000033,M001176,13,0.41711656233439076,Independent,Democrat,False
W000797,B001292,3,0.8028370141983032,Democrat,Democrat,False
K000389,P000618,5,0.34787282906472683,Democrat,Democrat,False
W000825,A000378,4,0.08149728807620704,Democrat,Democrat,False
H000874,M001200,3,0.6128985484441122,Democrat,Democrat,False
D000610,S001185,3,0.4773085316022237,Democrat,Democrat,False
S001184,C001047,7,0.24725228920578957,Republican,Republican,False
P000617,K000379,6,0.7455070925255617,Democrat,Democrat,False
P000197,B001270,4,0.2569290674291551,Democrat,Democrat,False
P000617,B001270,8,0.5141049402300268,Democrat,Democrat,False
A000375,L000589,6,0.19153313835461935,Republican,Republican,False
R000515,B001292,20,0.7284070899710059,Democrat,Democrat,False
S000148,F000062,16,0.5067844782606699,Democrat,Democrat,False
J000299,M001195,4,0.6267860438674688,Republican,Republican,False
B001303,D000622,11,0.5198683020743456,Democrat,Democrat,False
M001176,L000570,8,0.5258730677887797,Democrat,Democrat,False
S000148,H001075,8,0.5473619597032666,Democrat,Democrat,False
B001288,S001203,5,0.4332029551267624,Democrat,Democrat,False
B001261,C001109,4,0.02655520453117788,Republican,Republican,False
G000565,W000821,9,0.10626691590166754,Republican,Republican,False
W000822,C001091,3,0.705056443810463,Democrat,Democrat,False
B001304,B001298,3,0.3277120093504588,Democrat,Republican,True
M000312,R000515,3,0.5910333519180616,Democrat,Democrat,False
S001156,B001292,3,0.13207772125800452,Democrat,Democrat,False
D000622,M001111,6,0.8199746459722519,Democrat,Democrat,False
H001082,C001039,3,0.5765657325585684,Republican,Republican,False
H001082,F000450,4,0.47708049044013023,Republican,Republican,False
P000614,G000574,3,0.48486222823460895,Democrat,Democrat,False
G000585,J000294,4,0.778401643037796,Democrat,Democrat,False
T000472,S001156,5,0.5902282815426588,Democrat,Democrat,False
L000602,S000033,3,0.6208739206194878,Democrat,Independent,False
P000598,P000593,7,0.41370828928692,Democrat,Democrat,False
N000026,G000603,3,0.7289711833000183,Republican,Republican,False
B001291,C001098,6,0.17809960199519992,Republican,Republican,False
B001303,L000570,3,0.7216123342514038,Democrat,Democrat,False
H001061,L000575,3,0.01450820080935955,Republican,Republican,False
T000474,M001206,3,0.40022093057632446,Democrat,Democrat,False
W000815,C000266,12,0.04599391994997859,Republican,Republican,False
B001299,B001305,6,0.6343460674397647,Republican,Republican,False
M001137,M000312,3,0.3849558358391126,Democrat,Democrat,False
I000058,H000874,3,0.30893680235991877,Democrat,Democrat,False
S001194,F000062,4,0.38014367036521435,Democrat,Democrat,False
C001137,S001176,3,0.6457970297584931,Republican,Republican,False
W000822,G000586,17,0.45050012862638517,Democrat,Democrat,False
B001310,S001184,3,0.058453685914476715,Republican,Republican,False
B001223,W000822,3,0.10729031823575497,Democrat,Democrat,False
B001300,C001066,3,0.03343086503446102,Democrat,Democrat,False
R000486,B001270,3,0.3025829804440339,Democrat,Democrat,False
R000515,W000788,3,0.8871217370033264,Democrat,Democrat,False
L000557,C001090,5,0.3624527247622609,Democrat,Democrat,False
S001193,L000582,10,0.38193541900254785,Democrat,Democrat,False
N000026,S001176,10,0.865497887134552,Republican,Republican,False
H001053,M001136,7,0.41567577448274406,Republican,Republican,False
C001117,H001068,6,0.3059090931589405,Democrat,Democrat,False
P000617,P000197,4,0.0490218554623425,Democrat,Democrat,False
C001115,B001302,5,0.19889110401272775,Republican,Republican,False
P000617,G000585,11,0.3693536121228879,Democrat,Democrat,False
P000523,D000216,7,0.19953393829720362,Democrat,Democrat,False
L000551,W000788,3,0.15354301563153663,Democrat,Democrat,False
P000604,P000096,3,0.43291060129801434,Democrat,Democrat,False
S000148,N000002,4,0.2800210705026984,Democrat,Democrat,False
S001215,W000788,4,0.15155163500458002,Democrat,Democrat,False
B001286,T000482,3,0.4979621271292369,Democrat,Democrat,False
B001299,L000589,6,0.66116260116299,Republican,Republican,False
B001286,C001101,3,0.6282760513325533,Democrat,Democrat,False
P000607,L000581,4,0.4818054810166359,Democrat,Democrat,False
M001215,W000821,6,0.1845383026326696,Republican,Republican,False
C001131,M001226,4,0.36730156652629375,Democrat,Democrat,False
T000193,G000553,3,0.1689549187819163,Democrat,Democrat,False
D000635,G000598,5,0.8481662631034851,Democrat,Democrat,False
L000577,S001224,4,0.573703327216208,Republican,Republican,False
M000312,B001313,5,0.5865661330521107,Democrat,Democrat,False
R000617,G000587,3,0.939733604590098,Democrat,Democrat,False
W000817,S001150,6,0.30680500405530137,Democrat,Democrat,False
P000145,S001150,6,0.15374977110574642,Democrat,Democrat,False
R000614,S001217,4,0.528118303976953,Republican,Republican,False
L000593,C001117,3,0.18744073249399662,Democrat,Democrat,False
C001095,S001184,3,0.7289064327875773,Republican,Republican,False
L000577,B001243,6,0.5162258620063463,Republican,Republican,False
R000614,L000577,9,0.26436406787898803,Republican,Republican,False
M001224,C001056,3,0.1190405956779917,Republican,Republican,False
U000031,K000378,6,0.017468438638995092,Republican,Republican,False
P000607,S000185,3,0.1261605645219485,Democrat,Democrat,False
R000614,C001116,8,0.7923864983022213,Republican,Republican,False
N000002,O000172,3,0.4534035138785839,Democrat,Democrat,False
B001281,C001066,5,0.05605998858809471,Democrat,Democrat,False
C001097,A000371,6,0.27396959718316793,Democrat,Democrat,False
B001281,C001072,7,0.3975498835955347,Democrat,Democrat,False
R000305,Y000062,4,0.11840013670735061,Democrat,Democrat,False
Y000062,C001080,4,0.09335205727256835,Democrat,Democrat,False
F000462,U000040,4,0.4434791523963213,Democrat,Democrat,False
M001210,C001039,5,0.1556501178070903,Republican,Republican,False
U000031,M001136,4,0.2629391497466713,Republican,Republican,False
W000826,A000378,5,0.2348690854385495,Democrat,Democrat,False
H001068,D000191,5,0.3067771790549159,Democrat,Democrat,False
T000478,S001176,9,0.6444469390230047,Republican,Republican,False
W000815,T000463,3,0.2616715884457032,Republican,Republican,False
C001066,M001160,4,0.2532191395293921,Democrat,Democrat,False
R000606,M001208,4,0.3707142963539809,Democrat,Democrat,False
H000874,D000191,4,0.2578406154643744,Democrat,Democrat,False
F000462,D000624,6,0.2308835214935243,Democrat,Democrat,False
C001117,B001285,4,0.23196568130515516,Democrat,Democrat,False
H001082,L000589,5,0.6159520328044892,Republican,Republican,False
S000168,N000192,3,0.1522303813447555,Republican,Democrat,True
B001281,B000944,15,0.3766574871415893,Democrat,Democrat,False
T000469,C001066,3,0.3128937358657519,Democrat,Democrat,False
M000194,P000603,15,0.5016861554856101,Republican,Republican,False
K000009,L000566,3,0.03440581448376179,Democrat,Republican,True
B001292,L000593,3,0.4202400470773379,Democrat,Democrat,False
H000273,B001230,3,0.6734528342882792,Democrat,Democrat,False
R000577,B000944,17,0.30070878187304034,Democrat,Democrat,False
S001205,N000015,3,0.3758761224647363,Democrat,Democrat,False
P000605,F000484,4,0.19347406132146716,Republican,Republican,False
M000317,L000600,5,0.39038516990840433,Republican,Republican,False
M000312,W000187,3,0.47704560309648514,Democrat,Democrat,False
M000087,T000193,3,0.41864339044938487,Democrat,Democrat,False
M000639,M001169,4,0.39142463728785515,Democrat,Democrat,False
A000375,C001039,3,0.06676216175158818,Republican,Republican,False
W000817,C000174,3,0.33375700501104194,Democrat,Democrat,False
C001097,N000179,7,0.1566108139231801,Democrat,Democrat,False
B000755,C000880,3,0.36108871797720593,Republican,Republican,False
S001185,B001281,4,0.020934112602844834,Democrat,Democrat,False
M001212,N000190,4,0.7754292972385883,Republican,Republican,False
T000463,P000449,4,0.08225712273269892,Republican,Republican,False
M001189,C000542,5,0.19788424894213677,Republican,Republican,False
M001160,M001111,11,0.2197390075095675,Democrat,Democrat,False
P000594,K000363,6,0.2987733231857419,Republican,Republican,False
C000542,M001189,7,0.12500214709767274,Republican,Republican,False
D000621,M001184,9,0.3501344198981921,Republican,Republican,False
C000714,L000551,9,0.44759520877980524,Democrat,Democrat,False
S001181,K000382,6,0.01459938877572616,Democrat,Democrat,False
G000546,C000266,23,0.19350838547815447,Republican,Republican,False
M001211,B001243,3,0.6350240111351013,Republican,Republican,False
L000560,D000197,3,0.03778839918474356,Democrat,Democrat,False
G000548,I000056,4,0.033762253588065505,Republican,Republican,False
H000338,C001098,5,0.5345726057887077,Republican,Republican,False
M001160,M000404,3,0.07165095955133438,Democrat,Democrat,False
B001280,I000056,17,0.40480137517785325,Republican,Republican,False
V000132,O000170,9,0.18542492751859957,Democrat,Democrat,False
M000312,L000287,12,0.3314729668200016,Democrat,Democrat,False
P000523,L000287,6,0.27554562129080296,Democrat,Democrat,False
M001184,I000056,4,0.11948218569159508,Republican,Republican,False
G000553,W000187,3,0.1381286233663559,Democrat,Democrat,False
A000360,H000338,3,0.07969243234644334,Republican,Republican,False
M000312,M000087,4,0.3910215536598116,Democrat,Democrat,False
R000606,C000984,3,0.2159523038814465,Democrat,Democrat,False
N000190,M001187,3,0.8143952687581381,Republican,Republican,False
C001070,M000639,3,0.2176463926831881,Democrat,Democrat,False
H000874,V000081,4,0.5417001389432698,Democrat,Democrat,False
D000623,C000984,5,0.6887387484312057,Democrat,Democrat,False
B001288,W000817,3,0.8310712377230326,Democrat,Democrat,False
C001121,C001117,3,0.04519946128129959,Democrat,Democrat,False
W000817,C001117,3,0.10066702961921692,Democrat,Democrat,False
B001299,C001039,6,0.28608131626000005,Republican,Republican,False
P000593,D000216,3,0.34947753387192887,Democrat,Democrat,False
C001066,T000460,6,0.6135882184995959,Democrat,Democrat,False
M001200,L000591,7,0.07263493338333708,Democrat,Democrat,False
R000305,M001208,4,0.12251787586137652,Democrat,Democrat,False
D000631,P000616,9,0.4062210915403234,Democrat,Democrat,False
G000586,B001278,3,0.18308648746460676,Democrat,Democrat,False
B001278,P000618,4,0.7520089447498322,Democrat,Democrat,False
B001300,T000472,4,0.4323015371337533,Democrat,Democrat,False
G000586,S001200,3,0.2896861769258976,Democrat,Democrat,False
D000621,D000618,4,0.28026715898886323,Republican,Republican,False
G000560,P000591,3,0.35030439247687656,Republican,Republican,False
H001064,M001111,13,0.3988776035750142,Democrat,Democrat,False
B001267,G000555,3,0.029559285069505375,Democrat,Democrat,False
T000469,G000559,23,0.19913518060322688,Democrat,Democrat,False
C001038,M001185,3,0.3378116466725866,Democrat,Democrat,False
B001292,C001101,4,0.2987440184224397,Democrat,Democrat,False
B001281,J000126,6,0.32940036756917834,Democrat,Democrat,False
S001193,L000551,4,0.11088340962305665,Democrat,Democrat,False
K000379,L000562,5,0.02831356879323721,Democrat,Democrat,False
M001151,U000031,4,0.2618627678602934,Republican,Republican,False
A000370,P000197,3,0.2273339219391346,Democrat,Democrat,False
P000048,L000266,3,0.8637592792510986,Republican,Republican,False
C001097,M001202,3,0.6687347988287607,Democrat,Democrat,False
C000141,B001277,3,0.33093842522551614,Democrat,Democrat,False
J000255,G000559,4,0.37721863202750683,Republican,Democrat,True
C000542,B001275,4,0.032934979535639286,Republican,Republican,False
R000594,L000554,5,0.07137578520923853,Republican,Republican,False
M001183,H001061,4,0.04061318887397647,Democrat,Republican,True
W000817,W000779,8,0.5890967706218362,Democrat,Democrat,False
R000606,C001101,7,0.5735113503677505,Democrat,Democrat,False
J000299,T000479,3,0.3120462304602067,Republican,Republican,False
B001281,T000472,5,0.5617861606180667,Democrat,Democrat,False
S001168,T000482,4,0.3771384945139289,Democrat,Democrat,False
M001203,W000822,3,0.3574409062663714,Democrat,Democrat,False
R000606,U000040,3,0.3449689832826455,Democrat,Democrat,False
M000312,D000216,10,0.3873791551217437,Democrat,Democrat,False
M001137,R000602,4,0.4903009720146656,Democrat,Democrat,False
S001190,D000610,4,0.43830981967039406,Democrat,Democrat,False
B001277,L000174,6,0.19839259112874666,Democrat,Democrat,False
G000593,C001095,3,0.6338753799597422,Republican,Republican,False
G000574,G000579,3,0.4824576477209727,Democrat,Republican,True
B001292,D000624,5,0.4504833843559027,Democrat,Democrat,False
C001101,K000379,7,0.6281803271600178,Democrat,Democrat,False
L000551,B001292,6,0.5496916888902584,Democrat,Democrat,False
W000819,L000577,5,0.11508850641548633,Republican,Republican,False
P000607,L000570,3,0.4119778275489807,Democrat,Democrat,False
L000551,H001075,6,0.5190531760454178,Democrat,Democrat,False
N000002,M001208,3,0.08416841241220634,Democrat,Democrat,False
N000191,S001205,3,0.057763234401742615,Democrat,Democrat,False
F000462,C000984,4,0.9112861901521683,Democrat,Democrat,False
C001101,P000597,3,0.4229918320973714,Democrat,Democrat,False
C001101,B001270,4,0.43717640126124024,Democrat,Democrat,False
L000551,K000389,4,0.5878965929150581,Democrat,Democrat,False
L000560,S001150,5,0.7650837987661362,Democrat,Democrat,False
R000584,H001061,3,0.42373424768447876,Republican,Republican,False
T000469,J000126,3,0.33038790337741375,Democrat,Democrat,False
E000296,L000588,3,0.04204751861592134,Democrat,Democrat,False
C001117,A000378,3,0.13183753502865633,Democrat,Democrat,False
R000122,W000805,6,0.45317897759377956,Democrat,Democrat,False
N000002,C001101,3,0.3497678929318984,Democrat,Democrat,False
M001187,D000621,10,0.4235658443532884,Republican,Republican,False
F000462,H001064,3,0.49050063888231915,Democrat,Democrat,False
S000320,R000591,3,0.22726537100970745,Republican,Republican,False
T000469,S001175,3,0.3887241557240486,Democrat,Democrat,False
Y000062,D000191,4,0.28243131563067436,Democrat,Democrat,False
H001064,D000191,3,0.06683878072847922,Democrat,Democrat,False
S001168,C000984,4,0.3877467969432473,Democrat,Democrat,False
H000324,C000984,6,0.7000160391132036,Democrat,Democrat,False
Y000062,V000081,4,0.2439668094739318,Democrat,Democrat,False
C001038,L000570,5,0.6595693066716194,Democrat,Democrat,False
B001281,R000588,4,0.6714331251569092,Democrat,Democrat,False
C001038,K000380,7,0.5733996278473309,Democrat,Democrat,False
U000031,M001156,3,0.024758711146811645,Republican,Republican,False
H000324,Y000062,3,0.7317683498064677,Democrat,Democrat,False
O000170,E000299,3,0.02326216610769431,Democrat,Democrat,False
T000469,R000588,3,0.5837699230760336,Democrat,Democrat,False
E000179,L000287,7,0.4236203812594925,Democrat,Democrat,False
C001070,M001169,4,0.3569658511551097,Democrat,Democrat,False
S000148,C000141,8,0.4999076180392876,Democrat,Democrat,False
D000610,S000510,4,0.3378710150718689,Democrat,Democrat,False
E000299,T000481,3,0.42087110380331677,Democrat,Democrat,False
F000462,Y000062,6,0.6901190628608068,Democrat,Democrat,False
B001302,L000577,4,0.5563937304541469,Republican,Republican,False
P000593,L000287,5,0.3223207056522369,Democrat,Democrat,False
L000586,R000515,6,0.5023786188879361,Democrat,Democrat,False
D000617,J000298,4,0.14064294006675482,Democrat,Democrat,False
K000380,V000128,3,0.36199562562008697,Democrat,Democrat,False
Y000062,P000607,6,0.3461016981552045,Democrat,Democrat,False
K000385,T000266,3,0.27959695427368086,Democrat,Democrat,False
C000984,L000581,6,0.3320440306949119,Democrat,Democrat,False
B001281,S001175,4,0.07391040935181081,Democrat,Democrat,False
G000563,J000295,4,0.05395817570388317,Republican,Republican,False
J000294,S001156,5,0.32541840225458146,Democrat,Democrat,False
T000472,F000454,4,0.30134655721485615,Democrat,Democrat,False
L000580,L000551,7,0.7301410819802966,Democrat,Democrat,False
D000623,D000624,3,0.29298336431384087,Democrat,Democrat,False
E000293,T000460,5,0.2079469732940197,Democrat,Democrat,False
Y000062,C001069,3,0.042910865818460785,Democrat,Democrat,False
D000197,P000607,3,0.2127883161107699,Democrat,Democrat,False
F000451,C001106,3,0.11232322578628857,Republican,Republican,False
L000580,C001036,3,0.12044501615067323,Democrat,Democrat,False
L000580,L000582,3,0.7422102888425192,Democrat,Democrat,False
W000815,D000628,3,0.17462918907403946,Republican,Republican,False
G000546,S001176,9,0.2256917009751002,Republican,Republican,False
L000263,M001188,3,0.4505048356950283,Democrat,Democrat,False
H000338,S001184,5,0.3887362748384476,Republican,Republican,False
L000581,C001080,5,0.9361803293228149,Democrat,Democrat,False
F000462,K000385,5,0.5875986605882645,Democrat,Democrat,False
J000292,M001159,3,0.025318556154767673,Republican,Republican,False
G000535,J000298,3,0.6503844546775023,Democrat,Democrat,False
C001097,T000474,3,0.40126439835876226,Democrat,Democrat,False
B001278,N000179,3,0.030799162263671558,Democrat,Democrat,False
L000581,P000607,4,0.8193731307983398,Democrat,Democrat,False
Y000063,M001159,11,0.04223402471027591,Republican,Republican,False
P000607,K000382,3,0.3332511230061452,Democrat,Democrat,False
C001038,K000382,3,0.6857981284459432,Democrat,Democrat,False
C001113,W000817,5,0.4362040996551514,Democrat,Democrat,False
B001292,C000984,4,0.2857447061687708,Democrat,Democrat,False
H001052,S001176,4,0.37355565861798823,Republican,Republican,False
H000324,D000624,3,0.8313964009284973,Democrat,Democrat,False
B000711,S000148,5,0.5875379860401153,Democrat,Democrat,False
D000623,C000714,3,0.6311440269152323,Democrat,Democrat,False
C000714,L000582,4,0.48464622534811497,Democrat,Democrat,False
N000002,C000714,4,0.5171856600791216,Democrat,Democrat,False
S000364,B001289,3,0.48795429430902004,Republican,Republican,False
R000577,M001196,3,0.47160165943205357,Democrat,Democrat,False
D000617,N000015,3,0.08917058631777763,Democrat,Democrat,False
J000298,C001067,3,0.15500898783405623,Democrat,Democrat,False
E000179,T000469,5,0.5530398473143577,Democrat,Democrat,False
C001117,S001215,4,0.5519293281249702,Democrat,Democrat,False
M001184,J000255,3,0.3658934912333886,Republican,Republican,False
J000301,P000616,3,0.055181258358061314,Republican,Democrat,True
W000815,M001180,4,0.02441840572282672,Republican,Republican,False
P000608,W000799,3,0.015814395000537235,Democrat,Democrat,False
Y000063,D000600,3,0.050518497824668884,Republican,Republican,False
G000563,M001159,3,0.03813498901824156,Republican,Republican,False
L000551,M001188,5,0.36516247540712354,Democrat,Democrat,False
M000312,E000290,3,0.42822235108663637,Democrat,Democrat,False
L000551,E000293,3,0.5518184006214142,Democrat,Democrat,False
D000623,K000385,3,0.6751162807146708,Democrat,Democrat,False
D000623,C001101,3,0.5743981301784515,Democrat,Democrat,False
A000360,R000605,4,0.4013634519651532,Republican,Republican,False
C001113,H001075,3,0.28606608013312024,Democrat,Democrat,False
D000615,C001115,4,0.27353484090417624,Republican,Republican,False
R000602,S001193,3,0.15850469873597225,Democrat,Democrat,False
B001281,L000557,3,0.7833969394365946,Democrat,Democrat,False
C001067,J000126,3,0.7329336404800415,Democrat,Democrat,False
C001067,S000248,3,0.15971466153860092,Democrat,Democrat,False
N000189,W000821,3,0.04771561920642853,Republican,Republican,False
G000410,C001091,3,0.34397441645463306,Democrat,Democrat,False
T000460,C001067,3,0.758651336034139,Democrat,Democrat,False
E000299,G000581,3,0.16442288955052695,Democrat,Democrat,False
H000874,L000591,3,0.2233846482510368,Democrat,Democrat,False
G000535,D000610,4,0.7509396001696587,Democrat,Democrat,False
G000410,D000399,4,0.6031438279896975,Democrat,Democrat,False
E000299,S001200,3,0.08062067131201427,Democrat,Democrat,False
S001185,T000193,3,0.03658576433857282,Democrat,Democrat,False
L000581,K000390,3,0.4840860764185588,Democrat,Democrat,False
G000586,N000192,17,0.16257946757490144,Democrat,Democrat,False
P000607,N000192,23,0.28021351102253667,Democrat,Democrat,False
M001215,E000295,19,0.18846972504826753,Republican,Republican,False
S001168,S001156,4,0.29478044249117374,Democrat,Democrat,False
N000192,J000298,12,0.3980179607557754,Democrat,Democrat,False
C001117,J000288,3,0.7580813467502594,Democrat,Democrat,False
S001168,M001176,6,0.487380288541317,Democrat,Democrat,False
E000296,D000631,40,0.2970837431726977,Democrat,Democrat,False
P000048,S001184,14,0.43627330704059986,Republican,Republican,False
S000168,D000600,31,0.38979159507359706,Republican,Republican,False
H000601,S001184,3,0.6009351089596748,Republican,Republican,False
E000296,D000627,29,0.4092071731414261,Democrat,Democrat,False
D000610,R000576,4,0.4230180587619543,Democrat,Democrat,False
C001117,D000563,15,0.32476696961869794,Democrat,Democrat,False
B001302,N000190,26,0.5519588228601676,Republican,Republican,False
B001261,M001198,3,0.3498037060101827,Republican,Republican,False
W000802,H001042,22,0.7316179233179851,Democrat,Democrat,False
S001168,H000874,20,0.31087609035894276,Democrat,Democrat,False
C001097,S001200,4,0.22209444362670183,Democrat,Democrat,False
W000817,B001296,3,0.39100683604677516,Democrat,Democrat,False
C001070,H001085,7,0.07061402978641647,Democrat,Democrat,False
M001135,C001101,5,0.43349809795618055,Democrat,Democrat,False
M001135,M001208,4,0.18804310564883053,Democrat,Democrat,False
G000594,P000048,7,0.4984149541705847,Republican,Republican,False
C001067,D000631,3,0.3488749998311202,Democrat,Democrat,False
C000174,S000148,11,0.41415136654607276,Democrat,Democrat,False
C001117,N000191,9,0.30498388554486966,Democrat,Democrat,False
G000565,B000825,10,0.5426119695417583,Republican,Republican,False
L000585,B000755,7,0.4531531613320112,Republican,Republican,False
J000298,O000172,11,0.35299739106134936,Democrat,Democrat,False
J000298,C001101,9,0.37610668989105356,Democrat,Democrat,False
W000802,M001176,36,0.598524925350729,Democrat,Democrat,False
L000560,B001270,3,0.46382796578109264,Democrat,Democrat,False
C001117,S001205,12,0.41279063156495494,Democrat,Democrat,False
K000389,W000822,3,0.3947487237552802,Democrat,Democrat,False
P000617,B001223,7,0.22583330050110817,Democrat,Democrat,False
T000472,Y000062,5,0.655070012062788,Democrat,Democrat,False
E000296,S001168,3,0.17886683717370033,Democrat,Democrat,False
H001077,G000577,3,0.048390982983012996,Republican,Republican,False
L000557,N000015,10,0.3508004551753402,Democrat,Democrat,False
C001039,B001248,3,0.6025439004103342,Republican,Republican,False
B001261,S001184,32,0.5113304081023671,Republican,Republican,False
B001230,W000802,11,0.2509951273995367,Democrat,Democrat,False
M001176,P000618,3,0.248528474320968,Democrat,Democrat,False
E000296,S000148,13,0.3156389377724666,Democrat,Democrat,False
R000305,H000874,6,0.20318131117771068,Democrat,Democrat,False
B001230,C001088,15,0.21595064171900352,Democrat,Democrat,False
E000296,L000551,38,0.609619521486916,Democrat,Democrat,False
H000601,C001098,4,0.6960711032152176,Republican,Republican,False
M001137,E000297,6,0.13490380618410805,Democrat,Democrat,False
H001066,C001113,10,0.12341654491610825,Democrat,Democrat,False
M001200,R000577,3,0.2735634495814641,Democrat,Democrat,False
C001087,L000589,5,0.8796962976455689,Republican,Republican,False
F000454,C001080,3,0.8335836331049601,Democrat,Democrat,False
B001311,B001305,15,0.4936796065419912,Republican,Republican,False
J000293,C001098,5,0.3287358358502388,Republican,Republican,False
W000822,C001080,5,0.7493867337703705,Democrat,Democrat,False
P000048,A000375,9,0.5793754987211691,Republican,Republican,False
T000250,T000476,3,0.2605522821346919,Republican,Republican,False
C001066,N000191,11,0.3158204574137926,Democrat,Democrat,False
G000586,C001078,6,0.3969436816405505,Democrat,Democrat,False
W000822,P000607,36,0.5521643433926834,Democrat,Democrat,False
D000610,C001121,3,0.16888700860242048,Democrat,Democrat,False
S001181,G000555,6,0.3754914704089363,Democrat,Democrat,False
N000191,T000460,6,0.26883789726222557,Democrat,Democrat,False
T000482,M000133,12,0.23344890889711678,Democrat,Democrat,False
F000459,B001243,20,0.2808904168661684,Republican,Republican,False
C001047,M000355,3,0.34381213660041493,Republican,Republican,False
G000553,E000299,4,0.07737460872158408,Democrat,Democrat,False
P000197,R000486,3,0.017205018860598404,Democrat,Democrat,False
S000510,J000298,12,0.11908330659692486,Democrat,Democrat,False
C001080,M001188,5,0.4344639407470822,Democrat,Democrat,False
S001217,D000600,8,0.3668085867539048,Republican,Republican,False
M001137,L000551,9,0.17811509708149564,Democrat,Democrat,False
D000617,M001111,31,0.08105412086532,Democrat,Democrat,False
W000822,O000173,21,0.4163569195107335,Democrat,Democrat,False
L000576,Z000017,15,0.5941196650266647,Republican,Republican,False
B001302,K000395,19,0.7161331274791768,Republican,Republican,False
P000607,P000618,4,0.6029371023178101,Democrat,Democrat,False
M000087,D000216,7,0.47167503408023287,Democrat,Democrat,False
S001217,W000823,10,0.4810970712453127,Republican,Republican,False
N000192,G000586,7,0.3008494449646345,Democrat,Democrat,False
S000320,M000355,6,0.37749852271129686,Republican,Republican,False
S001215,L000592,3,0.3269141959026456,Democrat,Democrat,False
J000126,S001215,6,0.06859897651399176,Democrat,Democrat,False
T000483,C001101,3,0.11718434778352578,Democrat,Democrat,False
F000462,S001156,4,0.1907210350036621,Democrat,Democrat,False
V000131,P000197,10,0.2524760976433754,Democrat,Democrat,False
S001168,H001042,3,0.3222536959995826,Democrat,Democrat,False
C000754,C001068,3,0.36716335142652196,Democrat,Democrat,False
C000754,P000197,3,0.023754704433182876,Democrat,Democrat,False
L000564,M000355,4,0.6491833850741386,Republican,Republican,False
C001104,M000871,6,0.44565145873154205,Republican,Republican,False
C001072,O000173,4,0.292550680693239,Democrat,Democrat,False
N000191,J000294,8,0.5296792201697826,Democrat,Democrat,False
B001281,J000032,6,0.212217902764678,Democrat,Democrat,False
M001176,G000555,4,0.375676266849041,Democrat,Democrat,False
C001067,E000297,12,0.16551197498726347,Democrat,Democrat,False
J000299,L000589,22,0.6742989768020131,Republican,Republican,False
P000197,S001150,19,0.5414729314905248,Democrat,Democrat,False
H001082,V000133,3,0.4471219864984353,Republican,Republican,False
H001047,M001169,4,0.8954145461320877,Democrat,Democrat,False
W000802,S001194,39,0.4732339534526452,Democrat,Democrat,False
S001156,E000296,3,0.9647190372149149,Democrat,Democrat,False
B001287,S001216,7,0.5981081614403853,Democrat,Democrat,False
T000486,S000148,8,0.408120461856015,Democrat,Democrat,False
L000603,P000048,3,0.6850466430187225,Republican,Republican,False
D000096,L000551,4,0.4968222137540579,Democrat,Democrat,False
C001067,L000551,9,0.4938831710153156,Democrat,Democrat,False
S000148,K000367,8,0.39052198245190084,Democrat,Democrat,False
M001137,D000627,11,0.4787725423547355,Democrat,Democrat,False
C001067,D000627,9,0.13330422564306194,Democrat,Democrat,False
M000194,M001184,3,0.4588995302716891,Republican,Republican,False
B001274,M001184,7,0.14232654989297902,Republican,Republican,False
S001205,P000607,9,0.5052115103850762,Democrat,Democrat,False
S001203,B001230,9,0.27572442529102165,Democrat,Democrat,False
R000620,K000400,4,0.5332950496813282,Democrat,Democrat,False
R000599,B001300,3,0.033296054850021996,Democrat,Democrat,False
M001236,M000194,3,0.34803979968031246,Republican,Republican,False
B001261,C001098,21,0.5277417670225814,Republican,Republican,False
T000278,R000575,3,0.3390290817866723,Republican,Republican,False
P000048,C001098,10,0.5738773543387652,Republican,Republican,False
L000557,J000298,4,0.27974524023011327,Democrat,Democrat,False
G000565,M001184,14,0.5503272923773953,Republican,Republican,False
C001039,B000740,4,0.33262600749731064,Republican,Republican,False
B001310,H001089,12,0.5943964049220085,Republican,Republican,False
F000454,P000607,3,0.5487121716141701,Democrat,Democrat,False
C001070,L000588,3,0.02798827054599921,Democrat,Democrat,False
R000608,C001088,4,0.4483061444479972,Democrat,Democrat,False
H001082,A000379,3,0.09085245430469513,Republican,Republican,False
U000031,B001301,3,0.09109095049401124,Republican,Republican,False
V000131,B001270,3,0.24660040624439716,Democrat,Democrat,False
H001087,N000191,7,0.7542834026472909,Democrat,Democrat,False
G000587,N000002,12,0.583889978316923,Democrat,Democrat,False
A000377,N000189,3,0.07975342683494091,Republican,Republican,False
B001302,M000355,8,0.3060305139515549,Republican,Republican,False
L000576,B001299,3,0.3161557714144389,Republican,Republican,False
R000606,H000874,38,0.2603147391867089,Democrat,Democrat,False
G000586,P000096,5,0.22233652472496032,Democrat,Democrat,False
D000096,S000148,10,0.8117221593856812,Democrat,Democrat,False
M001137,S000148,36,0.5727633061922259,Democrat,Democrat,False
L000593,P000197,6,0.02794296418627103,Democrat,Democrat,False
M001137,M001169,43,0.6980947152126667,Democrat,Democrat,False
L000560,P000197,5,0.3795150751248002,Democrat,Democrat,False
C001124,C001059,8,0.2733533853897825,Democrat,Democrat,False
W000817,P000197,4,0.6353470869362354,Democrat,Democrat,False
T000483,C000984,3,0.37809640914201736,Democrat,Democrat,False
B001275,Z000017,3,0.3834417921801408,Republican,Republican,False
D000563,M001111,11,0.5496356526220386,Democrat,Democrat,False
F000062,C001088,4,0.40344439167529345,Democrat,Democrat,False
B001302,R000614,22,0.6678356717933308,Republican,Republican,False
H000874,S001193,3,0.2902601013580958,Democrat,Democrat,False
B001302,M001156,4,0.9298666268587112,Republican,Republican,False
S001203,B000944,8,0.4553054985590279,Democrat,Democrat,False
B001135,T000476,18,0.12467881452499165,Republican,Republican,False
B001286,H000874,7,0.18080257943698338,Democrat,Democrat,False
H001067,B001305,4,0.049608119064942,Republican,Republican,False
M000639,S001198,7,0.03697828363095011,Democrat,Republican,True
S001200,W000797,6,0.4461820526048541,Democrat,Democrat,False
M001187,S001176,7,0.45194496640137266,Republican,Republican,False
G000565,M001197,49,0.08621032228123168,Republican,Republican,False
G000563,J000292,4,0.2634436287917197,Republican,Republican,False
P000523,S001185,4,0.42862841999158263,Democrat,Democrat,False
P000593,S001185,3,0.38235073164105415,Democrat,Democrat,False
P000197,C001117,3,0.26761094853281975,Democrat,Democrat,False
F000461,B001243,3,0.4613617369905114,Republican,Republican,False
T000461,S001184,3,0.26307303210099536,Republican,Republican,False
P000617,F000455,3,0.2930785473436117,Democrat,Democrat,False
M000087,C001121,3,0.08859608105073373,Democrat,Democrat,False
B001302,L000583,4,0.39638802129775286,Republican,Republican,False
P000197,D000482,3,0.3264377911885579,Democrat,Democrat,False
P000197,D000197,6,0.4658762964730461,Democrat,Democrat,False
R000606,S001156,3,0.2139182612299919,Democrat,Democrat,False
T000472,M001208,3,0.2782376781105995,Democrat,Democrat,False
P000617,W000825,3,0.7302741209665934,Democrat,Democrat,False
C001098,S001184,6,0.4125247048214078,Republican,Republican,False
K000385,S001150,3,0.7050443092981974,Democrat,Democrat,False
H000874,C001091,4,0.4741099402308464,Democrat,Democrat,False
C001080,N000002,3,0.5771450151999792,Democrat,Democrat,False
M000312,P000617,20,0.2949740362819284,Democrat,Democrat,False
H001068,J000298,4,0.27050457801669836,Democrat,Democrat,False
G000586,N000179,4,0.17549652326852083,Democrat,Democrat,False
D000631,E000299,9,0.5042880036764674,Democrat,Democrat,False
B001278,A000370,5,0.05559151023626328,Democrat,Democrat,False
P000197,F000462,3,0.3331433857480685,Democrat,Democrat,False
H000874,N000015,5,0.1457126848399639,Democrat,Democrat,False
S001199,K000395,3,0.6586047696570555,Republican,Republican,False
L000174,W000802,7,0.41258704023701803,Democrat,Democrat,False
G000578,J000289,7,0.5797670893371105,Republican,Republican,False
S001206,B001278,3,0.24780199925104776,Democrat,Democrat,False
G000551,L000551,19,0.7670243259911474,Democrat,Democrat,False
B001281,L000551,18,0.6490395528574785,Democrat,Democrat,False
G000565,S001212,7,0.4038408338757498,Republican,Republican,False
S001232,D000618,9,0.06331983726057741,Republican,Republican,False
G000555,B001288,5,0.4185895971953869,Democrat,Democrat,False
J000299,V000139,3,0.18371564336121082,Republican,Republican,False
W000797,C001119,4,0.4197082086466253,Democrat,Democrat,False
L000571,S001198,9,0.3492704723030329,Republican,Republican,False
S001232,M001242,3,0.6626114447911581,Republican,Republican,False
M001184,K000389,11,0.5783748707988046,Republican,Democrat,True
C001132,D000032,4,0.29949915409088135,Republican,Republican,False
F000477,J000298,7,0.5966628209820816,Democrat,Democrat,False
O000173,M001229,4,0.4714345005340874,Democrat,Democrat,False
R000122,W000817,5,0.48827121295034887,Democrat,Democrat,False
D000634,D000618,7,0.07386728110057968,Republican,Republican,False
F000476,G000606,3,0.48186255991458893,Democrat,Democrat,False
L000570,O000174,3,0.5650173326333364,Democrat,Democrat,False
J000299,B001305,4,0.4615606861189008,Republican,Republican,False
L000174,C001088,10,0.34975592577829956,Democrat,Democrat,False
Q000023,T000472,5,0.4250490672886372,Democrat,Democrat,False
P000593,B001267,10,0.039438284514471886,Democrat,Democrat,False
B001292,R000606,13,0.514968847999206,Democrat,Democrat,False
S000033,O000172,3,0.09465212561190128,Independent,Democrat,False
M001137,L000582,7,0.583771176636219,Democrat,Democrat,False
P000607,P000096,17,0.40059111431679306,Democrat,Democrat,False
S001206,S001200,16,0.27172237331978977,Democrat,Democrat,False
S001207,W000822,5,0.09476017057895661,Democrat,Democrat,False
E000299,C001078,6,0.650672713915507,Democrat,Democrat,False
C001096,M000355,8,0.3479205700568855,Republican,Republican,False
R000515,Q000023,16,0.3736646337201819,Democrat,Democrat,False
W000802,R000122,40,0.3404633864527568,Democrat,Democrat,False
C001098,G000555,6,0.19447810854762793,Republican,Democrat,True
S001184,B001261,4,0.6185000750701874,Republican,Republican,False
M000639,C001070,4,0.39625916816294193,Democrat,Democrat,False
C001070,W000826,10,0.11489779958501459,Democrat,Democrat,False
C001117,S001145,15,0.26584646459668876,Democrat,Democrat,False
H000874,K000381,5,0.08800660260021687,Democrat,Democrat,False
C001036,M001163,7,0.12154363122369562,Democrat,Democrat,False
M001203,P000096,4,0.22186578391119838,Democrat,Democrat,False
U000040,B001286,3,0.3438265236715476,Democrat,Democrat,False
M000639,B000944,6,0.5355309279014667,Democrat,Democrat,False
L000570,U000039,5,0.2399620469659567,Democrat,Democrat,False
L000592,T000481,9,0.3732769207821952,Democrat,Democrat,False
B001281,S000148,3,0.6533187441527843,Democrat,Democrat,False
S001205,C001080,4,0.5149614368565381,Democrat,Democrat,False
D000563,C001113,7,0.14209489883588894,Democrat,Democrat,False
L000557,C001091,3,0.6923405528068542,Democrat,Democrat,False
C001072,C001080,4,0.5487121639307588,Democrat,Democrat,False
E000296,M001169,5,0.3667313292622566,Democrat,Democrat,False
P000197,M001207,3,0.5992432534694672,Democrat,Democrat,False
H001064,K000381,15,0.14164402238093315,Democrat,Democrat,False
D000096,M001169,4,0.9162479639053345,Democrat,Democrat,False
R000606,F000454,3,0.386820741618673,Democrat,Democrat,False
C001070,B000944,13,0.40799286066053003,Democrat,Democrat,False
M000312,T000193,4,0.32744339876808226,Democrat,Democrat,False
E000296,E000297,8,0.7005718788132071,Democrat,Democrat,False
B001287,H001047,4,0.6722687184810638,Democrat,Democrat,False
H001080,C001101,3,0.6580675592025121,Democrat,Democrat,False
C001069,H001047,6,0.40177162643522024,Democrat,Democrat,False
B001300,L000551,3,0.43571343272924423,Democrat,Democrat,False
W000826,S001205,13,0.21467288891569927,Democrat,Democrat,False
W000437,S001184,5,0.6053538985550404,Republican,Republican,False
S001194,W000805,5,0.5123806454241275,Democrat,Democrat,False
J000298,D000624,5,0.13920454010367395,Democrat,Democrat,False
P000523,P000617,3,0.3990691447009643,Democrat,Democrat,False
C001068,R000515,3,0.40112706273794174,Democrat,Democrat,False
S001185,R000515,3,0.7760717272758484,Democrat,Democrat,False
L000593,G000585,5,0.7557438656687736,Democrat,Democrat,False
B001277,W000817,5,0.5886917479336262,Democrat,Democrat,False
F000062,W000802,3,0.7943827311197916,Democrat,Democrat,False
H001046,S001194,8,0.6742715910077095,Democrat,Democrat,False
H001046,L000273,5,0.21308060390874745,Democrat,Democrat,False
F000476,J000298,4,0.4742686841636896,Democrat,Democrat,False
G000586,T000474,6,0.3086969438008964,Democrat,Democrat,False
W000797,K000367,3,0.28025077159206074,Democrat,Democrat,False
E000295,G000386,9,0.15939944692783886,Republican,Republican,False
S001230,K000384,4,0.3516399080399424,Democrat,Democrat,False
N000190,O000175,3,0.43615780770778656,Republican,Republican,False
R000577,M001169,5,0.489874529838562,Democrat,Democrat,False
C001067,S000148,4,0.3570844139903784,Democrat,Democrat,False
M000087,R000515,5,0.4912010654807091,Democrat,Democrat,False
R000585,S001176,10,0.5048785602673889,Republican,Republican,False
K000395,B001310,9,0.7134543293052249,Republican,Republican,False
C001104,B001305,3,0.5359750191370646,Republican,Republican,False
L000564,M001136,4,0.6995509713888168,Republican,Republican,False
W000817,B001224,3,0.4603992501894633,Democrat,Democrat,False
H001089,C001098,3,0.4497437998652458,Republican,Republican,False
P000593,S000510,3,0.03912051705022653,Democrat,Democrat,False
L000557,G000586,3,0.2703401328374942,Democrat,Democrat,False
C001070,B001230,10,0.29357563722878693,Democrat,Democrat,False
J000298,J000306,4,0.6309171207249165,Democrat,Democrat,False
J000299,C001039,5,0.36138512156903746,Republican,Republican,False
L000557,D000610,4,0.2236917088739574,Democrat,Democrat,False
K000395,P000609,4,0.8622531443834305,Republican,Republican,False
R000614,N000190,5,0.5809152036905288,Republican,Republican,False
B001304,S001150,3,0.5624372859795889,Democrat,Democrat,False
P000604,W000822,11,0.420669543302872,Democrat,Democrat,False
L000579,B001292,4,0.16869077365845442,Democrat,Democrat,False
C001104,R000103,8,0.6182547002099454,Republican,Republican,False
C001121,P000197,4,0.26520758867263794,Democrat,Democrat,False
H000874,M001143,4,0.35923958104103804,Democrat,Democrat,False
L000551,D000623,5,0.35390895083546636,Democrat,Democrat,False
B001302,M001136,6,0.6936360051234564,Republican,Republican,False
B001223,G000555,5,0.03665270898491144,Democrat,Democrat,False
C001104,G000552,3,0.5282712777455648,Republican,Republican,False
H001076,P000449,6,0.09689525328576565,Democrat,Republican,True
M001190,H001082,3,0.47367593257998425,Republican,Republican,False
L000592,W000822,4,0.2813986465334892,Democrat,Democrat,False
P000048,H001067,4,0.3820729088038206,Republican,Republican,False
L000557,M001143,4,0.055896228877827525,Democrat,Democrat,False
L000557,R000577,4,0.5388945369049907,Democrat,Democrat,False
B001281,D000627,8,0.31856686354149133,Democrat,Democrat,False
O000172,M000087,3,0.37215596561630565,Democrat,Democrat,False
M001160,C001091,3,0.3157613441968958,Democrat,Democrat,False
D000635,P000617,4,0.31819861475378275,Democrat,Democrat,False
C001113,W000805,8,0.7868459969758987,Democrat,Democrat,False
L000570,V000128,5,0.7604401379823684,Democrat,Democrat,False
B001292,S001194,5,0.5775545239448547,Democrat,Democrat,False
O000172,C001121,3,0.44057338312268257,Democrat,Democrat,False
M001206,J000310,3,0.5989272675166527,Democrat,Democrat,False
M001176,K000384,5,0.8643531680107117,Democrat,Democrat,False
D000635,A000381,4,0.8885858952999115,Democrat,Democrat,False
M000312,B001281,5,0.5797371782362462,Democrat,Democrat,False
B001303,K000384,3,0.9147820274035136,Democrat,Democrat,False
B001292,S001156,5,0.6601937681436538,Democrat,Democrat,False
W000822,S000033,9,0.6363075690137016,Democrat,Independent,False
G000559,H001090,3,0.34972781129181385,Democrat,Democrat,False
E000297,B001223,4,0.25298352679237723,Democrat,Democrat,False
C000266,D000603,3,0.6040347640713056,Republican,Republican,False
K000378,C001109,3,0.6284716924031576,Republican,Republican,False
R000103,J000289,5,0.5513889364898205,Republican,Republican,False
W000795,C001068,3,0.1418500505387783,Republican,Democrat,True
B001296,S001193,6,0.3430295476379494,Democrat,Democrat,False
M001211,S001213,4,0.04353736760094762,Republican,Republican,False
N000026,J000289,10,0.6210613563656807,Republican,Republican,False
L000592,S001218,3,0.05077100545167923,Democrat,Democrat,False
F000246,B001299,15,0.4509952962398529,Republican,Republican,False
M000871,S001196,5,0.5575421124696731,Republican,Republican,False
H001076,E000295,5,0.060916056670248506,Democrat,Republican,True
B001298,C001095,4,0.5073112547397614,Republican,Republican,False
A000378,W000826,3,0.30802843905985355,Democrat,Democrat,False
G000551,E000297,11,0.16748023050075228,Democrat,Democrat,False
L000590,T000468,5,0.24060828238725662,Democrat,Democrat,False
M001136,M001180,3,0.1287908349186182,Republican,Republican,False
T000469,L000551,8,0.42387418914586306,Democrat,Democrat,False
T000483,T000482,8,0.12753728963434696,Democrat,Democrat,False
G000594,B000740,5,0.3001532759517431,Republican,Republican,False
P000145,P000197,3,0.021621032617986202,Democrat,Democrat,False
J000299,C001054,5,0.4308154255151749,Republican,Republican,False
H001082,M001211,8,0.6444012131541967,Republican,Republican,False
M001184,R000614,4,0.5609932690858841,Republican,Republican,False
J000293,B001302,5,0.30684770718216897,Republican,Republican,False
J000299,M000871,9,0.5519419165535105,Republican,Republican,False
H001095,L000577,4,0.4369512312114239,Republican,Republican,False
S001205,M001111,3,0.948816200097402,Democrat,Democrat,False
M000312,S001185,5,0.20418432615697385,Democrat,Democrat,False
W000802,R000606,5,0.5551622480154037,Democrat,Democrat,False
H001084,F000450,3,0.5051804532607397,Republican,Republican,False
T000278,S001217,7,0.3620675147644111,Republican,Republican,False
S001217,D000032,3,0.37448932975530624,Republican,Republican,False
E000296,L000582,3,0.36835178329298895,Democrat,Democrat,False
C001097,K000380,6,0.29645171854645014,Democrat,Democrat,False
P000197,P000610,3,0.656575987736384,Democrat,Democrat,False
L000586,B001281,3,0.1398479181031386,Democrat,Democrat,False
P000607,C001078,7,0.6762504460556167,Democrat,Democrat,False
P000617,C001117,3,0.022812221199274063,Democrat,Democrat,False
D000631,B001281,6,0.1595501482176284,Democrat,Democrat,False
B001312,W000788,5,0.2924383033066988,Democrat,Democrat,False
B001281,E000297,3,0.07186876144260168,Democrat,Democrat,False
D000631,S001185,3,0.03326645555595557,Democrat,Democrat,False
J000305,C001101,5,0.39549265410751105,Democrat,Democrat,False
A000378,S001209,3,0.5546351584295431,Democrat,Democrat,False
C001038,G000555,6,0.6095152273774147,Democrat,Democrat,False
J000126,V000128,5,0.44358180463314056,Democrat,Democrat,False
C000141,G000555,3,0.06525975341598193,Democrat,Democrat,False
M001184,B001283,18,0.46636280608880853,Republican,Republican,False
G000559,L000287,14,0.34288961849441485,Democrat,Democrat,False
B001257,U000031,7,0.0335778488910624,Republican,Republican,False
W000808,W000797,8,0.016483395476825535,Democrat,Democrat,False
M000702,M001111,12,0.3412211248651147,Democrat,Democrat,False
S000364,P000594,3,0.1944542353351911,Republican,Republican,False
G000559,D000216,16,0.26251256465911865,Democrat,Democrat,False
J000126,M001160,7,0.24816997987883432,Democrat,Democrat,False
F000458,I000056,20,0.35802693022415044,Republican,Republican,False
K000383,K000384,4,0.041342165088281035,Independent,Democrat,False
R000146,M001176,3,0.2987933810800314,Democrat,Democrat,False
N000127,K000367,6,0.04146000059942404,Democrat,Democrat,False
C001061,L000287,4,0.24746819864958525,Democrat,Democrat,False
H001052,J000289,7,0.5292673941169467,Republican,Republican,False
D000613,K000360,14,0.2015874610681619,Republican,Republican,False
C001038,I000057,7,0.4538734435502972,Democrat,Democrat,False
Y000064,M001159,4,0.0549244019202888,Republican,Republican,False
W000798,I000056,8,0.2867759170476347,Republican,Republican,False
W000813,C000542,4,0.17168339854106307,Republican,Republican,False
M000312,L000263,5,0.48672653287649154,Democrat,Democrat,False
H001041,C001071,3,0.27057283868392307,Republican,Republican,False
S001193,S001175,6,0.17341611782709757,Democrat,Democrat,False
B001223,N000192,4,0.18942906614392996,Democrat,Democrat,False
M001158,P000594,4,0.41118306131102145,Republican,Republican,False
H001058,R000572,4,0.38410853897221386,Republican,Republican,False
C001093,I000056,8,0.5574830090627074,Republican,Republican,False
K000363,M001159,3,0.1268237034479777,Republican,Republican,False
D000598,P000608,5,0.04957041312009096,Democrat,Democrat,False
I000057,M001188,6,0.09595192565272252,Democrat,Democrat,False
C000714,T000472,3,0.6440414488315582,Democrat,Democrat,False
M001166,P000197,4,0.3398798983544111,Democrat,Democrat,False
B001292,H000874,4,0.5685521736741066,Democrat,Democrat,False
B001278,S000185,9,0.3377865473222401,Democrat,Democrat,False
W000802,A000360,3,0.058962936202685036,Democrat,Republican,True
R000486,F000462,3,0.3937612933417161,Democrat,Democrat,False
W000821,H001072,7,0.16173741035163403,Republican,Republican,False
C001066,L000397,3,0.16259791577855745,Democrat,Democrat,False
M001185,N000002,5,0.5833674244582653,Democrat,Democrat,False
C001066,M001135,3,0.45504641222457093,Democrat,Democrat,False
F000462,H000874,7,0.35524860490113497,Democrat,Democrat,False
V000130,T000460,3,0.5787865730623404,Democrat,Democrat,False
B001281,L000582,4,0.5128145944327116,Democrat,Democrat,False
J000299,F000470,3,0.6282605224599441,Republican,Republican,False
C001108,J000289,3,0.6138760671019554,Republican,Republican,False
R000603,T000476,5,0.2521134987473488,Republican,Republican,False
G000551,B001300,3,0.22168570260206857,Democrat,Democrat,False
C001117,B001286,4,0.3015334748197347,Democrat,Democrat,False
S001175,G000559,3,0.4428900567193826,Democrat,Democrat,False
Y000064,B000755,5,0.5145743491128087,Republican,Republican,False
C000266,I000056,3,0.5872260828812917,Republican,Republican,False
P000604,K000380,5,0.8663491606712341,Democrat,Democrat,False
S001185,D000216,3,0.09619679115712643,Democrat,Democrat,False
G000559,T000469,22,0.11845746001398022,Democrat,Democrat,False
C000984,M000702,5,0.03562156856060028,Democrat,Democrat,False
C001068,L000287,9,0.3879274001551999,Democrat,Democrat,False
L000263,W000797,3,0.6858592927455902,Democrat,Democrat,False
C000141,M000702,10,0.05963165457360446,Democrat,Democrat,False
C000984,C001078,6,0.6913456320762634,Democrat,Democrat,False
L000551,Q000023,7,0.14488981797226838,Democrat,Democrat,False
R000146,R000122,8,0.1133863510331139,Democrat,Democrat,False
F000454,C001097,3,0.06817052606493235,Democrat,Democrat,False
B001261,T000461,3,0.5655457427104315,Republican,Republican,False
L000174,L000287,14,0.3343291698422815,Democrat,Democrat,False
W000817,K000379,4,0.47643102845177054,Democrat,Democrat,False
M001189,B001275,4,0.16005774307996035,Republican,Republican,False
G000568,G000289,3,0.31116696012516815,Republican,Republican,False
P000608,S001191,9,0.08741181799107128,Democrat,Democrat,False
J000299,G000593,4,0.5563442828133702,Republican,Republican,False
J000298,U000040,4,0.02370210736989975,Democrat,Democrat,False
J000293,G000576,3,0.10620700102299452,Republican,Republican,False
S001193,M001196,5,0.1955000426620245,Democrat,Democrat,False
C001115,D000032,3,0.01658433877552549,Republican,Republican,False
D000631,P000617,4,0.24492081510834396,Democrat,Democrat,False
D000399,P000618,3,0.6275489628314972,Democrat,Democrat,False
F000468,D000191,3,0.33864596982796985,Democrat,Democrat,False
E000296,J000032,3,0.33161230105906725,Democrat,Democrat,False
S001193,D000629,3,0.013796254992485046,Democrat,Democrat,False
C001068,D000216,4,0.0924450745806098,Democrat,Democrat,False
L000397,D000216,5,0.3940294995903969,Democrat,Democrat,False
J000290,M000934,4,0.019620265811681747,Republican,Republican,False
H001081,M001169,4,0.3132737670093775,Democrat,Democrat,False
C001103,S001176,7,0.2861793727747032,Republican,Republican,False
L000581,J000298,5,0.8399585664272309,Democrat,Democrat,False
D000563,G000386,3,0.5295338227103153,Democrat,Republican,True
M001137,M000639,3,0.6491404194384813,Democrat,Democrat,False
R000591,B001289,15,0.14489381366098922,Republican,Republican,False
E000296,V000130,3,0.6497758515179157,Democrat,Democrat,False
S001172,B000755,4,0.30362216383218765,Republican,Republican,False
G000581,C001091,3,0.24142230053742728,Democrat,Democrat,False
Y000062,D000610,6,0.21750714513473213,Democrat,Democrat,False
E000297,M001207,4,0.4099172540009022,Democrat,Democrat,False
L000592,K000380,3,0.019385358318686485,Democrat,Democrat,False
R000601,W000819,5,0.2885580211877823,Republican,Republican,False
B001289,A000370,7,0.10279363792921815,Republican,Democrat,True
I000055,M000355,4,0.03891241201199591,Republican,Republican,False
J000126,J000294,3,0.34856575541198254,Democrat,Democrat,False
G000570,K000382,3,0.020772318666179974,Republican,Democrat,True
B001277,E000293,10,0.17995636900886894,Democrat,Democrat,False
M000087,T000469,3,0.2203911536683639,Democrat,Democrat,False
C001038,A000371,4,0.7820209711790085,Democrat,Democrat,False
Y000062,C001091,3,0.590771152327458,Democrat,Democrat,False
B001296,C001091,3,0.07548295271893342,Democrat,Democrat,False
T000469,B001282,4,0.03074532770551741,Democrat,Republican,True
L000580,R000588,3,0.6206264154364666,Democrat,Democrat,False
S000248,V000081,7,0.11283840066088098,Democrat,Democrat,False
R000307,S001184,8,0.4987045039306395,Republican,Republican,False
E000290,C001038,4,0.3966497424989939,Democrat,Democrat,False
C001066,M001163,4,0.24808694934472442,Democrat,Democrat,False
P000611,C001035,3,0.055376737068096794,Republican,Republican,False
B000213,S001176,13,0.2921397038377248,Republican,Republican,False
K000380,M001163,3,0.45592812821269035,Democrat,Democrat,False
C001066,G000535,3,0.1480610320965449,Democrat,Democrat,False
L000551,W000797,3,0.33441730340321857,Democrat,Democrat,False
D000625,S001176,10,0.058437243569642305,Republican,Republican,False
C001101,D000197,4,0.38902269350364804,Democrat,Democrat,False
L000580,C001072,3,0.936856746673584,Democrat,Democrat,False
C001066,B001286,5,0.5793691921979189,Democrat,Democrat,False
K000380,B001286,5,0.361517408490181,Democrat,Democrat,False
C001066,S001145,4,0.4349142434075475,Democrat,Democrat,False
S001185,L000287,11,0.36182485876435583,Democrat,Democrat,False
D000096,L000582,5,0.7012826204299927,Democrat,Democrat,False
T000469,S001168,5,0.25912917479872705,Democrat,Democrat,False
T000469,L000582,4,0.48228008090518415,Democrat,Democrat,False
D000610,D000216,3,0.15411565390725931,Democrat,Democrat,False
L000589,Z000017,3,0.185113704452912,Republican,Republican,False
M000087,K000391,4,0.4919230919331312,Democrat,Democrat,False
F000466,E000296,3,0.028634837518135708,Republican,Democrat,True
S000148,L000174,10,0.49904039353132246,Democrat,Democrat,False
J000298,Y000062,3,0.7004643778006235,Democrat,Democrat,False
J000294,Y000062,4,0.5839611738920212,Democrat,Democrat,False
S001217,H001089,3,0.47070446610450745,Republican,Republican,False
J000298,M001208,3,0.20559198906024298,Democrat,Democrat,False
K000385,F000455,3,0.12103081618746121,Democrat,Democrat,False
C000984,W000799,3,0.016038510327537853,Democrat,Democrat,False
J000294,D000624,3,0.6514425302545229,Democrat,Democrat,False
C001047,C000567,4,0.05837284401059151,Republican,Republican,False
S001150,F000062,4,0.550636662170291,Democrat,Democrat,False
C000714,R000588,6,0.575917656843861,Democrat,Democrat,False
B001281,S001187,14,0.06725314572187406,Democrat,Republican,True
L000580,C001066,4,0.06070993863977492,Democrat,Democrat,False
Y000062,S001193,4,0.3549859058111906,Democrat,Democrat,False
G000565,J000299,3,0.32917254076649743,Republican,Republican,False
B001273,S001176,9,0.2904580980539322,Republican,Republican,False
D000614,S000364,4,0.15552074741572142,Republican,Republican,False
C000714,G000551,3,0.28453539311885834,Democrat,Democrat,False
F000463,S001184,3,0.01705181101957957,Republican,Republican,False
N000002,R000606,7,0.6459861951214927,Democrat,Democrat,False
Y000062,J000298,4,0.5064705833792686,Democrat,Democrat,False
S000148,W000805,17,0.6644428225562853,Democrat,Democrat,False
B001289,M001159,5,0.2846623189747334,Republican,Republican,False
G000535,V000081,8,0.4458439095178619,Democrat,Democrat,False
B001289,A000055,4,0.0298489109845832,Republican,Republican,False
L000575,T000476,7,0.23706373944878578,Republican,Republican,False
H001050,P000034,3,0.6152801513671875,Democrat,Democrat,False
H001075,H001042,3,0.1708020344376564,Democrat,Democrat,False
R000577,L000551,3,0.6905829384922981,Democrat,Democrat,False
C001101,D000482,3,0.49302234314382076,Democrat,Democrat,False
L000551,E000179,3,0.33630019923051196,Democrat,Democrat,False
Y000062,D000399,4,0.692442724481225,Democrat,Democrat,False
E000296,B001300,3,0.503619372844696,Democrat,Democrat,False
R000601,S001176,15,0.27255288722614446,Republican,Republican,False
L000581,D000610,5,0.34015072146430614,Democrat,Democrat,False
C001101,S001150,5,0.7295361638069153,Democrat,Democrat,False
B001293,R000572,3,0.031420412783821426,Republican,Republican,False
L000581,S001193,3,0.6743300954500834,Democrat,Democrat,False
J000298,C000714,5,0.565152445435524,Democrat,Democrat,False
S000320,C000567,3,0.07385083536307017,Republican,Republican,False
M001199,B001311,3,0.5975438406070074,Republican,Republican,False
B000944,R000577,6,0.0767384118710955,Democrat,Democrat,False
L000397,L000287,5,0.3337011650204659,Democrat,Democrat,False
S000033,C000714,5,0.022938762418925764,Independent,Democrat,False
T000469,S000148,4,0.23370516020804644,Democrat,Democrat,False
K000378,R000611,3,0.6431456208229065,Republican,Republican,False
W000815,A000372,3,0.02407775695125262,Republican,Republican,False
W000815,F000459,3,0.07526837040980656,Republican,Republican,False
L000560,C000127,5,0.1507225062698126,Democrat,Democrat,False
L000575,B001135,5,0.2463932938873768,Republican,Republican,False
S001198,T000476,3,0.6075259593004981,Republican,Republican,False
H001068,E000215,3,0.5459296305974325,Democrat,Democrat,False
A000377,C001108,3,0.43690961599349976,Republican,Republican,False
C000174,M001169,4,0.2979038655757904,Democrat,Democrat,False
C001066,P000034,3,0.8957269191741943,Democrat,Democrat,False
T000460,K000385,4,0.37844664161093533,Democrat,Democrat,False
P000588,P000606,3,0.42408624043067294,Republican,Republican,False
S000148,H001076,16,0.45716464309953153,Democrat,Democrat,False
K000009,B001281,5,0.018730033189058304,Democrat,Democrat,False
M000133,G000555,3,0.1485510946561893,Democrat,Democrat,False
W000819,M001156,3,0.030990586305658024,Republican,Republican,False
C000127,M001153,3,0.01958867721259594,Democrat,Republican,True
Y000063,M001202,9,0.07966755765179794,Republican,Democrat,True
W000806,S001176,7,0.832803121634892,Republican,Republican,False
P000048,G000590,3,0.7382676700750986,Republican,Republican,False
B001311,S001176,12,0.7190945831437906,Republican,Republican,False
B001261,C001047,14,0.4160401268995234,Republican,Republican,False
E000296,B001292,54,0.5983190817965401,Democrat,Democrat,False
M001176,W000779,48,0.29245049599558115,Democrat,Democrat,False
D000631,R000606,5,0.6376192573457956,Democrat,Democrat,False
S001205,N000191,10,0.42871150402352215,Democrat,Democrat,False
D000615,B001302,26,0.47401853572004116,Republican,Republican,False
C001067,N000002,8,0.32201023562811315,Democrat,Democrat,False
G000559,C001059,3,0.16276818482826153,Democrat,Democrat,False
R000122,S000148,13,0.37171146302269054,Democrat,Democrat,False
S001200,C001066,4,0.09908674750477076,Democrat,Democrat,False
B001281,W000788,10,0.06772781466133893,Democrat,Democrat,False
R000122,R000608,3,0.39670347422361374,Democrat,Democrat,False
P000617,P000618,8,0.49446919187903404,Democrat,Democrat,False
B000944,V000128,11,0.658982137387449,Democrat,Democrat,False
B001302,B001311,23,0.5885248223076696,Republican,Republican,False
J000299,S001176,24,0.545455161598511,Republican,Republican,False
E000296,K000389,19,0.5044184906506225,Democrat,Democrat,False
B001299,G000589,5,0.5162921227514744,Republican,Republican,False
W000802,H001046,33,0.5344986076833624,Democrat,Democrat,False
A000377,C001096,20,0.227501596044749,Republican,Republican,False
S001168,S000510,4,0.29704674147069454,Democrat,Democrat,False
M000087,M001208,4,0.19448553957045078,Democrat,Democrat,False
C001097,V000131,5,0.45145315751433374,Democrat,Democrat,False
H001067,S001176,40,0.4630768268369138,Republican,Republican,False
M000312,R000606,13,0.5571182456870492,Democrat,Democrat,False
M000312,H000874,9,0.4026437621149752,Democrat,Democrat,False
W000802,B001267,5,0.7600476652383804,Democrat,Democrat,False
B001270,P000197,5,0.3231792999431491,Democrat,Democrat,False
S001212,B000755,3,0.3236196208745241,Republican,Republican,False
S001190,S001145,6,0.15565624569232264,Democrat,Democrat,False
T000463,T000469,5,0.2205664025619626,Republican,Democrat,True
B001302,C001093,82,0.6576173453160176,Republican,Republican,False
S000148,B000944,14,0.45841107663831543,Democrat,Democrat,False
G000586,S001150,24,0.671641475132977,Democrat,Democrat,False
M000087,O000172,10,0.37620186172425746,Democrat,Democrat,False
C001117,C001080,3,0.5943672358989716,Democrat,Democrat,False
B001303,C000174,14,0.12962344235607556,Democrat,Democrat,False
C001066,C001080,7,0.4062426464099969,Democrat,Democrat,False
F000454,D000563,72,0.4152608411386609,Democrat,Democrat,False
E000296,H001066,12,0.38147667329758406,Democrat,Democrat,False
M001135,D000216,3,0.6201476529240608,Democrat,Democrat,False
J000298,R000515,4,0.30023057851940393,Democrat,Democrat,False
F000468,P000034,3,0.6019538609931866,Democrat,Democrat,False
M000133,B001223,5,0.3439856644719839,Democrat,Democrat,False
T000472,D000216,3,0.359872551014026,Democrat,Democrat,False
M001176,W000790,26,0.40836003741536003,Democrat,Democrat,False
W000817,B001277,9,0.48495215529368985,Democrat,Democrat,False
M001205,B000755,8,0.5234717912971973,Republican,Republican,False
H001068,T000460,8,0.16388679877854884,Democrat,Democrat,False
C001112,P000145,4,0.06844423245638609,Democrat,Democrat,False
R000606,S000510,4,0.3253067471086979,Democrat,Democrat,False
B001261,G000359,3,0.5026851544777552,Republican,Republican,False
D000610,M001208,3,0.11063312459737062,Democrat,Democrat,False
K000396,M001215,4,0.03202826110646129,Democrat,Republican,True
D000615,C001098,5,0.4277971476316452,Republican,Republican,False
M000312,M001176,4,0.31072119250893593,Democrat,Democrat,False
L000577,S001192,4,0.4521680139005184,Republican,Republican,False
S001217,S000168,4,0.013196684536524117,Republican,Republican,False
S001193,Q000023,3,0.48817777819931507,Democrat,Democrat,False
P000613,M001176,3,0.041684169322252274,Democrat,Democrat,False
C000174,C000141,7,0.2634172692362751,Democrat,Democrat,False
G000568,M001159,5,0.07089468017220497,Republican,Republican,False
B001257,S001217,3,0.617392306526502,Republican,Republican,False
C001070,E000296,17,0.1350448484916021,Democrat,Democrat,False
M000087,C001101,5,0.32272554710507395,Democrat,Democrat,False
M001137,N000002,11,0.249099760400978,Democrat,Democrat,False
F000469,S001176,9,0.7685925844642851,Republican,Republican,False
S001168,P000145,3,0.44715191796422005,Democrat,Democrat,False
C000141,C000174,6,0.18005533190444112,Democrat,Democrat,False
D000615,H001067,3,0.12553776738544306,Republican,Republican,False
O000174,J000288,5,0.025816533714532852,Democrat,Democrat,False
P000604,P000197,4,0.4503023303113878,Democrat,Democrat,False
W000822,D000563,3,0.9317446748415629,Democrat,Democrat,False
C001039,W000795,3,0.4571587884177764,Republican,Republican,False
M001176,C000174,6,0.35044351934144896,Democrat,Democrat,False
C001097,B001270,12,0.5110907264364263,Democrat,Democrat,False
D000216,C001101,5,0.2786005862057209,Democrat,Democrat,False
J000126,D000399,4,0.11679255310446024,Democrat,Democrat,False
C001080,L000582,7,0.29031793573605164,Democrat,Democrat,False
K000396,P000197,5,0.06632777340710164,Democrat,Democrat,False
C001070,H001076,7,0.1605764634108969,Democrat,Democrat,False
C001087,S001176,21,0.7224870216810987,Republican,Republican,False
R000620,J000294,23,0.5881565934775964,Democrat,Democrat,False
P000610,B001296,8,0.6702687172219157,Democrat,Democrat,False
S001203,K000367,16,0.24099561176262796,Democrat,Democrat,False
C001132,L000596,8,0.41952213505283,Republican,Republican,False
H001086,S001176,4,0.7153483629226685,Republican,Republican,False
S001224,P000605,8,0.7487475164234638,Republican,Republican,False
F000481,J000294,5,0.5774026185274124,Democrat,Democrat,False
V000130,G000586,10,0.36677328469231724,Democrat,Democrat,False
P000617,M001229,4,0.52415463142097,Democrat,Democrat,False
A000377,J000289,28,0.4221380527763228,Republican,Republican,False
B001302,H001084,5,0.38953240364789965,Republican,Republican,False
W000822,S001205,8,0.06709195848088712,Democrat,Democrat,False
S001203,H001076,6,0.24897560849785805,Democrat,Democrat,False
H001084,S001176,7,0.6207478227359908,Republican,Republican,False
J000305,D000216,4,0.24558905512094498,Democrat,Democrat,False
F000462,P000617,4,0.2601634522434324,Democrat,Democrat,False
E000296,M001188,4,0.6118983528576791,Democrat,Democrat,False
G000596,M001211,7,0.4656906282263143,Republican,Republican,False
H001082,J000289,11,0.5335758081213995,Republican,Republican,False
C001104,S001176,9,0.7924466795391507,Republican,Republican,False
W000809,S001176,23,0.49628694865690626,Republican,Republican,False
S001168,B001267,5,0.33831705078482627,Democrat,Democrat,False
G000591,H001067,3,0.5310751795768738,Republican,Republican,False
C000174,B001303,14,0.13163504882582597,Democrat,Democrat,False
G000586,C001117,19,0.3827237171169959,Democrat,Democrat,False
R000614,H001084,7,0.4911020664232118,Republican,Republican,False
K000403,K000405,3,0.5273714264233907,Republican,Republican,False
S001194,B001230,4,0.32438935339450836,Democrat,Democrat,False
S001206,P000197,28,0.38439372966864277,Democrat,Democrat,False
B001285,P000197,6,0.3413242098564903,Democrat,Democrat,False
R000515,C001066,5,0.5510294966399669,Democrat,Democrat,False
J000295,K000382,3,0.1916829670468966,Republican,Democrat,True
M001187,B001305,22,0.4197369364767589,Republican,Republican,False
G000585,S000033,3,0.4203973275919755,Democrat,Independent,False
E000296,B001303,4,0.08493470004759729,Democrat,Democrat,False
G000551,N000002,5,0.6746500372886658,Democrat,Democrat,False
R000606,H001080,6,0.331142636636893,Democrat,Democrat,False
G000583,R000585,4,0.2390829420182854,Democrat,Republican,True
C001066,M001200,10,0.4503287967294455,Democrat,Democrat,False
E000299,S001150,23,0.7492502150328263,Democrat,Democrat,False
G000565,M001187,26,0.5669090999290347,Republican,Republican,False
H001067,W000819,7,0.36701440199145247,Republican,Republican,False
K000389,P000197,8,0.28656528424471617,Democrat,Democrat,False
P000605,R000614,17,0.4287545935196035,Republican,Republican,False
L000590,R000611,3,0.022606417536735535,Democrat,Republican,True
W000822,S001207,10,0.36192663498222827,Democrat,Democrat,False
E000179,C001067,3,0.40195562442143756,Democrat,Democrat,False
P000607,F000455,3,0.14557008693615595,Democrat,Democrat,False
L000551,M000312,10,0.5147320874035358,Democrat,Democrat,False
B001302,W000816,6,0.6606670046846072,Republican,Republican,False
S001203,C001119,4,0.03381503070704639,Democrat,Democrat,False
H001068,J000294,4,0.529087227769196,Democrat,Democrat,False
R000515,M000312,5,0.16770926713943482,Democrat,Democrat,False
M000087,R000613,6,0.20016884477809072,Democrat,Democrat,False
G000591,B001302,6,0.5756657129774491,Republican,Republican,False
B001302,R000603,3,0.7647476891676585,Republican,Republican,False
K000382,P000614,9,0.096410540656911,Democrat,Democrat,False
E000299,M001207,13,0.2815695022447751,Democrat,Democrat,False
N000191,D000610,6,0.3973547041726609,Democrat,Democrat,False
D000627,G000587,6,0.6533964251478513,Democrat,Democrat,False
B001278,P000197,16,0.1732114157639444,Democrat,Democrat,False
D000482,T000482,5,0.3455356128513813,Democrat,Democrat,False
B001261,E000285,26,0.30194834949305427,Republican,Republican,False
M000133,W000779,20,0.3217544230166823,Democrat,Democrat,False
B001281,H001066,7,0.18139891885221004,Democrat,Democrat,False
R000606,S001185,4,0.24932334292680025,Democrat,Democrat,False
F000462,S001185,4,0.44199202209711075,Democrat,Democrat,False
S001168,S001185,6,0.36877668493737775,Democrat,Democrat,False
N000191,J000298,6,0.4042288971443971,Democrat,Democrat,False
R000606,E000299,6,0.44816270501663286,Democrat,Democrat,False
H001080,M000087,4,0.4667455926537514,Democrat,Democrat,False
D000627,B001292,6,0.4714911999180913,Democrat,Democrat,False
J000299,A000377,6,0.36724479713787633,Republican,Republican,False
M001187,L000589,5,0.6333893716335297,Republican,Republican,False
F000462,H001080,6,0.4469811588836213,Democrat,Democrat,False
R000575,R000591,4,0.012573995860293508,Republican,Republican,False
F000459,A000360,14,0.03807991004682013,Republican,Republican,False
S001200,G000551,4,0.4384406041353941,Democrat,Democrat,False
B001281,N000002,6,0.3940720235308011,Democrat,Democrat,False
C000174,F000062,3,0.8064224123954773,Democrat,Democrat,False
C000174,H001075,5,0.5995822638273239,Democrat,Democrat,False
M001185,D000627,8,0.578697326593101,Democrat,Democrat,False
G000587,D000631,3,0.054334466656049095,Democrat,Democrat,False
D000627,N000002,15,0.52345001809299,Democrat,Democrat,False
B001278,C001068,3,0.46638089170058566,Democrat,Democrat,False
M001185,S000148,3,0.3640712226430575,Democrat,Democrat,False
C001098,C001047,3,0.025319683055082958,Republican,Republican,False
M000087,D000624,4,0.5030949469655752,Democrat,Democrat,False
V000130,D000610,3,0.07299167554204662,Democrat,Democrat,False
C001113,B001230,9,0.6834248912831148,Democrat,Democrat,False
P000197,S001216,4,0.21026760060340166,Democrat,Democrat,False
M001207,E000299,3,0.38790924350420636,Democrat,Democrat,False
F000462,B001281,8,0.31985792936757207,Democrat,Democrat,False
G000587,D000627,11,0.3100127195092765,Democrat,Democrat,False
E000296,N000002,15,0.47257481267054874,Democrat,Democrat,False
C001097,P000197,6,0.5484289086113373,Democrat,Democrat,False
D000399,S001150,3,0.7011524935563406,Democrat,Democrat,False
C001098,G000359,3,0.4252676765124003,Republican,Republican,False
G000565,B001243,3,0.8875756859779358,Republican,Republican,False
B001278,P000597,7,0.22472028114965983,Democrat,Democrat,False
D000627,H001075,4,0.504878627602011,Democrat,Democrat,False
F000461,J000299,4,0.5251155886799097,Republican,Republican,False
S001172,B001298,5,0.2627454586327076,Republican,Republican,False
H001064,L000560,8,0.1725407880730927,Democrat,Democrat,False
B001302,F000465,3,0.8872998356819153,Republican,Republican,False
W000797,L000557,3,0.952899436155955,Democrat,Democrat,False
L000571,L000577,11,0.4373151600699533,Republican,Republican,False
K000377,W000805,3,0.7990266680717468,Democrat,Democrat,False
W000822,P000034,30,0.3181921155502399,Democrat,Democrat,False
L000571,S001227,5,0.6779382582753897,Republican,Republican,False
L000571,S001217,9,0.40500290422803825,Republican,Republican,False
H001091,G000386,7,0.2509859156395708,Republican,Republican,False
W000797,C001066,8,0.148395114694722,Democrat,Democrat,False
H001046,K000377,4,0.4034732189029455,Democrat,Democrat,False
K000405,B001305,4,0.23303892742842436,Republican,Republican,False
C001136,M001226,3,0.3839918499191602,Democrat,Democrat,False
S001156,L000557,5,0.8996886730194091,Democrat,Democrat,False
D000635,M001176,12,0.75454764906317,Democrat,Democrat,False
D000635,R000606,6,0.7628222703933716,Democrat,Democrat,False
C001080,F000483,3,0.3302174350246787,Democrat,Democrat,False
H001042,C001088,7,0.706534111074039,Democrat,Democrat,False
B001303,W000790,22,0.669191606766121,Democrat,Democrat,False
M001160,J000294,5,0.6008186683058738,Democrat,Democrat,False
S001190,D000563,22,0.289240386845036,Democrat,Democrat,False
F000476,J000294,3,0.5475339678426584,Democrat,Democrat,False
N000190,H001102,7,0.6374137508017677,Republican,Republican,False
C001095,B001261,6,0.3290024306625128,Republican,Republican,False
K000367,S001181,5,0.33968519903719424,Democrat,Democrat,False
B001316,C001108,3,0.406465711692969,Republican,Republican,False
F000454,S001145,17,0.4980457612477681,Democrat,Democrat,False
S001205,J000288,4,0.5130917280912399,Democrat,Democrat,False
M000087,C000984,6,0.8243086338043213,Democrat,Democrat,False
S001205,L000397,7,0.22831798238413675,Democrat,Democrat,False
M000639,N000188,15,0.2781797778171798,Democrat,Democrat,False
R000515,T000472,6,0.4186147088184953,Democrat,Democrat,False
M001190,S001176,19,0.5587453575510728,Republican,Republican,False
T000469,B001292,10,0.3453854274004698,Democrat,Democrat,False
L000581,M001160,5,0.5508607059717179,Democrat,Democrat,False
M000639,H001076,4,0.12357383337803185,Democrat,Democrat,False
P000613,H000874,9,0.11452482630395228,Democrat,Democrat,False
T000469,N000002,4,0.08203685563057661,Democrat,Democrat,False
M001185,E000297,4,0.27152538299560547,Democrat,Democrat,False
M001137,M001188,11,0.3350780892439864,Democrat,Democrat,False
C001070,K000367,4,0.2532160608097911,Democrat,Democrat,False
B001298,M000355,5,0.6199929222464562,Republican,Republican,False
H001089,S001196,3,0.4307769884665807,Republican,Republican,False
H000874,B001285,3,0.03386459654817978,Democrat,Democrat,False
W000798,U000031,12,0.05464227613992989,Republican,Republican,False
C001080,L000551,8,0.3603704709094018,Democrat,Democrat,False
H000874,T000460,4,0.6059067705646157,Democrat,Democrat,False
G000586,M001207,4,0.5492774583399296,Democrat,Democrat,False
B000944,B001288,6,0.25575304171070457,Democrat,Democrat,False
R000606,T000193,4,0.4791863786522299,Democrat,Democrat,False
C000174,W000817,7,0.1830224772649152,Democrat,Democrat,False
F000462,T000193,3,0.6254009157419205,Democrat,Democrat,False
D000615,S001184,15,0.2926931512231628,Republican,Republican,False
T000483,R000576,4,0.04538482194766402,Democrat,Democrat,False
M000312,S001156,6,0.3776239695337911,Democrat,Democrat,False
B001277,M000639,3,0.3881106519450744,Democrat,Democrat,False
R000606,P000617,12,0.4856130383753528,Democrat,Democrat,False
W000822,S001145,4,0.47648987732827663,Democrat,Democrat,False
B001277,M001169,20,0.19665509797632694,Democrat,Democrat,False
C001070,W000805,5,0.34757577124983075,Democrat,Democrat,False
K000382,B001286,6,0.385711039416492,Democrat,Democrat,False
P000523,S001156,4,0.5094914510846138,Democrat,Democrat,False
R000515,M001196,3,0.3853016446034114,Democrat,Democrat,False
H001075,P000617,4,0.20444566570222378,Democrat,Democrat,False
W000822,J000288,9,0.4916066924730937,Democrat,Democrat,False
W000822,B001286,3,0.3648705755670865,Democrat,Democrat,False
S001206,B001270,3,0.2188201273481051,Democrat,Democrat,False
B001288,B000944,4,0.2940298661123961,Democrat,Democrat,False
R000606,B001281,3,0.2514274138957262,Democrat,Democrat,False
K000389,B001270,6,0.06979705176005761,Democrat,Democrat,False
M001137,H001075,4,0.4859258863143623,Democrat,Democrat,False
C001068,Y000062,15,0.5779551381555696,Democrat,Democrat,False
R000486,N000179,4,0.25919980462640524,Democrat,Democrat,False
C001096,C001095,3,0.4605912081897259,Republican,Republican,False
C001117,M001200,4,0.46581844286993146,Democrat,Democrat,False
S001185,K000385,3,0.18229237819711366,Democrat,Democrat,False
W000817,A000370,4,0.47255188785493374,Democrat,Democrat,False
B000825,B001302,5,0.5689681785181164,Republican,Republican,False
H001046,H000273,3,0.8960374792416891,Democrat,Democrat,False
K000389,B001298,3,0.32683451659977436,Democrat,Republican,True
G000585,C001080,4,0.5047533046454191,Democrat,Democrat,False
C001125,T000193,3,0.13918265576163927,Democrat,Democrat,False
M001235,M001240,8,0.2730759928235784,Republican,Republican,False
D000622,M000133,5,0.640566335991025,Democrat,Democrat,False
F000462,E000299,7,0.07298424886539578,Democrat,Democrat,False
H000874,M001160,5,0.28804118782281873,Democrat,Democrat,False
B001299,J000289,5,0.19329442456364632,Republican,Republican,False
R000619,L000596,3,0.27957354361812276,Republican,Republican,False
S000364,L000566,5,0.02252022884786129,Republican,Republican,False
P000593,S001156,3,0.023290997991959255,Democrat,Democrat,False
T000482,N000015,3,0.02310307261844476,Democrat,Democrat,False
H001046,P000145,6,0.8532518247763315,Democrat,Democrat,False
L000557,B001285,5,0.056307635456323626,Democrat,Democrat,False
W000802,H000273,14,0.8040231476937022,Democrat,Democrat,False
L000560,W000822,5,0.305440510623157,Democrat,Democrat,False
P000607,B001223,6,0.19888676206270853,Democrat,Democrat,False
V000134,E000294,3,0.8444684346516927,Republican,Republican,False
B001310,B001261,3,0.7163835018873215,Republican,Republican,False
L000557,T000460,4,0.12227151915431023,Democrat,Democrat,False
M001184,B001311,10,0.7169724002480506,Republican,Republican,False
H001053,L000564,5,0.3037723764777184,Republican,Republican,False
C001075,C001096,8,0.20670302188955247,Republican,Republican,False
M000317,M001199,3,0.6357222559551398,Republican,Republican,False
G000551,K000389,5,0.3460599951446056,Democrat,Democrat,False
B001310,M001215,4,0.19889575522392988,Republican,Republican,False
L000557,M001160,5,0.30540594197809695,Democrat,Democrat,False
G000593,S001217,15,0.4634044167896112,Republican,Republican,False
B001296,J000294,10,0.4031641730107367,Democrat,Democrat,False
F000454,B001286,9,0.3522042812158664,Democrat,Democrat,False
M001176,B001223,6,0.309872904792428,Democrat,Democrat,False
K000395,K000376,5,0.5601052917540074,Republican,Republican,False
L000560,M001185,3,0.15441046903530756,Democrat,Democrat,False
S001205,B001286,3,0.6608640551567078,Democrat,Democrat,False
S001215,J000126,4,0.013453423045575619,Democrat,Democrat,False
J000299,M001180,3,0.5269851181656122,Republican,Republican,False
F000454,S001205,4,0.23827964020892978,Democrat,Democrat,False
L000592,B001224,5,0.16083578579127789,Democrat,Democrat,False
S001205,D000563,4,0.6674787746742368,Democrat,Democrat,False
C001039,M001210,5,0.3677187286317348,Republican,Republican,False
W000437,C001047,4,0.31923201074823737,Republican,Republican,False
M001184,S000929,4,0.5638789050281048,Republican,Republican,False
L000557,L000560,4,0.02372314571402967,Democrat,Democrat,False
L000577,P000603,22,0.3233282315883447,Republican,Republican,False
L000577,H000601,4,0.06799871474504471,Republican,Republican,False
J000310,E000299,3,0.6623860994974772,Democrat,Democrat,False
W000802,K000377,4,0.6829478070139885,Democrat,Democrat,False
H000273,S001203,3,0.6774974664052328,Democrat,Democrat,False
B000740,F000446,4,0.2431401815265417,Republican,Republican,False
S001203,W000805,8,0.7025014963001013,Democrat,Democrat,False
I000058,M001232,3,0.3232448014120261,Democrat,Democrat,False
M001211,H001102,3,0.5329630042736729,Republican,Republican,False
S001224,T000278,8,0.7581551447510719,Republican,Republican,False
B001319,L000577,8,0.21895900648087263,Republican,Republican,False
P000617,F000476,3,0.5096664143105348,Democrat,Democrat,False
H001072,M001204,4,0.10574178071692586,Republican,Republican,False
S001203,M001234,7,0.49749094314341036,Democrat,Democrat,False
S000148,B001230,29,0.37696110508565245,Democrat,Democrat,False
L000582,M001188,3,0.6401272217432658,Democrat,Democrat,False
B001292,A000381,3,0.6479183118790388,Democrat,Democrat,False
A000381,F000476,6,0.29876886898030836,Democrat,Democrat,False
D000216,H001081,3,0.02743334819873174,Democrat,Democrat,False
F000246,P000048,6,0.43020302429795265,Republican,Republican,False
L000577,T000278,5,0.6598186135292053,Republican,Republican,False
M001176,S001150,5,0.5250167801976204,Democrat,Democrat,False
B001319,S001227,5,0.2706059701740742,Republican,Republican,False
M001176,S001226,6,0.7966194053490957,Democrat,Democrat,False
L000596,M000194,16,0.5138721675612032,Republican,Republican,False
L000596,S001196,3,0.2079121529435118,Republican,Republican,False
N000190,M001210,3,0.3031968704114358,Republican,Republican,False
P000605,N000190,3,0.6386317610740662,Republican,Republican,False
D000622,B001288,4,0.6552614904940128,Democrat,Democrat,False
W000817,D000622,5,0.46367203518748284,Democrat,Democrat,False
B001292,P000617,4,0.3151595611125231,Democrat,Democrat,False
P000607,C001117,3,0.35480358079075813,Democrat,Democrat,False
R000614,B001311,24,0.7384880423390617,Republican,Republican,False
L000576,C001103,6,0.5862456678102413,Republican,Republican,False
B001296,G000574,3,0.5734509552518526,Democrat,Democrat,False
B000740,S001213,5,0.4540541470050812,Republican,Republican,False
H001042,W000802,7,0.4242658641721521,Democrat,Democrat,False
G000587,E000297,5,0.22822884581983088,Democrat,Democrat,False
N000190,P000605,3,0.16800592187792063,Republican,Republican,False
G000586,K000394,3,0.5510493398954471,Democrat,Democrat,False
C001121,P000593,5,0.17191424276679754,Democrat,Democrat,False
B001302,S000929,3,0.6245652238527933,Republican,Republican,False
D000482,Y000062,5,0.5945668971166015,Democrat,Democrat,False
C001066,D000191,3,0.023496223303178947,Democrat,Democrat,False
M001136,C001039,4,0.1713733586948365,Republican,Republican,False
G000586,B001223,8,0.42822838202118874,Democrat,Democrat,False
W000822,W000808,3,0.021120104007422924,Democrat,Democrat,False
S001135,O000086,3,0.05733289631704489,Republican,Republican,False
R000577,K000389,20,0.2973032443318516,Democrat,Democrat,False
B001278,G000585,3,0.5550142526626587,Democrat,Democrat,False
G000593,M001244,13,0.47124964808328795,Republican,Republican,False
S001224,D000626,5,0.3987006269395351,Republican,Republican,False
B001281,B001292,4,0.4359648746903986,Democrat,Democrat,False
M001212,M001199,5,0.5816572137176991,Republican,Republican,False
M001211,B001299,6,0.4978915322571993,Republican,Republican,False
A000377,B001257,3,0.10865983615318935,Republican,Republican,False
E000299,C001117,3,0.1656295508146286,Democrat,Democrat,False
M001215,B001243,3,0.8466882904370626,Republican,Republican,False
H000273,W000817,12,0.5869041035572687,Democrat,Democrat,False
B001292,E000299,6,0.5234095696359873,Democrat,Democrat,False
U000040,M001111,3,0.20656129096945128,Democrat,Democrat,False
G000552,B001310,3,0.8591411908467611,Republican,Republican,False
B000755,E000298,4,0.426492340862751,Republican,Republican,False
C001039,B001299,4,0.49066999927163124,Republican,Republican,False
D000631,H000874,6,0.45069819455966353,Democrat,Democrat,False
Y000062,J000294,3,0.5917228013277054,Democrat,Democrat,False
T000483,C001121,3,0.0633406766379873,Democrat,Democrat,False
J000299,K000397,4,0.3767303570639342,Republican,Republican,False
C001104,R000610,4,0.281608406919986,Republican,Republican,False
W000808,C001072,4,0.14934000372886658,Democrat,Democrat,False
P000595,S000770,7,0.14446468744426966,Democrat,Democrat,False
P000594,I000056,4,0.43754845671355724,Republican,Republican,False
B000755,B001243,6,0.8647046287854513,Republican,Republican,False
P000594,M001181,3,0.3284403830766678,Republican,Republican,False
C001090,K000380,4,0.44877339946106076,Democrat,Democrat,False
L000551,G000559,3,0.1100533294181029,Democrat,Democrat,False
R000591,B001243,3,0.16153085231781006,Republican,Republican,False
Y000063,G000560,5,0.22975218445062637,Republican,Republican,False
B001277,S000148,6,0.30001460512479144,Democrat,Democrat,False
C001097,G000585,4,0.4834651187993586,Democrat,Democrat,False
K000360,D000613,5,0.028524873591959477,Republican,Republican,False
D000563,B001286,9,0.055228976946738034,Democrat,Democrat,False
R000575,I000056,7,0.16182672871010645,Republican,Republican,False
R000587,M001159,3,0.09583961839477222,Republican,Republican,False
B000755,P000591,14,0.11152553698047996,Republican,Republican,False
L000551,J000126,4,0.3122985146474093,Democrat,Democrat,False
G000552,I000056,8,0.3117799941683188,Republican,Republican,False
G000559,Y000062,3,0.1340142786502838,Democrat,Democrat,False
M001160,V000128,7,0.37117224080221994,Democrat,Democrat,False
B001257,I000056,5,0.27604226134717463,Republican,Republican,False
M001184,B001282,4,0.021528014913201332,Republican,Republican,False
R000591,P000591,4,0.7706590294837952,Republican,Republican,False
M001137,B001292,4,0.7517958581447601,Democrat,Democrat,False
U000039,D000563,4,0.4070273209363222,Democrat,Democrat,False
B001292,B001281,6,0.3342156621317069,Democrat,Democrat,False
B001292,H001080,4,0.48050764785148203,Democrat,Democrat,False
Y000062,T000460,5,0.6474209880456329,Democrat,Democrat,False
J000298,L000287,6,0.39102162265529233,Democrat,Democrat,False
B001304,C001078,5,0.26820193510502577,Democrat,Democrat,False
J000305,B001313,5,0.223296207934618,Democrat,Democrat,False
B001304,S001216,3,0.3500284105539322,Democrat,Democrat,False
V000130,C001091,3,0.7816326717535654,Democrat,Democrat,False
B001310,M001183,4,0.11107820132747293,Republican,Democrat,True
J000126,C001091,4,0.3530970588326454,Democrat,Democrat,False
G000546,T000470,38,0.20951720354098238,Republican,Republican,False
G000546,L000569,16,0.2973965007113293,Republican,Republican,False
H001068,V000128,5,0.4336750376969576,Democrat,Democrat,False
R000307,E000285,3,0.6440751105546951,Republican,Republican,False
H001082,A000372,4,0.05386143829673529,Republican,Republican,False
L000551,S001175,11,0.43843122002330015,Democrat,Democrat,False
C001098,G000560,4,0.5911252349615097,Republican,Republican,False
W000816,C001051,3,0.05681566521525383,Republican,Republican,False
E000285,B001261,28,0.1701248724213136,Republican,Republican,False
K000378,K000360,5,0.32061600498855114,Republican,Republican,False
C001097,L000580,3,0.017415679059922695,Democrat,Democrat,False
E000296,W000817,6,0.5812794355054697,Democrat,Democrat,False
S000770,M001176,3,0.21828576177358627,Democrat,Democrat,False
M000087,K000385,5,0.6129173845052719,Democrat,Democrat,False
S000148,C001070,15,0.4595397756745418,Democrat,Democrat,False
L000551,T000472,5,0.7364703085273504,Democrat,Democrat,False
L000551,G000551,7,0.38483654162181274,Democrat,Democrat,False
S001168,E000299,3,0.6176899919907252,Democrat,Democrat,False
P000145,L000570,3,0.462640513976415,Democrat,Democrat,False
B001292,S001185,8,0.32239376148208976,Democrat,Democrat,False
S001181,G000359,3,0.8247843583424886,Democrat,Republican,True
L000570,D000610,4,0.036695389077067375,Democrat,Democrat,False
C001067,M001188,5,0.025065724551677705,Democrat,Democrat,False
M000133,C000174,5,0.4184588350355625,Democrat,Democrat,False
C001097,K000379,5,0.6603744646534324,Democrat,Democrat,False
N000191,S001193,3,0.30044431798160076,Democrat,Democrat,False
C001080,M001169,3,0.34747236656645936,Democrat,Democrat,False
P000607,P000608,3,0.2590505797415972,Democrat,Democrat,False
L000592,P000197,4,0.08748895674943924,Democrat,Democrat,False
E000299,W000825,4,0.12615646561607718,Democrat,Democrat,False
B001274,G000565,3,0.3570877028008302,Republican,Republican,False
F000455,A000370,4,0.03546640812419355,Democrat,Democrat,False
C001077,G000562,3,0.044608879213531814,Republican,Republican,False
M000087,H001064,4,0.5642360057681799,Democrat,Democrat,False
L000580,W000797,5,0.24310878068208694,Democrat,Democrat,False
H000324,L000263,3,0.199875316893061,Democrat,Democrat,False
C001038,F000462,4,0.30684064514935017,Democrat,Democrat,False
C001095,M000303,10,0.21880875751376153,Republican,Republican,False
Y000062,H001068,3,0.3410552466909091,Democrat,Democrat,False
K000383,C001047,5,0.0452424880117178,Independent,Republican,False
H001064,H001068,3,0.04462707166870435,Democrat,Democrat,False
M001194,P000591,3,0.06270100797216098,Republican,Republican,False
G000535,L000397,5,0.6373099446296692,Democrat,Democrat,False
L000397,C000714,3,0.5955761844913164,Democrat,Democrat,False
C001097,C001038,5,0.5150296431034803,Democrat,Democrat,False
G000535,S001145,9,0.4554876045634349,Democrat,Democrat,False
R000602,M001163,3,0.024953536689281464,Democrat,Democrat,False
C001080,C001093,3,0.015759235868851345,Democrat,Republican,True
P000604,C001038,3,0.7467444241046906,Democrat,Democrat,False
I000057,C001036,5,0.08131121769547463,Democrat,Democrat,False
G000289,S001176,8,0.24040385358966887,Republican,Republican,False
H000324,S001185,5,0.5270664989948273,Democrat,Democrat,False
G000577,S001176,3,0.08271049087246259,Republican,Republican,False
C001097,C001068,3,0.09519775211811066,Democrat,Democrat,False
W000808,R000588,3,0.6128980380793413,Democrat,Democrat,False
R000602,S001145,3,0.2704565667857726,Democrat,Democrat,False
W000809,B001275,3,0.0997022104760011,Republican,Republican,False
J000294,L000287,4,0.6618105703964829,Democrat,Democrat,False
B001290,J000289,4,0.2727807848714292,Republican,Republican,False
P000594,E000294,6,0.18469535714636245,Republican,Republican,False
G000535,D000563,14,0.2421011233569256,Democrat,Democrat,False
C001072,S001145,3,0.08888726029545069,Democrat,Democrat,False
D000610,D000624,3,0.6403798162937164,Democrat,Democrat,False
P000607,D000197,5,0.4591778188943863,Democrat,Democrat,False
C001067,W000817,4,0.6708172652870417,Democrat,Democrat,False
E000296,H001075,16,0.3944507532287389,Democrat,Democrat,False
R000515,C001072,3,0.7969030340512594,Democrat,Democrat,False
K000381,D000617,3,0.016753240798910458,Democrat,Democrat,False
F000462,L000263,5,0.5598921045660973,Democrat,Democrat,False
C001038,F000455,3,0.6324473818143209,Democrat,Democrat,False
H001069,F000463,4,0.3011532202363014,Democrat,Republican,True
S000033,W000802,9,0.5047941734600399,Independent,Democrat,False
J000294,E000290,3,0.7231027682622274,Democrat,Democrat,False
T000472,L000287,3,0.18123630620539188,Democrat,Democrat,False
L000263,S001175,3,0.561339313785235,Democrat,Democrat,False
Y000062,V000128,3,0.5839876582225164,Democrat,Democrat,False
D000563,G000535,4,0.3512413455173373,Democrat,Democrat,False
L000570,M001143,3,0.5833776742219925,Democrat,Democrat,False
E000293,C001069,4,0.19991599395871162,Democrat,Democrat,False
C001066,P000607,4,0.35436066426336765,Democrat,Democrat,False
L000263,C001066,3,0.31102036871016026,Democrat,Democrat,False
W000808,J000126,6,0.1138214124366641,Democrat,Democrat,False
L000263,M000312,4,0.8069958090782166,Democrat,Democrat,False
C001095,W000809,3,0.15555253283431134,Republican,Republican,False
H001064,V000128,3,0.3638450354337692,Democrat,Democrat,False
H001050,C001080,4,0.49045564653351903,Democrat,Democrat,False
M000133,D000482,6,0.266704340154926,Democrat,Democrat,False
D000614,W000791,3,0.027842894817392033,Republican,Republican,False
C001066,V000081,8,0.368997506913729,Democrat,Democrat,False
L000583,P000612,3,0.03373250303169092,Republican,Republican,False
L000581,B001288,3,0.24995781481266022,Democrat,Democrat,False
S001181,C001047,3,0.031230894848704338,Democrat,Republican,True
C001110,W000799,5,0.06449538208544255,Democrat,Democrat,False
D000614,S001176,5,0.020726547949016093,Republican,Republican,False
S001199,F000465,4,0.031390642281621695,Republican,Republican,False
L000263,T000472,5,0.9068516850471496,Democrat,Democrat,False
B000213,S000364,4,0.4551338078454137,Republican,Republican,False
C001067,H001075,7,0.522571688251836,Democrat,Democrat,False
S000770,H001042,3,0.28196229847768944,Democrat,Democrat,False
L000263,B001230,3,0.1559216889242331,Democrat,Democrat,False
C001068,C000714,3,0.6276969686150551,Democrat,Democrat,False
S001199,M001201,9,0.1131554977554414,Republican,Republican,False
L000592,G000585,3,0.033171349515517555,Democrat,Democrat,False
P000593,F000454,3,0.37161885201931,Democrat,Democrat,False
C001117,K000375,3,0.06665524716178577,Democrat,Democrat,False
B001288,T000472,6,0.026205846341326833,Democrat,Democrat,False
I000057,L000551,4,0.5201104085426778,Democrat,Democrat,False
F000454,G000535,4,0.037491447292268276,Democrat,Democrat,False
H000874,O000174,3,0.03254257639249166,Democrat,Democrat,False
A000371,L000287,3,0.6469345490137736,Democrat,Democrat,False
L000263,L000557,4,0.8177939876914024,Democrat,Democrat,False
K000378,C001068,3,0.04652498010545969,Republican,Democrat,True
E000290,K000380,3,0.5066204263518254,Democrat,Democrat,False
M001181,M000087,3,0.2545092372844617,Republican,Democrat,True
U000031,M001194,3,0.03360111638903618,Republican,Republican,False
T000460,T000469,8,0.529089632909745,Democrat,Democrat,False
L000551,R000588,3,0.5146578699350357,Democrat,Democrat,False
C001113,B000944,11,0.37797731770710513,Democrat,Democrat,False
N000190,W000795,3,0.018014186061918736,Republican,Republican,False
T000460,L000287,3,0.9133878548940023,Democrat,Democrat,False
T000460,E000290,4,0.4200145462527871,Democrat,Democrat,False
T000460,D000216,3,0.5130898704131445,Democrat,Democrat,False
C001077,P000595,3,0.023192003990213077,Republican,Democrat,True
W000825,L000591,4,0.11508325254544616,Democrat,Democrat,False
P000523,S001194,3,0.6376431460181872,Democrat,Democrat,False
L000397,K000385,3,0.7107722659905752,Democrat,Democrat,False
K000389,C001038,3,0.6975275923808416,Democrat,Democrat,False
P000523,R000606,3,0.7260745167732239,Democrat,Democrat,False
W000795,M001159,3,0.10008692927658558,Republican,Republican,False
M001176,S000148,31,0.5856252259184276,Democrat,Democrat,False
D000631,S001205,33,0.2428938438833663,Democrat,Democrat,False
H001088,S001176,10,0.7690269961953163,Republican,Republican,False
C001039,S001176,8,0.8565399944782257,Republican,Republican,False
B001304,B001292,6,0.18389015085995197,Democrat,Democrat,False
P000048,B001311,4,0.7826088145375252,Republican,Republican,False
C001087,Z000017,8,0.6158452909439802,Republican,Republican,False
B001302,S001183,25,0.1617909812182188,Republican,Republican,False
G000594,S001176,3,0.7442040741443634,Republican,Republican,False
J000298,G000586,24,0.23841091202727208,Democrat,Democrat,False
G000586,E000297,42,0.3944558651585664,Democrat,Democrat,False
B001311,B001299,34,0.6360506786252645,Republican,Republican,False
B001230,S001181,10,0.4353812839835882,Democrat,Democrat,False
S001193,G000599,14,0.5790731215051242,Democrat,Democrat,False
B001261,C001095,4,0.679402656853199,Republican,Republican,False
E000296,C001078,9,0.7509964025682874,Democrat,Democrat,False
D000615,N000190,17,0.3477910337421824,Republican,Republican,False
H001076,C001113,4,0.2845721503254026,Democrat,Democrat,False
P000617,W000817,39,0.4751711307714383,Democrat,Democrat,False
J000304,P000048,3,0.18081236692766348,Republican,Republican,False
C001087,S001192,3,0.6592951516310374,Republican,Republican,False
H001068,C001101,6,0.5231991813828548,Democrat,Democrat,False
L000174,M000133,3,0.4222793250034253,Democrat,Democrat,False
D000631,N000191,8,0.2482044706121087,Democrat,Democrat,False
B001223,E000297,4,0.107710684183985,Democrat,Democrat,False
L000576,L000589,5,0.8761860132217407,Republican,Republican,False
R000599,A000371,3,0.21079589116076627,Democrat,Democrat,False
S001184,H001079,3,0.5591186378151178,Republican,Republican,False
C001068,M000133,6,0.47826845943927765,Democrat,Democrat,False
R000603,S001176,27,0.7405758755350554,Republican,Republican,False
M000133,S000148,34,0.4403781157315654,Democrat,Democrat,False
E000296,P000096,44,0.6778717455030843,Democrat,Democrat,False
B001267,B000944,4,0.21939990250393748,Democrat,Democrat,False
P000607,L000551,143,0.5440087414027511,Democrat,Democrat,False
J000294,S001193,6,0.298503171497335,Democrat,Democrat,False
M001135,D000610,7,0.20467287741069282,Democrat,Democrat,False
D000096,P000096,24,0.6276128778311735,Democrat,Democrat,False
M001176,T000464,4,0.263071957975626,Democrat,Democrat,False
F000062,H001068,3,0.3504489241167903,Democrat,Democrat,False
L000557,Y000062,3,0.09817840283115704,Democrat,Democrat,False
S001205,H000874,18,0.2723399518161184,Democrat,Democrat,False
M000639,B001277,8,0.5618506129831076,Democrat,Democrat,False
N000192,C001101,4,0.24515301059000194,Democrat,Democrat,False
L000560,D000617,56,0.22223249652389704,Democrat,Democrat,False
G000593,D000600,32,0.3461892411869485,Republican,Republican,False
B001303,B001300,3,0.21905608413120112,Democrat,Democrat,False
S001205,R000606,18,0.6392820357448525,Democrat,Democrat,False
P000145,K000367,3,0.12447178053359191,Democrat,Democrat,False
T000278,B001261,3,0.6804089844226837,Republican,Republican,False
M001137,G000555,3,0.4212288974473874,Democrat,Democrat,False
W000817,L000592,6,0.1990278046578169,Democrat,Democrat,False
R000606,C001080,9,0.5926287058326933,Democrat,Democrat,False
P000605,B001302,23,0.6861012416041415,Republican,Republican,False
F000462,C001080,11,0.4449495676566254,Democrat,Democrat,False
T000481,K000389,4,0.3387273666448891,Democrat,Democrat,False
B001302,G000359,18,0.6742152099808058,Republican,Republican,False
S000770,D000563,7,0.1018527022429875,Democrat,Democrat,False
W000822,C001067,8,0.545245629735291,Democrat,Democrat,False
H001058,L000575,4,0.5858784634619951,Republican,Republican,False
R000305,C001080,3,0.43634643654028576,Democrat,Democrat,False
G000594,H001091,3,0.4093070055047671,Republican,Republican,False
B001312,W000790,10,0.05761821386404335,Democrat,Democrat,False
B001301,S001176,11,0.5671558634124019,Republican,Republican,False
M000133,L000582,11,0.3966923335736448,Democrat,Democrat,False
C001066,R000599,3,0.7570804953575134,Democrat,Democrat,False
P000613,L000397,11,0.08119731802831996,Democrat,Democrat,False
D000191,W000779,3,0.014182210279007753,Democrat,Democrat,False
C001080,R000486,4,0.25388988526538014,Democrat,Democrat,False
P000607,B001300,3,0.36954137807091075,Democrat,Democrat,False
P000593,N000191,13,0.30455133275916946,Democrat,Democrat,False
R000599,G000555,9,0.48981311751736534,Democrat,Democrat,False
S000033,J000298,23,0.21365655294579008,Independent,Democrat,False
R000584,P000449,3,0.6149216859290997,Republican,Republican,False
F000458,B001273,5,0.4219608560204506,Republican,Republican,False
M000312,S001145,4,0.38701506378129125,Democrat,Democrat,False
B001299,S001214,6,0.4472967969874541,Republican,Republican,False
S001145,D000622,6,0.326857075560838,Democrat,Democrat,False
R000593,I000056,47,0.32511825152137813,Republican,Republican,False
G000578,G000565,14,0.5222925722066846,Republican,Republican,False
D000610,J000294,3,0.3375824320440491,Democrat,Democrat,False
C001104,Z000017,6,0.40102403114239377,Republican,Republican,False
D000615,R000614,7,0.22140776219644717,Republican,Republican,False
B000825,R000614,5,0.7071348287165165,Republican,Republican,False
L000579,P000608,4,0.23879608581773937,Democrat,Democrat,False
M000312,N000147,4,0.2343515558168292,Democrat,Democrat,False
S001205,H001042,7,0.779165694223983,Democrat,Democrat,False
M001158,C001056,27,0.272424367049502,Republican,Republican,False
S001185,J000294,6,0.4904842097312212,Democrat,Democrat,False
L000397,J000294,8,0.6704315049573779,Democrat,Democrat,False
M001228,O000086,5,0.16977577432990074,Republican,Republican,False
S001228,C001133,3,0.1286068648720781,Republican,Republican,False
W000802,S000033,12,0.5638573500327766,Democrat,Independent,False
C001068,J000294,3,0.9296618302663168,Democrat,Democrat,False
H001086,H001102,4,0.7251277640461922,Republican,Republican,False
H001072,B001236,5,0.13284880556166173,Republican,Republican,False
P000048,H001084,3,0.3257591413954894,Republican,Republican,False
S000148,S000770,12,0.3583046960023542,Democrat,Democrat,False
R000515,P000197,25,0.4292294979095459,Democrat,Democrat,False
N000190,S001176,7,0.6868157982826233,Republican,Republican,False
D000216,J000294,12,0.7034242743005356,Democrat,Democrat,False
S000364,C001056,9,0.2983051985502243,Republican,Republican,False
R000593,L000577,3,0.686604638894399,Republican,Republican,False
C001117,P000617,3,0.46722997662921745,Democrat,Democrat,False
H001082,S001214,3,0.3070919066667557,Republican,Republican,False
C001136,P000034,4,0.35741113871335983,Democrat,Democrat,False
B000825,E000300,11,0.6355612725019455,Republican,Republican,False
J000288,M001229,4,0.4452913855202496,Democrat,Democrat,False
W000816,S001176,40,0.5940934867365286,Republican,Republican,False
C001113,C000127,3,0.08925411912302177,Democrat,Democrat,False
B001285,C001066,3,0.33412796662499505,Democrat,Democrat,False
G000585,P000145,3,0.6544521531711022,Democrat,Democrat,False
G000586,L000551,51,0.4869091459276045,Democrat,Democrat,False
B001302,C001104,5,0.8035478949546814,Republican,Republican,False
P000607,E000297,12,0.6914008855819702,Democrat,Democrat,False
M000312,N000191,6,0.2724310851966341,Democrat,Democrat,False
B001302,G000578,84,0.5749816584312135,Republican,Republican,False
B001302,G000590,43,0.5761544206071385,Republican,Republican,False
B001302,W000824,5,0.7126332461833954,Republican,Republican,False
M001185,S001150,52,0.6333494052075996,Democrat,Democrat,False
B001302,C001087,11,0.680852777578614,Republican,Republican,False
O000173,L000551,9,0.48902142399715054,Democrat,Democrat,False
M000133,M000639,13,0.5118122587983425,Democrat,Democrat,False
P000617,M001188,3,0.0623980350792408,Democrat,Democrat,False
B001302,S001196,9,0.6898915039168464,Republican,Republican,False
P000197,A000376,4,0.3259292251896113,Democrat,Democrat,False
D000610,B001285,3,0.3844936266541481,Democrat,Democrat,False
F000469,C000880,17,0.104004150694784,Republican,Republican,False
B001302,M001204,6,0.8212483177582423,Republican,Republican,False
R000614,G000590,11,0.606771109117703,Republican,Republican,False
D000563,H001042,3,0.9313146869341532,Democrat,Democrat,False
M001200,D000624,3,0.15789918353160223,Democrat,Democrat,False
S000148,P000197,13,0.1587411297055391,Democrat,Democrat,False
D000624,B001292,3,0.5181556319197019,Democrat,Democrat,False
G000586,S000148,6,0.24072175504018864,Democrat,Democrat,False
W000822,M001176,5,0.7548016473650933,Democrat,Democrat,False
R000606,P000607,13,0.5718027687130066,Democrat,Democrat,False
S001206,M000312,5,0.678101123124361,Democrat,Democrat,False
B001278,T000472,3,0.6269867904484272,Democrat,Democrat,False
M001137,P000096,4,0.9643650949001312,Democrat,Democrat,False
E000299,L000551,5,0.5599397152662278,Democrat,Democrat,False
D000563,M001176,5,0.3401681024581194,Democrat,Democrat,False
J000299,B001299,10,0.43761073872447015,Republican,Republican,False
K000389,S001175,3,0.34717450973888236,Democrat,Democrat,False
S001200,C001111,3,0.3931477939089139,Democrat,Democrat,False
M001190,B001299,3,0.5242061729853352,Republican,Republican,False
C001087,B001299,3,0.6451699882745743,Republican,Republican,False
C001101,N000002,4,0.11828975426033139,Democrat,Democrat,False
F000461,J000289,21,0.7176886367655936,Republican,Republican,False
D000627,H001047,3,0.5496586716423432,Democrat,Democrat,False
C001066,S001185,7,0.6461657620966434,Democrat,Democrat,False
F000466,B001298,5,0.3001683983951807,Republican,Republican,False
W000817,H001076,3,0.16153592119614282,Democrat,Democrat,False
U000040,S001185,3,0.2273807351787885,Democrat,Democrat,False
P000197,H001066,7,0.344276810331004,Democrat,Democrat,False
J000298,C001091,4,0.34848369657993317,Democrat,Democrat,False
G000586,D000627,6,0.6625074818730354,Democrat,Democrat,False
S001217,R000609,3,0.040833272660772,Republican,Republican,False
E000299,D000627,4,0.36800169851630926,Democrat,Democrat,False
M001184,G000578,15,0.4352364139010509,Republican,Republican,False
W000821,S001176,12,0.3717349484407653,Republican,Republican,False
M000087,M001160,6,0.19982192401463786,Democrat,Democrat,False
B001304,N000002,3,0.6860163261493047,Democrat,Democrat,False
P000617,G000587,7,0.21205816178449563,Democrat,Democrat,False
S001193,M001185,4,0.21199934068135917,Democrat,Democrat,False
K000389,M000312,7,0.5117476657032967,Democrat,Democrat,False
J000298,K000381,5,0.16442778818309306,Democrat,Democrat,False
C000141,R000608,3,0.3129845218112071,Democrat,Democrat,False
T000483,D000610,3,0.3985526052614053,Democrat,Democrat,False
H001067,M001210,3,0.165480462834239,Republican,Republican,False
L000174,V000128,5,0.2657715855166316,Democrat,Democrat,False
J000298,D000399,4,0.26723842043429613,Democrat,Democrat,False
A000377,J000299,4,0.4582677544094622,Republican,Republican,False
B001278,S001175,11,0.43704381805251946,Democrat,Democrat,False
W000797,P000197,24,0.35766018443973735,Democrat,Democrat,False
S001165,D000600,4,0.13022847939282656,Democrat,Republican,True
L000560,C001119,5,0.2265758365392685,Democrat,Democrat,False
S001193,D000622,4,0.7156105514150113,Democrat,Democrat,False
H000874,D000624,12,0.2879304507902513,Democrat,Democrat,False
H001052,M001187,8,0.6074095548246987,Republican,Republican,False
D000563,S001194,4,0.35665213316679,Democrat,Democrat,False
P000613,S001207,4,0.2298838912975043,Democrat,Democrat,False
G000587,M001207,6,0.22695920492211977,Democrat,Democrat,False
N000002,V000081,21,0.37184596580586265,Democrat,Democrat,False
E000299,S000148,7,0.6823744816439492,Democrat,Democrat,False
R000122,M001223,6,0.485981532993416,Democrat,Democrat,False
R000619,B001309,16,0.5405064487713389,Republican,Republican,False
C001132,B001309,5,0.7527027010917664,Republican,Republican,False
C001035,S001181,4,0.27177789993584156,Republican,Democrat,True
P000609,A000055,5,0.21504064388573169,Republican,Republican,False
C001118,N000026,3,0.28625914951165515,Republican,Republican,False
H001052,S001224,4,0.5603082613088191,Republican,Republican,False
S001148,H001067,4,0.3533514563459903,Republican,Republican,False
D000530,K000377,3,0.5610630397374431,Democrat,Democrat,False
M001136,B000740,4,0.05934758950024843,Republican,Republican,False
C001131,C001091,6,0.6780186494191488,Democrat,Democrat,False
G000559,T000460,20,0.16628432809375226,Democrat,Democrat,False
S001176,K000392,11,0.20239719790829855,Republican,Republican,False
M001215,R000605,3,0.4815841193000476,Republican,Republican,False
F000476,O000172,7,0.6791462201092925,Democrat,Democrat,False
R000305,F000477,4,0.15837831096723676,Democrat,Democrat,False
B001316,S001224,11,0.7498889418149536,Republican,Republican,False
S001176,M001215,6,0.33228881858910125,Republican,Republican,False
G000559,J000294,6,0.5185775148371855,Democrat,Democrat,False
C001061,J000294,4,0.2262027719989419,Democrat,Democrat,False
M001234,K000367,4,0.24944121553562582,Democrat,Democrat,False
S001203,D000622,3,0.6210543736815453,Democrat,Democrat,False
L000570,C001088,4,0.5662362053990364,Democrat,Democrat,False
B001282,G000558,5,0.19344465341418982,Republican,Republican,False
S001207,H001085,5,0.024729749374091625,Democrat,Democrat,False
S001215,S000770,5,0.07104728948324919,Democrat,Democrat,False
M000087,M000133,6,0.11035653514166673,Democrat,Democrat,False
J000299,W000795,6,0.3941416156788667,Republican,Republican,False
J000299,C001118,8,0.5620633867802098,Republican,Republican,False
H001052,G000565,6,0.38554950803518295,Republican,Republican,False
M000312,L000397,3,0.6031465530395508,Democrat,Democrat,False
C000141,M000639,9,0.40733770488037,Democrat,Democrat,False
W000815,M001187,3,0.3914259870847066,Republican,Republican,False
G000586,D000631,4,0.7811388969421387,Democrat,Democrat,False
B001298,S001184,5,0.5944947564974428,Republican,Republican,False
C000141,S000148,15,0.19638205040246248,Democrat,Democrat,False
B001278,W000826,5,0.3115359179675579,Democrat,Democrat,False
G000586,B001300,3,0.6968250572681427,Democrat,Democrat,False
W000802,M001111,24,0.5400677011736358,Democrat,Democrat,False
W000822,H000874,4,0.09252373315393925,Democrat,Democrat,False
H000874,T000483,3,0.33641712615887326,Democrat,Democrat,False
G000587,S001150,9,0.6012841657631927,Democrat,Democrat,False
C001072,H000874,5,0.24473922327160835,Democrat,Democrat,False
E000297,N000002,5,0.3247783128172159,Democrat,Democrat,False
S001206,H000324,5,0.43370741307735444,Democrat,Democrat,False
R000515,K000379,4,0.8916220813989639,Democrat,Democrat,False
R000616,C001123,5,0.11516806315630675,Democrat,Democrat,False
E000299,M001169,4,0.5163549836724997,Democrat,Democrat,False
L000564,S001196,4,0.5292419455945492,Republican,Republican,False
O000173,B001300,3,0.7455592552820841,Democrat,Democrat,False
T000472,G000586,3,0.3474423636992772,Democrat,Democrat,False
W000808,P000197,3,0.33711246276895207,Democrat,Democrat,False
F000454,H000874,18,0.34544586814526057,Democrat,Democrat,False
P000197,B001303,4,0.28331883577629924,Democrat,Democrat,False
M001176,R000608,6,0.17209174763411283,Democrat,Democrat,False
W000809,W000821,5,0.03260814342647791,Republican,Republican,False
P000617,H001075,3,0.48036410349110764,Democrat,Democrat,False
M000312,S001205,10,0.3129386010579765,Democrat,Democrat,False
B001230,M001160,19,0.16534492324449515,Democrat,Democrat,False
C000266,B001306,3,0.048883551731705666,Republican,Republican,False
P000523,M001163,7,0.024933627540511743,Democrat,Democrat,False
P000523,D000563,4,0.3436427968554199,Democrat,Democrat,False
B001299,J000299,4,0.02235810598358512,Republican,Republican,False
M001176,M000639,6,0.5883377206822237,Democrat,Democrat,False
M000639,W000822,11,0.42878686264157295,Democrat,Democrat,False
G000565,N000189,3,0.03398320451378822,Republican,Republican,False
R000606,P000523,5,0.5600163780152798,Democrat,Democrat,False
D000563,F000454,3,0.041076782469948135,Democrat,Democrat,False
C001113,S000770,3,0.1666186029712359,Democrat,Democrat,False
L000557,H001081,7,0.1557250383443066,Democrat,Democrat,False
R000515,C001068,4,0.19095828756690025,Democrat,Democrat,False
M001199,M001202,7,0.06404568547649044,Republican,Democrat,True
M001176,B001300,3,0.18625457833210626,Democrat,Democrat,False
J000298,B000574,5,0.1988246651366353,Democrat,Democrat,False
R000588,B001270,3,0.3639618158340454,Democrat,Democrat,False
M001137,H001047,4,0.6993702352046967,Democrat,Democrat,False
J000299,K000393,4,0.25639790832065046,Republican,Republican,False
S001193,S001200,3,0.4781060814857483,Democrat,Democrat,False
W000797,B001270,5,0.28970396928489206,Democrat,Democrat,False
M000133,R000608,4,0.13073911983519793,Democrat,Democrat,False
L000174,S001181,8,0.4537966775242239,Democrat,Democrat,False
B001278,C001066,12,0.08471338055096567,Democrat,Democrat,False
C001066,H001046,3,0.206505226281782,Democrat,Democrat,False
H001046,M001111,6,0.8249889239668846,Democrat,Democrat,False
L000571,H001089,4,0.5599577706307173,Republican,Republican,False
F000462,P000607,5,0.46850294023752215,Democrat,Democrat,False
J000298,S001193,3,0.3508874922990799,Democrat,Democrat,False
K000379,W000817,9,0.2979200508238541,Democrat,Democrat,False
C001070,D000622,8,0.2819335920503363,Democrat,Democrat,False
T000472,J000298,3,0.4069170703490575,Democrat,Democrat,False
W000817,K000367,3,0.59435074031353,Democrat,Democrat,False
S001224,G000603,6,0.7219907318552335,Republican,Republican,False
B000740,H001082,4,0.18223302718251944,Republican,Republican,False
L000557,D000624,3,0.3216123270491759,Democrat,Democrat,False
B001257,M001159,9,0.3284481043616931,Republican,Republican,False
R000305,P000523,14,0.04633687170488494,Democrat,Democrat,False
M001157,W000809,4,0.5174691881984472,Republican,Republican,False
S001183,B001302,4,0.21751772984862328,Republican,Republican,False
B001230,M000133,3,0.04396214708685875,Democrat,Democrat,False
R000584,D000618,3,0.34943539338807267,Republican,Republican,False
B001311,M001210,3,0.7236528992652893,Republican,Republican,False
U000031,B001298,3,0.3325774868329366,Republican,Republican,False
B001311,P000603,6,0.6330379738161961,Republican,Republican,False
M001136,F000446,3,0.015665101818740368,Republican,Republican,False
C001075,E000295,4,0.08651548950001597,Republican,Republican,False
M001160,C001101,9,0.4482741736703449,Democrat,Democrat,False
P000048,C001095,3,0.5058380961418152,Republican,Republican,False
T000460,M001143,4,0.3646955378353596,Democrat,Democrat,False
K000389,B000944,5,0.06537830829620361,Democrat,Democrat,False
M001212,M001190,4,0.31780329160392284,Republican,Republican,False
P000617,B001292,4,0.6004130430519581,Democrat,Democrat,False
M001136,C001103,5,0.5723704598844052,Republican,Republican,False
H001084,B001299,5,0.7020661160349846,Republican,Republican,False
S001212,E000294,8,0.12454345222795382,Republican,Republican,False
A000377,G000568,3,0.323348934451739,Republican,Republican,False
C001104,B001299,4,0.7208254346624017,Republican,Republican,False
O000086,T000478,3,0.022665034979581833,Republican,Republican,False
S001203,L000570,4,0.27979044150561094,Democrat,Democrat,False
L000551,P000597,4,0.2871912685222924,Democrat,Democrat,False
L000557,C001059,3,0.02936569880694151,Democrat,Democrat,False
G000559,M000133,4,0.47565847635269165,Democrat,Democrat,False
C001075,D000618,7,0.5511592673137784,Republican,Republican,False
W000822,M001226,11,0.2570752327076413,Democrat,Democrat,False
M001184,M000194,4,0.6874087601900101,Republican,Republican,False
C001116,H001102,4,0.716004028916359,Republican,Republican,False
K000385,N000002,4,0.5428566075861454,Democrat,Democrat,False
H001102,R000614,3,0.4473954190810521,Republican,Republican,False
W000802,C001113,9,0.5975239011976454,Democrat,Democrat,False
H001102,N000190,6,0.5743626654148102,Republican,Republican,False
B001303,S000148,4,0.4156505027785897,Democrat,Democrat,False
P000614,K000377,4,0.05824170773848891,Democrat,Democrat,False
B001292,M001111,3,0.9430270791053772,Democrat,Democrat,False
B001292,C001080,6,0.28227095313680667,Democrat,Democrat,False
C001098,C001095,12,0.6778368018567562,Republican,Republican,False
M001188,J000294,6,0.495932986959815,Democrat,Democrat,False
K000395,M001215,4,0.42560867592692375,Republican,Republican,False
M001176,L000551,3,0.4804932661354542,Democrat,Democrat,False
C001097,T000472,5,0.3029179571196437,Democrat,Democrat,False
B001311,D000626,3,0.33041706184546155,Republican,Republican,False
R000103,G000565,4,0.542147621512413,Republican,Republican,False
B001281,P000096,3,0.3179229376837611,Democrat,Democrat,False
S001193,C001109,4,0.6941128857433796,Democrat,Republican,True
M001176,M001169,9,0.6216724548074934,Democrat,Democrat,False
S001193,R000611,5,0.4486132999882102,Democrat,Republican,True
B001306,M001159,8,0.506686749169603,Republican,Republican,False
L000551,P000197,16,0.07702258258359507,Democrat,Democrat,False
N000190,G000603,3,0.6870298683643341,Republican,Republican,False
C001097,C001066,4,0.12785919103771448,Democrat,Democrat,False
E000296,P000618,3,0.7357641061147054,Democrat,Democrat,False
M001136,B001248,3,0.5063033681362867,Republican,Republican,False
H000874,Y000062,8,0.25739100913051516,Democrat,Democrat,False
D000613,Y000063,3,0.19257260176042715,Republican,Republican,False
M001215,G000386,4,0.5401367396116257,Republican,Republican,False
C000141,S001168,4,0.018450071569532156,Democrat,Democrat,False
L000557,T000482,3,0.32818769415219623,Democrat,Democrat,False
H001052,H001053,4,0.30174168990924954,Republican,Republican,False
J000299,F000472,9,0.6536623566514916,Republican,Republican,False
G000551,T000474,3,0.3860527028640111,Democrat,Democrat,False
R000577,P000096,4,0.5310599906370044,Democrat,Democrat,False
T000483,S001211,3,0.013563519033292929,Democrat,Democrat,False
R000584,E000295,4,0.360075909178704,Republican,Republican,False
M001239,K000399,3,0.2409890287866195,Republican,Republican,False
F000477,C001131,4,0.8033962100744247,Democrat,Democrat,False
G000593,D000032,7,0.2538435913489333,Republican,Republican,False
H001072,C001095,3,0.048669151961803436,Republican,Republican,False
G000559,K000009,3,0.6181499076386293,Democrat,Democrat,False
W000817,W000805,8,0.453800932969898,Democrat,Democrat,False
H001082,J000299,4,0.53260363265872,Republican,Republican,False
C001117,H001046,4,0.3429634477943182,Democrat,Democrat,False
E000299,B001300,7,0.06093211245856115,Democrat,Democrat,False
C001117,S001185,4,0.032954908441752195,Democrat,Democrat,False
S001217,F000484,4,0.7034142757765949,Republican,Republican,False
M001157,S000168,7,0.41750715473400696,Republican,Republican,False
B001261,B001236,6,0.6448378002581497,Republican,Republican,False
C001066,T000193,5,0.4642523393034935,Democrat,Democrat,False
B001223,S000148,6,0.21403046092018485,Democrat,Democrat,False
K000385,H001066,5,0.677044503390789,Democrat,Democrat,False
W000808,B001270,8,0.33635587769094855,Democrat,Democrat,False
J000299,M001210,5,0.4435691349208355,Republican,Republican,False
M001212,B001297,4,0.6505738943815231,Republican,Republican,False
M000317,S000168,3,0.25765786909808713,Republican,Republican,False
H001084,W000821,4,0.2914000318851322,Republican,Republican,False
S001205,L000273,3,0.25346364080905914,Democrat,Democrat,False
M001166,D000623,6,0.03429218288511038,Democrat,Democrat,False
G000551,P000618,7,0.6077421991420644,Democrat,Democrat,False
B001285,G000551,3,0.37465911606947583,Democrat,Democrat,False
G000551,N000179,3,0.05241326491038004,Democrat,Democrat,False
E000299,L000582,5,0.4133609727025032,Democrat,Democrat,False
G000559,L000560,8,0.18585647677537054,Democrat,Democrat,False
H001053,M000303,5,0.2825334511697292,Republican,Republican,False
G000559,V000128,12,0.3520206723672648,Democrat,Democrat,False
G000559,M001160,10,0.2216168706305325,Democrat,Democrat,False
E000290,W000797,3,0.2623756130536397,Democrat,Democrat,False
M001160,H001064,4,0.272142568603158,Democrat,Democrat,False
T000468,W000797,4,0.06606922554783523,Democrat,Democrat,False
D000191,B000711,3,0.03845222573727369,Democrat,Democrat,False
C001038,L000551,5,0.6923672795295716,Democrat,Democrat,False
H001041,H001046,3,0.1417724167307218,Republican,Democrat,True
P000594,B000755,9,0.09373124005893867,Republican,Republican,False
C001071,A000360,5,0.047718234919011594,Republican,Republican,False
K000368,G000565,7,0.14725106927965367,Democrat,Republican,True
C001061,V000128,4,0.14632747322320938,Democrat,Democrat,False
M001137,I000057,4,0.34083276614546776,Democrat,Democrat,False
I000057,S001150,3,0.38454241678118706,Democrat,Democrat,False
J000292,S001187,5,0.0689085965976119,Republican,Republican,False
M001189,W000813,4,0.13915950618684292,Republican,Republican,False
S000033,D000610,3,0.37586982548236847,Independent,Democrat,False
M000702,H001042,3,0.34373145798842114,Democrat,Democrat,False
M000087,J000294,3,0.6146851889789104,Democrat,Democrat,False
S001184,D000615,5,0.07551273554563523,Republican,Republican,False
H001067,D000614,3,0.1191636895140012,Republican,Republican,False
A000377,M001184,3,0.6251417001088461,Republican,Republican,False
S001193,B001277,3,0.5020332100490729,Democrat,Democrat,False
M001158,F000450,3,0.15915132065614065,Republican,Republican,False
B001292,O000173,5,0.47027267292141917,Democrat,Democrat,False
C001087,W000821,6,0.03496386685098211,Republican,Republican,False
G000560,S001176,3,0.024359978114565212,Republican,Republican,False
B001292,L000591,19,0.2617575360560103,Democrat,Democrat,False
B001310,Y000064,6,0.13302531450365981,Republican,Republican,False
L000576,B001305,3,0.5592109259838859,Republican,Republican,False
P000197,N000002,4,0.5097871962934732,Democrat,Democrat,False
H001053,B001298,3,0.2950875957806905,Republican,Republican,False
B001292,V000081,6,0.4474662528373301,Democrat,Democrat,False
R000606,V000081,4,0.23371372488327324,Democrat,Democrat,False
D000627,M001202,3,0.022392573455969494,Democrat,Democrat,False
M001158,S000364,5,0.2506818979978561,Republican,Republican,False
B001292,M001200,5,0.3569203455001116,Democrat,Democrat,False
E000299,E000297,3,0.26599560491740704,Democrat,Democrat,False
R000614,G000578,4,0.49353089882060885,Republican,Republican,False
K000381,P000593,3,0.04316317290067673,Democrat,Democrat,False
V000134,B000755,3,0.5982071955998739,Republican,Republican,False
V000130,D000216,5,0.40971783362329006,Democrat,Democrat,False
G000596,G000565,6,0.49810928230484325,Republican,Republican,False
W000815,E000298,3,0.40633105486631393,Republican,Republican,False
Q000023,P000593,3,0.017103286460042,Democrat,Democrat,False
C000141,M001169,7,0.5274596427168164,Democrat,Democrat,False
W000413,B001282,3,0.12357239238917828,Republican,Republican,False
M001184,G000560,4,0.6769815683364868,Republican,Republican,False
W000802,R000146,4,0.619251187890768,Democrat,Democrat,False
T000469,G000555,7,0.08433649915137462,Democrat,Democrat,False
S000148,M001183,3,0.2867214363068342,Democrat,Democrat,False
L000174,U000039,5,0.3643432201817632,Democrat,Democrat,False
C000266,G000289,5,0.2436542794108391,Republican,Republican,False
R000146,S000033,7,0.1452614021088396,Democrat,Independent,False
L000263,C001038,6,0.5062106537322203,Democrat,Democrat,False
G000546,H001053,3,0.028236410891016323,Republican,Republican,False
M001184,P000598,4,0.2500543463975191,Republican,Democrat,True
W000809,S000250,3,0.11188964297374089,Republican,Republican,False
S000148,M000303,4,0.519590598763898,Democrat,Republican,True
M001160,C000714,3,0.06191278869907061,Democrat,Democrat,False
C000984,L000551,5,0.45196558982133866,Democrat,Democrat,False
M001160,C000984,3,0.4868901626517375,Democrat,Democrat,False
H000874,M001208,3,0.24736333917826414,Democrat,Democrat,False
E000296,M001202,3,0.6883727510770162,Democrat,Democrat,False
C001097,M001196,3,0.07542956278969844,Democrat,Democrat,False
L000263,P000597,5,0.5214111149311066,Democrat,Democrat,False
L000560,L000554,4,0.03916363976895809,Democrat,Republican,True
T000469,C001078,4,0.47882729512639344,Democrat,Democrat,False
M000702,C001035,3,0.3359333003560702,Democrat,Republican,True
K000009,S001145,3,0.8592868049939474,Democrat,Democrat,False
Y000062,M001208,3,0.33106620827068883,Democrat,Democrat,False
C001096,C001047,5,0.1405025128275156,Republican,Republican,False
R000515,B001270,5,0.364797879755497,Democrat,Democrat,False
S001168,P000523,4,0.654633479192853,Democrat,Democrat,False
M000312,M001163,4,0.31723826564848423,Democrat,Democrat,False
S001168,C001090,3,0.5246545585493246,Democrat,Democrat,False
G000596,B001274,3,0.9591295520464579,Republican,Republican,False
H000874,P000604,3,0.08277577782670657,Democrat,Democrat,False
C000174,G000555,3,0.6557921717564265,Democrat,Democrat,False
J000126,T000469,4,0.25021439185366035,Democrat,Democrat,False
C001104,F000472,3,0.48857139237225056,Republican,Republican,False
B001292,P000607,3,0.3162840285028021,Democrat,Democrat,False
L000596,M001222,5,0.46418427377939225,Republican,Republican,False
C001091,G000587,5,0.7355010829865932,Democrat,Democrat,False
C001069,M001169,3,0.0909698847681284,Democrat,Democrat,False
F000456,P000591,4,0.6673159322235733,Republican,Republican,False
L000397,T000460,3,0.5545227642481526,Democrat,Democrat,False
E000179,P000034,6,0.7301154285669327,Democrat,Democrat,False
A000370,H001075,6,0.3806816707365215,Democrat,Democrat,False
N000191,C001121,7,0.03165857773274183,Democrat,Democrat,False
S001168,V000081,3,0.27448702479402226,Democrat,Democrat,False
J000294,D000610,5,0.27201173901557923,Democrat,Democrat,False
T000460,D000610,5,0.47854402009397745,Democrat,Democrat,False
M001160,D000624,3,0.31296655380477506,Democrat,Democrat,False
P000607,L000582,3,0.29914122571547824,Democrat,Democrat,False
N000191,D000216,3,0.09204980668922265,Democrat,Democrat,False
S000148,C000127,12,0.25440934595341486,Democrat,Democrat,False
S001184,R000307,6,0.407046180528899,Republican,Republican,False
L000581,C001101,4,0.4122712346725166,Democrat,Democrat,False
R000146,M001111,4,0.49049920216202736,Democrat,Democrat,False
T000469,A000371,4,0.5513509609736502,Democrat,Democrat,False
C000266,C001038,6,0.48192087560892105,Republican,Democrat,True
B001277,C000174,3,0.45692964519063634,Democrat,Democrat,False
K000380,L000263,6,0.369213476156195,Democrat,Democrat,False
B001281,A000371,3,0.7262317935625712,Democrat,Democrat,False
B001261,H001069,4,0.3244703644886613,Republican,Democrat,True
L000580,L000570,4,0.42097739316523075,Democrat,Democrat,False
C000984,L000582,3,0.32708544967075187,Democrat,Democrat,False
P000604,R000588,3,0.8098129828770956,Democrat,Democrat,False
C000714,A000370,4,0.16706050862558186,Democrat,Democrat,False
C001038,C001036,3,0.12391844081381957,Democrat,Democrat,False
C000714,L000581,12,0.20992029438881823,Democrat,Democrat,False
C001097,C001072,4,0.489388863556087,Democrat,Democrat,False
K000383,H001069,3,0.03662236655751864,Independent,Democrat,False
H001069,L000575,3,0.11758219823241234,Democrat,Republican,True
P000523,B001286,3,0.5568179686864217,Democrat,Democrat,False
B001281,I000057,4,0.6114123133011162,Democrat,Democrat,False
J000126,L000287,5,0.41387309357523916,Democrat,Democrat,False
O000174,S001194,12,0.12979087000712752,Democrat,Democrat,False
C001067,G000555,4,0.30942082591354847,Democrat,Democrat,False
I000055,P000612,4,0.04550505173392594,Republican,Republican,False
D000610,T000460,3,0.40254710738857585,Democrat,Democrat,False
C001038,L000582,3,0.4448024133841197,Democrat,Democrat,False
L000263,B001296,4,0.6683388315141201,Democrat,Democrat,False
F000462,D000191,3,0.08100627362728119,Democrat,Democrat,False
M000312,P000034,4,0.5012947482755408,Democrat,Democrat,False
B001278,G000551,3,0.5684317570800582,Democrat,Democrat,False
Y000062,C001101,3,0.2890058836589257,Democrat,Democrat,False
C001038,V000130,3,0.3821229599416256,Democrat,Democrat,False
L000397,V000128,3,0.13675889683266482,Democrat,Democrat,False
L000263,L000580,4,0.6675281524658203,Democrat,Democrat,False
Y000062,K000385,4,0.6359755173325539,Democrat,Democrat,False
B001286,P000607,3,0.4627624961237113,Democrat,Democrat,False
D000623,P000607,8,0.4684199746698141,Democrat,Democrat,False
L000263,K000379,3,0.5102239847183228,Democrat,Democrat,False
K000379,E000293,4,0.3196886330842972,Democrat,Democrat,False
Q000023,W000822,3,0.422709704687198,Democrat,Democrat,False
J000126,D000216,3,0.1783641961713632,Democrat,Democrat,False
C000714,K000380,3,0.027159528185923893,Democrat,Democrat,False
L000581,C000984,11,0.6125744798813354,Democrat,Democrat,False
P000607,M001169,3,0.9107358256975809,Democrat,Democrat,False
T000476,R000307,7,0.13230960969147937,Republican,Republican,False
L000551,T000468,4,0.4309331162367016,Democrat,Democrat,False
G000553,G000535,3,0.21417105570435524,Democrat,Democrat,False
L000581,Y000062,3,0.7900698582331339,Democrat,Democrat,False
P000607,S001168,4,0.6723057106137276,Democrat,Democrat,False
N000002,P000523,3,0.8444849451382955,Democrat,Democrat,False
L000575,S001181,3,0.5837466840942701,Republican,Democrat,True
C001101,W000817,10,0.3224474314600229,Democrat,Democrat,False
L000580,K000382,3,0.5720638930797577,Democrat,Democrat,False
P000593,J000288,3,0.36383457357684773,Democrat,Democrat,False
H001075,C001113,5,0.1352267950773239,Democrat,Democrat,False
M000312,B001286,9,0.6812434656959441,Democrat,Democrat,False
D000197,Y000062,3,0.6556210927665234,Democrat,Democrat,False
B000213,B001248,3,0.23331521886090437,Republican,Republican,False
J000298,D000610,7,0.3159866670944861,Democrat,Democrat,False
M001137,C001078,8,0.6457707360386848,Democrat,Democrat,False
E000179,S001145,4,0.5685286954976618,Democrat,Democrat,False
B001275,S000364,3,0.3348548238476117,Republican,Republican,False
M000312,G000535,3,0.11659235693514347,Democrat,Democrat,False
Y000063,B001282,4,0.09454697091132402,Republican,Republican,False
T000476,K000367,4,0.4427809026092291,Republican,Democrat,True
W000808,C001038,3,0.5482984955112139,Democrat,Democrat,False
C001107,S001176,7,0.05904995317437819,Republican,Republican,False
H000324,P000607,4,0.22424975875765085,Democrat,Democrat,False
S001191,B001302,5,0.049829866737127304,Democrat,Republican,True
M000133,M001169,7,0.26558065387819496,Democrat,Democrat,False
L000581,C000714,4,0.4669457729905844,Democrat,Democrat,False
L000578,L000589,3,0.2751789676646392,Republican,Republican,False
C001080,F000462,3,0.6175733556350073,Democrat,Democrat,False
P000523,S001145,3,0.3812084974100192,Democrat,Democrat,False
C001097,G000551,5,0.5424188211560249,Democrat,Democrat,False
L000570,D000216,3,0.05567386125524839,Democrat,Democrat,False
K000360,S000364,3,0.02787630632519722,Republican,Republican,False
L000551,C001038,6,0.638336455139021,Democrat,Democrat,False
W000815,T000467,3,0.0346477876106898,Republican,Republican,False
H001052,B001243,4,0.039501873310655355,Republican,Republican,False
L000551,B001270,3,0.2992035603771607,Democrat,Democrat,False
L000580,K000380,4,0.4564647297374904,Democrat,Democrat,False
L000551,K000379,6,0.664444080243508,Democrat,Democrat,False
C001107,S001165,3,0.04721637504796187,Republican,Democrat,True
W000437,B001236,3,0.3805856878558795,Republican,Republican,False
R000589,R000587,6,0.18179940587530533,Republican,Republican,False
L000174,B001288,3,0.05599957083662351,Democrat,Democrat,False
L000581,K000385,4,0.6505738161504269,Democrat,Democrat,False
E000294,M001156,5,0.36393963992595674,Republican,Republican,False
C001097,R000602,4,0.678924797102809,Democrat,Democrat,False
T000460,S001193,7,0.5163853674062661,Democrat,Democrat,False
H001080,G000586,3,0.49702533303449553,Democrat,Democrat,False
L000557,K000385,3,0.924501876036326,Democrat,Democrat,False
R000606,M001200,3,0.7345432341098785,Democrat,Democrat,False
D000617,H000874,3,0.4806032373259465,Democrat,Democrat,False
T000460,B000574,3,0.6076948642730713,Democrat,Democrat,False
S001212,C001119,3,0.1937590160717567,Republican,Democrat,True
B001289,L000564,3,0.3919218350201845,Republican,Republican,False
T000463,C001091,6,0.4443822627266248,Republican,Democrat,True
L000563,D000622,3,0.012744117993861437,Democrat,Democrat,False
G000565,F000448,5,0.20587975541129708,Republican,Republican,False
D000614,C001051,3,0.12984651637574038,Republican,Republican,False
C001087,T000483,3,0.24146345009406409,Republican,Democrat,True
D000617,S001156,3,0.045854168478399515,Democrat,Democrat,False
D000614,G000582,8,0.026491235475987196,Republican,Republican,False
F000446,H001091,17,0.10711834919365014,Republican,Republican,False
B000825,M001184,9,0.34574009602268535,Republican,Republican,False
D000615,M001184,5,0.05543940626084805,Republican,Republican,False
R000575,S001176,101,0.7279103506024521,Republican,Republican,False
B001305,B001311,19,0.5479096734994336,Republican,Republican,False
L000551,B000574,3,0.3484634856383006,Democrat,Democrat,False
S001203,B001288,4,0.2628095429390669,Democrat,Democrat,False
M001176,P000145,23,0.4520948883955893,Democrat,Democrat,False
E000296,P000034,8,0.5717720095999539,Democrat,Democrat,False
E000296,J000288,5,0.4147849541157484,Democrat,Democrat,False
L000551,J000298,23,0.4417198078463907,Democrat,Democrat,False
D000627,N000191,3,0.6832999785741171,Democrat,Democrat,False
D000622,H001076,3,0.14340971875935793,Democrat,Democrat,False
S001168,F000462,3,0.1564545730749766,Democrat,Democrat,False
C001097,R000515,6,0.3551552686840296,Democrat,Democrat,False
G000578,B001311,6,0.9043867588043213,Republican,Republican,False
L000551,G000586,5,0.4645780324935913,Democrat,Democrat,False
B001304,H000874,16,0.22806246782420203,Democrat,Democrat,False
S001168,C001117,5,0.2904537679627538,Democrat,Democrat,False
C001117,D000627,3,0.38086973999937374,Democrat,Democrat,False
S001192,O000086,4,0.19546885276213288,Republican,Republican,False
W000822,B001292,26,0.5306681115717555,Democrat,Democrat,False
S001168,K000394,5,0.08510161340236663,Democrat,Democrat,False
E000296,S001205,86,0.30546853292820064,Democrat,Democrat,False
B001302,C001108,4,0.7521884441375732,Republican,Republican,False
W000822,B001303,4,0.4521327600814402,Democrat,Democrat,False
B001261,W000437,7,0.4579058385321072,Republican,Republican,False
C001061,T000481,3,0.6470009970168272,Democrat,Democrat,False
M001184,O000086,4,0.7330573350191116,Republican,Republican,False
C001117,D000631,4,0.40024016005918384,Democrat,Democrat,False
W000795,B001299,5,0.5826209776103497,Republican,Republican,False
S001205,B001292,13,0.5537147231113452,Democrat,Democrat,False
M000312,P000096,18,0.7337068170309067,Democrat,Democrat,False
F000462,F000455,3,0.38678552582859993,Democrat,Democrat,False
P000523,R000305,10,0.08822449278086424,Democrat,Democrat,False
M001212,C001054,4,0.3933004206046462,Republican,Republican,False
J000305,P000197,9,0.2716579780810409,Democrat,Democrat,False
B001302,M001195,4,0.3020241220947355,Republican,Republican,False
K000381,L000560,6,0.019629925178984802,Democrat,Democrat,False
B001230,B001277,11,0.2947943075136705,Democrat,Democrat,False
S000148,T000486,10,0.32260600067675116,Democrat,Democrat,False
C001096,C001113,3,0.03172877679268519,Republican,Democrat,True
B001281,J000288,21,0.18889214171628868,Democrat,Democrat,False
P000607,E000299,6,0.5501890135928988,Democrat,Democrat,False
W000817,T000482,5,0.14754722863435746,Democrat,Democrat,False
B001281,N000191,4,0.39982761861756444,Democrat,Democrat,False
M000639,S001181,8,0.3182194954715669,Democrat,Democrat,False
B000944,W000805,3,0.5775288840134939,Democrat,Democrat,False
D000482,S000185,3,0.3198255691677332,Democrat,Democrat,False
G000588,J000295,4,0.1081162600312382,Republican,Republican,False
W000817,O000172,6,0.277461513876915,Democrat,Democrat,False
H000601,B001243,3,0.11864882955948512,Republican,Republican,False
S000770,G000555,5,0.13448720872402192,Democrat,Democrat,False
T000278,C001056,4,0.38283993024379015,Republican,Republican,False
T000472,P000197,14,0.427836346107402,Democrat,Democrat,False
M001176,B001267,3,0.3350129062309861,Democrat,Democrat,False
M000702,C000141,7,0.2799262332596949,Democrat,Democrat,False
G000586,E000299,22,0.30240423875776207,Democrat,Democrat,False
R000606,R000486,3,0.017205018860598404,Democrat,Democrat,False
E000296,N000191,8,0.25604700413532555,Democrat,Democrat,False
W000815,B001282,5,0.1420602647587657,Republican,Republican,False
F000462,R000486,7,0.19299403005944832,Democrat,Democrat,False
J000298,G000585,20,0.34628305230289697,Democrat,Democrat,False
G000586,P000617,64,0.34655989635939477,Democrat,Democrat,False
T000482,M000312,11,0.3949402745135806,Democrat,Democrat,False
E000299,R000599,3,0.45802850648760796,Democrat,Democrat,False
W000822,K000389,14,0.4965447571926883,Democrat,Democrat,False
H000874,W000797,3,0.3462011869996786,Democrat,Democrat,False
S001193,O000174,3,0.3291126098483801,Democrat,Democrat,False
C000174,N000147,16,0.047315882868133485,Democrat,Democrat,False
M001208,T000460,3,0.07165333162993193,Democrat,Democrat,False
C000174,D000563,11,0.18815294162116267,Democrat,Democrat,False
B001277,M001111,5,0.4559827607125044,Democrat,Democrat,False
J000298,B001296,7,0.24014515083815371,Democrat,Democrat,False
C001059,C001112,3,0.039506809785962105,Democrat,Democrat,False
M000312,T000474,8,0.31280478462576866,Democrat,Democrat,False
R000486,S001156,5,0.1285725235939026,Democrat,Democrat,False
F000062,P000613,6,0.1640540286898613,Democrat,Democrat,False
M000133,P000617,23,0.41013434067692445,Democrat,Democrat,False
O000174,W000788,4,0.03317378950305283,Democrat,Democrat,False
P000197,H000874,6,0.5430675599103173,Democrat,Democrat,False
W000817,J000306,3,0.3259841101244092,Democrat,Democrat,False
B001261,B001243,5,0.46282473355531695,Republican,Republican,False
T000483,P000197,4,0.022928918479010463,Democrat,Democrat,False
H000874,C001119,4,0.18269871082156897,Democrat,Democrat,False
K000009,P000096,4,0.03880780516192317,Democrat,Democrat,False
B001224,W000817,5,0.513055169582367,Democrat,Democrat,False
B000740,W000809,4,0.021917521255090833,Republican,Republican,False
M001212,C001039,7,0.41629551510725704,Republican,Republican,False
C001039,H001086,3,0.059092660124103226,Republican,Republican,False
M001215,M000194,4,0.3640505485236645,Republican,Republican,False
M000639,B001288,35,0.2821056197264365,Democrat,Democrat,False
R000599,B001257,6,0.28736081967751187,Democrat,Republican,True
S001205,B001303,9,0.40977663293273914,Democrat,Democrat,False
W000817,C001101,12,0.1841772790843,Democrat,Democrat,False
R000584,M000355,5,0.22328692078590393,Republican,Republican,False
S001203,G000574,3,0.7097123712301254,Democrat,Democrat,False
H001082,B001260,4,0.48998875403776765,Republican,Republican,False
P000609,S001176,5,0.6382126815617084,Republican,Republican,False
H001082,R000614,6,0.5847058519721031,Republican,Republican,False
S001224,T000165,4,0.6344090383499861,Republican,Republican,False
G000586,H001080,8,0.10338142607361078,Democrat,Democrat,False
Y000033,L000273,4,0.24963510083034635,Republican,Democrat,True
S001205,W000817,7,0.687564220013363,Democrat,Democrat,False
S001205,G000587,25,0.37407490957528355,Democrat,Democrat,False
S001168,S001150,5,0.5845822401344776,Democrat,Democrat,False
W000802,W000790,7,0.7860944930996213,Democrat,Democrat,False
M001200,W000805,4,0.15363963786512613,Democrat,Democrat,False
K000385,C001067,6,0.31672175135463476,Democrat,Democrat,False
H001086,D000615,5,0.3412544520571828,Republican,Republican,False
M000133,H001046,4,0.43410989455878735,Democrat,Democrat,False
W000802,M001223,8,0.05821066675707698,Democrat,Democrat,False
M001225,L000397,3,0.6086706096927325,Democrat,Democrat,False
S001203,O000174,3,0.3040673950066169,Democrat,Democrat,False
E000296,N000147,6,0.18278140760958195,Democrat,Democrat,False
V000134,S001176,15,0.7755792031685511,Republican,Republican,False
F000446,S001176,5,0.8212154388427735,Republican,Republican,False
G000585,E000297,4,0.3331063939258456,Democrat,Democrat,False
P000607,P000617,32,0.44797785190166906,Democrat,Democrat,False
A000377,J000301,8,0.26010566181503236,Republican,Republican,False
S001193,G000574,45,0.48746768984322747,Democrat,Democrat,False
L000576,M001190,3,0.08388429321348667,Republican,Republican,False
G000583,S001190,3,0.4259916643301646,Democrat,Democrat,False
B001302,M001211,14,0.5640835115419967,Republican,Republican,False
B001281,W000808,14,0.13599457338984525,Democrat,Democrat,False
S001168,M001207,3,0.6224319587151209,Democrat,Democrat,False
B000944,H001076,9,0.34967974744116265,Democrat,Democrat,False
O000173,H001080,4,0.17116425512358546,Democrat,Democrat,False
S001203,V000128,12,0.7003219438095888,Democrat,Democrat,False
M000639,S001165,6,0.24843050756802162,Democrat,Democrat,False
R000606,S001150,29,0.5775473945099732,Democrat,Democrat,False
A000375,R000614,6,0.36061709467321634,Republican,Republican,False
R000606,W000825,16,0.3301587046007626,Democrat,Democrat,False
T000460,V000131,4,0.38104176754131913,Democrat,Democrat,False
P000605,J000289,37,0.5064649575868169,Republican,Republican,False
P000607,H001080,15,0.2983206938331326,Democrat,Democrat,False
H001058,S001196,9,0.5978670664545562,Republican,Republican,False
R000515,G000586,25,0.3298926075361669,Democrat,Democrat,False
B001302,K000388,5,0.7686293512582779,Republican,Republican,False
H001068,D000623,6,0.2848668109315137,Democrat,Democrat,False
T000482,M001196,6,0.19862532895058393,Democrat,Democrat,False
S001205,N000002,40,0.555103343212977,Democrat,Democrat,False
B000755,S001183,11,0.2099672739648006,Republican,Republican,False
C001067,W000808,20,0.24998843083158134,Democrat,Democrat,False
N000191,C001066,3,0.6174262426793575,Democrat,Democrat,False
J000298,P000197,15,0.4741012576346596,Democrat,Democrat,False
H001080,P000197,14,0.4164747976298843,Democrat,Democrat,False
M000639,M000133,7,0.5685951116361788,Democrat,Democrat,False
J000299,P000609,4,0.25132265081629157,Republican,Republican,False
D000623,S001150,23,0.4758961195855037,Democrat,Democrat,False
F000461,B001302,5,0.7504723906517029,Republican,Republican,False
S001207,C001121,6,0.207721384242177,Democrat,Democrat,False
E000215,D000482,9,0.5527514047506783,Democrat,Democrat,False
P000607,S001185,4,0.3980186986736953,Democrat,Democrat,False
F000462,S001150,11,0.8040524856610731,Democrat,Democrat,False
C001061,W000822,3,0.3163111799707015,Democrat,Democrat,False
E000179,T000474,6,0.16309892743205032,Democrat,Democrat,False
B001292,S001150,13,0.49319998977276,Democrat,Democrat,False
B001292,C001117,3,0.09555336398382981,Democrat,Democrat,False
D000096,D000563,13,0.18251576611342338,Democrat,Democrat,False
B001278,W000802,7,0.16576816381088325,Democrat,Democrat,False
G000565,G000578,14,0.571558589381831,Republican,Republican,False
F000462,C001117,3,0.42649756992856663,Democrat,Democrat,False
R000606,C001117,5,0.29697874560952187,Democrat,Democrat,False
C001066,M001169,5,0.3411878814920783,Democrat,Democrat,False
F000462,D000197,7,0.6095725518784353,Democrat,Democrat,False
W000822,G000587,8,0.39940727839712054,Democrat,Democrat,False
H001064,Q000023,3,0.550872340798378,Democrat,Democrat,False
C001066,D000627,11,0.5075795105235144,Democrat,Democrat,False
M000087,T000481,4,0.046333859441801906,Democrat,Democrat,False
C001070,S001181,10,0.2685511330142617,Democrat,Democrat,False
Y000065,C001093,5,0.28261604383587835,Republican,Republican,False
W000822,N000002,5,0.6348931558430195,Democrat,Democrat,False
W000797,J000298,4,0.6069246036931872,Democrat,Democrat,False
R000606,M001207,5,0.37917407006025317,Democrat,Democrat,False
F000461,C001098,18,0.7615747664951615,Republican,Republican,False
C001098,M001187,5,0.25077494122087957,Republican,Republican,False
T000460,P000197,6,0.43934763222932816,Democrat,Democrat,False
D000096,S001145,7,0.34709363829876694,Democrat,Democrat,False
F000462,M001207,11,0.544397909194231,Democrat,Democrat,False
B001299,M001156,3,0.4496818135182063,Republican,Republican,False
P000197,F000454,3,0.4690672308206558,Democrat,Democrat,False
M001229,M001226,17,0.1519546026144834,Democrat,Democrat,False
O000175,V000139,7,0.06140740827790329,Republican,Republican,False
K000377,O000174,4,0.7728984951972961,Democrat,Democrat,False
L000598,S001196,5,0.5015676051378251,Republican,Republican,False
W000779,M001176,3,0.6417966385682424,Democrat,Democrat,False
B001303,K000377,3,0.3388972356915474,Democrat,Democrat,False
B000740,F000479,3,0.36415793808797997,Republican,Democrat,True
S001181,K000377,3,0.2921680087844531,Democrat,Democrat,False
M001229,C001067,5,0.6032916801050305,Democrat,Democrat,False
J000310,E000301,8,0.32066484121605754,Democrat,Democrat,False
K000367,W000805,8,0.8407809007912874,Democrat,Democrat,False
B001300,P000034,3,0.4859061042467753,Democrat,Democrat,False
S000185,J000294,16,0.5549480341142043,Democrat,Democrat,False
W000797,C001091,3,0.3090510666370392,Democrat,Democrat,False
L000571,H001096,4,0.01367133716121316,Republican,Republican,False
F000474,H001093,3,0.058369116857647896,Republican,Republican,False
B001303,P000145,3,0.9563014507293701,Democrat,Democrat,False
C000714,M001160,5,0.2679780647158623,Democrat,Democrat,False
M001218,F000484,4,0.39280711114406586,Republican,Republican,False
E000296,W000808,5,0.5217192312702537,Democrat,Democrat,False
D000096,W000808,7,0.37448626929628,Democrat,Democrat,False
C001066,L000582,3,0.8843263387680054,Democrat,Democrat,False
D000563,C000141,5,0.46416512951254846,Democrat,Democrat,False
B001310,C001088,4,0.05314528103917837,Republican,Democrat,True
O000173,P000617,29,0.31168961486425895,Democrat,Democrat,False
M001190,D000615,4,0.46104799397289753,Republican,Republican,False
T000480,S001184,11,0.29920372079041874,Republican,Republican,False
C001070,M000133,4,0.3277814448811114,Democrat,Democrat,False
A000377,M000355,9,0.5492008051110638,Republican,Republican,False
J000126,S001175,3,0.5278327067693075,Democrat,Democrat,False
J000293,G000579,3,0.08521438265840213,Republican,Republican,False
L000560,H001064,10,0.058084877021610734,Democrat,Democrat,False
K000389,C001121,3,0.27408072880158824,Democrat,Democrat,False
S001206,R000515,4,0.23418760765343904,Democrat,Democrat,False
H000874,D000617,3,0.1433584795643886,Democrat,Democrat,False
T000470,G000562,17,0.06311311496092993,Republican,Republican,False
P000613,P000096,6,0.6888850703835487,Democrat,Democrat,False
G000565,S001183,4,0.25204765424132347,Republican,Republican,False
J000298,K000379,9,0.3926817427078883,Democrat,Democrat,False
B001230,D000622,3,0.3354341561595599,Democrat,Democrat,False
B001298,C001112,14,0.07260533422231674,Republican,Democrat,True
D000563,H001075,5,0.478023374825716,Democrat,Democrat,False
G000552,S001176,4,0.4467694235499948,Republican,Republican,False
B001299,R000614,3,0.359321699788173,Republican,Republican,False
S001212,H001088,3,0.17631138737003008,Republican,Republican,False
T000483,S000770,4,0.022462944267317653,Democrat,Democrat,False
M000133,B001267,6,0.4544926639646292,Democrat,Democrat,False
T000463,B001298,3,0.09115816528598468,Republican,Republican,False
M001137,W000808,9,0.12568354182359245,Democrat,Democrat,False
N000191,M000312,3,0.24802349849293628,Democrat,Democrat,False
E000179,G000555,4,0.2169737946242094,Democrat,Democrat,False
D000610,S001200,6,0.13997290330007672,Democrat,Democrat,False
D000563,F000062,15,0.49295705892145636,Democrat,Democrat,False
E000299,S000510,5,0.6053948856890201,Democrat,Democrat,False
E000299,H001080,7,0.4352102354168892,Democrat,Democrat,False
R000307,E000298,3,0.018003089353442192,Republican,Republican,False
N000191,G000551,4,0.5409860704094172,Democrat,Democrat,False
B001261,F000463,5,0.4125459000468254,Republican,Republican,False
H001066,L000590,7,0.3378978331706354,Democrat,Democrat,False
S001205,H001075,4,0.28088659327477217,Democrat,Democrat,False
J000298,B001270,7,0.605579763384802,Democrat,Democrat,False
M000087,L000581,4,0.25542222266085446,Democrat,Democrat,False
F000454,B001292,10,0.5981165688484907,Democrat,Democrat,False
K000389,L000287,3,0.6321721772352854,Democrat,Democrat,False
M001176,H001046,9,0.40863829250964856,Democrat,Democrat,False
R000515,J000298,4,0.556232072878629,Democrat,Democrat,False
S001212,W000821,3,0.12036737706512213,Republican,Republican,False
M000087,S001200,3,0.28998975610981387,Democrat,Democrat,False
B001278,R000515,3,0.5151194433371226,Democrat,Democrat,False
J000294,V000131,4,0.7367451786994934,Democrat,Democrat,False
H001082,V000134,8,0.3768137344159186,Republican,Republican,False
F000476,W000797,3,0.4065588613351186,Democrat,Democrat,False
V000136,L000570,4,0.273187939543277,Democrat,Democrat,False
B001306,S001176,17,0.6997194104992291,Republican,Republican,False
J000288,N000147,4,0.807178907096386,Democrat,Democrat,False
S001211,A000381,9,0.17307168571278453,Democrat,Democrat,False
W000802,W000779,8,0.6290400666184723,Democrat,Democrat,False
W000808,G000586,3,0.3650042191147804,Democrat,Democrat,False
H001046,W000790,3,0.6630659128228823,Democrat,Democrat,False
H001046,S001150,3,0.4979431927204132,Democrat,Democrat,False
R000122,M001111,3,0.36637863144278526,Democrat,Democrat,False
D000629,G000574,3,0.08954083050290744,Democrat,Democrat,False
H000874,N000188,4,0.4081827544141561,Democrat,Democrat,False
W000802,C000174,10,0.36076713921502235,Democrat,Democrat,False
E000299,T000193,4,0.4811309336218983,Democrat,Democrat,False
M001238,O000172,3,0.5529755055904388,Democrat,Democrat,False
S001190,B001292,5,0.18788792565464973,Democrat,Democrat,False
M001136,B001309,3,0.3619847546021144,Republican,Republican,False
G000585,L000582,6,0.5144258054594198,Democrat,Democrat,False
L000590,T000482,3,0.19870568594584861,Democrat,Democrat,False
R000486,H000874,3,0.031344218800465264,Democrat,Democrat,False
M001136,S001209,3,0.024712555420895416,Republican,Democrat,True
J000299,C001116,9,0.5761876164211167,Republican,Republican,False
E000215,S001150,4,0.48235972598195076,Democrat,Democrat,False
L000557,N000188,4,0.46555341966450214,Democrat,Democrat,False
S001193,J000294,7,0.7535535884754998,Democrat,Democrat,False
B001310,S000320,3,0.5876474461207787,Republican,Republican,False
M001184,M001211,4,0.7056344300508499,Republican,Republican,False
G000551,J000288,5,0.3711343552917242,Democrat,Democrat,False
W000826,D000631,7,0.1038102036608117,Democrat,Democrat,False
T000483,M001215,3,0.0374076838294665,Democrat,Republican,True
B001278,D000216,8,0.24046220176387578,Democrat,Democrat,False
B001257,S001176,13,0.6689221048011229,Republican,Republican,False
K000395,M000871,3,0.8805084228515625,Republican,Republican,False
M001211,T000165,6,0.4171919797857602,Republican,Republican,False
W000822,W000788,6,0.3567240458602707,Democrat,Democrat,False
W000797,G000586,3,0.05726589045176903,Democrat,Democrat,False
R000609,M001202,4,0.03152435319498181,Republican,Democrat,True
B001223,P000617,5,0.8141856551170349,Democrat,Democrat,False
R000515,T000486,3,0.5750529915094376,Democrat,Democrat,False
G000551,L000579,4,0.13931944454088807,Democrat,Democrat,False
M001136,U000031,3,0.24146162470181784,Republican,Republican,False
L000557,D000617,4,0.3804952260106802,Democrat,Democrat,False
C001075,M000355,9,0.6162325748138957,Republican,Republican,False
H001082,N000190,9,0.4490636708214879,Republican,Republican,False
L000560,J000306,4,0.2150354809127748,Democrat,Democrat,False
M000317,G000593,9,0.5181386040316688,Republican,Republican,False
H001061,K000367,5,0.04115133825689554,Republican,Democrat,True
M001157,C001056,5,0.12613046132028102,Republican,Republican,False
L000590,L000593,3,0.06046614547570547,Democrat,Democrat,False
H000273,N000191,6,0.48492154696335393,Democrat,Democrat,False
L000557,L000592,3,0.2465876955538988,Democrat,Democrat,False
L000560,P000604,3,0.05125079055627187,Democrat,Democrat,False
L000557,Q000023,6,0.4946344004323085,Democrat,Democrat,False
L000557,E000296,7,0.39923217094370295,Democrat,Democrat,False
B001286,F000462,7,0.3404408504388162,Democrat,Democrat,False
S001193,T000460,4,0.187626785133034,Democrat,Democrat,False
C001075,R000584,7,0.5478185574923243,Republican,Republican,False
S001232,G000359,4,0.46022067964076996,Republican,Republican,False
T000481,R000606,3,0.7658813198407491,Democrat,Democrat,False
S000250,S001224,4,0.3013707771897316,Republican,Republican,False
M001240,H001101,3,0.37222493688265484,Republican,Republican,False
J000294,B001296,4,0.9533163160085678,Democrat,Democrat,False
R000614,M001211,5,0.5350190490484238,Republican,Republican,False
T000481,M001184,5,0.49109881147742274,Democrat,Republican,True
C001116,L000577,8,0.598140842281282,Republican,Republican,False
H001104,M001242,7,0.8034166949135917,Republican,Republican,False
H001102,S001188,3,0.05600500789781412,Republican,Republican,False
S000510,D000617,5,0.24248549304902553,Democrat,Democrat,False
K000384,D000622,3,0.919529139995575,Democrat,Democrat,False
P000617,M001226,4,0.05259594973176718,Democrat,Democrat,False
B001292,W000779,3,0.7595037420590719,Democrat,Democrat,False
P000617,C001067,4,0.2953117333818227,Democrat,Democrat,False
S001205,S001203,3,0.6941084365049998,Democrat,Democrat,False
D000635,F000476,3,0.35987292726834613,Democrat,Democrat,False
L000596,S001224,9,0.6056880470779207,Republican,Republican,False
S001205,W000788,6,0.3550843298435211,Democrat,Democrat,False
F000246,J000304,5,0.7195560529828071,Republican,Republican,False
B001267,C001121,5,0.04197518844157457,Democrat,Democrat,False
G000603,C001098,3,0.10244513303041458,Republican,Republican,False
H001082,M001136,7,0.34998903130846365,Republican,Republican,False
M001176,H000273,8,0.6274469662457705,Democrat,Democrat,False
P000523,T000474,3,0.017666695329050224,Democrat,Democrat,False
D000399,E000299,5,0.1901096641086042,Democrat,Democrat,False
K000385,H000874,3,0.17571649452050528,Democrat,Democrat,False
C001067,N000191,3,0.13442553579807281,Democrat,Democrat,False
M001211,H001086,4,0.209521462675184,Republican,Republican,False
K000395,C001039,5,0.3721514709293842,Republican,Republican,False
W000797,D000610,7,0.5049222146293947,Democrat,Democrat,False
B001257,B001275,3,0.18237944940725961,Republican,Republican,False
C001097,M000087,3,0.43063286940256756,Democrat,Democrat,False
K000395,H001082,3,0.31609772766629857,Republican,Republican,False
P000607,S000510,5,0.44420165866613387,Democrat,Democrat,False
R000614,T000479,3,0.536283316090703,Republican,Republican,False
M000087,B001278,4,0.28008587122894824,Democrat,Democrat,False
E000296,L000397,3,0.4763001948595047,Democrat,Democrat,False
C001129,F000485,6,0.021859505989899237,Republican,Republican,False
W000802,S001150,12,0.7762817603846391,Democrat,Democrat,False
R000617,G000586,4,0.13067930517718196,Democrat,Democrat,False
W000817,C001131,3,0.6752607127030691,Democrat,Democrat,False
N000190,H001086,4,0.7107598781585693,Republican,Republican,False
N000193,C001061,3,0.03290895807246367,Republican,Democrat,True
B001277,C001069,3,0.028058115703364212,Democrat,Democrat,False
C001117,L000582,4,0.047806801507249475,Democrat,Democrat,False
W000822,W000817,4,0.35028644371777773,Democrat,Democrat,False
J000298,P000597,4,0.45410823728889227,Democrat,Democrat,False
S001217,O000175,3,0.6625668803850809,Republican,Republican,False
F000470,E000294,10,0.22656555604189635,Republican,Republican,False
K000389,M000087,12,0.40910595872749883,Democrat,Democrat,False
C001039,D000032,4,0.6027632430195808,Republican,Republican,False
G000586,T000193,3,0.1791258156299591,Democrat,Democrat,False
C001097,C001121,4,0.3873939090408385,Democrat,Democrat,False
C001097,D000216,3,0.18653434018294016,Democrat,Democrat,False
C001104,B001310,4,0.6421351553872228,Republican,Republican,False
C001068,D000622,3,0.11819503487398227,Democrat,Democrat,False
W000815,F000465,5,0.20980142056941986,Republican,Republican,False
B001301,C001120,3,0.723584920167923,Republican,Republican,False
G000551,S001145,6,0.4086478725075722,Democrat,Democrat,False
M001135,P000197,3,0.6432380080223083,Democrat,Democrat,False
L000564,T000470,6,0.2692336851420502,Republican,Republican,False
E000293,M001169,29,0.2570066411883153,Democrat,Democrat,False
S001192,H000338,7,0.21018217370978423,Republican,Republican,False
M001160,Q000023,3,0.1662137396633625,Democrat,Democrat,False
M001183,H001041,3,0.10324645228683949,Democrat,Republican,True
G000559,K000380,3,0.04379437677562237,Democrat,Democrat,False
J000290,B001273,3,0.030566963677604992,Republican,Republican,False
G000559,S001191,8,0.05274376139277592,Democrat,Democrat,False
K000380,V000130,3,0.07208966898421447,Democrat,Democrat,False
G000546,R000597,5,0.02824801839888096,Republican,Republican,False
C001087,R000591,3,0.04183328958849112,Republican,Republican,False
W000802,C001117,6,0.5690653764953216,Democrat,Democrat,False
C001117,L000551,3,0.7163556615511576,Democrat,Democrat,False
D000603,S000364,3,0.388014222184817,Republican,Republican,False
M001158,B001273,4,0.7650235146284103,Republican,Republican,False
K000360,M000303,3,0.05160448560491204,Republican,Republican,False
S001183,J000289,3,0.21057533534864584,Republican,Republican,False
S000364,B001273,7,0.6539960918681962,Republican,Republican,False
M001160,L000174,3,0.144268819441398,Democrat,Democrat,False
L000580,M001160,3,0.760403593381246,Democrat,Democrat,False
S000364,K000360,8,0.09406394069083035,Republican,Republican,False
D000191,S000033,3,0.42572957277297974,Democrat,Independent,False
M001160,W000797,3,0.01767079532146454,Democrat,Democrat,False
Y000064,W000813,11,0.2239156373861161,Republican,Republican,False
S001157,G000289,3,0.39674536635478336,Democrat,Republican,True
C001055,K000396,4,0.022076353430747986,Democrat,Democrat,False
K000360,M001183,10,0.08751452518627048,Republican,Democrat,True
H001065,M001156,4,0.2471227792557329,Republican,Republican,False
M001185,G000564,3,0.04741701235373815,Democrat,Republican,True
M001137,D000563,9,0.5925012628237406,Democrat,Democrat,False
T000469,P000034,11,0.4629838974638419,Democrat,Democrat,False
S001190,N000002,4,0.4430730491876602,Democrat,Democrat,False
M000087,W000822,4,0.06511841434985399,Democrat,Democrat,False
G000587,V000081,3,0.1189805194735527,Democrat,Democrat,False
B001292,W000825,9,0.30407850982414353,Democrat,Democrat,False
D000563,W000817,3,0.8146751125653585,Democrat,Democrat,False
H001053,L000589,7,0.4079309552907944,Republican,Republican,False
B001278,M000087,4,0.6128286607563496,Democrat,Democrat,False
E000296,C001112,3,0.07206274631122749,Democrat,Democrat,False
C001095,H001072,4,0.27558816876262426,Republican,Republican,False
C001098,B001243,6,0.43112120777368546,Republican,Republican,False
S001172,L000585,3,0.5226590000092983,Republican,Republican,False
F000062,D000622,3,0.35222430278857547,Democrat,Democrat,False
B001304,R000606,3,0.6261149297157923,Democrat,Democrat,False
E000296,B001286,7,0.5757043707583632,Democrat,Democrat,False
J000126,C001066,3,0.04205686102310816,Democrat,Democrat,False
R000589,K000384,3,0.0314283004651467,Republican,Democrat,True
N000127,M001143,4,0.12037844071164727,Democrat,Democrat,False
C001090,P000604,3,0.9412204821904501,Democrat,Democrat,False
L000551,S001193,15,0.3482228705038627,Democrat,Democrat,False
I000055,M001111,3,0.0686543695628643,Republican,Democrat,True
H001064,D000617,6,0.027045707451179624,Democrat,Democrat,False
U000031,S000364,7,0.0939059244202716,Republican,Republican,False
S001165,B001288,5,0.0205172024667263,Democrat,Democrat,False
K000389,W000802,3,0.2632705755531788,Democrat,Democrat,False
F000451,M001181,10,0.07015156205743552,Republican,Republican,False
S001175,H001068,5,0.06552619934082031,Democrat,Democrat,False
R000122,R000146,3,0.23731348104774952,Democrat,Democrat,False
W000815,S001187,5,0.27544108144938945,Republican,Republican,False
R000146,B000711,3,0.31056008239587146,Democrat,Democrat,False
H001041,H001069,3,0.03903447836637497,Republican,Democrat,True
E000215,W000779,3,0.5971501047412554,Democrat,Democrat,False
A000360,R000307,4,0.5921450152527541,Republican,Republican,False
S001168,W000790,6,0.19883270437518755,Democrat,Democrat,False
S001185,A000370,6,0.02129570705195268,Democrat,Democrat,False
C001098,G000579,4,0.21800199802964926,Republican,Republican,False
J000126,T000472,7,0.5546478038387639,Democrat,Democrat,False
G000585,B001300,3,0.33608490756402415,Democrat,Democrat,False
A000375,K000395,3,0.3419723628709714,Republican,Republican,False
S001215,P000595,6,0.023656077682971954,Democrat,Democrat,False
D000614,I000056,7,0.1644739383565528,Republican,Republican,False
B001270,D000216,4,0.0966962743550539,Democrat,Democrat,False
K000380,D000631,3,0.07406190689653158,Democrat,Democrat,False
R000307,W000437,4,0.3879939205944538,Republican,Republican,False
R000591,S001196,3,0.3567900725950797,Republican,Republican,False
P000594,S001176,4,0.34332202933728695,Republican,Republican,False
W000826,L000582,3,0.339897520840168,Democrat,Democrat,False
B001289,S000320,29,0.09901954827765966,Republican,Republican,False
B001274,G000578,7,0.510050293058157,Republican,Republican,False
F000455,K000385,3,0.5583499819040298,Democrat,Democrat,False
T000469,S001145,6,0.4783878419548273,Democrat,Democrat,False
J000298,C000127,4,0.2400910840369761,Democrat,Democrat,False
B001292,C000174,4,0.19117563986219466,Democrat,Democrat,False
W000817,C000984,4,0.2693303651176393,Democrat,Democrat,False
R000307,F000463,6,0.02333299598346154,Republican,Republican,False
P000604,D000216,4,0.30222060065716505,Democrat,Democrat,False
L000551,M001143,4,0.5350898478645831,Democrat,Democrat,False
C001071,I000055,4,0.1446197652257979,Republican,Republican,False
M001181,B001296,9,0.06568385412295659,Republican,Democrat,True
W000812,K000360,5,0.5040860995650291,Republican,Republican,False
I000057,V000081,3,0.24820421760280928,Democrat,Democrat,False
F000462,P000598,4,0.2794363242574036,Democrat,Democrat,False
W000808,G000593,3,0.25496396360297996,Democrat,Republican,True
H000324,F000462,4,0.30596553068608046,Democrat,Democrat,False
C001038,L000263,3,0.4066442847251892,Democrat,Democrat,False
G000289,L000174,3,0.14999858910838762,Republican,Democrat,True
L000174,B001277,3,0.31762465089559555,Democrat,Democrat,False
J000294,C001038,5,0.4485035169869661,Democrat,Democrat,False
C001095,B001135,7,0.20487203555447714,Republican,Republican,False
B001281,M001163,5,0.5075739946216344,Democrat,Democrat,False
T000469,M001163,6,0.21043040277436376,Democrat,Democrat,False
D000614,Y000063,3,0.03999605650703112,Republican,Republican,False
C001068,B001278,3,0.429101067284743,Democrat,Democrat,False
B001296,W000797,3,0.08853884848455588,Democrat,Democrat,False
C001038,S001185,5,0.47567827105522154,Democrat,Democrat,False
C001061,K000380,3,0.4647479448467493,Democrat,Democrat,False
D000610,K000380,3,0.542452015603582,Democrat,Democrat,False
M000087,K000380,4,0.6605099961161613,Democrat,Democrat,False
B001281,B001286,7,0.3095069232263735,Democrat,Democrat,False
B001281,S001145,6,0.46659808543821174,Democrat,Democrat,False
H001072,R000487,3,0.24532516983648142,Republican,Republican,False
P000604,L000287,3,0.4736805868645509,Democrat,Democrat,False
C001097,L000287,4,0.3774870904162526,Democrat,Democrat,False
L000580,T000460,3,0.6740249693393707,Democrat,Democrat,False
C001107,D000600,18,0.20411788925735486,Republican,Republican,False
D000623,D000197,3,0.35069370331863564,Democrat,Democrat,False
D000610,A000370,3,0.3899476391573747,Democrat,Democrat,False
B001301,H001058,4,0.055218541994690895,Republican,Republican,False
G000585,D000627,3,0.6092960486809412,Democrat,Democrat,False
S001168,W000825,3,0.3298848544557889,Democrat,Democrat,False
S000148,P000595,8,0.43920971150510013,Democrat,Democrat,False
H001088,C001120,3,0.4728924036026001,Republican,Republican,False
M000087,M001185,3,0.43286423943936825,Democrat,Democrat,False
P000607,L000263,3,0.2750786825393637,Democrat,Democrat,False
L000551,D000610,4,0.1950586091261357,Democrat,Democrat,False
K000383,F000463,6,0.1330834343098104,Independent,Republican,False
L000580,V000128,4,0.34278992423787713,Democrat,Democrat,False
I000057,P000607,3,0.24194031208753586,Democrat,Democrat,False
T000469,L000579,5,0.04310133159160614,Democrat,Democrat,False
L000580,U000039,3,0.026177864521741867,Democrat,Democrat,False
C000984,T000193,3,0.35936326036850613,Democrat,Democrat,False
B001275,M001190,3,0.2395562157034874,Republican,Republican,False
L000263,D000399,6,0.6661326289176941,Democrat,Democrat,False
N000002,D000197,6,0.5818257741630077,Democrat,Democrat,False
C001066,L000551,4,0.39765574550256133,Democrat,Democrat,False
R000601,M001157,3,0.19000068058570227,Republican,Republican,False
L000263,S001193,4,0.4881174375768751,Democrat,Democrat,False
L000263,D000610,3,0.2327226201693217,Democrat,Democrat,False
T000469,B001286,3,0.19996956860025725,Democrat,Democrat,False
R000602,B001292,15,0.7851376185814539,Democrat,Democrat,False
C001107,B000755,4,0.06345455860719085,Republican,Republican,False
M000087,K000382,4,0.6580082140862942,Democrat,Democrat,False
B001292,D000482,6,0.4485068277766307,Democrat,Democrat,False
W000808,D000610,6,0.7536414513985316,Democrat,Democrat,False
G000535,N000002,15,0.5609335192789634,Democrat,Democrat,False
B001292,F000462,3,0.4768608460823695,Democrat,Democrat,False
C001070,B001288,3,0.1593440237144629,Democrat,Democrat,False
H000338,T000476,6,0.13864422993113598,Republican,Republican,False
L000581,D000617,3,0.8498530785242716,Democrat,Democrat,False
L000564,N000189,4,0.019346115412190557,Republican,Republican,False
N000002,P000608,3,0.8206764658292135,Democrat,Democrat,False
N000002,S001150,6,0.5770652666687965,Democrat,Democrat,False
G000551,G000535,4,0.4798629181459546,Democrat,Democrat,False
D000627,W000808,3,0.01183537890513738,Democrat,Democrat,False
C001077,R000602,5,0.17523674368858339,Republican,Democrat,True
H000324,S001150,4,0.6965239103883505,Democrat,Democrat,False
C001107,M001159,6,0.019879599567502737,Republican,Republican,False
C001067,B001286,4,0.8952278345823288,Democrat,Democrat,False
L000263,E000215,3,0.49743033448855084,Democrat,Democrat,False
C000714,J000294,3,0.6151099813481172,Democrat,Democrat,False
W000819,L000575,6,0.19370184668029347,Republican,Republican,False
P000609,W000819,3,0.023912026546895504,Republican,Republican,False
M000312,C001078,3,0.5542120486497879,Democrat,Democrat,False
E000179,I000057,4,0.24634133465588093,Democrat,Democrat,False
C001068,C000754,4,0.08607112220488489,Democrat,Democrat,False
S001193,R000610,3,0.05965796485543251,Democrat,Republican,True
H000338,C001088,5,0.05656974688172341,Republican,Democrat,True
A000372,G000560,3,0.03312236381073793,Republican,Republican,False
S000248,N000002,4,0.4114345673006028,Democrat,Democrat,False
J000126,R000588,3,0.26330387002478045,Democrat,Democrat,False
R000602,N000002,3,0.5818820521235466,Democrat,Democrat,False
E000290,C000984,3,0.6517956828077635,Democrat,Democrat,False
W000815,R000603,3,0.12378244039913018,Republican,Republican,False
A000375,K000389,6,0.216961156266431,Republican,Democrat,True
T000460,B001296,4,0.715487889945507,Democrat,Democrat,False
T000460,T000468,4,0.39033380150794983,Democrat,Democrat,False
G000586,S000510,3,0.043946392834186554,Democrat,Democrat,False
W000815,R000597,3,0.14913651968042055,Republican,Republican,False
M000639,U000039,3,0.3306558836872379,Democrat,Democrat,False
M000312,I000057,3,0.5318771842867136,Democrat,Democrat,False
T000460,H001034,5,0.5991930902004242,Democrat,Democrat,False
T000460,C001038,4,0.5032261982560158,Democrat,Democrat,False
G000535,M001188,4,0.1622134316712618,Democrat,Democrat,False
B001292,R000486,3,0.06792869853476684,Democrat,Democrat,False
H001050,L000551,3,0.8324631452560425,Democrat,Democrat,False
B001305,F000465,3,0.02024484674135844,Republican,Republican,False
S000168,G000590,15,0.48148169138779245,Republican,Republican,False
P000048,S000168,3,0.6185370068997145,Republican,Republican,False
B001299,S001176,10,0.5510897805914283,Republican,Republican,False
H001082,S001176,32,0.7268450700794347,Republican,Republican,False
B001223,B001224,15,0.4794807324806849,Democrat,Democrat,False
P000048,G000594,8,0.16268397064413875,Republican,Republican,False
F000454,S001215,20,0.18502165984828026,Democrat,Democrat,False
M000639,W000817,15,0.6152564613769452,Democrat,Democrat,False
S001193,K000378,10,0.4112223045900464,Democrat,Republican,True
G000585,N000015,3,0.18108593858778477,Democrat,Democrat,False
S001200,D000627,12,0.14241332196009657,Democrat,Democrat,False
J000255,I000056,6,0.17750485676030317,Republican,Republican,False
P000607,P000597,15,0.44785951972007754,Democrat,Democrat,False
S001193,B001292,3,0.558231403430303,Democrat,Democrat,False
A000377,S001176,63,0.6069335031012694,Republican,Republican,False
S001203,W000817,48,0.6209634298769137,Democrat,Democrat,False
J000126,F000468,3,0.016142247865597408,Democrat,Democrat,False
B001267,W000790,3,0.2572719727953275,Democrat,Democrat,False
W000817,G000555,4,0.16496373107656837,Democrat,Democrat,False
D000631,C001101,64,0.3214032782270806,Democrat,Democrat,False
H001058,H001072,13,0.29309213562653613,Republican,Republican,False
M001215,F000446,18,0.4051715151613785,Republican,Republican,False
S001203,B001303,3,0.32940518328299123,Democrat,Democrat,False
S001168,C001121,4,0.37513348972424865,Democrat,Democrat,False
M001210,S001176,13,0.5311157012788149,Republican,Republican,False
P000048,M001215,8,0.19206126022618264,Republican,Republican,False
B001302,M001199,4,0.4810668262653053,Republican,Republican,False
B001302,B001291,26,0.7103624688461423,Republican,Republican,False
C001121,P000618,8,0.5662499435711652,Democrat,Democrat,False
D000622,D000563,40,0.3096079145325348,Democrat,Democrat,False
E000296,L000592,4,0.4676571097224951,Democrat,Democrat,False
L000576,H001053,14,0.2975938417283552,Republican,Republican,False
H001068,N000191,3,0.9273628393809,Democrat,Democrat,False
W000822,B001288,21,0.3526077950816779,Democrat,Democrat,False
W000815,H001052,5,0.262167976424098,Republican,Republican,False
C001117,G000586,47,0.18118597216349333,Democrat,Democrat,False
M000312,C001101,48,0.48622653031876933,Democrat,Democrat,False
D000631,M001208,5,0.15513076689094304,Democrat,Democrat,False
S001168,R000576,7,0.12021776009351015,Democrat,Democrat,False
S001168,P000616,5,0.19754013419151306,Democrat,Democrat,False
M000639,F000062,4,0.40059829875826836,Democrat,Democrat,False
B001230,M001176,5,0.08428525328636169,Democrat,Democrat,False
E000299,B001270,7,0.43105714076331686,Democrat,Democrat,False
C001114,M001213,5,0.02278769761323929,Republican,Republican,False
S001201,N000015,3,0.15549706388264894,Democrat,Democrat,False
M001176,C000127,3,0.7557550668716431,Democrat,Democrat,False
B001311,J000289,106,0.5965948977226497,Republican,Republican,False
G000586,P000197,48,0.4747178251272999,Democrat,Democrat,False
L000571,M000355,7,0.4982777589133808,Republican,Republican,False
J000299,A000372,4,0.5719751948490739,Republican,Republican,False
B001230,R000122,3,0.024060940990845364,Democrat,Democrat,False
R000305,S001159,3,0.014255571799973646,Democrat,Democrat,False
R000614,L000564,5,0.5285258838906884,Republican,Republican,False
H000874,L000397,3,0.10189270103971164,Democrat,Democrat,False
S001168,C001061,7,0.5813386280621801,Democrat,Democrat,False
N000192,D000563,4,0.2801327323541045,Democrat,Democrat,False
G000596,B001305,3,0.6401692399134239,Republican,Republican,False
M001211,B000825,12,0.3298009562616547,Republican,Republican,False
T000250,D000618,5,0.6969547957181931,Republican,Republican,False
T000250,C001035,3,0.314462935552001,Republican,Republican,False
L000592,B001223,8,0.20565933757461607,Democrat,Democrat,False
B001304,S000185,4,0.14207156980410218,Democrat,Democrat,False
H001058,W000798,3,0.1950611857076486,Republican,Republican,False
H000874,P000034,4,0.07912542100530118,Democrat,Democrat,False
O000173,B001224,3,0.3635242370267709,Democrat,Democrat,False
D000615,C001120,8,0.8461100980639458,Republican,Republican,False
F000465,L000585,4,0.35835609771311283,Republican,Republican,False
F000462,D000216,30,0.3678760773191849,Democrat,Democrat,False
W000822,M001160,5,0.157676238194108,Democrat,Democrat,False
H000874,N000191,5,0.4295033633708954,Democrat,Democrat,False
P000197,S000185,5,0.33077370561659336,Democrat,Democrat,False
P000607,G000585,8,0.19877977715805173,Democrat,Democrat,False
R000606,M000087,14,0.4564341263446425,Democrat,Democrat,False
L000560,S001216,23,0.05551394820213318,Democrat,Democrat,False
T000250,E000295,22,0.30683248172598804,Republican,Republican,False
G000578,G000552,3,0.6425073609376947,Republican,Republican,False
W000817,P000618,10,0.48436750993132593,Democrat,Democrat,False
J000298,S000510,26,0.41035679761821836,Democrat,Democrat,False
B001230,H001042,4,0.9448760896921158,Democrat,Democrat,False
B001288,S000148,5,0.45065847113728524,Democrat,Democrat,False
C000174,W000805,5,0.39412508010864256,Democrat,Democrat,False
S001194,M001169,9,0.40695602922803825,Democrat,Democrat,False
C001080,T000472,7,0.2926362140902451,Democrat,Democrat,False
S000148,M000639,22,0.6295733108100566,Democrat,Democrat,False
T000472,R000599,5,0.4883210837841034,Democrat,Democrat,False
S001185,H000874,4,0.4348346102051437,Democrat,Democrat,False
G000588,P000449,4,0.03518150537274778,Republican,Republican,False
M000087,R000606,8,0.5341689377091825,Democrat,Democrat,False
M001199,C001119,5,0.01888505183160305,Republican,Democrat,True
M001211,G000595,5,0.4822275310754776,Republican,Republican,False
E000299,P000197,60,0.5032217147760093,Democrat,Democrat,False
B001224,M000133,8,0.35622304887510836,Democrat,Democrat,False
S000929,B001302,3,0.6261564443508784,Republican,Republican,False
H001089,B001297,3,0.09871395428975423,Republican,Republican,False
C001117,J000298,3,0.21995930994550386,Democrat,Democrat,False
H000874,N000147,3,0.05312030638257662,Democrat,Democrat,False
H001061,C001096,3,0.025973114805916946,Republican,Republican,False
M001176,S000770,4,0.24158798716962337,Democrat,Democrat,False
J000298,P000617,19,0.4332697769430907,Democrat,Democrat,False
C001113,R000608,75,0.22158193111419677,Democrat,Democrat,False
S001205,J000294,25,0.6357821011543274,Democrat,Democrat,False
P000617,T000481,24,0.3798228274099529,Democrat,Democrat,False
C001072,J000294,3,0.05454205349087715,Democrat,Democrat,False
H000874,W000808,3,0.32527013806005317,Democrat,Democrat,False
G000586,B001224,10,0.3675462516956031,Democrat,Democrat,False
G000587,S001175,6,0.3467892200375597,Democrat,Democrat,False
H001053,B001311,3,0.4181765864292781,Republican,Republican,False
S001211,P000197,3,0.05657417389253775,Democrat,Democrat,False
O000172,R000579,6,0.47296222671866417,Democrat,Democrat,False
E000295,H001091,4,0.06118909316137433,Republican,Republican,False
M001222,S001195,5,0.5782221645116806,Republican,Republican,False
S001194,S000148,13,0.5736137316204034,Democrat,Democrat,False
V000130,C001080,3,0.4492028284197052,Democrat,Democrat,False
H001072,W000809,6,0.06593273688728611,Republican,Republican,False
R000575,M001136,3,0.023433379208048184,Republican,Republican,False
M001184,B001309,13,0.31463327767470706,Republican,Republican,False
S000148,R000608,4,0.6342038679867983,Democrat,Democrat,False
B001302,B001309,8,0.35626424301881343,Republican,Republican,False
D000096,Q000023,7,0.5570909325033426,Democrat,Democrat,False
J000299,J000289,10,0.2770200872793794,Republican,Republican,False
W000797,L000582,3,0.5053856919209162,Democrat,Democrat,False
M001212,H001084,3,0.37204653521378833,Republican,Republican,False
H001084,J000289,11,0.41055853673341597,Republican,Republican,False
S001168,W000802,3,0.20108177761236826,Democrat,Democrat,False
H001082,R000610,4,0.3912260723300278,Republican,Republican,False
H001066,J000294,6,0.33169803644220036,Democrat,Democrat,False
H001094,S000033,6,0.5630918027212223,Democrat,Independent,False
C001047,T000250,3,0.30347509185473126,Republican,Republican,False
R000606,R000515,7,0.452710608286517,Democrat,Democrat,False
B001302,K000376,7,0.8167404420673847,Republican,Republican,False
L000589,M001187,16,0.5902344607166015,Republican,Republican,False
O000173,P000197,9,0.34726314515703255,Democrat,Democrat,False
S000033,P000617,4,0.49376133596524596,Independent,Democrat,False
R000607,S001165,4,0.043950223131105304,Republican,Democrat,True
Q000023,B001292,3,0.35989415769775707,Democrat,Democrat,False
K000385,S000185,4,0.2450759820640087,Democrat,Democrat,False
C001101,S000185,3,0.3785143196582794,Democrat,Democrat,False
G000551,K000368,3,0.12470370841523011,Democrat,Democrat,False
B001302,J000302,13,0.7907986658123823,Republican,Republican,False
C000266,C001093,4,0.3521666806191206,Republican,Republican,False
D000563,U000039,3,0.027627806489666302,Democrat,Democrat,False
D000563,M000133,8,0.21104581735562533,Democrat,Democrat,False
H001067,J000289,4,0.41468232963234186,Republican,Republican,False
U000031,M001201,7,0.17610107734799385,Republican,Republican,False
B001302,L000564,21,0.8394527328865868,Republican,Republican,False
C001087,J000289,15,0.40513013253609337,Republican,Republican,False
M000312,D000624,5,0.35418988689780234,Democrat,Democrat,False
E000179,C000984,6,0.5409311056137085,Democrat,Democrat,False
B001302,G000563,8,0.6827591031324118,Republican,Republican,False
S001192,M001196,6,0.01606167573481798,Republican,Democrat,True
W000798,M001201,4,0.10001364909112453,Republican,Republican,False
M000312,T000482,13,0.2901255229058174,Democrat,Democrat,False
B001302,R000609,3,0.9645590980847677,Republican,Republican,False
F000461,Z000017,11,0.7911585198545997,Republican,Republican,False
R000515,L000551,15,0.44793913066387175,Democrat,Democrat,False
L000560,P000096,3,0.18401748314499855,Democrat,Democrat,False
A000375,S001176,5,0.4702929761260748,Republican,Republican,False
T000463,M001187,4,0.7153742387890816,Republican,Republican,False
N000015,M000312,11,0.3114097313955426,Democrat,Democrat,False
S001200,E000297,5,0.09749748054891824,Democrat,Democrat,False
B001278,D000482,3,0.0653162244707346,Democrat,Democrat,False
R000515,D000627,14,0.370607872360519,Democrat,Democrat,False
R000614,S001209,10,0.528933290578425,Republican,Democrat,True
M000087,H000874,25,0.2296258307248354,Democrat,Democrat,False
B001285,C001117,3,0.04439076781272888,Democrat,Democrat,False
H001080,E000299,8,0.15923069592099637,Democrat,Democrat,False
Q000023,H001066,3,0.6160519532859325,Democrat,Democrat,False
R000486,L000570,3,0.10395453870296478,Democrat,Democrat,False
P000617,W000822,9,0.43897216942989165,Democrat,Democrat,False
R000606,C001121,5,0.2549805983901024,Democrat,Democrat,False
S001206,D000197,3,0.39074191451072693,Democrat,Democrat,False
C001097,D000197,4,0.26670151203870773,Democrat,Democrat,False
D000627,Q000023,5,0.5894473329186439,Democrat,Democrat,False
B001135,A000360,3,0.05225217901170254,Republican,Republican,False
B001302,W000827,9,0.5915933138587408,Republican,Republican,False
G000586,C001068,3,0.6537386837104956,Democrat,Democrat,False
W000797,D000627,4,0.7788026183843613,Democrat,Democrat,False
H001080,H001046,3,0.35446280737717945,Democrat,Democrat,False
F000461,C001118,4,0.6584936678409576,Republican,Republican,False
D000563,B001288,8,0.4570118156261742,Democrat,Democrat,False
K000382,S001181,21,0.2561072605174212,Democrat,Democrat,False
D000096,E000179,3,0.346227024992307,Democrat,Democrat,False
R000591,S000320,9,0.044994859542283744,Republican,Republican,False
Q000023,N000002,3,0.5567625984549522,Democrat,Democrat,False
R000515,J000032,3,0.04594797237465779,Democrat,Democrat,False
L000576,B001243,4,0.7356019616127014,Republican,Republican,False
P000197,M001185,3,0.0751073273519675,Democrat,Democrat,False
G000586,P000597,5,0.32175598610192535,Democrat,Democrat,False
L000576,M001187,5,0.7543029308319091,Republican,Republican,False
D000631,D000624,7,0.26992626222116606,Democrat,Democrat,False
L000579,G000551,3,0.47513850157459575,Democrat,Democrat,False
R000606,B001304,8,0.26482398505322635,Democrat,Democrat,False
P000197,L000570,4,0.5818776260130107,Democrat,Democrat,False
L000589,G000565,10,0.2516892062500119,Republican,Republican,False
E000299,G000585,3,0.6821995849410692,Democrat,Democrat,False
S001206,S001150,8,0.5084848860278726,Democrat,Democrat,False
R000606,W000802,3,0.8164690534273783,Democrat,Democrat,False
M001200,P000034,3,0.5228346896668276,Democrat,Democrat,False
C001072,L000560,3,0.3507066083451112,Democrat,Democrat,False
C001113,M000639,7,0.33036719848002705,Democrat,Democrat,False
B000755,B001248,4,0.11055883904919028,Republican,Republican,False
L000592,W000825,3,0.4377545366684596,Democrat,Democrat,False
B001278,W000779,22,0.26005874426019465,Democrat,Democrat,False
B001304,A000370,10,0.170659073907882,Democrat,Democrat,False
M001136,O000086,4,0.2447719695046544,Republican,Republican,False
K000399,J000299,3,0.1906415562455853,Republican,Republican,False
P000605,S001217,5,0.6905608460307121,Republican,Republican,False
M001229,W000822,11,0.3649171854115345,Democrat,Democrat,False
K000402,M001229,3,0.7264920771121979,Democrat,Democrat,False
L000570,C001113,8,0.591513882856816,Democrat,Democrat,False
F000459,H000601,51,0.46752183130193575,Republican,Republican,False
S001194,R000608,4,0.42547207651659846,Democrat,Democrat,False
S001190,J000294,9,0.7375850131114324,Democrat,Democrat,False
K000377,W000817,4,0.8793339729309082,Democrat,Democrat,False
N000015,L000557,6,0.8232566515604655,Democrat,Democrat,False
B000825,T000165,3,0.600039254873991,Republican,Republican,False
K000367,D000563,3,0.7152217030525208,Democrat,Democrat,False
H001042,K000377,5,0.7424234844744205,Democrat,Democrat,False
H001042,H000273,7,0.6875438418771539,Democrat,Democrat,False
T000476,H001067,14,0.09063118646320488,Republican,Republican,False
W000822,J000294,7,0.4951011059539659,Democrat,Democrat,False
J000294,B001281,6,0.4630076234849791,Democrat,Democrat,False
F000463,B001298,7,0.03686122436608587,Republican,Republican,False
M001137,L000174,3,0.3739001254240672,Democrat,Democrat,False
L000174,S001194,3,0.3982522984345754,Democrat,Democrat,False
H000874,S001205,3,0.15371868076423803,Democrat,Democrat,False
F000468,J000294,5,0.6125967651605606,Democrat,Democrat,False
T000481,S001218,4,0.3489962415769696,Democrat,Democrat,False
G000585,S001193,10,0.5403246782720089,Democrat,Democrat,False
M001238,F000476,3,0.3484416964153449,Democrat,Democrat,False
G000598,A000381,3,0.4040778527657191,Democrat,Democrat,False
B001275,P000591,5,0.1715918781235814,Republican,Republican,False
M001158,P000591,15,0.3046648853768905,Republican,Republican,False
C001070,I000055,3,0.11873226923247178,Democrat,Republican,True
S001145,W000817,11,0.47992676301774656,Democrat,Democrat,False
S001207,G000583,3,0.23711073522766432,Democrat,Democrat,False
C001096,S001198,3,0.31715192707876366,Republican,Republican,False
S001206,M001207,9,0.3273559779756599,Democrat,Democrat,False
K000385,W000822,9,0.27842716831299996,Democrat,Democrat,False
S001206,F000462,3,0.38490714132785797,Democrat,Democrat,False
C001070,W000817,5,0.23232144732028245,Democrat,Democrat,False
M000087,C001067,5,0.1498721946030855,Democrat,Democrat,False
K000188,B001230,6,0.056411890468249716,Democrat,Democrat,False
N000002,M000087,15,0.26814190953349076,Democrat,Democrat,False
P000613,M001208,4,0.07757077063433826,Democrat,Democrat,False
B001286,R000515,4,0.4914575479924679,Democrat,Democrat,False
G000586,K000379,3,0.6582692513863245,Democrat,Democrat,False
T000250,P000449,7,0.2425602645214115,Republican,Republican,False
C001113,S000148,6,0.5737776185075442,Democrat,Democrat,False
T000250,M001197,3,0.03117263875901699,Republican,Republican,False
L000557,S001145,8,0.25286090676672757,Democrat,Democrat,False
R000515,B001300,6,0.4806156863148014,Democrat,Democrat,False
R000606,R000576,7,0.0390236707670348,Democrat,Democrat,False
P000613,C001101,4,0.226341110188514,Democrat,Democrat,False
P000197,K000382,4,0.23021424608305097,Democrat,Democrat,False
H001065,S001176,3,0.33953359226385754,Republican,Republican,False
E000179,D000624,3,0.6092573270822564,Democrat,Democrat,False
R000588,G000577,3,0.20905151031911373,Democrat,Republican,True
B000944,D000563,5,0.2057466760277748,Democrat,Democrat,False
B001277,B001230,8,0.4639852207619697,Democrat,Democrat,False
W000823,H001085,6,0.0419769335227708,Republican,Democrat,True
M000133,L000562,6,0.053673393869151674,Democrat,Democrat,False
K000380,N000015,6,0.2586022550240159,Democrat,Democrat,False
B001278,F000462,7,0.32262495772114824,Democrat,Democrat,False
B001288,M001169,4,0.17915318300947547,Democrat,Democrat,False
W000808,L000582,3,0.30009832233190536,Democrat,Democrat,False
W000795,S001184,9,0.2539764464729362,Republican,Republican,False
G000585,G000586,4,0.4787872063461691,Democrat,Democrat,False
B001288,M000639,14,0.10697716022176403,Democrat,Democrat,False
P000197,L000581,3,0.31651442932585877,Democrat,Democrat,False
H001046,W000802,4,0.6824271632358432,Democrat,Democrat,False
F000474,S001172,3,0.02261472772806883,Republican,Republican,False
S001176,S001148,4,0.3679026928730309,Republican,Republican,False
R000620,L000397,3,0.3705710942546527,Democrat,Democrat,False
V000128,M001176,3,0.3288671647508939,Democrat,Democrat,False
H001079,W000437,6,0.024036790244281292,Republican,Republican,False
H001047,W000805,4,0.6442943438887596,Democrat,Democrat,False
M001235,C001133,3,0.27484726905822754,Republican,Republican,False
C001066,T000486,3,0.5913344717894992,Democrat,Democrat,False
G000555,M001111,3,0.884956161181132,Democrat,Democrat,False
T000165,S001213,5,0.5490511529147625,Republican,Republican,False
G000586,G000585,4,0.6741319373250008,Democrat,Democrat,False
S001212,S001184,3,0.05997397378087044,Republican,Republican,False
W000802,C001088,14,0.4393582203691559,Democrat,Democrat,False
S001193,N000002,4,0.629895469173789,Democrat,Democrat,False
P000607,K000396,5,0.33548523746430875,Democrat,Democrat,False
A000378,L000590,3,0.03553713050981363,Democrat,Democrat,False
G000585,J000298,4,0.24977445555850863,Democrat,Democrat,False
B001270,R000486,5,0.35981121994555,Democrat,Democrat,False
L000557,M001135,4,0.24989373423159122,Democrat,Democrat,False
C001070,C000141,3,0.36206689352790516,Democrat,Democrat,False
G000591,D000032,3,0.32214619653920334,Republican,Republican,False
L000557,J000288,3,0.3063974554340045,Democrat,Democrat,False
H001086,F000459,3,0.34665536632140476,Republican,Republican,False
P000607,P000197,13,0.4696279721191296,Democrat,Democrat,False
B001310,C001047,3,0.6928915431102117,Republican,Republican,False
M001211,J000299,3,0.28323398949578404,Republican,Republican,False
S001193,F000062,4,0.06522409245371819,Democrat,Democrat,False
L000557,S001205,4,0.4396692644804716,Democrat,Democrat,False
G000578,G000596,13,0.21922853868454695,Republican,Republican,False
C001097,S001150,5,0.568433117121458,Democrat,Democrat,False
T000476,S001184,7,0.46135862271434497,Republican,Republican,False
C001104,J000289,8,0.6532309409230947,Republican,Republican,False
B001286,D000216,9,0.34365787263959646,Democrat,Democrat,False
P000607,B001224,3,0.7225795189539591,Democrat,Democrat,False
G000552,R000614,12,0.5462849508815756,Republican,Republican,False
G000578,R000103,3,0.27746256192525226,Republican,Republican,False
C001104,P000599,3,0.35971396633734304,Republican,Republican,False
K000389,M000194,9,0.10748850988845031,Democrat,Republican,True
K000396,B001223,3,0.023221971777578194,Democrat,Democrat,False
B001286,M000087,3,0.26058562472462654,Democrat,Democrat,False
H000874,B001286,3,0.5123987744251887,Democrat,Democrat,False
M000133,B001224,13,0.24269534962681624,Democrat,Democrat,False
C001110,W000822,3,0.494838481148084,Democrat,Democrat,False
C001075,S001176,5,0.7577358514070511,Republican,Republican,False
K000389,S001150,3,0.3241272463152806,Democrat,Democrat,False
P000048,W000809,3,0.9351196686426798,Republican,Republican,False
D000191,D000629,3,0.02413202015062173,Democrat,Democrat,False
D000617,L000560,18,0.10228795216729243,Democrat,Democrat,False
E000296,N000188,3,0.3617211105301976,Democrat,Democrat,False
L000174,M001176,7,0.4555086734305535,Democrat,Democrat,False
S001205,T000460,5,0.40310104489326476,Democrat,Democrat,False
F000454,M001160,7,0.4507394157616155,Democrat,Democrat,False
C001080,L000557,7,0.6943342041756425,Democrat,Democrat,False
D000635,C001131,11,0.7110149755396626,Democrat,Democrat,False
G000585,C001091,3,0.5277978094915549,Democrat,Democrat,False
L000570,M001111,12,0.7203008361005535,Democrat,Democrat,False
L000557,S001201,3,0.684649740656217,Democrat,Democrat,False
H001042,P000145,6,0.6016328179587921,Democrat,Democrat,False
D000635,O000172,3,0.7664820154507955,Democrat,Democrat,False
C001095,G000359,3,0.1441549708445867,Republican,Republican,False
S000250,F000246,3,0.6050449162721634,Republican,Republican,False
N000002,S001190,3,0.6426681689918041,Democrat,Democrat,False
J000298,E000299,8,0.3078910988988355,Democrat,Democrat,False
B001292,C001121,5,0.47777879536151885,Democrat,Democrat,False
P000617,S001200,4,0.6039569675922394,Democrat,Democrat,False
M001188,H001042,3,0.3044835639496644,Democrat,Democrat,False
B001292,D000216,3,0.523809403181076,Democrat,Democrat,False
P000617,S001218,3,0.324328750371933,Democrat,Democrat,False
A000381,S001218,7,0.6722238960542849,Democrat,Democrat,False
F000484,S001217,3,0.3864689441397786,Republican,Republican,False
Y000033,J000295,3,0.30988268554210663,Republican,Republican,False
P000607,B001296,4,0.08776607410982251,Democrat,Democrat,False
B001302,C001132,7,0.07558905060536095,Republican,Republican,False
G000574,S001194,4,0.8966566622257233,Democrat,Democrat,False
S000148,M001169,41,0.4418591924193429,Democrat,Democrat,False
C001131,A000381,8,0.3563607232645154,Democrat,Democrat,False
J000298,A000381,3,0.6986378083626429,Democrat,Democrat,False
R000614,C001132,4,0.397037620190531,Republican,Republican,False
B001281,L000586,3,0.0552621694902579,Democrat,Democrat,False
D000631,Y000062,3,0.03184413661559423,Democrat,Democrat,False
D000631,T000483,4,0.04271875065751374,Democrat,Democrat,False
J000299,F000471,6,0.508168094791472,Republican,Republican,False
B001303,P000197,3,0.028802295525868733,Democrat,Democrat,False
J000298,P000145,4,0.5467837313190103,Democrat,Democrat,False
V000134,R000614,3,0.6440890828768412,Republican,Republican,False
C001080,S001175,3,0.3574965372681618,Democrat,Democrat,False
L000592,C001117,6,0.07022033305838704,Democrat,Democrat,False
P000593,Y000062,5,0.4761665087193251,Democrat,Democrat,False
H001058,S001213,6,0.3871621551613013,Republican,Republican,False
M001211,M001184,6,0.4104629655679067,Republican,Republican,False
B001277,L000557,7,0.03255570360592434,Democrat,Democrat,False
M000312,Y000062,4,0.5515452083200216,Democrat,Democrat,False
F000462,M000087,4,0.08516404661349952,Democrat,Democrat,False
T000463,G000579,5,0.4571423053741455,Republican,Republican,False
C001039,M001184,3,0.427993718534708,Republican,Republican,False
B001281,C001119,3,0.23362169849375883,Democrat,Democrat,False
J000299,B001257,5,0.6240547731518745,Republican,Republican,False
N000190,M001184,3,0.36729804053902626,Republican,Republican,False
A000148,W000788,3,0.15888046007603407,Democrat,Democrat,False
S001175,G000587,4,0.1701447662198916,Democrat,Democrat,False
B001281,W000797,4,0.06593216257169843,Democrat,Democrat,False
D000191,G000559,3,0.04477121556798617,Democrat,Democrat,False
C001114,C001120,3,0.05088947961727778,Republican,Republican,False
B001261,M000303,11,0.3659512664784085,Republican,Republican,False
P000605,C001116,4,0.7307792082428932,Republican,Republican,False
B001298,S001172,3,0.14184014964848757,Republican,Republican,False
L000596,P000597,3,0.2320727358261744,Republican,Democrat,True
H000273,W000805,4,0.9239675849676132,Democrat,Democrat,False
M001188,C001067,4,0.701918677194044,Democrat,Democrat,False
F000465,B001248,3,0.34630810003727674,Republican,Republican,False
E000296,D000617,4,0.5209874399006367,Democrat,Democrat,False
P000605,L000577,11,0.6245218962430954,Republican,Republican,False
Q000023,L000590,3,0.6324263898034891,Democrat,Democrat,False
L000577,J000293,3,0.4492177019516627,Republican,Republican,False
Y000033,G000581,6,0.3960644273708264,Republican,Democrat,True
C001070,F000062,4,0.2037066756747663,Democrat,Democrat,False
T000472,T000193,3,0.41864339044938487,Democrat,Democrat,False
J000294,S001185,5,0.5052043927833438,Democrat,Democrat,False
M001212,B001311,5,0.9649954676628113,Republican,Republican,False
M001135,S001185,3,0.07212893385440111,Democrat,Democrat,False
C001080,M000312,4,0.6201667338609695,Democrat,Democrat,False
M000312,O000172,3,0.6116748750209808,Democrat,Democrat,False
K000389,B001223,4,0.4229179825633764,Democrat,Democrat,False
E000215,W000802,4,0.5453951135277748,Democrat,Democrat,False
E000290,M000702,12,0.2279818879129986,Democrat,Democrat,False
E000215,D000216,5,0.6020199544727802,Democrat,Democrat,False
M001160,B001286,4,0.3303853622637689,Democrat,Democrat,False
M001160,S001145,6,0.10545950258771579,Democrat,Democrat,False
C001072,B001275,3,0.0435830627878507,Democrat,Republican,True
S001181,M000303,7,0.3597508652934006,Democrat,Republican,True
H001068,L000579,5,0.12077541276812553,Democrat,Democrat,False
H001051,G000555,4,0.03546082088723779,Republican,Democrat,True
H001041,D000607,4,0.04871539864689112,Republican,Democrat,True
C001038,L000580,4,0.2699652537703514,Democrat,Democrat,False
P000588,I000056,7,0.2717211170654212,Republican,Republican,False
B000711,F000062,5,0.14794952161610125,Democrat,Democrat,False
C001072,M001160,5,0.0785618981346488,Democrat,Democrat,False
S001181,K000360,4,0.4671131893992424,Democrat,Republican,True
S000364,P000591,3,0.17608948796987534,Republican,Republican,False
D000607,C000542,3,0.024502282341321308,Democrat,Republican,True
C001070,H001041,3,0.02353226610769828,Democrat,Republican,True
C001097,P000608,4,0.13107269234023988,Democrat,Democrat,False
R000615,S001191,3,0.0954271989564101,Republican,Democrat,True
L000560,H001047,4,0.4689762555062771,Democrat,Democrat,False
S001154,T000467,3,0.04254689812660217,Republican,Republican,False
L000563,K000378,3,0.01924870473643144,Democrat,Republican,True
J000126,M000404,3,0.45196576168139774,Democrat,Democrat,False
L000581,W000808,7,0.15815718711486884,Democrat,Democrat,False
P000523,C000984,5,0.2235457556322217,Democrat,Democrat,False
W000797,L000551,4,0.7132098507136106,Democrat,Democrat,False
W000808,L000551,10,0.3568586955312639,Democrat,Democrat,False
S001200,M000639,4,0.453572322614491,Democrat,Democrat,False
K000380,P000595,6,0.15226559154689312,Democrat,Democrat,False
B001292,L000287,7,0.4392429944127798,Democrat,Democrat,False
L000579,S001175,3,0.5169515243420998,Democrat,Democrat,False
H000874,C001112,3,0.07419561470548312,Democrat,Democrat,False
B000668,F000246,7,0.6095490849443844,Republican,Republican,False
B001299,B001275,4,0.4231026933994144,Republican,Republican,False
D000617,T000460,4,0.37443659803830087,Democrat,Democrat,False
D000615,M001159,9,0.5179751670608918,Republican,Republican,False
B001304,W000822,7,0.4796605684927532,Democrat,Democrat,False
B001285,S001150,4,0.5369879277423024,Democrat,Democrat,False
L000575,E000295,3,0.5630333622296652,Republican,Republican,False
E000296,Q000023,3,0.8728895584742228,Democrat,Democrat,False
P000617,A000370,6,0.23189743980765343,Democrat,Democrat,False
D000563,S001181,3,0.28855637460947037,Democrat,Democrat,False
F000461,C001051,7,0.2204292437859944,Republican,Republican,False
B001280,U000031,4,0.10371859394945204,Republican,Republican,False
G000586,B001270,3,0.633836050828298,Democrat,Democrat,False
F000454,J000294,3,0.3467376617093881,Democrat,Democrat,False
G000551,L000592,4,0.29643723694607615,Democrat,Democrat,False
J000305,P000145,3,0.1652282401919365,Democrat,Democrat,False
K000380,S001193,10,0.3700620116665959,Democrat,Democrat,False
R000575,M001156,3,0.0343899472306172,Republican,Republican,False
C000714,N000002,21,0.6234153204021,Democrat,Democrat,False
T000461,M000303,3,0.3265165587266286,Republican,Republican,False
A000360,C001071,8,0.029929780517704785,Republican,Republican,False
J000293,M000303,3,0.04366701034208139,Republican,Republican,False
S001187,S001176,3,0.025218533041576546,Republican,Republican,False
N000026,H001095,4,0.7030394542962313,Republican,Republican,False
V000134,B001260,3,0.498674551025033,Republican,Republican,False
W000791,U000031,4,0.2338723863940686,Republican,Republican,False
S000364,H001053,3,0.018734468147158623,Republican,Republican,False
W000812,B001281,4,0.048191162990406156,Republican,Democrat,True
D000399,V000131,3,0.4521511700004339,Democrat,Democrat,False
T000478,C001091,4,0.2111319829709828,Republican,Democrat,True
B000755,P000048,5,0.1832678547129035,Republican,Republican,False
S001209,R000611,3,0.22815193329006433,Democrat,Republican,True
T000480,W000795,3,0.054195877785483994,Republican,Republican,False
D000399,B001312,3,0.6607023278872172,Democrat,Democrat,False
D000631,T000482,3,0.35641394307216007,Democrat,Democrat,False
L000551,L000582,9,0.31212361498425406,Democrat,Democrat,False
S000148,L000551,3,0.13131044805049896,Democrat,Democrat,False
C000174,L000174,4,0.28762844018638134,Democrat,Democrat,False
C000174,K000367,3,0.1200828676422437,Democrat,Democrat,False
H001041,C001056,3,0.25310250992576283,Republican,Republican,False
S000148,H001069,8,0.2801365628838539,Democrat,Democrat,False
L000551,J000032,3,0.29435301572084427,Democrat,Democrat,False
B001292,B001304,5,0.4232252240180969,Democrat,Democrat,False
R000606,W000798,5,0.33810542821884154,Democrat,Republican,True
J000298,H001080,4,0.29077640920877457,Democrat,Democrat,False
D000399,P000597,3,0.34902242571115494,Democrat,Democrat,False
P000593,H001064,4,0.05520820012316108,Democrat,Democrat,False
B001292,M000087,3,0.3453135443851352,Democrat,Democrat,False
C001066,D000610,16,0.2775296166364569,Democrat,Democrat,False
D000623,D000216,5,0.2614371418952942,Democrat,Democrat,False
P000523,M001210,4,0.27885158616118133,Democrat,Republican,True
D000624,A000370,3,0.1492137728879849,Democrat,Democrat,False
R000307,B001261,5,0.5783970508724451,Republican,Republican,False
D000624,L000581,3,0.03467237763106823,Democrat,Democrat,False
C001038,B001296,4,0.9253131151199341,Democrat,Democrat,False
L000570,D000191,3,0.3658546060323715,Democrat,Democrat,False
G000535,G000574,4,0.2771129892207682,Democrat,Democrat,False
B001290,W000819,3,0.2772174384444952,Republican,Republican,False
V000130,V000081,3,0.11753418917457263,Democrat,Democrat,False
D000604,M001181,3,0.03223806278159221,Democrat,Republican,True
M000133,C000127,5,0.528318265080452,Democrat,Democrat,False
H001041,G000562,4,0.0397488665767014,Republican,Republican,False
R000146,L000287,3,0.5751626553634802,Democrat,Democrat,False
C001097,P000598,5,0.03805603589862585,Democrat,Democrat,False
P000604,F000462,3,0.3384034043798844,Democrat,Democrat,False
P000523,Y000062,4,0.6130960136651993,Democrat,Democrat,False
K000380,D000610,4,0.5170366708189249,Democrat,Democrat,False
I000057,R000588,4,0.653045997954905,Democrat,Democrat,False
Y000062,M001163,3,0.13022245528797308,Democrat,Democrat,False
D000197,M001163,3,0.22053209319710732,Democrat,Democrat,False
B001296,M001163,3,0.048122878496845566,Democrat,Democrat,False
H000324,L000287,5,0.7799262762069702,Democrat,Democrat,False
S001185,S001156,5,0.1273780722171068,Democrat,Democrat,False
I000057,C001072,3,0.8659147024154663,Democrat,Democrat,False
Y000062,B001286,6,0.46047688539450365,Democrat,Democrat,False
Y000062,S001145,6,0.45633937635769445,Democrat,Democrat,False
B001286,L000287,3,0.11880893632769585,Democrat,Democrat,False
F000462,L000287,6,0.37241860541204613,Democrat,Democrat,False
O000174,B001288,3,0.04503291783233484,Democrat,Democrat,False
S001183,I000056,9,0.2801379200278057,Republican,Republican,False
T000476,T000461,3,0.15885385995109877,Republican,Republican,False
D000623,L000287,4,0.7520856708288193,Democrat,Democrat,False
R000602,T000460,4,0.5242699012160301,Democrat,Democrat,False
W000808,J000032,11,0.23998498290099882,Democrat,Democrat,False
D000197,S001145,3,0.20776021853089333,Democrat,Democrat,False
S001168,B001304,3,0.7663247386614481,Democrat,Democrat,False
C001101,K000382,5,0.28695487733930347,Democrat,Democrat,False
D000610,H000874,4,0.7828307896852493,Democrat,Democrat,False
J000292,W000809,4,0.46165388030931354,Republican,Republican,False
L000557,W000808,4,0.4794473275542259,Democrat,Democrat,False
B001282,R000395,4,0.015241412911564112,Republican,Republican,False
L000576,P000591,10,0.1421057131141424,Republican,Republican,False
C001038,T000266,3,0.27966091005752486,Democrat,Democrat,False
C001038,B001270,4,0.3414590382017195,Democrat,Democrat,False
H000338,W000779,4,0.18876793212257326,Republican,Democrat,True
C000984,T000266,5,0.3248082445934415,Democrat,Democrat,False
N000002,L000287,3,0.560993674211204,Democrat,Democrat,False
L000397,S001156,4,0.18842756561934948,Democrat,Democrat,False
M000702,S001181,3,0.5915502986560265,Democrat,Democrat,False
L000263,L000551,4,0.8612141013145447,Democrat,Democrat,False
R000146,W000802,6,0.5900341061254343,Democrat,Democrat,False
L000580,E000293,3,0.5534895323216915,Democrat,Democrat,False
S001185,B001289,3,0.01958147281159957,Democrat,Republican,True
L000570,P000607,3,0.3106227132181327,Democrat,Democrat,False
W000802,L000287,5,0.273728521540761,Democrat,Democrat,False
C001038,V000131,3,0.8561285336812338,Democrat,Democrat,False
Y000062,J000288,3,0.3301057902475198,Democrat,Democrat,False
C001038,K000379,5,0.5143713146448136,Democrat,Democrat,False
I000057,C001066,3,0.07728427089750767,Democrat,Democrat,False
P000607,C001038,6,0.6774377586940924,Democrat,Democrat,False
C000984,C001038,3,0.7639668981234232,Democrat,Democrat,False
K000393,K000367,6,0.34154921025037766,Republican,Democrat,True
L000581,P000034,3,0.8895600636800131,Democrat,Democrat,False
C001066,S001193,4,0.8168408125638962,Democrat,Democrat,False
M001193,S001176,3,0.3135412897293766,Republican,Republican,False
L000581,M001163,4,0.49165755324065685,Democrat,Democrat,False
L000581,B001286,4,0.317609922029078,Democrat,Democrat,False
M001160,W000808,4,0.3264742228202522,Democrat,Democrat,False
E000296,H001076,3,0.1255604699254036,Democrat,Democrat,False
P000607,B001270,3,0.60648906044662,Democrat,Democrat,False
H001075,L000287,4,0.062050075735896826,Democrat,Democrat,False
C000714,K000389,5,0.02789055313915014,Democrat,Democrat,False
R000487,S001176,6,0.15057694166898727,Republican,Republican,False
S000148,T000464,5,0.37865755446255206,Democrat,Democrat,False
C001067,E000296,3,0.13017359158645073,Democrat,Democrat,False
D000610,R000606,4,0.23422183515504003,Democrat,Democrat,False
R000602,G000574,6,0.6785159726471951,Democrat,Democrat,False
G000553,C000714,3,0.40103789915641147,Democrat,Democrat,False
D000624,K000382,4,0.5926885190419853,Democrat,Democrat,False
M000133,K000379,4,0.4257438611239195,Democrat,Democrat,False
M001215,B000740,4,0.5395267121493816,Republican,Republican,False
H000874,J000288,3,0.6637660761674246,Democrat,Democrat,False
T000464,B001277,3,0.1067373479406039,Democrat,Democrat,False
G000559,S001156,3,0.40464329222838086,Democrat,Democrat,False
S000364,B001243,5,0.4012784563004971,Republican,Republican,False
J000295,J000292,3,0.3352887748430173,Republican,Republican,False
C001097,R000486,3,0.037887626638015114,Democrat,Democrat,False
P000595,W000790,3,0.3085464282582204,Democrat,Democrat,False
E000290,I000057,3,0.8055447936058044,Democrat,Democrat,False
C001095,P000612,3,0.5355920779208342,Republican,Republican,False
M000312,C000984,4,0.66407142393291,Democrat,Democrat,False
K000379,M001185,6,0.5133391451090574,Democrat,Democrat,False
L000551,M001169,3,0.5557273030281067,Democrat,Democrat,False
M001194,B001293,3,0.09511973336338997,Republican,Republican,False
H000324,D000216,5,0.47912331819534304,Democrat,Democrat,False
B001305,L000589,4,0.7417077831923962,Republican,Republican,False
H001076,W000802,3,0.4313339541355769,Democrat,Democrat,False
E000294,M001159,3,0.23910257468620935,Republican,Republican,False
T000460,L000263,5,0.39730016738176344,Democrat,Democrat,False
E000298,R000307,3,0.03380694271375736,Republican,Republican,False
W000824,R000307,3,0.039962707087397575,Republican,Republican,False
S000770,D000624,4,0.09316650498658419,Democrat,Democrat,False
D000610,C001067,3,0.24140155284355083,Democrat,Democrat,False
D000614,C001096,3,0.023323392495512962,Republican,Republican,False
F000461,B001299,5,0.6991961598396301,Republican,Republican,False
U000039,M000133,3,0.6523197839657465,Democrat,Democrat,False
C000714,B001292,3,0.6189309259255728,Democrat,Democrat,False
C000754,K000384,3,0.3507483998934428,Democrat,Democrat,False
S001168,S001205,7,0.28364451362618376,Democrat,Democrat,False
L000576,S001176,260,0.7060098486056982,Republican,Republican,False
D000615,B001311,4,0.4656770695000887,Republican,Republican,False
G000596,G000595,4,0.6566929221153259,Republican,Republican,False
G000586,W000817,25,0.5185733819380403,Democrat,Democrat,False
B001261,R000584,37,0.5024527409239798,Republican,Republican,False
W000815,P000449,7,0.039407697905387194,Republican,Republican,False
C001117,F000454,95,0.21941734537678328,Democrat,Democrat,False
B001275,S001176,46,0.6534394953075958,Republican,Republican,False
U000040,F000454,8,0.03347485780250281,Democrat,Democrat,False
T000482,C001101,18,0.2604424788409637,Democrat,Democrat,False
G000578,M001184,32,0.4779916439438239,Republican,Republican,False
S000929,Y000064,3,0.02071489455799262,Republican,Republican,False
F000446,M001215,13,0.1512378893362788,Republican,Republican,False
M001185,G000555,5,0.03836435414850712,Democrat,Democrat,False
C001087,H001072,6,0.3478617530005674,Republican,Republican,False
B001302,A000375,44,0.5702942368701439,Republican,Republican,False
W000802,D000563,17,0.45378030639360933,Democrat,Democrat,False
P000145,B000944,3,0.11519706683854262,Democrat,Democrat,False
P000617,E000297,5,0.6287565588951111,Democrat,Democrat,False
L000571,B001261,36,0.3204015373614513,Republican,Republican,False
K000389,L000592,6,0.5915998791654905,Democrat,Democrat,False
C001097,C001119,3,0.5346546657383442,Democrat,Democrat,False
R000305,S001205,3,0.6292618960142136,Democrat,Democrat,False
N000190,B001305,5,0.2189753357321024,Republican,Republican,False
E000296,D000482,22,0.1776082933541726,Democrat,Democrat,False
M000312,P000607,25,0.5871585838124156,Democrat,Democrat,False
E000296,F000455,16,0.4778031946043484,Democrat,Democrat,False
P000048,V000134,4,0.4433346129953861,Republican,Republican,False
T000482,M001208,4,0.2599675180390477,Democrat,Democrat,False
B001281,F000455,28,0.2837760315077113,Democrat,Democrat,False
S001168,S001145,5,0.5840252920985222,Democrat,Democrat,False
J000305,B001288,3,0.5586895694335302,Democrat,Democrat,False
G000593,S000168,32,0.27346527462941594,Republican,Republican,False
P000607,G000587,16,0.30889329087221995,Democrat,Democrat,False
L000397,E000215,4,0.23878408002201468,Democrat,Democrat,False
P000197,S001168,6,0.3527837097644806,Democrat,Democrat,False
C001090,W000826,4,0.5420528892427683,Democrat,Democrat,False
B001311,P000048,3,0.5898439188798269,Republican,Republican,False
B001230,P000595,3,0.31593415420502424,Democrat,Democrat,False
G000565,G000589,4,0.749337911605835,Republican,Republican,False
B001302,G000576,13,0.4012151864142372,Republican,Republican,False
U000040,H000874,5,0.04220221359282732,Democrat,Democrat,False
M001176,W000817,47,0.5454541948683401,Democrat,Democrat,False
B001310,S001217,22,0.6924431308765303,Republican,Republican,False
G000597,J000295,3,0.1862109893312057,Republican,Republican,False
H001091,E000295,13,0.42365935459159887,Republican,Republican,False
S001205,P000617,16,0.2612356501049362,Democrat,Democrat,False
S001168,L000397,3,0.6657277842362722,Democrat,Democrat,False
R000606,L000397,3,0.1745488904416561,Democrat,Democrat,False
F000462,L000397,3,0.10189270103971164,Democrat,Democrat,False
B001230,H001061,3,0.04933398216962814,Democrat,Republican,True
C001039,M000871,3,0.5093726788957914,Republican,Republican,False
R000614,A000375,7,0.18425262267036097,Republican,Republican,False
B001298,S001196,5,0.6088084176182746,Republican,Republican,False
G000578,B000825,5,0.38738318253308535,Republican,Republican,False
P000607,K000389,40,0.4694804670289159,Democrat,Democrat,False
M000133,W000817,55,0.35858948400074786,Democrat,Democrat,False
L000557,D000216,28,0.33882514191126184,Democrat,Democrat,False
W000797,S001200,10,0.17026659660041332,Democrat,Democrat,False
R000606,P000034,3,0.2539827593912681,Democrat,Democrat,False
R000606,N000191,12,0.5391872495723268,Democrat,Democrat,False
H000874,D000216,4,0.4751728824339807,Democrat,Democrat,False
P000607,M001188,4,0.4661333877593279,Democrat,Democrat,False
W000822,P000617,27,0.4601352909165952,Democrat,Democrat,False
P000607,W000788,3,0.7482035060723623,Democrat,Democrat,False
G000586,K000389,9,0.4949685533841451,Democrat,Democrat,False
C001067,P000610,10,0.18532774159684778,Democrat,Democrat,False
W000798,M001159,8,0.3263469859957695,Republican,Republican,False
G000596,M001184,6,0.5159740385909876,Republican,Republican,False
D000399,W000817,7,0.4722224197217396,Democrat,Democrat,False
B001310,L000577,6,0.5255450361097852,Republican,Republican,False
S001193,B001296,6,0.5487855915756276,Democrat,Democrat,False
C001080,P000096,4,0.4797721318900585,Democrat,Democrat,False
C001113,L000570,3,0.6223888617629806,Democrat,Democrat,False
E000296,S001150,14,0.701593605535371,Democrat,Democrat,False
T000250,C001056,6,0.0729373066375653,Republican,Republican,False
W000437,M000355,26,0.5436348610629256,Republican,Republican,False
E000299,B001292,7,0.4761396518775395,Democrat,Democrat,False
P000617,L000551,28,0.6046654937090352,Democrat,Democrat,False
P000197,D000631,4,0.22768464870750904,Democrat,Democrat,False
B001304,D000631,3,0.19945336878299713,Democrat,Democrat,False
Q000023,P000197,10,0.2965068159624934,Democrat,Democrat,False
C001117,H000874,5,0.19146692641079427,Democrat,Democrat,False
R000606,N000147,20,0.2147800039499998,Democrat,Democrat,False
C001039,C001054,3,0.8010108272234598,Republican,Republican,False
M001176,S001203,20,0.277420733589679,Democrat,Democrat,False
E000296,C000174,4,0.09479455184191465,Democrat,Democrat,False
T000472,J000294,3,0.06674648448824883,Democrat,Democrat,False
R000606,S001205,22,0.24184330489317124,Democrat,Democrat,False
P000197,L000582,4,0.28965041460469365,Democrat,Democrat,False
W000809,B000740,3,0.19162457374234995,Republican,Republican,False
H001067,T000476,19,0.08983683355740811,Republican,Republican,False
H001085,D000631,5,0.3306584662757814,Democrat,Democrat,False
C001067,B001223,5,0.4857096942141652,Democrat,Democrat,False
C001132,L000577,9,0.716215150223838,Republican,Republican,False
O000174,K000377,7,0.5998861901462078,Democrat,Democrat,False
H001082,T000478,9,0.5160368879636129,Republican,Republican,False
S001224,H001052,9,0.6391188994877868,Republican,Republican,False
P000197,E000297,4,0.3854632570873946,Democrat,Democrat,False
E000300,C001137,10,0.25044429022818804,Republican,Republican,False
S001205,E000299,43,0.39661748897890714,Democrat,Democrat,False
G000594,C001056,19,0.2410443100195966,Republican,Republican,False
M001190,B000740,5,0.5231053637340665,Republican,Republican,False
W000814,R000614,3,0.3530816448231538,Republican,Republican,False
B001224,P000617,11,0.5043172745711424,Democrat,Democrat,False
M001211,G000596,12,0.4071592843780915,Republican,Republican,False
C001096,C001098,6,0.5355794224888086,Republican,Republican,False
N000015,P000096,4,0.7600254341959953,Democrat,Democrat,False
G000565,J000289,34,0.5988580262671936,Republican,Republican,False
W000812,S001176,21,0.25988829428596155,Republican,Republican,False
S001175,P000197,5,0.174313173815608,Democrat,Democrat,False
O000174,P000145,3,0.05836268266042074,Democrat,Democrat,False
T000481,E000297,3,0.43048063417275745,Democrat,Democrat,False
G000586,G000587,44,0.2795933268075301,Democrat,Democrat,False
S000148,D000622,10,0.49436786817386746,Democrat,Democrat,False
T000481,L000551,3,0.6958377361297607,Democrat,Democrat,False
C001112,N000191,4,0.2826649220660329,Democrat,Democrat,False
F000462,W000808,14,0.18490549542808107,Democrat,Democrat,False
C001039,F000450,3,0.09193192236125469,Republican,Republican,False
B001277,G000555,10,0.2425914742052555,Democrat,Democrat,False
C001121,M001196,3,0.14838929350177446,Democrat,Democrat,False
M001176,H001075,3,0.7977571388085684,Democrat,Democrat,False
B001286,D000563,22,0.11199282994493842,Democrat,Democrat,False
B001302,C001053,4,0.8643649965524673,Republican,Republican,False
L000560,D000629,23,0.1379594861165337,Democrat,Democrat,False
L000578,S001176,7,0.47140329650470186,Republican,Republican,False
O000173,K000389,7,0.6316044197550842,Democrat,Democrat,False
U000039,H001080,5,0.21115534203127026,Democrat,Democrat,False
W000823,M001202,8,0.16825303109362721,Republican,Democrat,True
G000586,M001188,8,0.15683651342988014,Democrat,Democrat,False
E000299,N000002,29,0.4618710797151615,Democrat,Democrat,False
M001187,Z000017,50,0.6904151007533074,Republican,Republican,False
C001101,S001168,5,0.5534995809197426,Democrat,Democrat,False
M001137,S001150,33,0.6705457418028152,Democrat,Democrat,False
C001115,D000615,3,0.24953432567417622,Republican,Republican,False
S001193,P000197,17,0.48966326230369944,Democrat,Democrat,False
R000614,B001302,28,0.4789675826073757,Republican,Republican,False
O000173,G000587,3,0.4343024988969167,Democrat,Democrat,False
B001302,H001067,5,0.7155060213059187,Republican,Republican,False
C001101,L000551,9,0.5800405962185727,Democrat,Democrat,False
B001230,J000300,4,0.35642658127471805,Democrat,Democrat,False
P000607,W000817,16,0.46964404569007456,Democrat,Democrat,False
B001302,S001195,11,0.5459103838286616,Republican,Republican,False
E000299,G000587,24,0.2883530318698225,Democrat,Democrat,False
H000874,B001304,5,0.34416901506483555,Democrat,Democrat,False
C001066,H000874,6,0.41639173744867247,Democrat,Democrat,False
B001302,J000292,6,0.8144462282458941,Republican,Republican,False
W000817,M000312,9,0.5002597915008664,Democrat,Democrat,False
T000469,P000608,5,0.22916252985596658,Democrat,Democrat,False
G000574,S001193,4,0.5545546053908765,Democrat,Democrat,False
B000944,C001088,7,0.4884055600102459,Democrat,Democrat,False
S001216,D000617,5,0.1549296585842967,Democrat,Democrat,False
P000605,G000578,4,0.6844922862946987,Republican,Republican,False
N000191,R000613,3,0.33872726435462636,Democrat,Democrat,False
E000215,L000397,19,0.30318385617513405,Democrat,Democrat,False
D000627,S001150,56,0.6753199876818273,Democrat,Democrat,False
L000589,S001176,15,0.5316746485730012,Republican,Republican,False
C001121,S001209,5,0.08312073051929474,Democrat,Democrat,False
D000482,D000399,4,0.5103629287332296,Democrat,Democrat,False
H001053,B000755,6,0.408337683416903,Republican,Republican,False
D000563,H001046,3,0.27412696617345017,Democrat,Democrat,False
N000191,M001208,4,0.407649046741426,Democrat,Democrat,False
L000560,S001209,4,0.014548834413290024,Democrat,Democrat,False
O000173,S001203,13,0.6161793400891699,Democrat,Democrat,False
T000469,D000197,3,0.4077374792347352,Democrat,Democrat,False
H001080,M001160,3,0.3826052558918794,Democrat,Democrat,False
P000616,M001143,3,0.3228253920873006,Democrat,Democrat,False
H001080,G000574,6,0.3516746956544618,Democrat,Democrat,False
S001187,B001281,11,0.043197596361013973,Republican,Democrat,True
P000197,B001300,5,0.24065830335021018,Democrat,Democrat,False
M001197,E000295,3,0.022920526408900816,Republican,Republican,False
P000197,D000627,6,0.6326429896677533,Democrat,Democrat,False
W000823,P000622,4,0.022446502465754747,Republican,Republican,False
S001194,D000622,5,0.4100985027849674,Democrat,Democrat,False
L000564,B001302,12,0.716377412279447,Republican,Republican,False
R000515,A000370,3,0.6961606740951538,Democrat,Democrat,False
N000191,C001101,3,0.3616350342830022,Democrat,Democrat,False
L000570,C001101,4,0.11011286359280348,Democrat,Democrat,False
M001187,M001210,4,0.6122706197202206,Republican,Republican,False
W000817,B000944,21,0.6068414027492205,Democrat,Democrat,False
R000515,M001185,3,0.4630950763821602,Democrat,Democrat,False
M000087,J000298,5,0.22513083964586258,Democrat,Democrat,False
H001058,J000289,5,0.7385384261608123,Republican,Republican,False
G000578,J000299,4,0.6322592664510012,Republican,Republican,False
M000133,K000389,3,0.2698721308261156,Democrat,Democrat,False
B001299,H001053,3,0.6379187727967898,Republican,Republican,False
J000293,M000355,3,0.12124596846600373,Republican,Republican,False
S001199,B001302,4,0.4868639544583857,Republican,Republican,False
M001205,L000564,4,0.7261407524347305,Republican,Republican,False
T000470,C001120,4,0.8529524654150009,Republican,Republican,False
L000593,C001066,7,0.07031728886067867,Democrat,Democrat,False
J000301,R000605,6,0.024863779389609892,Republican,Republican,False
R000588,A000370,5,0.01542415227741003,Democrat,Democrat,False
C000174,W000779,7,0.5229238026908466,Democrat,Democrat,False
S001199,T000461,11,0.19425875837491316,Republican,Republican,False
S000033,V000128,4,0.5442552985623479,Independent,Democrat,False
B001300,S001150,5,0.7404372274875641,Democrat,Democrat,False
L000593,T000472,5,0.22373209558427334,Democrat,Democrat,False
B001304,L000551,7,0.7776003176612514,Democrat,Democrat,False
P000197,L000551,6,0.4849248466392358,Democrat,Democrat,False
J000298,G000574,6,0.6316970313588778,Democrat,Democrat,False
F000476,G000598,6,0.542830782632033,Democrat,Democrat,False
F000480,V000129,4,0.06483935471624136,Republican,Republican,False
C001095,S001232,8,0.6287245308049023,Republican,Republican,False
B000740,S001176,10,0.6355763178318738,Republican,Republican,False
W000829,T000165,23,0.5954195686170588,Republican,Republican,False
F000468,S000510,9,0.5677332733240392,Democrat,Democrat,False
T000463,F000466,3,0.5507590277120471,Republican,Republican,False
C001066,R000606,6,0.8114122351010641,Democrat,Democrat,False
C001130,M001245,3,0.5955998090406259,Democrat,Democrat,False
H001042,S001181,8,0.71674862166401,Democrat,Democrat,False
S001217,J000307,8,0.24925304437056184,Republican,Republican,False
N000190,H001052,4,0.3692464930936694,Republican,Republican,False
E000235,S001176,5,0.40941509902477263,Republican,Republican,False
S001217,L000577,40,0.4806353379273787,Republican,Republican,False
B001303,W000817,10,0.7288878284394741,Democrat,Democrat,False
S001230,B001292,4,0.20154494978487492,Democrat,Democrat,False
L000602,G000598,3,0.4330139358838399,Democrat,Democrat,False
D000624,D000627,3,0.38397529007246095,Democrat,Democrat,False
M001187,D000626,4,0.039554052986204624,Republican,Republican,False
R000614,C001098,11,0.40670807659626007,Republican,Republican,False
N000191,D000624,3,0.318254966288805,Democrat,Democrat,False
B001303,S001203,10,0.525136300176382,Democrat,Democrat,False
A000371,J000294,7,0.7115313320287636,Democrat,Democrat,False
H001042,M000133,4,0.6947945021092892,Democrat,Democrat,False
E000299,S001203,4,0.8793127089738846,Democrat,Democrat,False
D000622,W000802,8,0.5607407671632245,Democrat,Democrat,False
S001192,B001302,3,0.4993903400997321,Republican,Republican,False
H001053,L000576,4,0.5084213044028729,Republican,Republican,False
S001206,W000797,9,0.24045187938544485,Democrat,Democrat,False
B001299,G000579,3,0.5018359776586294,Republican,Republican,False
M001185,H001047,3,0.33179450531800586,Democrat,Democrat,False
C001090,C001070,3,0.04707363868753115,Democrat,Democrat,False
G000586,C001110,5,0.20977565944194793,Democrat,Democrat,False
B001278,L000592,4,0.4166656716261059,Democrat,Democrat,False
E000179,V000081,6,0.1559138799396654,Democrat,Democrat,False
L000576,W000791,3,0.3631850474824508,Republican,Republican,False
H000874,M000087,4,0.28365495428442955,Democrat,Democrat,False
J000301,L000491,3,0.03510221280157566,Republican,Republican,False
H000874,C001061,5,0.4507948026061058,Democrat,Democrat,False
H000874,P000616,4,0.176334529183805,Democrat,Democrat,False
B001299,B001243,4,0.813386395573616,Republican,Republican,False
G000586,N000002,12,0.33078447248165804,Democrat,Democrat,False
E000297,S000148,5,0.24601982552558183,Democrat,Democrat,False
T000250,G000562,3,0.1871990996102492,Republican,Republican,False
H001080,U000039,7,0.32805077811436995,Democrat,Democrat,False
M000133,C000141,4,0.2220956152305007,Democrat,Democrat,False
F000454,B001281,6,0.4834107930461566,Democrat,Democrat,False
M001200,R000515,3,0.5698586056629816,Democrat,Democrat,False
R000307,M000355,8,0.22585174604319036,Republican,Republican,False
C001068,D000399,3,0.019850505826373894,Democrat,Democrat,False
D000399,G000587,5,0.2841403570026159,Democrat,Democrat,False
M000133,H001075,10,0.3208527699112892,Democrat,Democrat,False
M000133,F000062,7,0.09613264019468001,Democrat,Democrat,False
R000515,D000622,12,0.48647183598950505,Democrat,Democrat,False
R000515,W000822,14,0.5323030627997858,Democrat,Democrat,False
S000033,M000133,8,0.5552714657969773,Independent,Democrat,False
H001064,C001061,5,0.18659946769475938,Democrat,Democrat,False
S001185,J000300,9,0.24172653428589305,Democrat,Democrat,False
R000515,S001200,3,0.5682287315527598,Democrat,Democrat,False
D000627,F000455,3,0.13150321568051973,Democrat,Democrat,False
M001176,C000141,3,0.4733421951532364,Democrat,Democrat,False
H001066,S001185,4,0.08413754764478654,Democrat,Democrat,False
K000385,D000627,5,0.6194254135712981,Democrat,Democrat,False
S001184,T000250,7,0.10604807987276997,Republican,Republican,False
J000299,S001213,5,0.36091180332005024,Republican,Republican,False
R000606,J000288,8,0.1969116162508726,Democrat,Democrat,False
M000087,T000486,3,0.6376709242661794,Democrat,Democrat,False
R000606,S001145,5,0.39588935151696203,Democrat,Democrat,False
D000622,C001088,3,0.3027088552092512,Democrat,Democrat,False
P000607,N000002,7,0.3581883292645216,Democrat,Democrat,False
C001070,B001296,5,0.43482171595096586,Democrat,Democrat,False
M001176,B001303,13,0.7259315745188639,Democrat,Democrat,False
S001194,B001277,3,0.6648559495806694,Democrat,Democrat,False
D000617,S000510,5,0.05500395689159632,Democrat,Democrat,False
H001068,L000287,5,0.5419421918690205,Democrat,Democrat,False
H000874,R000515,4,0.37307274155318737,Democrat,Democrat,False
R000486,B001300,6,0.1686790999956429,Democrat,Democrat,False
L000602,R000617,3,0.35290537495166063,Democrat,Democrat,False
M001238,J000305,3,0.9295749068260193,Democrat,Democrat,False
O000173,W000817,5,0.4778526403009892,Democrat,Democrat,False
I000058,J000294,3,0.5905257711807886,Democrat,Democrat,False
G000559,J000298,3,0.6175235367069641,Democrat,Democrat,False
N000026,B000825,4,0.23060126788914204,Republican,Republican,False
A000375,S001224,3,0.6772700349489847,Republican,Republican,False
S001215,K000380,4,0.4814622348640114,Democrat,Democrat,False
B001310,L000571,3,0.3872109850247701,Republican,Republican,False
J000299,B000740,6,0.550353596607844,Republican,Republican,False
L000590,C001066,3,0.3529402899245421,Democrat,Democrat,False
L000560,C001066,4,0.06348296371288598,Democrat,Democrat,False
M001176,W000788,10,0.5318403549492359,Democrat,Democrat,False
N000190,L000589,3,0.4078809718290965,Republican,Republican,False
R000515,T000481,4,0.8059189766645432,Democrat,Democrat,False
C001110,E000297,7,0.18182590497391565,Democrat,Democrat,False
L000557,R000515,6,0.5634091688940922,Democrat,Democrat,False
M001211,F000450,6,0.4262252685924371,Republican,Republican,False
M001136,H001088,4,0.305504746735096,Republican,Republican,False
L000560,J000305,3,0.1173325665295124,Democrat,Democrat,False
J000298,L000560,4,0.059010897763073444,Democrat,Democrat,False
P000617,S000148,8,0.2402315225917846,Democrat,Democrat,False
S001215,A000370,5,0.026546670868992806,Democrat,Democrat,False
T000460,S001215,3,0.24570665011803308,Democrat,Democrat,False
J000299,P000048,11,0.5463239374485883,Republican,Republican,False
J000126,U000040,3,0.03407983792324861,Democrat,Democrat,False
D000191,N000179,3,0.34263961917410296,Democrat,Democrat,False
C001098,R000614,7,0.3630147795858128,Republican,Republican,False
M001203,B001292,6,0.31002334132790565,Democrat,Democrat,False
J000299,R000612,19,0.6211307275256044,Republican,Republican,False
L000551,L000581,8,0.14488569111563265,Democrat,Democrat,False
B001286,J000288,4,0.4667063762899488,Democrat,Democrat,False
M001160,R000515,4,0.38122570305131376,Democrat,Democrat,False
R000103,G000595,13,0.5099921573956425,Republican,Republican,False
K000395,D000032,5,0.33365069776773454,Republican,Republican,False
G000594,C001039,3,0.5263366922736168,Republican,Republican,False
K000385,L000551,6,0.4904717137881865,Democrat,Democrat,False
L000560,L000557,3,0.038319086035092674,Democrat,Democrat,False
S000168,S001217,9,0.35214660151137245,Republican,Republican,False
H001066,B001281,5,0.47978902980685234,Democrat,Democrat,False
M000312,C001080,6,0.4981785329679648,Democrat,Democrat,False
G000586,B001292,12,0.49168678109223646,Democrat,Democrat,False
B001281,D000482,4,0.6179879223927855,Democrat,Democrat,False
J000299,H001072,6,0.7227601041086018,Republican,Republican,False
P000607,B001292,10,0.568295431509614,Democrat,Democrat,False
F000454,E000299,5,0.3508188486099243,Democrat,Democrat,False
J000299,C001103,6,0.6124256327748299,Republican,Republican,False
L000560,M000312,5,0.5109501615166664,Democrat,Democrat,False
G000603,C001108,4,0.8443503826856613,Republican,Republican,False
F000468,E000299,3,0.2844974833230178,Democrat,Democrat,False
M001235,L000595,6,0.13541105886300406,Republican,Republican,False
H001042,V000128,5,0.8688791513442993,Democrat,Democrat,False
F000246,S001176,4,0.7184594124555588,Republican,Republican,False
E000296,W000790,4,0.25159478606656194,Democrat,Democrat,False
R000617,T000481,4,0.35360934492200613,Democrat,Democrat,False
H001101,S001224,6,0.25105152775843936,Republican,Republican,False
T000481,M001169,7,0.8576364857809884,Democrat,Democrat,False
S000148,B001277,18,0.276680242916983,Democrat,Democrat,False
B001316,M001184,4,0.26314287167042494,Republican,Republican,False
G000574,S001211,3,0.16162312775850296,Democrat,Democrat,False
T000490,C001129,3,0.5284426882863045,Republican,Republican,False
M001211,B001305,3,0.5907179961601893,Republican,Republican,False
P000617,L000601,3,0.2597339910765489,Democrat,Democrat,False
R000590,D000600,4,0.25719728716649115,Republican,Republican,False
C001095,S001227,7,0.5981223067002637,Republican,Republican,False
A000381,M001169,5,0.9073257327079773,Democrat,Democrat,False
M001184,C001098,7,0.529266065784863,Republican,Republican,False
F000462,B001286,28,0.3241923327690789,Democrat,Democrat,False
L000592,N000188,3,0.7176641921202341,Democrat,Democrat,False
G000558,S001176,5,0.28346962183713914,Republican,Republican,False
H001085,L000582,5,0.27294434159994124,Democrat,Democrat,False
J000298,M000133,3,0.18803405513366064,Democrat,Democrat,False
D000631,C001090,4,0.3146237567998469,Democrat,Democrat,False
B000944,W000802,5,0.2257317617535591,Democrat,Democrat,False
W000809,H001072,11,0.24671867354349655,Republican,Republican,False
M001211,R000103,4,0.12086137291043997,Republican,Republican,False
J000299,F000446,3,0.414932778570801,Republican,Republican,False
C001117,C001067,5,0.07085617296397687,Democrat,Democrat,False
J000299,W000798,3,0.15729108452796936,Republican,Republican,False
B001310,H001079,3,0.332665559835732,Republican,Republican,False
C001075,B001243,3,0.42832110449671745,Republican,Republican,False
C000141,S001203,3,0.25772442171971005,Democrat,Democrat,False
W000797,L000581,4,0.04979338217526674,Democrat,Democrat,False
H001068,M000087,3,0.13887527709205946,Democrat,Democrat,False
C001061,K000381,4,0.02409410197287798,Democrat,Democrat,False
W000808,S000185,4,0.14205991476774216,Democrat,Democrat,False
S001205,T000193,3,0.4194205291569233,Democrat,Democrat,False
R000103,D000618,5,0.29186479598283765,Republican,Republican,False
C001061,T000486,6,0.1662766650939981,Democrat,Democrat,False
M000312,V000081,4,0.26053563598543406,Democrat,Democrat,False
B001257,S000168,3,0.02498543355613947,Republican,Republican,False
B001261,M000355,8,0.3568808299023658,Republican,Republican,False
P000048,K000395,3,0.6544159899155298,Republican,Republican,False
B001281,D000197,3,0.3552917192379634,Democrat,Democrat,False
B001310,H001076,4,0.2545154448598623,Republican,Democrat,True
G000551,B001223,3,0.6235361645619074,Democrat,Democrat,False
C001055,H001068,4,0.07151919114403427,Democrat,Democrat,False
N000002,J000288,3,0.02322954001526038,Democrat,Democrat,False
L000596,F000485,4,0.2763233631849289,Republican,Republican,False
H001104,C001095,5,0.7173506021499634,Republican,Republican,False
W000817,B001230,10,0.5695693647488952,Democrat,Democrat,False
L000596,B001260,3,0.34846681853135425,Republican,Republican,False
S001213,L000597,3,0.35476244737704593,Republican,Republican,False
H001072,M001156,3,0.034955120335022606,Republican,Republican,False
B001224,P000145,3,0.3185093974073728,Democrat,Democrat,False
M000312,D000191,4,0.6138913556933403,Democrat,Democrat,False
S000364,M001180,5,0.24187560062855482,Republican,Republican,False
T000482,T000483,4,0.03256699489429593,Democrat,Democrat,False
C001121,H001085,3,0.017052567874391873,Democrat,Democrat,False
E000296,C001117,3,0.43523959070444107,Democrat,Democrat,False
N000192,R000515,4,0.29739499650895596,Democrat,Democrat,False
B001281,S001150,3,0.6317378208041191,Democrat,Democrat,False
L000576,R000610,3,0.38595731059710187,Republican,Republican,False
H001068,D000216,5,0.3798236481845379,Democrat,Democrat,False
B001286,S001145,7,0.3986528603626149,Democrat,Democrat,False
T000483,A000377,6,0.1200318632957836,Democrat,Republican,True
L000590,S001209,3,0.5820244600375494,Democrat,Democrat,False
S001205,S001185,3,0.2019472507139047,Democrat,Democrat,False
Q000023,P000597,3,0.07804781446854274,Democrat,Democrat,False
G000585,R000606,3,0.4605301270882289,Democrat,Democrat,False
W000822,E000299,7,0.7288363320486886,Democrat,Democrat,False
K000381,C000127,3,0.03709814449151357,Democrat,Democrat,False
B001304,E000297,4,0.2619290903676301,Democrat,Democrat,False
G000559,S001193,6,0.24248305320118865,Democrat,Democrat,False
D000617,S001185,3,0.20318452082574368,Democrat,Democrat,False
J000126,P000604,3,0.38929050508886576,Democrat,Democrat,False
Y000063,J000290,6,0.03296428577353557,Republican,Republican,False
G000559,M001143,4,0.05764420726336539,Democrat,Democrat,False
B001261,H001041,4,0.49286134727299213,Republican,Republican,False
M001160,C001061,3,0.44383232947438955,Democrat,Democrat,False
H001050,H001042,9,0.12233231615068184,Democrat,Democrat,False
W000808,D000600,5,0.017439960688352584,Democrat,Republican,True
T000266,K000375,3,0.17050198713938394,Democrat,Democrat,False
U000031,M001159,24,0.06959876456918816,Republican,Republican,False
R000572,R000576,6,0.07359739982833464,Republican,Democrat,True
G000559,D000610,4,0.10934219765476882,Democrat,Democrat,False
M001160,L000287,4,0.28372836485505104,Democrat,Democrat,False
F000463,M000355,3,0.3449334030350049,Republican,Republican,False
L000563,K000360,3,0.1624726460625728,Democrat,Republican,True
P000591,M001181,4,0.2376026026904583,Republican,Republican,False
V000131,J000126,5,0.2705249385908246,Democrat,Democrat,False
P000591,I000056,3,0.11451732801894347,Republican,Republican,False
S000364,W000791,3,0.03868548944592476,Republican,Republican,False
S001205,B001281,6,0.40106871848305065,Democrat,Democrat,False
L000287,G000555,3,0.026227866609891255,Democrat,Democrat,False
M001166,G000559,3,0.4415912441909313,Democrat,Democrat,False
C001038,N000002,7,0.4986270365438291,Democrat,Democrat,False
W000437,C000567,21,0.09628590311677683,Republican,Republican,False
M001160,D000216,15,0.24040333578983944,Democrat,Democrat,False
E000290,L000557,3,0.36880670115351677,Democrat,Democrat,False
M001160,M000087,3,0.608973796479404,Democrat,Democrat,False
W000816,C001056,3,0.2627017082025607,Republican,Republican,False
F000462,M001163,7,0.19481466763785907,Democrat,Democrat,False
B001292,C001112,6,0.38024321539948386,Democrat,Democrat,False
S001145,P000197,5,0.3319794647395611,Democrat,Democrat,False
M000639,T000468,4,0.20061383000575006,Democrat,Democrat,False
D000399,N000002,4,0.15501092188060284,Democrat,Democrat,False
B001292,J000288,3,0.3384343193223079,Democrat,Democrat,False
B001292,N000147,3,0.15638978530963263,Democrat,Democrat,False
W000819,S001184,14,0.03159151006756084,Republican,Republican,False
C001066,N000032,4,0.5364963337779045,Democrat,Democrat,False
D000623,M001163,8,0.2510495933238417,Democrat,Democrat,False
W000822,H001080,3,0.15938418979446092,Democrat,Democrat,False
N000002,S001205,3,0.4215350815405448,Democrat,Democrat,False
S001209,T000464,3,0.028735140338540077,Democrat,Democrat,False
M001184,B001302,8,0.39819173933938146,Republican,Republican,False
W000822,B001281,7,0.30902843336973873,Democrat,Democrat,False
L000551,W000822,11,0.6111783552914858,Democrat,Democrat,False
L000590,W000826,3,0.04720761254429817,Democrat,Democrat,False
M001212,T000165,3,0.6501255383094152,Republican,Republican,False
O000172,J000298,3,0.6513480277111133,Democrat,Democrat,False
G000551,R000486,5,0.23886265195906162,Democrat,Democrat,False
L000590,T000472,5,0.288507255166769,Democrat,Democrat,False
L000551,A000370,7,0.3162681053259543,Democrat,Democrat,False
S001191,P000608,7,0.04225619376770088,Democrat,Democrat,False
T000460,H001068,5,0.3940361820161343,Democrat,Democrat,False
U000031,H001058,13,0.07984875805246142,Republican,Republican,False
L000397,S001193,4,0.46635335916653275,Democrat,Democrat,False
B000213,S000250,3,0.3060402224461238,Republican,Republican,False
E000215,M001163,3,0.14479229444017014,Democrat,Democrat,False
N000002,N000147,3,0.6406742334365845,Democrat,Democrat,False
H001041,H001042,3,0.05785918980836868,Republican,Democrat,True
B001286,W000808,3,0.20117631958176693,Democrat,Democrat,False
U000031,L000576,9,0.04806344480150276,Republican,Republican,False
Q000023,C001038,3,0.019668903046598036,Democrat,Democrat,False
L000570,D000624,4,0.679112371057272,Democrat,Democrat,False
U000031,B000755,3,0.39915086204806965,Republican,Republican,False
P000598,N000002,3,0.6368867258230845,Democrat,Democrat,False
K000378,I000056,3,0.37761359599729377,Republican,Republican,False
H001041,R000122,4,0.06229373253881931,Republican,Democrat,True
C000714,C001068,4,0.25044290628284216,Democrat,Democrat,False
B001286,M001163,6,0.14524245401844382,Democrat,Democrat,False
Q000023,B001270,3,0.21570940129458904,Democrat,Democrat,False
S001168,C001112,3,0.4157891670862834,Democrat,Democrat,False
J000295,G000563,3,0.023134915468593437,Republican,Republican,False
E000296,D000197,6,0.5254745930433273,Democrat,Democrat,False
J000298,M001160,5,0.302686613611877,Democrat,Democrat,False
M000133,S001203,7,0.23112083758626664,Democrat,Democrat,False
S001195,S001176,5,0.511889673769474,Republican,Republican,False
L000581,D000216,7,0.40029904432594776,Democrat,Democrat,False
L000579,C001078,3,0.5601099425305923,Democrat,Democrat,False
D000615,R000597,4,0.2499924444127828,Republican,Republican,False
B001289,R000591,5,0.262079656124115,Republican,Republican,False
B001295,S001176,7,0.315435971266457,Republican,Republican,False
S001205,H001080,5,0.1390956811606884,Democrat,Democrat,False
L000560,G000559,3,0.1387135423719883,Democrat,Democrat,False
L000560,C001072,5,0.23797842673957348,Democrat,Democrat,False
D000610,G000586,3,0.4448711487154166,Democrat,Democrat,False
D000614,C001061,3,0.08230475957194965,Republican,Democrat,True
S001215,L000581,5,0.2604076014831662,Democrat,Democrat,False
C000714,C001038,4,0.5722011514008045,Democrat,Democrat,False
F000462,S001145,12,0.6775285763045152,Democrat,Democrat,False
C000984,W000817,16,0.139226100029191,Democrat,Democrat,False
C000714,G000289,4,0.18522917199879885,Democrat,Republican,True
Y000062,T000469,3,0.5411050096154213,Democrat,Democrat,False
C001038,B001292,4,0.3048900943249464,Democrat,Democrat,False
T000469,G000410,3,0.1253213994204998,Democrat,Democrat,False
C000984,C000141,14,0.2141338667965361,Democrat,Democrat,False
H001064,T000469,3,0.6550440986951193,Democrat,Democrat,False
S000364,S001176,37,0.31195502003302444,Republican,Republican,False
E000290,R000588,3,0.8098129828770956,Democrat,Democrat,False
B001290,P000591,10,0.16523412819951772,Republican,Republican,False
H000324,M001163,3,0.13438823074102402,Democrat,Democrat,False
L000580,C001038,7,0.5912327047969613,Democrat,Democrat,False
R000602,S001185,7,0.19975717179477215,Democrat,Democrat,False
F000455,R000588,5,0.6509921997785568,Democrat,Democrat,False
C000984,M001188,3,0.1429123878479004,Democrat,Democrat,False
L000263,L000581,5,0.38959452882409096,Democrat,Democrat,False
R000587,M001196,3,0.09447301862140496,Republican,Democrat,True
H001064,L000287,4,0.07628087978810072,Democrat,Democrat,False
L000557,L000287,5,0.645953769236803,Democrat,Democrat,False
Y000062,L000287,5,0.5475884981453418,Democrat,Democrat,False
L000581,H001072,6,0.020780840578178566,Democrat,Republican,True
S001217,B001310,3,0.6144379874070486,Republican,Republican,False
C001069,E000293,3,0.04990827261159817,Democrat,Democrat,False
B001296,D000216,4,0.3010910339653492,Democrat,Democrat,False
F000455,J000126,3,0.8388801415761312,Democrat,Democrat,False
D000197,L000287,4,0.49216294661164284,Democrat,Democrat,False
R000605,I000055,3,0.05069613208373388,Republican,Republican,False
T000464,H001069,9,0.11576258504970206,Democrat,Democrat,False
S001168,N000191,4,0.29039597511291504,Democrat,Democrat,False
F000461,G000386,3,0.4219801152745883,Republican,Republican,False
G000560,T000480,3,0.2843511138732235,Republican,Republican,False
D000610,S001193,6,0.3294507668664058,Democrat,Democrat,False
H000874,S001190,3,0.440233717362086,Democrat,Democrat,False
W000819,H001067,4,0.017126851249486208,Republican,Republican,False
A000360,B001135,3,0.02827284609278043,Republican,Republican,False
F000462,P000034,3,0.5876053489434222,Democrat,Democrat,False
D000610,J000298,5,0.2667514367029071,Democrat,Democrat,False
C001070,S000770,3,0.20417746156454086,Democrat,Democrat,False
F000455,B000944,5,0.5157193884253501,Democrat,Democrat,False
U000039,H001046,5,0.33309069126844404,Democrat,Democrat,False
L000397,D000610,4,0.33654808974824846,Democrat,Democrat,False
L000580,T000266,3,0.27959695427368086,Democrat,Democrat,False
L000580,K000379,3,0.39138260421653587,Democrat,Democrat,False
M001187,P000603,7,0.21244500803628139,Republican,Republican,False
C001035,D000607,3,0.0393536618600289,Republican,Democrat,True
L000263,L000570,4,0.35612574126571417,Democrat,Democrat,False
C001038,E000293,4,0.6474130945280194,Democrat,Democrat,False
P000591,Y000063,3,0.0653180181980133,Republican,Republican,False
H000338,W000805,5,0.30171402022242544,Republican,Democrat,True
L000580,V000131,3,0.32201362525423366,Democrat,Democrat,False
W000817,C001070,6,0.31676921248435974,Democrat,Democrat,False
L000580,B001270,4,0.3640355463139713,Democrat,Democrat,False
C000714,B001270,3,0.6428427807986736,Democrat,Democrat,False
S000033,U000039,4,0.3360868664458394,Independent,Democrat,False
M000312,M000404,3,0.07199528875450294,Democrat,Democrat,False
T000469,F000462,7,0.3448005659239633,Democrat,Democrat,False
C001038,M001188,5,0.332165090367198,Democrat,Democrat,False
Y000062,E000290,3,0.7266296943028768,Democrat,Democrat,False
M001180,M001159,14,0.05703344668394753,Republican,Republican,False
E000296,W000779,3,0.6689688240488371,Democrat,Democrat,False
L000583,I000055,8,0.0290404858533293,Republican,Republican,False
N000002,S001145,5,0.3745389625430107,Democrat,Democrat,False
L000580,P000597,5,0.756691774725914,Democrat,Democrat,False
C000141,F000062,3,0.5573956767717997,Democrat,Democrat,False
G000562,B001267,4,0.11515639233402908,Republican,Democrat,True
N000002,P000034,5,0.5785466700792312,Democrat,Democrat,False
B001292,P000034,4,0.5055417530238628,Democrat,Democrat,False
C001068,J000298,4,0.5223799329251051,Democrat,Democrat,False
N000002,G000535,4,0.366130493581295,Democrat,Democrat,False
D000623,B001286,5,0.5664686093106865,Democrat,Democrat,False
C001107,G000593,3,0.03435605702300867,Republican,Republican,False
G000574,J000298,3,0.935749351978302,Democrat,Democrat,False
R000395,C001101,3,0.22057735795776048,Republican,Democrat,True
A000370,J000032,3,0.27096322427193326,Democrat,Democrat,False
B001300,R000486,5,0.10226214211434126,Democrat,Democrat,False
C001067,S001150,4,0.7183352634310722,Democrat,Democrat,False
L000557,M000087,3,0.41581352055072784,Democrat,Democrat,False
B001289,R000575,5,0.029062944278120995,Republican,Republican,False
C000266,M001159,7,0.02525051962584257,Republican,Republican,False
T000461,M000355,3,0.3723844743023316,Republican,Republican,False
J000126,Y000062,3,0.6789798761407534,Democrat,Democrat,False
C001067,F000455,4,0.27837203769013286,Democrat,Democrat,False
B001292,B001286,3,0.21044950435558954,Democrat,Democrat,False
L000581,L000287,7,0.36685844058437006,Democrat,Democrat,False
C001107,D000610,6,0.07809649221599102,Republican,Democrat,True
U000031,K000380,4,0.05132817511912435,Republican,Democrat,True
E000296,G000410,3,0.49395814041296643,Democrat,Democrat,False
L000263,K000380,10,0.7226388392969966,Democrat,Democrat,False
T000476,B001230,3,0.28403074232240516,Republican,Democrat,True
B000825,B001311,3,0.6334216942389806,Republican,Republican,False
H001068,W000802,8,0.4324777713045478,Democrat,Democrat,False
C001097,L000554,3,0.13187728946407637,Democrat,Republican,True
S000148,A000370,3,0.8976624806722006,Democrat,Democrat,False
W000808,L000581,3,0.8700443506240845,Democrat,Democrat,False
F000462,J000288,3,0.32682942350705463,Democrat,Democrat,False
Y000062,D000216,5,0.407617461681366,Democrat,Democrat,False
C001097,D000617,3,0.024698389694094658,Democrat,Democrat,False
M000087,D000610,3,0.15672873022655645,Democrat,Democrat,False
L000551,K000380,3,0.18571490328758955,Democrat,Democrat,False
M001181,S001176,7,0.17104779443304455,Republican,Republican,False
T000482,H001081,4,0.07831633789464831,Democrat,Democrat,False
M001176,F000062,3,0.4195965304970741,Democrat,Democrat,False
C001113,B001277,3,0.6357715285072724,Democrat,Democrat,False
M000087,S001193,3,0.4684985904023051,Democrat,Democrat,False
S001193,K000379,4,0.28110548900440335,Democrat,Democrat,False
H000338,L000577,3,0.24125234596431255,Republican,Republican,False
V000131,O000170,3,0.30113303164641064,Democrat,Democrat,False
L000583,M000355,4,0.6946338266134262,Republican,Republican,False
J000290,S001176,4,0.1508265812881291,Republican,Republican,False
H000338,R000307,3,0.309917438775301,Republican,Republican,False
B001292,M001163,3,0.4840304454167684,Democrat,Democrat,False
S001154,S001176,9,0.08433269905961222,Republican,Republican,False
P000048,S001176,22,0.699813955759799,Republican,Republican,False
N000190,B001311,14,0.5148768027180007,Republican,Republican,False
B001230,R000608,5,0.29993300661444666,Democrat,Democrat,False
D000631,W000826,26,0.21797524367530757,Democrat,Democrat,False
M000133,B001288,3,0.023495143900314968,Democrat,Democrat,False
W000802,H001076,13,0.4896511100232601,Democrat,Democrat,False
W000817,V000081,7,0.49766773557556526,Democrat,Democrat,False
R000584,B001261,12,0.5588616739648083,Republican,Republican,False
S001168,E000296,3,0.13492471973101297,Democrat,Democrat,False
E000296,D000216,13,0.29498900945943135,Democrat,Democrat,False
M001211,H001084,7,0.3589433091027396,Republican,Republican,False
S000148,S001194,25,0.3829248896986246,Democrat,Democrat,False
J000292,S001176,25,0.5511438803747296,Republican,Republican,False
S001168,K000368,3,0.2939430872599284,Democrat,Democrat,False
J000298,W000817,48,0.5519253520954711,Democrat,Democrat,False
P000145,S000033,3,0.6614551742871603,Democrat,Independent,False
B001302,D000626,27,0.48967129302521545,Republican,Republican,False
H001068,S001150,16,0.484324709570501,Democrat,Democrat,False
D000631,H001085,6,0.33413880442579585,Democrat,Democrat,False
M000312,G000551,8,0.6297054756432772,Democrat,Democrat,False
N000192,W000825,4,0.2584719241131097,Democrat,Democrat,False
M001212,J000299,10,0.5311371115967631,Republican,Republican,False
S001207,P000034,6,0.18961458435902992,Democrat,Democrat,False
P000617,B000574,4,0.5809121520724148,Democrat,Democrat,False
S001200,H000874,7,0.15194587582456215,Democrat,Democrat,False
M001184,D000626,45,0.4455472595575783,Republican,Republican,False
D000615,L000589,7,0.5301306598952839,Republican,Republican,False
T000469,R000515,3,0.4790004255870978,Democrat,Democrat,False
C001117,D000622,11,0.3320232431234961,Democrat,Democrat,False
L000551,S001156,4,0.1404046369716525,Democrat,Democrat,False
S001168,W000805,4,0.3176943752914667,Democrat,Democrat,False
S001205,B001296,10,0.41312727686017753,Democrat,Democrat,False
W000822,B001270,9,0.47762026141087216,Democrat,Democrat,False
N000190,R000597,4,0.13061939412727952,Republican,Republican,False
T000481,G000586,11,0.30671875695274636,Democrat,Democrat,False
B001302,P000603,25,0.5683616738021374,Republican,Republican,False
A000377,B001297,4,0.38490264117717743,Republican,Republican,False
H001076,B001310,3,0.05509032619496187,Democrat,Republican,True
M001176,V000128,10,0.5810606935992837,Democrat,Democrat,False
B001230,S000148,9,0.35308703697390026,Democrat,Democrat,False
S001205,P000197,135,0.4290073103788826,Democrat,Democrat,False
K000381,S000510,3,0.02487609659632047,Democrat,Democrat,False
L000551,H000874,7,0.03276260117334979,Democrat,Democrat,False
M001211,S000929,5,0.5555053036659956,Republican,Republican,False
M001137,M000087,9,0.472861659195688,Democrat,Democrat,False
O000086,D000032,6,0.4333353171435495,Republican,Republican,False
F000454,P000197,48,0.5254187296183469,Democrat,Democrat,False
B000944,W000790,6,0.11572931163633864,Democrat,Democrat,False
A000377,M001190,3,0.5435427377621332,Republican,Republican,False
L000560,C001080,4,0.6571975387632847,Democrat,Democrat,False
P000607,M001160,110,0.34653174157508393,Democrat,Democrat,False
W000822,G000585,5,0.42627242431044576,Democrat,Democrat,False
S000770,B001230,5,0.3130266578868032,Democrat,Democrat,False
S000148,H001042,16,0.4349510233150795,Democrat,Democrat,False
C001066,S000185,6,0.2004079365481933,Democrat,Democrat,False
B001281,D000216,12,0.3300465679106613,Democrat,Democrat,False
T000481,C001091,18,0.454041148432427,Democrat,Democrat,False
D000631,C001070,22,0.35320961488072167,Democrat,Democrat,False
L000174,S000148,33,0.5185589944718011,Democrat,Democrat,False
E000296,R000515,10,0.44967108853161336,Democrat,Democrat,False
T000481,J000298,22,0.5788900782354176,Democrat,Democrat,False
A000375,J000304,3,0.02502042365570863,Republican,Republican,False
F000462,W000797,25,0.27524799715727566,Democrat,Democrat,False
W000802,L000174,11,0.42327897394583985,Democrat,Democrat,False
C001097,L000397,3,0.03330924392988285,Democrat,Democrat,False
D000610,L000582,4,0.19998452765867114,Democrat,Democrat,False
B001285,C001112,5,0.27907135598361493,Democrat,Democrat,False
B001305,D000032,5,0.4293380968272686,Republican,Republican,False
R000584,F000469,16,0.038878522405866534,Republican,Republican,False
U000040,A000370,5,0.1044785089790821,Democrat,Democrat,False
F000062,L000582,10,0.07591713718138635,Democrat,Democrat,False
L000576,M000355,13,0.49059505946934223,Republican,Republican,False
D000617,P000197,22,0.284931830257516,Democrat,Democrat,False
J000301,U000031,3,0.2946973244349162,Republican,Republican,False
J000298,M001188,8,0.5266402068082243,Democrat,Democrat,False
P000617,M001143,3,0.7383657495180765,Democrat,Democrat,False
R000515,F000454,9,0.6160653962029351,Democrat,Democrat,False
S000033,W000817,12,0.33557406595597666,Independent,Democrat,False
S000033,K000389,33,0.4086271363564513,Independent,Democrat,False
E000299,J000294,5,0.2583859711885452,Democrat,Democrat,False
P000617,G000586,23,0.18957929952960947,Democrat,Democrat,False
B001224,G000585,3,0.21939371650417647,Democrat,Democrat,False
T000483,C000141,6,0.1467617554590106,Democrat,Democrat,False
M001176,H001068,6,0.2790812375023961,Democrat,Democrat,False
G000565,I000056,23,0.421201647542741,Republican,Republican,False
S001203,K000377,8,0.5717075283173472,Democrat,Democrat,False
W000802,K000367,8,0.3782948711887002,Democrat,Democrat,False
O000172,M001169,3,0.7994417548179626,Democrat,Democrat,False
J000294,H001066,3,0.4798896387219429,Democrat,Democrat,False
P000608,L000397,3,0.649920521924893,Democrat,Democrat,False
B001267,N000191,12,0.06904492581573625,Democrat,Democrat,False
W000821,C001095,9,0.06740024696207708,Republican,Republican,False
E000235,M001136,4,0.444723729044199,Republican,Republican,False
W000821,B001236,47,0.07944071229468001,Republican,Republican,False
H000874,F000462,3,0.6240713795026144,Democrat,Democrat,False
O000172,E000297,4,0.4982959982007742,Democrat,Democrat,False
M001184,P000603,73,0.4137741368429812,Republican,Republican,False
S001211,G000574,5,0.3773234548047185,Democrat,Democrat,False
W000813,M001159,3,0.3250362624724706,Republican,Republican,False
B001302,Z000017,50,0.6325835697725415,Republican,Republican,False
M000087,S000148,4,0.6025855536572635,Democrat,Democrat,False
S001168,H001076,3,0.41876220703125,Democrat,Democrat,False
K000380,T000481,4,0.03892785799689591,Democrat,Democrat,False
L000590,C001113,11,0.3693158695982261,Democrat,Democrat,False
W000822,B001224,14,0.609751104244164,Democrat,Democrat,False
J000306,W000822,3,0.09158511894444625,Democrat,Democrat,False
P000048,W000819,6,0.3395669224361579,Republican,Republican,False
S001214,J000289,6,0.4868603932360808,Republican,Republican,False
D000615,G000596,3,0.45022426048914593,Republican,Republican,False
L000564,B001299,13,0.8045886067243723,Republican,Republican,False
P000048,R000610,3,0.3249150589108467,Republican,Republican,False
W000822,P000597,4,0.4786574300378561,Democrat,Democrat,False
M000087,D000631,3,0.4142894024650256,Democrat,Democrat,False
P000048,A000377,4,0.5349199380725622,Republican,Republican,False
S001203,P000145,5,0.46959955617785454,Democrat,Democrat,False
E000296,B001304,9,0.7394802566203806,Democrat,Democrat,False
L000571,B001243,9,0.5798550960090425,Republican,Republican,False
B001302,B001299,39,0.5706483181804801,Republican,Republican,False
M001187,B001302,24,0.4259105286328122,Republican,Republican,False
L000560,F000468,3,0.017562957170108955,Democrat,Democrat,False
J000298,G000587,10,0.3722315982915461,Democrat,Democrat,False
S001206,N000191,5,0.3483070105314255,Democrat,Democrat,False
M001176,M000133,23,0.41881770442199445,Democrat,Democrat,False
C000174,C001088,45,0.11029514076395167,Democrat,Democrat,False
R000515,S001156,5,0.3918032137677073,Democrat,Democrat,False
G000590,J000289,15,0.5472826267282168,Republican,Republican,False
D000629,H001080,7,0.02592080139688083,Democrat,Democrat,False
E000296,L000287,14,0.46066982418830904,Democrat,Democrat,False
T000469,L000287,7,0.27783400219466003,Democrat,Democrat,False
S001199,Z000017,3,0.4599500000476837,Republican,Republican,False
S001208,S000770,8,0.1351951111573726,Democrat,Democrat,False
P000614,K000382,6,0.038452589263518654,Democrat,Democrat,False
C001066,B001278,8,0.15778740926180035,Democrat,Democrat,False
B001302,C001051,3,0.6498041525483131,Republican,Republican,False
B001302,M001210,7,0.4396201292318957,Republican,Republican,False
T000472,A000376,3,0.36923051439225674,Democrat,Democrat,False
B001302,C001118,6,0.7054215470949808,Republican,Republican,False
B001302,P000605,18,0.5424259325696362,Republican,Republican,False
B001302,D000616,5,0.9420922756195068,Republican,Republican,False
W000822,P000197,10,0.2761676309630275,Democrat,Democrat,False
G000565,D000615,10,0.6475964210927486,Republican,Republican,False
P000593,M000312,5,0.3598185695707798,Democrat,Democrat,False
B001301,M001201,7,0.08206803152071578,Republican,Republican,False
C001093,J000299,3,0.9381811022758484,Republican,Republican,False
P000197,S001193,3,0.565737913052241,Democrat,Democrat,False
M001176,U000039,15,0.3516271846989791,Democrat,Democrat,False
W000823,G000582,4,0.07476532366126776,Republican,Republican,False
H001058,W000812,3,0.2318925882379214,Republican,Republican,False
F000461,L000564,3,0.4019598588347435,Republican,Republican,False
H000874,S001150,18,0.7024833344750934,Democrat,Democrat,False
D000627,B001304,4,0.48497928061988205,Democrat,Democrat,False
B001296,S001150,4,0.8988630026578903,Democrat,Democrat,False
R000608,T000464,3,0.3691358435899019,Democrat,Democrat,False
D000610,D000627,9,0.5571224292119344,Democrat,Democrat,False
M001187,A000375,3,0.35388976832230884,Republican,Republican,False
M001187,C001098,13,0.5391521329203477,Republican,Republican,False
R000515,H000874,13,0.30978283966676545,Democrat,Democrat,False
P000197,N000015,5,0.352601745352149,Democrat,Democrat,False
T000472,H001066,3,0.3092361067732175,Democrat,Democrat,False
C001117,B001278,3,0.5956761268898845,Democrat,Democrat,False
H000874,D000197,4,0.621510811150074,Democrat,Democrat,False
L000557,D000482,7,0.21466452814638615,Democrat,Democrat,False
R000606,D000623,17,0.14457547834471746,Democrat,Democrat,False
L000576,L000583,5,0.43692827858030797,Republican,Republican,False
G000563,S001176,14,0.48035142730389324,Republican,Republican,False
M000087,D000627,3,0.6436793754498163,Democrat,Democrat,False
B001291,J000289,8,0.6277360455133021,Republican,Republican,False
G000581,M001207,4,0.2224382315762341,Democrat,Democrat,False
W000817,P000607,4,0.8710617572069168,Democrat,Democrat,False
Y000062,S001150,6,0.7233667895197868,Democrat,Democrat,False
C001087,S001196,7,0.6363386362791061,Republican,Republican,False
J000299,G000578,4,0.8533461391925812,Republican,Republican,False
B001289,J000289,3,0.5351423621177673,Republican,Republican,False
C001067,L000287,4,0.36740922555327415,Democrat,Democrat,False
J000298,B001292,18,0.5087322608257333,Democrat,Democrat,False
J000298,N000002,27,0.5143467652852889,Democrat,Democrat,False
D000631,T000472,4,0.6293235197663307,Democrat,Democrat,False
T000472,N000002,3,0.6192064036925634,Democrat,Democrat,False
M001160,F000455,5,0.1835735272616148,Democrat,Democrat,False
G000579,K000383,3,0.08136967662721872,Republican,Independent,False
O000173,J000294,5,0.6185651957988739,Democrat,Democrat,False
S001205,B001270,16,0.3856607732595876,Democrat,Democrat,False
A000377,B001298,5,0.4096980769187212,Republican,Republican,False
K000382,P000197,3,0.22817809072633585,Democrat,Democrat,False
B001281,L000287,10,0.4045230307616293,Democrat,Democrat,False
M001200,D000482,3,0.030385637655854225,Democrat,Democrat,False
C001072,P000197,9,0.130302044045594,Democrat,Democrat,False
L000576,K000395,8,0.6056957840919495,Republican,Republican,False
M001137,W000802,3,0.348381573955218,Democrat,Democrat,False
M001137,K000391,3,0.1583447034160296,Democrat,Democrat,False
B001270,W000808,3,0.3003548708123465,Democrat,Democrat,False
T000461,V000128,5,0.2819299202412367,Republican,Democrat,True
J000298,K000389,27,0.44680529474108305,Democrat,Democrat,False
M001200,W000825,5,0.5263236403465271,Democrat,Democrat,False
C001067,M000087,6,0.5644803121685982,Democrat,Democrat,False
S001205,K000379,26,0.6358022136398807,Democrat,Democrat,False
S001215,F000454,3,0.02331707999110222,Democrat,Democrat,False
B001275,M000355,5,0.49788840264081957,Republican,Republican,False
T000483,B001292,3,0.09068901743739843,Democrat,Democrat,False
H001042,B001303,12,0.6693836084256569,Democrat,Democrat,False
F000468,B001296,6,0.8659300406773885,Democrat,Democrat,False
B001288,M001176,3,0.7532954315344492,Democrat,Democrat,False
F000474,C001061,4,0.044919891050085425,Republican,Democrat,True
T000193,J000294,7,0.38765899810407844,Democrat,Democrat,False
S001194,M001176,3,0.19239036242167154,Democrat,Democrat,False
H001042,W000817,3,0.7779879172643026,Democrat,Democrat,False
M001229,K000400,4,0.8034917563199997,Democrat,Democrat,False
B001281,B001313,8,0.38478854356799275,Democrat,Democrat,False
K000009,M000312,3,0.7990067005157471,Democrat,Democrat,False
K000367,W000790,3,0.40403885891040164,Democrat,Democrat,False
L000570,K000384,3,0.5741593210647503,Democrat,Democrat,False
B001261,B001319,4,0.655418018810451,Republican,Republican,False
C001118,T000478,3,0.5440187181035677,Republican,Republican,False
D000399,V000128,5,0.5727262634783983,Democrat,Democrat,False
M000133,U000039,10,0.5635526560246944,Democrat,Democrat,False
P000617,J000298,13,0.3367875795095013,Democrat,Democrat,False
R000575,B001274,3,0.15317663053671518,Republican,Republican,False
M000312,T000472,4,0.6300238221883774,Democrat,Democrat,False
G000586,M000133,3,0.09678833931684494,Democrat,Democrat,False
R000606,W000797,5,0.13914880603551866,Democrat,Democrat,False
N000015,T000482,3,0.05769853635380665,Democrat,Democrat,False
E000296,K000391,7,0.4114379645990474,Democrat,Democrat,False
S000148,M001176,23,0.4409549980140898,Democrat,Democrat,False
S001184,L000575,13,0.25597711466252804,Republican,Republican,False
S001206,W000808,5,0.08385777715593576,Democrat,Democrat,False
M000087,E000297,6,0.23874664741257826,Democrat,Democrat,False
B001300,R000515,4,0.43991704657673836,Democrat,Democrat,False
B001310,C001096,6,0.3716351917634408,Republican,Republican,False
T000250,B001236,6,0.36519817806159455,Republican,Republican,False
O000172,S000148,3,0.18107027125855288,Democrat,Democrat,False
N000015,C001101,3,0.13131566904485226,Democrat,Democrat,False
M000133,V000128,10,0.4022563284263015,Democrat,Democrat,False
G000377,S001176,7,0.3896702408258404,Republican,Republican,False
H001080,W000817,8,0.4627977292984724,Democrat,Democrat,False
K000379,J000298,9,0.5543158019168509,Democrat,Democrat,False
D000096,R000515,18,0.3369321950400869,Democrat,Democrat,False
B001281,C001061,8,0.449169555446133,Democrat,Democrat,False
W000822,C001068,3,0.29174946745236713,Democrat,Democrat,False
S000770,C001070,3,0.24127740102509657,Democrat,Democrat,False
M001137,C001061,3,0.5348653793334961,Democrat,Democrat,False
D000096,C001061,6,0.43443281948566437,Democrat,Democrat,False
B001285,B001286,3,0.42760640134414035,Democrat,Democrat,False
B001230,M001169,12,0.39594838318104547,Democrat,Democrat,False
S000033,H001075,9,0.35183495055470204,Independent,Democrat,False
M000639,B001267,3,0.6727373177806536,Democrat,Democrat,False
R000515,C001067,4,0.02677379851229489,Democrat,Democrat,False
C001066,S001200,10,0.3033771047368646,Democrat,Democrat,False
J000298,C001110,3,0.34407555994888145,Democrat,Democrat,False
R000606,L000592,3,0.341143640379111,Democrat,Democrat,False
J000301,T000250,11,0.10930030657486482,Republican,Republican,False
M001176,B001288,7,0.2955968244267361,Democrat,Democrat,False
M000133,S001181,7,0.3823109120130539,Democrat,Democrat,False
D000615,T000480,4,0.2569401543587446,Republican,Republican,False
H001064,S001150,9,0.5908507936530643,Democrat,Democrat,False
G000587,M001208,3,0.0526990657672286,Democrat,Democrat,False
B001298,L000585,5,0.20099370405077935,Republican,Republican,False
P000523,S001175,3,0.7035594781239828,Democrat,Democrat,False
T000474,R000599,3,0.6950885454813639,Democrat,Democrat,False
G000585,G000599,4,0.6193950101733208,Democrat,Democrat,False
O000173,V000128,4,0.8360903561115265,Democrat,Democrat,False
M001229,J000298,4,0.9378228485584259,Democrat,Democrat,False
B001303,S001181,3,0.39519601749877137,Democrat,Democrat,False
S001205,F000479,5,0.2411889795213938,Democrat,Democrat,False
W000802,W000805,21,0.7772276713734582,Democrat,Democrat,False
S001193,B001281,3,0.21125897206366062,Democrat,Democrat,False
S001230,J000294,3,0.8462172150611877,Democrat,Democrat,False
E000299,G000574,3,0.9381136695543925,Democrat,Democrat,False
K000009,B000944,6,0.35086198647816974,Democrat,Democrat,False
C000174,W000802,7,0.18297084128218039,Democrat,Democrat,False
M001205,M001195,7,0.15271635207214526,Republican,Republican,False
J000301,G000559,5,0.0645942535251379,Republican,Democrat,True
F000246,V000134,5,0.5010461956262589,Republican,Republican,False
D000615,B001305,3,0.5701769255101681,Republican,Republican,False
P000145,C001097,3,0.009670156830300888,Democrat,Democrat,False
B001281,R000515,5,0.3696267383173108,Democrat,Democrat,False
C001097,P000034,4,0.46085942536592484,Democrat,Democrat,False
C001110,G000586,15,0.1360345283523202,Democrat,Democrat,False
H001082,F000246,7,0.60223431459495,Republican,Republican,False
B001282,H001058,5,0.41659559663385154,Republican,Republican,False
C001070,P000145,3,0.02986519845823447,Democrat,Democrat,False
W000795,K000375,4,0.43128614593297243,Republican,Democrat,True
E000297,G000586,8,0.2509191962890327,Democrat,Democrat,False
J000299,S001196,6,0.8941021462281545,Republican,Republican,False
G000590,F000459,3,0.07188008539378643,Republican,Republican,False
H001053,J000299,6,0.4063633009791374,Republican,Republican,False
S001215,H000874,3,0.019323093816637993,Democrat,Democrat,False
G000552,G000565,3,0.22488961617151895,Republican,Republican,False
N000026,D000032,4,0.43477835855446756,Republican,Republican,False
J000299,C001104,3,0.6414968967437744,Republican,Republican,False
W000437,S001181,9,0.20076623590042195,Republican,Democrat,True
S001175,E000299,4,0.10709091683384031,Democrat,Democrat,False
L000592,L000579,4,0.14997995272278786,Democrat,Democrat,False
F000470,S001196,3,0.569737896323204,Republican,Republican,False
C001104,S001196,11,0.8450352170250632,Republican,Republican,False
R000575,G000579,3,0.378963145116965,Republican,Republican,False
L000592,S001145,5,0.15925888177007436,Democrat,Democrat,False
B001286,W000797,3,0.3557067696625988,Democrat,Democrat,False
G000591,C001039,3,0.28297434747219086,Republican,Republican,False
B001286,Q000023,5,0.29057915806770324,Democrat,Democrat,False
B001223,M000133,4,0.26323628053069115,Democrat,Democrat,False
R000608,S000148,6,0.6560196268061796,Democrat,Democrat,False
R000614,C001118,3,0.8974859118461609,Republican,Republican,False
H000273,C001121,13,0.8750490263964121,Democrat,Democrat,False
L000560,D000191,7,0.31748127564787865,Democrat,Democrat,False
M001200,M001227,3,0.017833469435572624,Democrat,Democrat,False
C000141,V000128,18,0.3036466194316745,Democrat,Democrat,False
S001203,H001046,6,0.6757205277681351,Democrat,Democrat,False
D000626,L000577,7,0.349588360105242,Republican,Republican,False
G000603,F000484,5,0.22839287016540766,Republican,Republican,False
S001203,H000273,3,0.8354747494061788,Democrat,Democrat,False
A000381,G000606,4,0.5223156036809087,Democrat,Democrat,False
B001292,W000805,20,0.6651862319558859,Democrat,Democrat,False
L000596,G000603,4,0.537186749279499,Republican,Republican,False
A000381,S001211,17,0.5376221458701527,Democrat,Democrat,False
B001243,B001309,10,0.21307043619453908,Republican,Republican,False
W000817,C001113,6,0.6681205530961355,Democrat,Democrat,False
H001042,S001203,4,0.6260952576994896,Democrat,Democrat,False
S001176,S001212,3,0.586897948756814,Republican,Republican,False
M000194,L000577,10,0.5504114534705877,Republican,Republican,False
B001257,B001243,3,0.3833778649568558,Republican,Republican,False
P000607,J000294,6,0.5193499755114317,Democrat,Democrat,False
B001311,S001196,5,0.734103487432003,Republican,Republican,False
R000614,P000605,6,0.38458448958893615,Republican,Republican,False
B001299,F000246,3,0.5401132603486379,Republican,Republican,False
J000298,W000788,5,0.41296441946178675,Democrat,Democrat,False
W000822,B001296,3,0.5701621330032746,Democrat,Democrat,False
G000586,J000294,5,0.45971418675035236,Democrat,Democrat,False
H001058,E000294,21,0.553271006748435,Republican,Republican,False
P000607,H001068,5,0.28190336003899574,Democrat,Democrat,False
B001277,M000934,9,0.23752997567256293,Democrat,Republican,True
L000586,C001066,3,0.03897055114308993,Democrat,Democrat,False
W000797,H000874,4,0.08225291082635522,Democrat,Democrat,False
O000172,L000551,3,0.23186616195986667,Democrat,Democrat,False
T000486,M000087,3,0.5878318424026171,Democrat,Democrat,False
C001097,S001145,7,0.10777865603033986,Democrat,Democrat,False
M001211,C001095,6,0.8284557660420736,Republican,Republican,False
B000740,N000190,3,0.6195440161973238,Republican,Republican,False
W000815,M001159,4,0.36248825024813414,Republican,Republican,False
W000809,S001196,3,0.9424295624097189,Republican,Republican,False
J000299,M001204,16,0.5520014862995595,Republican,Republican,False
L000557,C001117,3,0.5959664881229401,Democrat,Democrat,False
E000296,M000087,3,0.28625434388717014,Democrat,Democrat,False
W000815,B000755,11,0.36571883113885467,Republican,Republican,False
C001075,B001261,3,0.6894417852163315,Republican,Republican,False
M001176,S001181,7,0.5857478875134673,Democrat,Democrat,False
K000395,J000299,4,0.6680156365036964,Republican,Republican,False
R000614,D000626,7,0.42219898477196693,Republican,Republican,False
C000141,S001181,4,0.2608165289275348,Democrat,Democrat,False
D000191,D000624,3,0.038235525911053024,Democrat,Democrat,False
C001091,D000399,4,0.6979352831840515,Democrat,Democrat,False
C001098,S001176,3,0.6605105747779211,Republican,Republican,False
C001091,S001211,4,0.26732968585565686,Democrat,Democrat,False
P000607,V000128,6,0.5751855398217837,Democrat,Democrat,False
C001098,H001091,3,0.0460289241746068,Republican,Republican,False
C001056,C001095,8,0.4840952306985855,Republican,Republican,False
V000131,F000468,3,0.3574165139968197,Democrat,Democrat,False
B001292,D000617,3,0.6896996001402537,Democrat,Democrat,False
S001190,P000197,6,0.19925788588201007,Democrat,Democrat,False
F000246,M001136,6,0.40716330086191493,Republican,Republican,False
F000484,O000175,4,0.5580730405636132,Republican,Republican,False
W000817,M001111,12,0.47976010184114176,Democrat,Democrat,False
M001202,S000168,3,0.026546232402324677,Democrat,Republican,True
R000103,H001086,3,0.44353485107421875,Republican,Republican,False
M001215,E000294,3,0.29336481634527445,Republican,Republican,False
P000048,S001215,4,0.14135275688022375,Republican,Democrat,True
E000296,C001121,3,0.08312132302671671,Democrat,Democrat,False
B001300,D000216,3,0.37341065642734367,Democrat,Democrat,False
C001097,W000808,3,0.34991226842006046,Democrat,Democrat,False
C001097,M001135,3,0.7175835569699606,Democrat,Democrat,False
C001080,C001101,4,0.16499560652300715,Democrat,Democrat,False
M000312,G000559,5,0.45181731022894384,Democrat,Democrat,False
C001097,J000288,3,0.6211791361371676,Democrat,Democrat,False
R000591,Y000063,3,0.027079931149880093,Republican,Republican,False
B000755,I000056,17,0.3138226849191329,Republican,Republican,False
M001183,K000360,8,0.1723585994914174,Democrat,Republican,True
M001160,K000188,6,0.5660624341107905,Democrat,Democrat,False
L000560,M001111,31,0.17406817306313785,Democrat,Democrat,False
W000809,C001087,4,0.019686645828187466,Republican,Republican,False
L000263,S001156,5,0.42895280849188566,Democrat,Democrat,False
L000554,P000034,4,0.34275369346141815,Republican,Democrat,True
L000174,M000639,4,0.7481120005249977,Democrat,Democrat,False
H001064,P000608,4,0.024346148828044534,Democrat,Democrat,False
C001090,C001097,5,0.04953850414603948,Democrat,Democrat,False
G000559,C001036,3,0.024555035556356113,Democrat,Democrat,False
M001212,S001214,3,0.3358607217669487,Republican,Republican,False
S001155,U000031,6,0.1467681461945176,Republican,Republican,False
T000468,D000191,3,0.07503892729679744,Democrat,Democrat,False
C001038,V000128,4,0.499553628731519,Democrat,Democrat,False
Y000064,C000542,6,0.265105322158585,Republican,Republican,False
L000263,R000122,4,0.11244375724345446,Democrat,Democrat,False
D000563,K000360,8,0.12679393670987338,Democrat,Republican,True
H001065,G000289,3,0.26084282745917636,Republican,Republican,False
C001063,O000170,4,0.033514348324388266,Democrat,Democrat,False
H000338,C001071,3,0.22980186715722084,Republican,Republican,False
S000364,K000378,15,0.26538700169573226,Republican,Republican,False
W000817,R000146,3,0.1401567825426658,Democrat,Democrat,False
B001257,P000591,4,0.16303174197673798,Republican,Republican,False
H001058,I000056,6,0.275387115466098,Republican,Republican,False
R000575,P000591,6,0.3649705412487189,Republican,Republican,False
R000146,L000174,5,0.2341797871515155,Democrat,Democrat,False
S001205,G000585,3,0.2522078814605872,Democrat,Democrat,False
B001281,M000087,5,0.0917263686656952,Democrat,Democrat,False
E000290,S000033,5,0.3594396378844976,Democrat,Independent,False
C000714,L000263,3,0.3355359161893527,Democrat,Democrat,False
K000379,S001193,8,0.08659006177913398,Democrat,Democrat,False
J000126,H000636,3,0.08011710892120998,Democrat,Democrat,False
U000031,R000572,5,0.12052609417587519,Republican,Republican,False
D000610,M000639,4,0.24658761732280254,Democrat,Democrat,False
T000460,H001066,3,0.3000899516046047,Democrat,Democrat,False
P000197,K000381,5,0.04254071898758412,Democrat,Democrat,False
H001072,S001176,5,0.058016992174088955,Republican,Republican,False
P000593,T000472,4,0.04479120881296694,Democrat,Democrat,False
D000627,L000287,14,0.38060253180031267,Democrat,Democrat,False
G000559,M001169,3,0.7087051868438721,Democrat,Democrat,False
B001285,M001135,3,0.41909983443717164,Democrat,Democrat,False
R000577,B001313,4,0.15670576388947666,Democrat,Democrat,False
R000486,G000586,4,0.04304649471305311,Democrat,Democrat,False
B000944,W000779,6,0.49973830332358676,Democrat,Democrat,False
C001066,P000593,3,0.40718798091014224,Democrat,Democrat,False
E000296,C001088,5,0.42168647460639475,Democrat,Democrat,False
B001278,M001163,3,0.47522465822597343,Democrat,Democrat,False
G000551,T000469,3,0.242333073168993,Democrat,Democrat,False
S001192,R000615,3,0.31062326083580655,Republican,Republican,False
W000797,R000606,3,0.32312146108597517,Democrat,Democrat,False
B001278,B001286,3,0.6573156863451004,Democrat,Democrat,False
G000587,C001101,5,0.31137796565890313,Democrat,Democrat,False
C001097,B001286,4,0.19026433490216732,Democrat,Democrat,False
G000546,H001058,6,0.4601057702675462,Republican,Republican,False
H001068,P000598,5,0.06746876165270806,Democrat,Democrat,False
G000560,C001093,3,0.29551736762126285,Republican,Republican,False
P000604,P000034,6,0.1735680871643126,Democrat,Democrat,False
K000382,P000597,4,0.27345128264278173,Democrat,Democrat,False
G000546,B000755,5,0.40496047735214236,Republican,Republican,False
A000360,E000285,3,0.27031062295039493,Republican,Republican,False
M001158,J000290,3,0.1887904368340969,Republican,Republican,False
W000813,B000755,4,0.6963790357112885,Republican,Republican,False
B000755,F000458,4,0.5056597357615829,Republican,Republican,False
S000364,M001156,6,0.23976784199476242,Republican,Republican,False
B000755,W000814,3,0.09115900161365668,Republican,Republican,False
C000984,V000128,3,0.2650790394594272,Democrat,Democrat,False
D000612,V000129,3,0.11446172402550776,Republican,Republican,False
E000293,B001277,13,0.163366678600701,Democrat,Democrat,False
J000292,W000815,4,0.18979693145956844,Republican,Republican,False
K000375,W000817,3,0.4188147435585658,Democrat,Democrat,False
L000580,H001046,9,0.22444956232276228,Democrat,Democrat,False
M001187,H001067,7,0.5874802742951682,Republican,Republican,False
M001179,G000289,5,0.24827409759163857,Republican,Republican,False
B001305,A000370,4,0.0167092380579561,Republican,Democrat,True
M000087,L000582,3,0.33249279111623764,Democrat,Democrat,False
S001168,K000367,4,0.44176814053207636,Democrat,Democrat,False
G000585,S001200,3,0.016612778495376308,Democrat,Democrat,False
M001176,O000174,3,0.35283169026176137,Democrat,Democrat,False
W000817,C001080,3,0.27878345735371113,Democrat,Democrat,False
M000312,J000126,3,0.21914102664838234,Democrat,Democrat,False
H001068,C001117,9,0.5051793377432559,Democrat,Democrat,False
W000817,S000033,6,0.4178077997639775,Democrat,Independent,False
H001068,D000197,3,0.4191308369239171,Democrat,Democrat,False
C001096,C000880,3,0.23597532200316587,Republican,Republican,False
C001066,L000581,5,0.41665287092328074,Democrat,Democrat,False
G000574,L000582,9,0.4117455776366923,Democrat,Democrat,False
P000617,C001091,3,0.3461256253843506,Democrat,Democrat,False
T000461,S001181,4,0.22998694144189358,Republican,Democrat,True
E000215,I000056,3,0.08036985869208972,Democrat,Republican,True
L000581,S001150,4,0.594814145937562,Democrat,Democrat,False
J000298,H001075,10,0.2841171221807599,Democrat,Democrat,False
L000581,R000486,4,0.589814749546349,Democrat,Democrat,False
M000312,M001196,6,0.40598940368120867,Democrat,Democrat,False
H001064,D000197,3,0.5325503846009573,Democrat,Democrat,False
C001097,S001205,5,0.3334444761276245,Democrat,Democrat,False
W000812,M001156,3,0.08198756724596024,Republican,Republican,False
G000574,M001169,4,0.9098828285932541,Democrat,Democrat,False
C001097,C001112,6,0.3027850325840215,Democrat,Democrat,False
R000601,C001098,6,0.1495654545724392,Republican,Republican,False
C001101,J000298,3,0.18211911246180534,Democrat,Democrat,False
G000559,L000582,3,0.05164601777990659,Democrat,Democrat,False
R000486,J000298,5,0.28861270323395727,Democrat,Democrat,False
L000581,F000462,14,0.42495300540966646,Democrat,Democrat,False
B001278,S001145,6,0.44530270497004193,Democrat,Democrat,False
C001038,G000574,4,0.4715079087764025,Democrat,Democrat,False
M000355,B001261,6,0.2124753442282478,Republican,Republican,False
C001038,J000294,4,0.5020044581033289,Democrat,Democrat,False
L000397,L000582,3,0.6949714571237564,Democrat,Democrat,False
E000179,G000559,3,0.394793455178539,Democrat,Democrat,False
Y000062,P000598,3,0.44618038088083267,Democrat,Democrat,False
L000580,L000263,3,0.34610750277837116,Democrat,Democrat,False
C001038,H001068,3,0.29576749727129936,Democrat,Democrat,False
H001069,K000367,3,0.07708052918314934,Democrat,Democrat,False
R000577,L000287,4,0.35453672148287296,Democrat,Democrat,False
C001066,K000380,6,0.4576445060471694,Democrat,Democrat,False
S000248,C001038,4,0.7903977110981941,Democrat,Democrat,False
H000324,W000797,3,0.3876063656061888,Democrat,Democrat,False
M001184,C000714,3,0.4928282822171847,Republican,Democrat,True
L000580,S001185,6,0.4278678074479103,Democrat,Democrat,False
L000174,H001069,4,0.3336389856413007,Democrat,Democrat,False
L000570,I000057,6,0.4472420886158943,Democrat,Democrat,False
C000714,B001281,4,0.2016973216086626,Democrat,Democrat,False
R000515,S001194,3,0.6126111348470052,Democrat,Democrat,False
K000380,L000581,5,0.11325933411717415,Democrat,Democrat,False
C001038,T000460,7,0.7498536322798047,Democrat,Democrat,False
C000714,S001185,3,0.5186318953831991,Democrat,Democrat,False
A000371,E000293,3,0.29479561032106477,Democrat,Democrat,False
D000627,C001121,7,0.48823453911713194,Democrat,Democrat,False
G000586,M001160,7,0.37104982590036734,Democrat,Democrat,False
H001082,W000809,3,0.05343020334839821,Republican,Republican,False
S001212,N000189,7,0.36134545372000765,Republican,Republican,False
D000610,S001168,4,0.3174469117075205,Democrat,Democrat,False
G000565,E000294,7,0.041939103709799905,Republican,Republican,False
E000179,M000312,3,0.9219860633214315,Democrat,Democrat,False
S001206,S001205,4,0.4530680417083204,Democrat,Democrat,False
S001206,B001286,3,0.3386969317992528,Democrat,Democrat,False
D000096,K000391,3,0.09393585038681825,Democrat,Democrat,False
G000563,W000815,5,0.3365658104419708,Republican,Republican,False
S001185,L000551,8,0.13742314954288304,Democrat,Democrat,False
J000294,M001188,3,0.1343044520666202,Democrat,Democrat,False
N000002,Q000023,3,0.6711165606975555,Democrat,Democrat,False
J000126,W000799,3,0.03026273815582196,Democrat,Democrat,False
G000558,M000355,4,0.07286651246249676,Republican,Republican,False
V000130,I000057,3,0.3246135221173366,Democrat,Democrat,False
P000604,J000288,3,0.044297438114881516,Democrat,Democrat,False
R000602,C001038,5,0.7064741909503937,Democrat,Democrat,False
R000602,K000379,3,0.3315717913210392,Democrat,Democrat,False
G000552,P000591,4,0.3657357394695282,Republican,Republican,False
B001275,M001156,4,0.060125792399048805,Republican,Republican,False
G000563,B001275,5,0.03145475387573242,Republican,Republican,False
B001293,I000056,3,0.35260117923219997,Republican,Republican,False
W000797,N000032,3,0.3438795196513335,Democrat,Democrat,False
C001066,K000382,3,0.6810556252797445,Democrat,Democrat,False
C001113,N000032,3,0.7603760162989298,Democrat,Democrat,False
C001068,L000582,5,0.4471447765827179,Democrat,Democrat,False
T000476,L000575,16,0.4170719359535724,Republican,Republican,False
G000535,C001038,6,0.17295865636939803,Democrat,Democrat,False
N000002,E000179,4,0.8091634660959244,Democrat,Democrat,False
Y000063,S001176,10,0.49884506650269034,Republican,Republican,False
T000476,G000386,4,0.4734392911195755,Republican,Republican,False
L000174,M001169,5,0.36493552625179293,Democrat,Democrat,False
G000574,S000148,4,0.8762911409139633,Democrat,Democrat,False
T000476,H000338,3,0.14552140732606253,Republican,Republican,False
D000624,J000298,3,0.29610563442111015,Democrat,Democrat,False
C001113,M001176,5,0.5533786103129387,Democrat,Democrat,False
D000614,G000560,3,0.018158174119889736,Republican,Republican,False
M000355,M000303,3,0.338387639572223,Republican,Republican,False
E000296,C001061,4,0.24151795683428645,Democrat,Democrat,False
K000385,S001193,5,0.27773005310446025,Democrat,Democrat,False
L000577,C001095,4,0.5699133384041488,Republican,Republican,False
S000148,R000122,4,0.5923802740871906,Democrat,Democrat,False
C001117,W000822,3,0.33018715990086395,Democrat,Democrat,False
C001068,L000551,4,0.6267792927101254,Democrat,Democrat,False
T000469,D000216,3,0.05571394041180611,Democrat,Democrat,False
M000312,J000305,3,0.8424897193908691,Democrat,Democrat,False
C001115,P000599,3,0.24348395069440207,Republican,Republican,False
E000296,D000096,4,0.26437325961887836,Democrat,Democrat,False
S001185,J000032,4,0.2531283642165363,Democrat,Democrat,False
E000293,K000380,3,0.41208422121902305,Democrat,Democrat,False
M000303,M000355,5,0.16270060054957866,Republican,Republican,False
L000557,P000608,3,0.02630527876317501,Democrat,Democrat,False
M000087,L000551,3,0.6346795608599981,Democrat,Democrat,False
F000062,S000148,3,0.4110847885409991,Democrat,Democrat,False
C000266,P000449,3,0.025422401415805023,Republican,Republican,False
C001101,S001193,3,0.5960431722924113,Democrat,Democrat,False
B001291,B001290,4,0.19244657503440976,Republican,Republican,False
M001137,L000287,6,0.20574229241659245,Democrat,Democrat,False
T000460,B001292,4,0.4184137019328773,Democrat,Democrat,False
G000535,L000580,4,0.4391824221238494,Democrat,Democrat,False
K000385,G000586,3,0.4248047589013974,Democrat,Democrat,False
S001145,P000617,4,0.17870568204671144,Democrat,Democrat,False
S000148,N000032,3,0.17369594673315683,Democrat,Democrat,False
D000563,M000303,4,0.4413083028048277,Democrat,Republican,True
C001101,N000015,3,0.5048987480501334,Democrat,Democrat,False
L000174,L000582,3,0.6820704738299052,Democrat,Democrat,False
T000478,M001159,3,0.029809579253196716,Republican,Republican,False
S001199,G000582,6,0.04088994860649109,Republican,Republican,False
