wk,n,anger,share_angry,anger_dem,anger_rep,n_dem,n_rep,disgust,fear,sadness,joy,baseline,excess,spike_score,dem_excess,rep_excess
2011-01-03,571,0.16142516341321367,0.11733800350262696,0.21306178462292466,0.13778313066985906,175.0,382.0,0.17318809670012855,0.08596708194308648,0.14570702246150521,0.45484949908041494,0.1712413388090715,-0.009816175395857829,-0.2414370980691904,0.0,-0.029908740629167013
2011-01-17,780,0.2151246310259478,0.1782051282051282,0.25527130571892487,0.20538843389711067,200.0,556.0,0.2270726229935789,0.0748642458467004,0.1061345004542277,0.396417413567766,0.17778818126030022,0.037336449765647595,0.8875192790514217,0.04189558530721202,0.03678364247075641
2011-01-24,970,0.13391513877317848,0.09072164948453608,0.1388441755394028,0.134575034980937,352.0,593.0,0.14287831914735977,0.062065611667355004,0.07744613395975039,0.4917431988806185,0.18433502371152893,-0.05041988493835045,-1.1598627089159377,-0.07484548066109825,-0.03494267657274541
2011-01-31,937,0.1712413388090715,0.13553895410885805,0.16576494313000392,0.16951771155368242,360.0,556.0,0.17869800369661767,0.0904127319326988,0.08725451337861388,0.48306923720532413,0.19707048849804615,-0.02582914968897465,-0.5638077441606164,-0.04953920546814325,-0.009133228583921432
2011-02-07,907,0.18433502371152893,0.1466372657111356,0.21368965620050104,0.16769187129902607,343.0,553.0,0.19246586223975926,0.09042700690519201,0.084790514016066,0.4558350307216956,0.18433502371152893,0.0,0.0,0.0,-0.004111867311583722
2011-02-14,1202,0.2763292295335267,0.24875207986688852,0.29840141277841065,0.2670632624993648,438.0,739.0,0.2866411149147712,0.08644011543157934,0.13257846710025745,0.3605127530710961,0.19351419511046408,0.0828150344230626,1.8507822423621068,0.08309726418026347,0.0904232444281205
2011-02-21,768,0.15785698059880815,0.11848958333333333,0.18724520218880217,0.13757141749133542,278.0,483.0,0.1665807183138289,0.08522398081671174,0.08318479259348048,0.5082640338987403,0.2026933665093992,-0.04483638591059105,-1.0106768116375704,-0.02967343880699111,-0.04390488004054338
2011-02-28,1175,0.210615501223885,0.1804255319148936,0.21691864099579328,0.21070652020301328,429.0,718.0,0.21874073293931942,0.09734608737791473,0.1028360948200397,0.4049175408930379,0.2098059532845634,0.0008095479393216143,0.01838190123812147,-0.008381666077287686,0.022922351481488024
2011-03-07,1363,0.2208990302635186,0.18708730741012472,0.2324384506676138,0.19988553342754878,644.0,674.0,0.23414470757967953,0.10215142290623788,0.14283069862484638,0.37386012310777145,0.2026933665093992,0.01820566375411939,0.41797034156961943,0.015519809671820511,0.01840923589566998
2011-03-14,1229,0.2098059532845634,0.1822620016273393,0.22530030707308096,0.18778416872152526,517.0,684.0,0.21655155805169177,0.08759892932870604,0.10364047749433287,0.4110436656128121,0.2026933665093992,0.007112586775164187,0.1653845592595851,0.008381666077287686,0.006307871189646458
2011-03-21,1255,0.15735239077366858,0.1250996015936255,0.13160312108929828,0.1718037386106098,469.0,748.0,0.1770423329765519,0.07859419035239226,0.11299034524968718,0.4900664463494552,0.2026933665093992,-0.04534097573573062,-1.0696731743339667,-0.085315519906495,-0.009672558921269003
2011-03-28,1416,0.2026933665093992,0.16807909604519775,0.22835076597654716,0.1814762975318788,543.0,848.0,0.21354737879950447,0.08432102774198846,0.09582439826842197,0.40608799370797616,0.2026933665093992,0.0,0.0,0.0030504589034661966,0.0
2011-04-04,1810,0.3037931446387376,0.2740331491712707,0.39183505611317987,0.25307673124588237,666.0,1130.0,0.31004293080475903,0.0947559536092539,0.13735989743833385,0.31707466634592424,0.19129438982309244,0.11249875481564514,2.708403634867821,0.1749164151173866,0.08127299263527257
2011-04-11,1495,0.24988238542001184,0.2193979933110368,0.3006550332098465,0.20764207087936784,639.0,835.0,0.2593112588096971,0.07520561161152022,0.11970716134604553,0.3773456590480629,0.2026933665093992,0.04718901891061264,1.1471050777549705,0.07535472613676553,0.02616577334748904
2011-04-18,789,0.14949120884862727,0.10899873257287707,0.17668934792520538,0.1226888863066694,310.0,467.0,0.16600696791579572,0.08184009802932597,0.09116808096293941,0.5159922139111232,0.1932771799069914,-0.043785971058364126,-1.0709931145435465,-0.04861095914787558,-0.058787411225209404
2011-04-25,907,0.12940045559928726,0.08489525909592062,0.13568113310835683,0.12067509370785381,338.0,554.0,0.1450170163530343,0.10210926163440535,0.10560978096709592,0.4722016763446243,0.19129438982309244,-0.06189393422380518,-1.5315102016816842,-0.06326274794959738,-0.05112864490275598
2011-05-02,1569,0.1685150825871728,0.1268323773103888,0.19187880636646895,0.15105837013491746,681.0,877.0,0.1779125775605288,0.12614599622814537,0.10446340475709832,0.44331374853627414,0.1815606128985382,-0.013045530311365405,-0.3267116338668604,-0.0070650746914852625,-0.01257089400805253
2011-05-09,1426,0.19129438982309244,0.15778401122019636,0.25269028265717564,0.14993481981003465,575.0,838.0,0.2001129136192854,0.08499138704324755,0.0835859282667191,0.4251269943803826,0.1815606128985382,0.009733776924554238,0.2467237066521649,0.05374640159922142,-0.013694444332935346
2011-05-16,1637,0.15403953681557134,0.12156383628588882,0.1989438810579542,0.13266192543905253,471.0,1156.0,0.1660563989568595,0.07233067518828361,0.08860101646083199,0.5168205447055209,0.1815606128985382,-0.02752107608296686,-0.6868042033249598,0.005177248183779154,-0.030967338703917463
2011-05-23,1592,0.20462736610706952,0.1777638190954774,0.2316215425171954,0.19118296142771424,561.0,1004.0,0.20480559938107548,0.0807779351879384,0.10137058329509908,0.44617674288535303,0.1815606128985382,0.023066753208531326,0.5822050859321527,0.03974273615072646,0.027553697284744244
2011-05-30,1210,0.1932771799069914,0.15619834710743802,0.19376663287417506,0.19364421137077087,403.0,778.0,0.21011655848542582,0.08961291563127591,0.11954652155472412,0.42224891554248667,0.1815606128985382,0.011716567008453194,0.29872822776347974,0.0018878265077061085,0.030014947227800876
2011-06-06,1072,0.14504098631710913,0.10541044776119403,0.16480826731071452,0.13301671835696424,362.0,663.0,0.16329496273025523,0.09189148892261047,0.10689836873546062,0.4890956371790667,0.18452409663149855,-0.03948311031438942,-1.0152351185886335,-0.028958365563460542,-0.036906496871439626
2011-06-13,1451,0.1815606128985382,0.13921433494141972,0.21213175929502917,0.16362926414297,530.0,861.0,0.19471788188689057,0.08224670092869218,0.10821160275474971,0.44037756000803996,0.19129438982309244,-0.009733776924554238,-0.2515144123389645,0.013187878237074957,-0.025235679600136007
2011-06-20,1588,0.17362472560709477,0.13035264483627204,0.1661041740221765,0.16992321522840387,622.0,818.0,0.18994650765913315,0.10047042525639659,0.1184916119437233,0.4091047006698797,0.1932771799069914,-0.01965245429989662,-0.5070386620551197,-0.03756854303992324,-0.02125974619931037
2011-06-27,1252,0.18452409663149855,0.152555910543131,0.18317988308743366,0.188864943743106,515.0,621.0,0.20023118770315337,0.10076685123385105,0.11660981409552212,0.433299522465333,0.1932771799069914,-0.008753083275492846,-0.21316341965332816,-0.015763997970520555,-0.004779267627664868
2011-07-04,1376,0.22318494019807902,0.19113372093023256,0.1852126967679789,0.2372711250793966,419.0,882.0,0.2476932040691852,0.09940270451574348,0.15007208222029245,0.3973209951722691,0.1932771799069914,0.02990776029108763,0.7333377803958051,-0.008553936106196147,0.04362691370862573
2011-07-11,1519,0.25353880578387156,0.23173140223831468,0.24895515441624091,0.2547062236683232,551.0,907.0,0.2663250334727639,0.09919215864124828,0.1294147269490682,0.3692597241943777,0.18452409663149855,0.06901470915237301,1.6801959553517265,0.063742457648262,0.061062012297552315
2011-07-18,1825,0.2554542000443764,0.21808219178082192,0.26379621691267124,0.25513514721213015,611.0,1145.0,0.2682203908254431,0.0871197703927245,0.1364646555442516,0.345064589914751,0.1815606128985382,0.07389358714583821,1.7327346734075113,0.08061633382523758,0.06627020346902415
2011-07-25,2131,0.27551222695601496,0.2383857343969967,0.31256806010798105,0.26138840893370885,709.0,1364.0,0.2859021909620153,0.09284016246324407,0.13359346003295677,0.3100898258197058,0.1815606128985382,0.09395161405747676,2.1984652042059696,0.1293881770205474,0.06609920137726433
2011-08-01,1507,0.21638831381322032,0.17584605175846052,0.20367271706209975,0.2231822719639609,451.0,991.0,0.23466993111489165,0.08862336126651167,0.1480787307331147,0.3845935322980223,0.17773499294929626,0.03865332086392406,0.9152580184818621,0.034505233050453527,0.027351319426735687
2011-08-08,901,0.1736975025766003,0.14317425083240842,0.1365560026983429,0.1958309525372252,278.0,581.0,0.1821041966583807,0.07307403280940342,0.11235162418813224,0.47860529891873704,0.18452409663149855,-0.010826594054898248,-0.25794734975946754,-0.046623880389090766,-0.012112281277105147
2011-08-15,817,0.1544279209930892,0.12239902080783353,0.12428714970281969,0.1768496551152334,300.0,486.0,0.16358608094293675,0.07526926233489044,0.0775468840538507,0.5071772794014657,0.17773499294929626,-0.02330707195620707,-0.5429368869289424,-0.04488033430882653,-0.031093578699096958
2011-08-22,1044,0.1516547255731862,0.12452107279693486,0.16916748401164622,0.1410920844440732,462.0,544.0,0.16994063715429056,0.1279806765657225,0.11480822913095326,0.44951717474166003,0.17773499294929626,-0.02608026737611005,-0.6059476836776007,0.0,-0.06685114937025716
2011-08-29,999,0.16001271563269817,0.12912912912912913,0.1671743871857013,0.1570501938740152,350.0,620.0,0.1787361581353014,0.09341385493565861,0.11939674454486675,0.4795798611420732,0.17773499294929626,-0.01772227731659809,-0.4179636996318624,-0.0019930968259449233,-0.04929382217606712
2011-09-05,1494,0.1620825045647653,0.12248995983935743,0.11483937149932233,0.19528920755644452,546.0,893.0,0.17832393063621288,0.10821256083059168,0.15617035845060206,0.40719771580028796,0.1736975025766003,-0.011614998011834993,-0.272417849036093,-0.052335015686378966,-0.0005417449807806896
2011-09-12,1333,0.17773499294929626,0.1417854463615904,0.13385443472819172,0.20794323381433036,493.0,761.0,0.19139257528199427,0.09933082424334774,0.10913428085606716,0.42350038786056127,0.1736975025766003,0.004037490372695962,0.09448574596560029,-0.03331995245750957,0.012654026257885836
2011-09-19,1441,0.20863475198007597,0.17904233171408743,0.18915971263820422,0.226088200532413,542.0,835.0,0.2161378482974533,0.07736678340192432,0.1107992071023057,0.42647598005183646,0.1736975025766003,0.03493724940347567,0.8172233510782899,0.021985325452502924,0.033446024071150604
2011-09-26,1244,0.17006841443001422,0.13263665594855306,0.14696216740689816,0.17170592243631877,567.0,554.0,0.17704490679196438,0.07533580138497024,0.08714208107664762,0.4992646503227035,0.17261701769829074,-0.0025486032682765225,-0.05994891903324003,-0.020212219778803137,-0.01232663234742054
2011-10-03,1605,0.205041341882524,0.18255451713395637,0.17306070549914765,0.23748511923986856,773.0,749.0,0.21032586849390347,0.08738135687043641,0.11366471254043398,0.44144136869432726,0.17773499294929626,0.027306348933227725,0.6375185031341393,0.0038932214875014304,0.04881360213695177
2011-10-10,1569,0.21403621908436352,0.1822817080943276,0.20640716389655234,0.20634401605008232,715.0,745.0,0.2144215003221662,0.08081418707868271,0.09313489130203695,0.44030461457384057,0.17809826249332938,0.03593795659103413,0.8815887958041532,0.03923277671085104,0.01767249894716552
2011-10-17,1345,0.17261701769829074,0.13234200743494423,0.14947622438353703,0.18158975197002292,584.0,664.0,0.18431237814186285,0.08351709118604549,0.09375875324433233,0.484059610646772,0.17809826249332938,-0.005481244795038642,-0.13584067782647208,-0.023584481115610623,-0.00708176513289388
2011-10-24,1434,0.186103945497665,0.15481171548117154,0.17628632271144953,0.1840325547837393,558.0,798.0,0.2013713520817781,0.0848661989699062,0.1145162900368783,0.43064869774604214,0.186103945497665,0.0,0.0,0.0,-0.0046389623191774865
2011-10-31,1438,0.20249390538803902,0.1620305980528512,0.20174710852942898,0.1926421764612624,565.0,752.0,0.21184764527301245,0.07657323789025718,0.11647845466487804,0.435701003345442,0.19766275567536445,0.004831149712674565,0.12052411739831405,0.020383644383695193,0.003970659358345591
2011-11-07,1370,0.14252234165060476,0.10802919708029197,0.12319046386336494,0.15098151052562298,576.0,729.0,0.15077752058503022,0.06799781893254224,0.09484924431278431,0.543465886014874,0.19766275567536445,-0.05514041402475969,-1.3788113531866903,-0.05817300028236885,-0.03769000657729382
2011-11-14,1837,0.19766275567536445,0.16167664670658682,0.2059850246483541,0.1886715171029168,690.0,1061.0,0.2081357538492242,0.08247059252453795,0.1175874050168719,0.42892431404931336,0.19766275567536445,0.0,0.0,0.02462156050262032,-0.003970659358345591
2011-11-21,831,0.17809826249332938,0.15403128760529483,0.15632739143185082,0.18707816834414476,314.0,475.0,0.19246310111141968,0.07038257907231021,0.12413837929916367,0.5339102875906414,0.186103945497665,-0.008005683004335629,-0.19998228651321207,-0.025036072713882973,-0.0015933487587720396
2011-11-28,1595,0.17160339327237123,0.1335423197492163,0.1813634641457338,0.16282743155988383,666.0,870.0,0.187397809999303,0.10151911875974609,0.1347950181360342,0.40866731120080785,0.186103945497665,-0.014500552225293784,-0.3624890218606313,0.0,-0.02584408554303297
2011-12-05,1699,0.21903140398494464,0.1918775750441436,0.22339580753188795,0.2053359376635715,586.0,1037.0,0.22401651068195358,0.10195582243682419,0.11557709155527501,0.4111850042317639,0.186103945497665,0.032927458487279626,0.8231550268110147,0.042032343386154164,0.012693761202309112
2011-12-12,1726,0.24410711892131556,0.20799536500579374,0.28817932081508857,0.21600257610072193,605.0,1057.0,0.24810998179212748,0.09904619984542962,0.11851278882228736,0.3838002982221302,0.19766275567536445,0.04644436324595111,1.1569258314113442,0.08643221228565959,0.01466471761466867
2011-12-19,1024,0.3057479190356389,0.2744140625,0.3689073771486981,0.26693128885296374,412.0,575.0,0.30488369023987616,0.08011176698119016,0.13154809425986969,0.39007849732115574,0.19673059422404363,0.10901732481159529,2.718897437481554,0.1875439130029643,0.061595351189392245
2012-01-02,753,0.18168219659912832,0.14741035856573706,0.13601268601879604,0.20557871017524082,233.0,483.0,0.19208413955865608,0.0833597906353756,0.11663790217045432,0.4826969767489024,0.19766275567536445,-0.015980559076236134,-0.3934759100944909,-0.06968596411193995,0.0
2012-01-09,1209,0.14956612539122527,0.12489660876757651,0.11187434402829634,0.17556682817468588,489.0,693.0,0.158571710135646,0.0760287971521217,0.0835705358092885,0.514054752472631,0.19673059422404363,-0.04716446883281836,-1.1356405377565815,-0.06948912011743745,-0.030011882000554935
2012-01-16,1625,0.29318603569097246,0.2836923076923077,0.23977576780023546,0.3278404704908832,664.0,912.0,0.28401733890233133,0.08610081364701573,0.12132721290766046,0.39163959171422397,0.2026172351783458,0.09056880051262667,2.16662481541273,0.04264172274267372,0.12194787004966548
2012-01-23,2062,0.1740008672901676,0.14742967992240544,0.1199010571586315,0.20133785848605326,698.0,1310.0,0.18602012977510812,0.06491515289002507,0.1266397718517661,0.4826426387298852,0.2026172351783458,-0.0286163678881782,-0.6988839856261903,-0.07723298789893024,-0.004554741955164476
2012-01-30,1777,0.23869374670459353,0.2104670793472144,0.20599292205342035,0.26273956201726295,691.0,1037.0,0.2435621265604983,0.08149554707347345,0.11311990598957727,0.42378909829516564,0.19673059422404363,0.04196315248054991,1.049828599284088,0.02700805727686542,0.05684696157604521
2012-02-06,1683,0.19673059422404363,0.1651812240047534,0.17898486477655492,0.21101720141315902,700.0,945.0,0.19752075570119204,0.06961028208910193,0.08766534856359562,0.4865714922451607,0.19673059422404363,0.0,0.0,0.0,0.005124600971941284
2012-02-13,1766,0.2714506627135886,0.2565118912797282,0.205698650130736,0.3167254156847859,672.0,1044.0,0.28472685850450047,0.08459960274468993,0.14118346256638498,0.3957056293128499,0.19673059422404363,0.07472006848954496,1.8994421502765693,0.026713785354181063,0.11083281524356817
2012-02-20,1129,0.12851772692666594,0.10097431355181577,0.11110572637260102,0.1352562113852699,421.0,670.0,0.13761802559406675,0.06471813252349148,0.08737160231665675,0.5656821086476462,0.19673059422404363,-0.06821286729737769,-1.7270183640467405,-0.0678791384039539,-0.07063638905594785
2012-02-27,1795,0.2026172351783458,0.1766016713091922,0.19713404505756174,0.20589260044121774,837.0,905.0,0.2104009409821631,0.09799835073857628,0.11962127539829914,0.4383864725885451,0.19673059422404363,0.005886640954302164,0.1481797862508983,0.018149180281006816,0.0
2012-03-05,1795,0.17129103585761196,0.13649025069637882,0.1719651032685356,0.1685744727136642,764.0,973.0,0.17581313228893578,0.08607293791643507,0.10330360370187457,0.5012456148092357,0.19586246484676542,-0.02457142898915346,-0.6071520785735248,-0.007019761508019334,-0.0351541028371464
2012-03-12,1028,0.18151429925586826,0.1507782101167315,0.16067111821677746,0.2037285755508106,445.0,537.0,0.19556201607168286,0.09724102592016914,0.09680584156777028,0.5107271454839674,0.19673059422404363,-0.015216294968175365,-0.37586940856616213,-0.020841333310375687,-0.0021640248904071513
2012-03-19,1641,0.2126160602790169,0.17672151127361366,0.18151245152715315,0.24385485665201126,826.0,735.0,0.22494144067633615,0.09437444805332768,0.11724118138467672,0.44968341096769165,0.19586246484676542,0.016753595432251467,0.413895728546593,0.002527586750598221,0.04012628110120067
2012-03-26,1562,0.24740186853843493,0.21574903969270168,0.2582344013488128,0.2378432664759555,743.0,761.0,0.2551293938692597,0.09766927391538699,0.11187419915964134,0.3973099062393363,0.19586246484676542,0.05153940369166951,1.2577136962267708,0.07672194982165967,0.04506610007174788
2012-04-02,1041,0.16658334038153247,0.1287223823246878,0.12989402996296795,0.1927771664042076,399.0,592.0,0.1788018111181584,0.09606131972739693,0.11893262930024741,0.5020750993567517,0.19586246484676542,-0.029279124465232953,-0.7184550253451745,-0.051618421564185196,0.0
2012-04-09,1057,0.15585047410459185,0.12015137180700095,0.12381406760443468,0.17560776888514618,391.0,589.0,0.16727036005458745,0.08466004270927183,0.10195519252968362,0.5250903031394034,0.19586246484676542,-0.04001199074217357,-0.9756335072785353,-0.05769838392271846,-0.017169397519061436
2012-04-16,1623,0.19586246484676542,0.1614294516327788,0.20762727586209448,0.17883028050546682,733.0,802.0,0.20265341382008906,0.0860014246249926,0.09849119759856213,0.45347201842780255,0.19586246484676542,0.0,0.0,0.03436073059406611,-0.013946885898740796
2012-04-23,2054,0.2269359943824217,0.2005842259006816,0.23199099265758724,0.21569505647156045,854.0,1136.0,0.22942340264038819,0.1015116165521552,0.1041465677162714,0.4570337105653509,0.1967915198903646,0.030144474492057094,0.7376082680503617,0.050478541130434096,0.011966480920749867
2012-04-30,1091,0.12955420641023682,0.09074243813015583,0.1146880566005252,0.12978289842902296,475.0,565.0,0.14374569350192845,0.08865764361996575,0.08486260339834555,0.5413838199761932,0.1967915198903646,-0.06723731348012779,-1.628621545519203,-0.06682439492662795,-0.06299426797518465
2012-05-07,1566,0.20271705457551756,0.17943805874840357,0.22544807789302398,0.1674764659199938,735.0,751.0,0.21002539717723137,0.0887834658369893,0.10344444201411121,0.4868703696524099,0.1967915198903646,0.0059255346851529445,0.14120016431333732,0.04730556152276699,-0.025300700484213817
2012-05-14,1578,0.21433352544007844,0.19391634980988592,0.220149963029392,0.20632346830033363,663.0,811.0,0.2178310353647686,0.09681375000651818,0.10949351555633587,0.4611910086456233,0.1967915198903646,0.01754200554971383,0.40931401259974565,0.042007446659135,0.013546301896126017
2012-05-21,1557,0.16843213202633972,0.13102119460500963,0.13943697861977852,0.1694724781021289,560.0,917.0,0.17613830123582405,0.08614474970248619,0.10019941397361797,0.49856193837372964,0.1967915198903646,-0.028359387864024893,-0.6710967532881573,-0.03870553775047847,-0.01226900637702194
2012-05-28,1519,0.1967915198903646,0.16787360105332455,0.17326654526802837,0.2111538309215435,597.0,875.0,0.20736836466032071,0.09445084574837127,0.13720382264201542,0.4800517761983576,0.20271705457551756,-0.0059255346851529445,-0.13860679949307358,-0.023727540250171153,0.004830362621209866
2012-06-04,1864,0.21362109687863828,0.18025751072961374,0.19699408551819952,0.22646019156190175,722.0,1079.0,0.22265863829130475,0.09477877275555599,0.11733428235395607,0.4470257334538052,0.21261464612681027,0.0010064507518280086,0.023519711503989276,0.0,0.015306360640358257
2012-06-11,1633,0.1670975907405169,0.12859767299448868,0.13761055605905706,0.18174148447915084,648.0,900.0,0.17467664459187582,0.08428098551731668,0.08971456747099447,0.5334129698742215,0.21261464612681027,-0.04551705538629339,-1.0649328620984668,-0.04053196031119993,-0.029412346442392656
2012-06-18,1900,0.21261464612681027,0.1773684210526316,0.178142516370257,0.2373440774698597,861.0,971.0,0.21164968029693945,0.08685527184769805,0.0895276674819424,0.4697346886246171,0.21362109687863828,-0.0010064507518280086,-0.023552029085069374,-0.018851569147942532,0.01088388590795794
2012-06-25,2155,0.27369435665774616,0.2459396751740139,0.2093979415619084,0.31990083528461705,881.0,1189.0,0.2729731106521289,0.09335847324421608,0.11934979489946138,0.38847418138109097,0.21362109687863828,0.06007325977910788,1.3993268749708059,0.03125542519165142,0.0934406437227153
2012-07-02,973,0.1557653453325487,0.11613566289825282,0.10687500292887575,0.17761815198186534,383.0,549.0,0.17972733045211262,0.08051492100560469,0.12948019756817805,0.5374994132570149,0.21261464612681027,-0.056849300794261565,-1.4172385571974795,-0.06964406993559025,-0.04884203958003641
2012-07-09,1802,0.26047985799446266,0.23029966703662597,0.2586941972518639,0.26261862282619847,810.0,958.0,0.26629620743657023,0.09129674139845553,0.11755838628096525,0.40174158181675756,0.21261464612681027,0.047865211867652385,1.1911727489804051,0.08217512438739788,0.036158431264296714
2012-07-16,2011,0.23605542694191134,0.2033814022874192,0.2224836097775116,0.23879229580101735,1004.0,940.0,0.24853457602816306,0.13657407853650488,0.16390138074097121,0.3866843238798508,0.21261464612681027,0.023440780815101064,0.5908460463251908,0.04596453691304561,0.012332104239115599
2012-07-23,2065,0.22225452489636785,0.19418886198547217,0.176519072864466,0.2628401484154362,1012.0,946.0,0.2280676186066707,0.10591943362427844,0.1230961162601451,0.43999380191131865,0.191540844138597,0.03071368075777084,0.8183145523319818,0.03890851680540894,0.025496070945576488
2012-07-30,1861,0.25552568593713537,0.23267060720042987,0.22298049120801872,0.29387359595907514,965.0,839.0,0.2554594017144879,0.09957809230735078,0.12349648933586439,0.4609380995217673,0.191540844138597,0.06398484179853836,1.6877467272271633,0.05716446988066734,0.05652951848921545
2012-08-06,1175,0.13995039425552525,0.1097872340425532,0.1111403852733581,0.15706576720939652,575.0,552.0,0.1534992765270649,0.08807625842894963,0.10177378985040049,0.5512223429395322,0.191540844138597,-0.051590449883071765,-1.3797117111873858,-0.05467563605399328,-0.05453468452233881
2012-08-13,1022,0.1571834339398468,0.12818003913894324,0.13198278062412397,0.1740260336148952,457.0,525.0,0.1717702847606559,0.09236184162326493,0.11644784665125224,0.5280548606611015,0.18310887550299765,-0.025925441563150853,-0.6933898514241481,0.0,-0.02459322798445951
2012-08-20,1143,0.14792153809858405,0.12510936132983377,0.12602568447735965,0.1473622384887093,510.0,585.0,0.15879685248183908,0.08984926563694956,0.11450457716546464,0.5481520469132599,0.18527365128373835,-0.0373521131851543,-1.0442654563558733,-0.008969063455120718,-0.06423821324302603
2012-08-27,957,0.12329338724474843,0.08986415882967608,0.10652507802387332,0.13757991205532977,531.0,405.0,0.13657268307384887,0.08339011049299046,0.09969693182723338,0.5225550028113035,0.18310887550299765,-0.059815488258249214,-1.6381879479257506,-0.028469669908607054,-0.06103934954402493
2012-09-03,1072,0.191540844138597,0.16884328358208955,0.08604385667254753,0.239142682952117,330.0,689.0,0.21840732221130227,0.09152000345360946,0.17464089176727027,0.45903234553711014,0.16811496084235733,0.02342588329623968,0.6336421080311233,-0.045938923951576435,0.04167158455336806
2012-09-10,1948,0.18310887550299765,0.15143737166324436,0.16581602132735138,0.1986192615993547,918.0,972.0,0.2001970425638747,0.14073761193190742,0.20605109922981818,0.4222600329021906,0.16650436325687495,0.016604512246122693,0.4497396355829932,0.03892891092793854,0.02088810881117112
2012-09-17,1776,0.2063735340528404,0.17905405405405406,0.1961467227046477,0.21160045173173533,799.0,905.0,0.21438826904223124,0.09228802637484444,0.1259388604706367,0.47264154330168656,0.1571834339398468,0.0491901001129936,1.3341672972254017,0.07012103822728805,0.03757441811684015
2012-09-24,1244,0.16650436325687495,0.13263665594855306,0.12688711039941283,0.19747109839874893,603.0,593.0,0.1787053374146857,0.09951617626920252,0.10433500264119956,0.5240670809993173,0.1571834339398468,0.00932092931702816,0.24796569297936177,0.0008614259220531828,0.023445064783853747
2012-10-01,1227,0.18527365128373835,0.14995925020374898,0.13499474793248037,0.21994470736499772,566.0,607.0,0.19891466671553878,0.10537503824888834,0.12882007152022765,0.49767509499828905,0.14792153809858405,0.0373521131851543,0.9900082936676209,0.016382415593081803,0.05842005308497822
2012-10-08,1076,0.16811496084235733,0.14033457249070633,0.1363551462583217,0.17773115278818358,558.0,462.0,0.17874756049525795,0.10092890253385743,0.10935776052454688,0.49863528589143324,0.1464211184161683,0.02169384242618902,0.5775741310193394,0.019200716332646334,0.01620649850816408
2012-10-15,1088,0.1441696484501282,0.11213235294117647,0.11456453562952089,0.1615246542800195,548.0,487.0,0.15906839978646636,0.09067053161261891,0.09915503471540218,0.5379322819246548,0.16650436325687495,-0.022334714806746758,-0.5968909340860796,-0.004047796709877677,0.0
2012-10-22,1104,0.12663498827242764,0.09510869565217392,0.08757171888610107,0.15782325413074358,549.0,502.0,0.1408538975790008,0.11270158231153787,0.09292218613731877,0.5325671272129631,0.16650436325687495,-0.039869374984447314,-1.0641968863045912,-0.03931539151331176,-0.002238748059671475
2012-10-29,1393,0.1146059234871289,0.06676238334529792,0.10845316353534196,0.11857330310411902,718.0,643.0,0.14353364780418207,0.136482965605292,0.15015631860017786,0.4053887486242544,0.16650436325687495,-0.05189843976974605,-1.3683584166191471,-0.018433946864070877,-0.04148869908629603
2012-11-05,946,0.10502400287834585,0.07610993657505286,0.07342525438523077,0.10725825724585827,428.0,454.0,0.11276891537800227,0.06493191726566794,0.09483615700923395,0.5687235745015096,0.16650436325687495,-0.06148036037852911,-1.6654147391420118,-0.05346185601418206,-0.05280374494455678
2012-11-12,1214,0.1464211184161683,0.11120263591433278,0.11861233233939857,0.15647640471607704,560.0,578.0,0.15394700995778368,0.0983134845687503,0.10701604231177865,0.5058919126302145,0.16811496084235733,-0.02169384242618902,-0.5414906151695614,-0.016382415593081803,-0.0035855974743380092
2012-11-19,702,0.11302719972271504,0.08974358974358974,0.11715442992567537,0.08393936492333358,374.0,275.0,0.11751723528423073,0.0632292874488433,0.0792915243973844,0.6380567732532416,0.1589102868402869,-0.04588308711757187,-1.1468724456254156,-0.0014579024137231916,-0.07612263726708147
2012-11-26,1572,0.17468024864994255,0.13486005089058525,0.1754076554387155,0.16006200219041505,776.0,708.0,0.18267887496951085,0.09003461619576027,0.09728612148963654,0.44222523844635003,0.1589102868402869,0.015769961809655647,0.38935607507628117,0.05679532309931694,0.0
2012-12-03,1410,0.17778754885067358,0.14893617021276595,0.18778337060956615,0.1570871005495594,681.0,649.0,0.1827108808736984,0.09150091583348467,0.12205053654050203,0.4656428894348416,0.17468024864994255,0.0031073002007310224,0.07670239696008865,0.052001765778189185,-0.0029749016408556483
2012-12-10,1547,0.20701897625992605,0.17129928894634777,0.2041013421052519,0.21011771730749462,782.0,713.0,0.22005850775769364,0.1393327025984701,0.19329830281359384,0.4026958987134272,0.17468024864994255,0.03233872760998349,0.7977908578981742,0.06831973727387494,0.05005571511707957
2012-12-17,1340,0.23283985803570986,0.2044776119402985,0.2633861083898596,0.17316825328660862,727.0,525.0,0.24026407007572811,0.13580511317504987,0.17708131083801612,0.3931469494443901,0.17778754885067358,0.055052309185036286,1.3719683158644185,0.12019790848400114,0.0
2012-12-31,1499,0.18268298551227755,0.14743162108072047,0.1822735412244269,0.1819738050806336,701.0,720.0,0.18860180699406284,0.06617156921073875,0.10534258648408969,0.5024535284803844,0.18268298551227755,0.0,0.0,0.03544656214225436,0.007860285520151972
2013-01-07,1392,0.1589102868402869,0.1271551724137931,0.1172073561385735,0.17411351956048163,614.0,698.0,0.17176701943189354,0.0908176266050017,0.09910847763825294,0.515746885252616,0.18268298551227755,-0.02377269867199064,-0.6022194696331061,-0.03996554296887622,0.0
2013-01-14,1796,0.19025058162560426,0.1520044543429844,0.14318819990585846,0.22701105599099114,839.0,895.0,0.19740427495836008,0.1243199219449863,0.11311171245724917,0.4622877624901198,0.1831542329667237,0.0070963486588805635,0.17700235523234636,-0.02362933329393624,0.04503725091035754
2013-01-21,2256,0.1872694022643482,0.15602836879432624,0.13578160483137697,0.2270131018895714,952.0,1213.0,0.18711334938127283,0.08282555908727185,0.09661641441605959,0.5150158586416472,0.1872694022643482,0.0,0.0,-0.03103592836841773,0.022117897555083754
2013-01-28,2218,0.13993665185270746,0.10324616771866546,0.12078462367792102,0.15685944248767103,1136.0,1003.0,0.1503050414124391,0.0878963142735682,0.10543657157476068,0.5359025590052043,0.18859742712740582,-0.048660775274698365,-1.2046707494795605,-0.04603290952187368,-0.04803576184681663
2013-02-04,2460,0.18859742712740582,0.1524390243902439,0.14682697908217254,0.2152631394466204,1218.0,1130.0,0.20020080395402554,0.10571381185730026,0.11256517144393297,0.4644154294006852,0.1872694022643482,0.0013280248630576086,0.03266969413806826,-0.019990554117622156,0.022161337993655272
2013-02-11,4064,0.1831542329667237,0.14493110236220472,0.15717289910744972,0.20489520433448766,1938.0,1999.0,0.1908541578012537,0.09446708945061105,0.10802056911487616,0.46945918672333115,0.18711533551433127,-0.0039611025476075645,-0.09974522756898205,0.0,0.01179340288152253
2013-02-18,2407,0.16910671021659307,0.13419194017449107,0.1668175331997947,0.16737363146846523,1202.0,1133.0,0.17357051535712661,0.10059555662680986,0.09771831251919195,0.5111735441114894,0.18711533551433127,-0.018008625297738196,-0.4561042994166747,0.019990554117622156,-0.025728169984499893
2013-02-25,4037,0.266481080773045,0.23358929898439434,0.26670164622430487,0.2665976637976609,2268.0,1672.0,0.2761736050083659,0.14169461766496885,0.1369488969216147,0.3838919018464915,0.18711533551433127,0.07936574525871373,1.9486487966918826,0.10952874711685515,0.06729780861250387
2013-03-04,3680,0.22330638575810513,0.20054347826086957,0.19875883666860825,0.2509966423508915,1882.0,1697.0,0.22622167387187642,0.10009009568431951,0.10629563763340348,0.45966051441380684,0.1831542329667237,0.04015215279138143,0.9615987539259819,0.041585937561158526,0.05789484089792635
2013-03-11,3529,0.2007935375420413,0.17313686596769623,0.21108322299831161,0.19212322079921568,1705.0,1706.0,0.20665177499590937,0.08451708263516232,0.10590094979245455,0.4794234026434677,0.1831542329667237,0.017639304575317594,0.4258429953463698,0.053910323890861894,-0.0009785806537494501
2013-03-18,3711,0.18711533551433127,0.15683104284559418,0.1735439717747629,0.19310180145296513,1842.0,1736.0,0.1962892422452569,0.08813670225128631,0.10836450953555538,0.4899258651734011,0.1831542329667237,0.0039611025476075645,0.09502775913132183,0.01637107266731319,0.0
2013-03-25,2342,0.12671093650287085,0.09649871904355252,0.10468274314355637,0.14564319465374437,1190.0,1088.0,0.13362364512454658,0.07605501541583126,0.07175566204310571,0.6063925732703789,0.1831542329667237,-0.05644329646385285,-1.250727053707923,-0.05249015596389335,-0.04745860679922076
2013-04-01,2271,0.12493687135188745,0.09247027741083223,0.08977297365227722,0.13483262080009337,1083.0,1080.0,0.14193036534853415,0.08399427193606568,0.10418264146726898,0.5685575998569492,0.18711533551433127,-0.06217846416244381,-1.1448892769566108,-0.07169338645328234,-0.05826918065287176
2013-04-08,3557,0.18290248772143555,0.1490019679505201,0.16146636010555956,0.19929985518515705,1738.0,1698.0,0.19171028037858975,0.09092321547166159,0.11678864627734606,0.4682795801490602,0.18711533551433127,-0.004212847792895713,-0.07313851809787483,0.010045802013158855,0.006198053732191927
2013-04-15,3486,0.15128165382414477,0.11732644865174986,0.14751882058962637,0.15110641489070736,1691.0,1727.0,0.1639197961041491,0.14905518944658674,0.1715504117038879,0.4443223874207011,0.18290248772143555,-0.031620833897290784,-0.5430182118692468,-0.002685961926510605,-0.041016805908508314
2013-04-22,3438,0.19323186843965903,0.16230366492146597,0.15020478251613698,0.23978314326023278,1729.0,1587.0,0.2030348346678084,0.09921784878211608,0.10541117868216632,0.482683078449278,0.18290248772143555,0.01032938071822348,0.17746966915466897,0.0,0.04765992246101711
2013-04-29,3139,0.12450860231710101,0.0942975469894871,0.08264738492746088,0.15454171729049626,1354.0,1726.0,0.13438191512562797,0.07782163950997366,0.08124915920654872,0.5953496280239018,0.18290248772143555,-0.058393885404334545,-1.0053911911822917,-0.0675573975886761,-0.038560084162468866
2013-05-06,4310,0.18923947744259476,0.15684454756380511,0.1514205580924007,0.21708327866606647,1821.0,2405.0,0.19768728724186008,0.11477997481613365,0.0932617917357622,0.5006956741586543,0.18290248772143555,0.006336989721159203,0.1097232145887578,0.0012157755762637334,0.0181489591700571
2013-05-13,5269,0.2932900026324669,0.2761434807363826,0.1996689169404511,0.35496539807501143,2035.0,3167.0,0.2992696502789661,0.12611945742516925,0.11660745878486306,0.3907339281496562,0.18432507792214706,0.10896492471031985,1.9056591215654826,0.0482483588480504,0.15566554288985437
2013-05-20,4279,0.17041292312198286,0.144426267819584,0.14215649476407166,0.18953634484510973,1830.0,2362.0,0.1787890464186731,0.11951754609917076,0.13136626633261114,0.46588980609655106,0.18432507792214706,-0.013912154800164195,-0.24669530528298703,-0.009264063328329047,-0.016734448256765677
2013-05-27,3231,0.13480745536042882,0.10275456515010832,0.09716762059520537,0.15854342874494728,1241.0,1922.0,0.14533100869804644,0.08996044244145654,0.10114462728430819,0.5733144954272095,0.18923947744259476,-0.05443202208216594,-0.9533245098279135,-0.05425293749719534,-0.050026598297966296
2013-06-03,4155,0.1975177721540689,0.16606498194945848,0.17602126795621817,0.20857002704291358,1718.0,2342.0,0.20612430314305905,0.1141403144348758,0.12559755969743291,0.4733116218508653,0.19323186843965903,0.004285903714409872,0.07548040451446074,0.013934612000820523,-0.00851325162315289
2013-06-10,4714,0.18432507792214706,0.14997878659312686,0.16208665595539765,0.19893431949600937,2231.0,2408.0,0.18864985915966961,0.10424237151352249,0.0961784058826192,0.4946614422400371,0.1975177721540689,-0.013192694231921848,-0.23231701737654023,-0.013934612000820523,-0.0181489591700571
2013-06-17,4303,0.20946398573633662,0.17964211015570533,0.18893176491418434,0.22334783028257982,1776.0,2446.0,0.213952844858805,0.0964631465864923,0.10102351809326536,0.4714788907198242,0.1975177721540689,0.011946213582267717,0.2103785949978259,0.012910496957966172,0.0062645516165133475
2013-06-24,5086,0.2299093856461873,0.20330318521431381,0.19047101106553446,0.26909395954112053,2535.0,2462.0,0.22950755902487277,0.10773969419834153,0.10560741280493038,0.4477536567589184,0.1975177721540689,0.03239161349211839,0.5715282692926819,0.014449743109316293,0.06052393249820695
2013-07-01,2601,0.17768357770774557,0.15378700499807765,0.13084954070836152,0.2062707931018754,1076.0,1474.0,0.18945127501435685,0.09445106693350498,0.1536298849783202,0.5182976702683645,0.18432507792214706,-0.006641500214401491,-0.11732111884949238,-0.031237115247036124,0.0
2013-07-08,4408,0.2583349041022553,0.23911070780399274,0.23946460477503842,0.2774857913619732,2262.0,2067.0,0.26270645502339895,0.09982700020069774,0.1253937634137863,0.4186164532751546,0.18432507792214706,0.07400982618010823,1.3072393426227191,0.07737794881964077,0.0712149982600978
2013-07-15,4805,0.21798303096277036,0.18751300728407908,0.1769372456779849,0.2621645661034603,2495.0,2204.0,0.22216987807214508,0.09170893587542235,0.10603484972840432,0.465014692809739,0.18432507792214706,0.0336579530406233,0.5957987012773643,0.014850589722587265,0.05589377300158488
2013-07-22,2968,0.23873397658862716,0.20754716981132076,0.19514740093427738,0.2727993496953754,1320.0,1572.0,0.24765644995216407,0.10872715824878915,0.1241892819033027,0.4157752045292176,0.18432507792214706,0.054408898666480104,0.9517424563751636,0.06429786022591585,0.06652855659349999
2013-08-05,2647,0.1421278042232876,0.10766905931242916,0.11898500001004017,0.15997368136963086,1139.0,1429.0,0.14766679396135096,0.08717355139324498,0.0902891329424206,0.5474952870116487,0.18711153140939846,-0.04498372718611085,-0.7856879334295731,-0.011864540698321352,-0.06337414891294896
2013-08-12,2538,0.16372867070936206,0.1359338061465721,0.11227040120613073,0.20358510936095722,1104.0,1368.0,0.17241982258694838,0.082398692005493,0.09226468025370581,0.5661672495833581,0.18711153140939846,-0.023382860700036395,-0.4119868567303484,-0.018579139502230793,-0.0362343843361434
2013-08-19,2638,0.1460397464660624,0.12471569370735405,0.09541211858411924,0.18827561515586352,1201.0,1386.0,0.1547739528094145,0.08276051799576077,0.0838099843714742,0.5765642896793265,0.18711153140939846,-0.04107178494333605,-0.7236608133520398,-0.03543742212424228,-0.0515438785412371
2013-08-26,3182,0.14013970817385404,0.10370835952231301,0.12012202187144115,0.1529216758521749,1404.0,1705.0,0.1436901068131104,0.08013907557528696,0.08065448164100461,0.5535161359176229,0.21798303096277036,-0.07784332278891631,-1.358524301177774,-0.05681522380654376,-0.10880860108588483
2013-09-02,2471,0.1404292991468536,0.1027923917442331,0.10816335812098873,0.16571805078656313,1013.0,1381.0,0.14969191019141007,0.0973833664196032,0.08258285624710432,0.5160751313016155,0.21798303096277036,-0.07755373181591677,-1.3537776626007927,-0.06877388755699618,-0.0960122261514966
2013-09-09,3774,0.18711153140939846,0.15606783253842077,0.11829768554390357,0.23981949369710062,1574.0,2103.0,0.1920889732883192,0.1366004139626306,0.1449206425817254,0.42757084034556037,0.23236053522155006,-0.045249003812151606,-0.8028159714642512,-0.020839384146228962,-0.021910783240959103
2013-09-16,4732,0.25600460476642717,0.2330938292476754,0.25026333500734155,0.2617302769380597,2152.0,2483.0,0.25985251056707037,0.13871516705747886,0.17237049100754448,0.3941361303077121,0.21674874245568154,0.039255862310745626,0.6992618354181216,0.11112626531720901,0.0
2013-09-23,4461,0.33921100118397296,0.33422999327505043,0.27870003526273857,0.39166504555322273,1987.0,2361.0,0.3429651448684349,0.11723940120962972,0.14884894246762007,0.3650972662289827,0.21674874245568154,0.12246225872829142,2.164373118226331,0.12907601397149215,0.129934768615163
2013-09-30,5220,0.438197145586605,0.43984674329501916,0.47146175303706117,0.38562562603708705,2798.0,2287.0,0.43702469497671087,0.1287523751629702,0.21150218627577955,0.2617247476802704,0.21674874245568154,0.22144840313092345,3.9137973514032107,0.32183773174581476,0.12389534909902733
2013-10-07,3467,0.35703588997231184,0.34410152869916355,0.3857425896928822,0.3110480730092009,1668.0,1697.0,0.3628198722825217,0.10923650479688274,0.1791826262127233,0.313082603938509,0.21674874245568154,0.1402871475166303,2.505313196387507,0.2361185684016358,0.04931779607114117
2013-10-14,2814,0.29067069211297597,0.26545842217484006,0.26550901496340507,0.3073029945059148,1541.0,1192.0,0.29912522149916976,0.10345541931822494,0.17311389426179177,0.36869857008135387,0.21674874245568154,0.07392194965729443,1.3350134259703372,0.11588499367215865,0.04557271756785508
2013-10-21,3277,0.23236053522155006,0.20689655172413793,0.13913706969013254,0.30700248643347217,1428.0,1782.0,0.25131992906073963,0.10622124212537089,0.14287182674815707,0.44175727193496456,0.21674874245568154,0.01561179276586852,0.28060498727517175,-0.010486951601113875,0.04527220949541244
2013-10-28,4273,0.21674874245568154,0.187456119822139,0.1496240212912464,0.28778483376821845,2114.0,2042.0,0.23553701398884164,0.11873749992227159,0.14082081389730927,0.4343699198949074,0.21674874245568154,0.0,0.0,-0.0005194016976984295,0.026054556830158726
2013-11-04,3717,0.17777819962739114,0.1528114070486952,0.15192739106714725,0.20639716356575946,1968.0,1667.0,0.17999545986247234,0.08678368158512698,0.10641106641955347,0.5344329580127439,0.1842005859587696,-0.006422386331378455,-0.11554667595806213,0.002303369775900843,-0.023995065473892102
2013-11-11,3806,0.1842005859587696,0.1555438780872307,0.13177577214155545,0.23039222903965156,1758.0,1986.0,0.19918293321624603,0.09526588697018493,0.13321957710608684,0.4899572186852026,0.1842005859587696,0.0,0.0,-0.017848249149690965,0.004206828126228107
2013-11-18,4481,0.17562692659256302,0.1450569069404151,0.13056680030390874,0.22618540091342346,2409.0,1982.0,0.18701600253445244,0.10291535452997973,0.12396114705965136,0.5049943040911531,0.18264972856312217,-0.007022801970559156,-0.1278220026940902,-0.013024286235456678,0.006912494382661005
2013-11-25,2265,0.12009040852525492,0.09624724061810154,0.10030674383714851,0.15058225836297862,1336.0,895.0,0.12779638790289066,0.0734701021626863,0.09777957521395442,0.6441537987812942,0.18264972856312217,-0.06255932003786725,-1.180069018170101,-0.04328434270221691,-0.0623231180285293
2013-12-02,3742,0.15826215622390366,0.13361838588989844,0.12620039351936954,0.19126451887083007,1957.0,1718.0,0.17172426584324557,0.09450440856173659,0.15627543378100178,0.5210612741503556,0.18264972856312217,-0.02438757233921851,-0.46052610758657525,-0.01739069301999588,-0.021640857520677848
2013-12-09,3920,0.17518367451242628,0.14081632653061224,0.15014342298894484,0.21290537639150792,2293.0,1567.0,0.18628933718451773,0.09195159429438383,0.12605914034731022,0.4932476612563454,0.17777819962739114,-0.0025945251149648574,-0.049558291003525816,0.006552336449579421,0.0024811361741722826
2013-12-16,2862,0.18264972856312217,0.1484975541579315,0.14359108653936542,0.21927290653076245,1489.0,1291.0,0.19112255847131004,0.08560073666341582,0.1049038191940336,0.5234459986805117,0.17562692659256302,0.007022801970559156,0.13404021177712772,0.005073031815444856,0.01287574296500299
2013-12-23,966,0.1845269110140547,0.16563146997929606,0.18942295195863926,0.1660265693223014,549.0,393.0,0.19111912327338448,0.07426384114901348,0.13234916080838344,0.5719218088403598,0.17562692659256302,0.008899984421491675,0.17007130126841244,0.05090489723471869,-0.04439767089503424
2013-12-30,1417,0.1367137545480504,0.10656316160903317,0.10820058673524703,0.17689971643570013,858.0,519.0,0.14691531557974918,0.09600340478281946,0.10165140022120807,0.5983309432218112,0.17562692659256302,-0.03891317204451261,-0.7435703898450363,-0.030317467988673533,-0.03352452378163551
2014-01-06,3997,0.18826638084347225,0.15011258443832876,0.17063143057461735,0.21042424021733563,2272.0,1675.0,0.20642495532756616,0.10526122463098617,0.1612502714342463,0.4301095929884319,0.17518367451242628,0.013082706331045968,0.2501034414328164,0.03211337585069679,0.00960303895007758
2014-01-13,4119,0.197609014278635,0.1670308327263899,0.17328040052582708,0.22063777336875803,2110.0,1934.0,0.206774088168803,0.09713052102576233,0.12274535376437028,0.46179525529037374,0.17900639534334659,0.018602618935288417,0.35329406283882875,0.029689313986461657,0.0102135331514224
2014-01-20,1731,0.125647821286365,0.09300982091276719,0.1135917456447108,0.12686720169913468,960.0,713.0,0.13261127727378455,0.07139453923723546,0.11993666618776194,0.5882912703702611,0.18264972856312217,-0.05700190727675716,-1.090688839100941,-0.03251636507047975,-0.08603817469237324
2014-01-27,2535,0.16450611744296445,0.13648915187376726,0.13851805472392056,0.20082120126725805,1503.0,964.0,0.1682326101707166,0.07728550052876479,0.09678398594388801,0.5404324728178128,0.18264972856312217,-0.01814361112015772,-0.34454804941834977,-0.007590055991269995,-0.00960303895007758
2014-02-03,4393,0.18605606040868364,0.1547917140905987,0.14610811071519056,0.23060870192674765,2296.0,2054.0,0.20465424749523234,0.11218013481994688,0.13971905569820892,0.46576335811126796,0.17900639534334659,0.007049665065337052,0.13402822381913163,0.0,0.023580483091525967
2014-02-10,3752,0.17900639534334659,0.14658848614072495,0.12906728341425192,0.2504131999879888,2135.0,1549.0,0.1878944380348598,0.0908227731950451,0.11172444023242069,0.520581972186959,0.1771482572339975,0.0018581381093490945,0.03542210010447774,-0.009450771309668649,0.042156509829981925
2014-02-17,2968,0.12723614688463147,0.09602425876010781,0.11547499757578522,0.14529902635286102,1708.0,1165.0,0.13325396450794982,0.07569712073461535,0.0865519900556473,0.5930534522320555,0.17900639534334659,-0.05177024845871511,-0.9846094099149075,-0.030633113139405338,-0.06295766380514584
2014-02-24,4663,0.20575495538228467,0.18185717349345915,0.15154063607422483,0.2654102304550838,2426.0,2098.0,0.2065222586689662,0.0966077481037289,0.1028517990229472,0.4967938142864794,0.17900639534334659,0.02674856003893808,0.5118061983071172,0.005432525359034268,0.05838201161986209
2014-03-03,4060,0.19507693521405473,0.1687192118226601,0.16415064805851862,0.2273136320731194,2032.0,1968.0,0.19862936569074985,0.08393602180363509,0.11133641893470779,0.4969168597428596,0.1771482572339975,0.017928677980057234,0.3520709655990404,0.025632593334598053,0.020977361797774763
2014-03-10,4920,0.1771482572339975,0.14613821138211383,0.1502221626918298,0.20702821883522168,2524.0,2297.0,0.18154680580250934,0.08423483298776285,0.10491526755996472,0.5147093013048217,0.1771482572339975,0.0,0.0,0.011704107967909244,0.0006919485598770592
2014-03-17,3639,0.12772674751668905,0.1055234954657873,0.08710938712274684,0.1739240664135474,1982.0,1623.0,0.13542107900634806,0.07878587536449055,0.08619607221547593,0.604994853679142,0.1771482572339975,-0.04942150971730844,-1.003524044451948,-0.05899872359244372,-0.03241220386179722
2014-03-24,5129,0.16816221963727532,0.1394033924741665,0.13468602119071643,0.20825669015800685,2763.0,2277.0,0.17424603253681062,0.09342573035331717,0.10237600195157505,0.5112836021514343,0.16816221963727532,0.0,0.0,-0.00808863257804629,0.014770292152908038
2014-03-31,5025,0.18417865949428053,0.15860696517412937,0.17554082276417637,0.19348639800509881,2793.0,2154.0,0.19165813295495007,0.09691010122539577,0.132271755208164,0.48650167539326555,0.16793349013674938,0.016245169357531147,0.3487766739731892,0.03276616899541365,0.0065186601025250535
2014-04-07,5115,0.20320019247374504,0.17810361681329423,0.20123609143246524,0.20633627027534462,2908.0,2103.0,0.20309936406112705,0.09054498106563502,0.11219276588133383,0.48185141814566734,0.16816221963727532,0.03503797283646973,0.9868203283259194,0.05101392874063543,0.01895109425031946
2014-04-14,3151,0.13338891842252668,0.10631545541098064,0.10873195335584422,0.15829336229830931,1612.0,1485.0,0.14255031583442343,0.09451102152388745,0.11368758537162536,0.5668874945184461,0.16793349013674938,-0.034544571714222705,-1.1557710556857608,-0.03955594029251984,-0.028674375604264446
2014-04-21,3757,0.13093658329325036,0.10540324727175938,0.10166376123455823,0.1667559903850814,2115.0,1586.0,0.1377323729003189,0.08251251163471035,0.09020808222771805,0.6081929108424676,0.15824748427122753,-0.02731090097797717,-0.9732312453492361,-0.041110892534204496,-0.01738327757412733
2014-04-28,5114,0.16793349013674938,0.13433711380524052,0.15142357637128015,0.18696773790257376,2729.0,2303.0,0.17272318704516326,0.10987146368314354,0.11897989630647803,0.5088423557227039,0.15824748427122753,0.009686005865521846,0.34621318197279627,0.008648922602517428,0.00858002695970178
2014-05-05,5695,0.15751978714301973,0.12396839332748025,0.14277465376876272,0.17512632288863786,3073.0,2524.0,0.16175842376963886,0.10362488744437819,0.10654812105281296,0.5398424359399063,0.1582662391100746,-0.0007464519670548619,-0.02662288438573074,-0.0011534475211583683,-0.009012945070570877
2014-05-12,4585,0.14306728058639862,0.11363140676117775,0.1298650658196496,0.15830916342870718,2492.0,2002.0,0.14995697008998354,0.09264119880613154,0.0977767053192264,0.5592666155226517,0.1582662391100746,-0.015198958523675976,-0.5372071126871987,-0.01842282782871446,-0.025830104530501552
2014-05-19,4724,0.1775420083717883,0.1418289585097375,0.16913364556346835,0.18738517602502516,2397.0,2241.0,0.17954131190339379,0.10965536165258757,0.0958676141341533,0.5011797028326683,0.15824748427122753,0.01929452410056076,0.6291405261446228,0.020845751915104294,0.008997465082153183
2014-05-26,3834,0.15824748427122753,0.12702138758476786,0.14828789364836406,0.16862020321799037,1992.0,1781.0,0.1717976988577437,0.09868228309487814,0.13861014368680555,0.5001584470791773,0.15824748427122753,0.0,0.0,0.0,-0.009767507724881608
2014-06-02,4051,0.1467917148362141,0.11552703036287336,0.11609218411926847,0.18413926795920874,2168.0,1822.0,0.15614565695106974,0.1098988854332745,0.12331509271887656,0.5164125122859158,0.1582662391100746,-0.011474524273860504,-0.38853478334787633,-0.035304274738172325,0.0
2014-06-09,4446,0.1582662391100746,0.1246063877642825,0.1439281012899211,0.17838771094287198,2438.0,1953.0,0.16873360481875682,0.11126086724705464,0.11441779678400055,0.5057319275414474,0.16793349013674938,-0.009667251026674789,-0.3223565829804266,-0.00749547508135906,-0.00858002695970178
2014-06-16,4416,0.18257677822180415,0.15172101449275363,0.15639482055919524,0.21011974720574503,2350.0,1990.0,0.1878103414687296,0.11570650432490831,0.10102694495393391,0.5028588370368052,0.1775420083717883,0.005034769850015858,0.16684638611207134,0.00032529439482789635,0.022734571180719865
2014-06-23,5076,0.19023027789672226,0.16390858944050432,0.15606952616436734,0.2327649528112447,2804.0,2220.0,0.19364760546378829,0.10823795385663328,0.1042349981028481,0.5079455494414098,0.1775420083717883,0.01268826952493396,0.4073096512593812,0.0,0.045379776786219544
2014-06-30,3491,0.1570109457524018,0.13205385276425094,0.1513964588574408,0.16449511786694065,2029.0,1425.0,0.16036054697482646,0.09713309587873689,0.1065455292433178,0.5681769934149933,0.1775420083717883,-0.020531062619386503,-0.6373821947931286,-0.004673067306926543,-0.02289005815808451
2014-07-07,2851,0.20752927084688277,0.1823921431076815,0.18527245573801188,0.23398299946452472,1465.0,1342.0,0.21484657662591702,0.12182009832146935,0.12065832519342568,0.4601347752212557,0.1582662391100746,0.04926303173680818,1.5510811247260516,0.03387599688057108,0.049843731505315986
2014-07-14,3421,0.2148184487690076,0.19292604501607716,0.1605874818189967,0.27289861219121947,1737.0,1608.0,0.21734012919906892,0.12782138966134723,0.13549787522865597,0.44366933009594034,0.1582662391100746,0.05655220965893301,1.7764376763704537,0.009191022961555911,0.08875934423201073
2014-07-21,5326,0.21763409091964248,0.19263987983477282,0.16496578794678504,0.2735565035915923,2622.0,2618.0,0.22039276435056723,0.12462786168235637,0.1236763436240055,0.45318613016697773,0.1582662391100746,0.059367851809567884,1.8700453617052601,0.013569329089344245,0.0951687926487203
2014-07-28,4757,0.23260900515145552,0.20517132646626024,0.2476440005986022,0.2186930997882817,2611.0,2053.0,0.2278114642966707,0.11949948104594153,0.10522166862666829,0.44218796211795436,0.1816534714709909,0.050955533680464626,1.6590662278820412,0.09157447443423486,0.02413490891252676
2014-08-04,3299,0.12603409084303416,0.0988178235829039,0.11039879048821752,0.14837470402446465,1835.0,1414.0,0.13138096649950654,0.09442908776018946,0.09103809772287988,0.578380296263837,0.16285338522286075,-0.03681929437982659,-1.2042145474210586,-0.04567073567614982,-0.016120413842476006
2014-08-11,2813,0.12389769376521427,0.09704941343761109,0.1117643492070978,0.13774042668298014,1496.0,1277.0,0.13051843849350783,0.09164305779966402,0.10002346272645549,0.591765166955235,0.1570109457524018,-0.03311325198718752,-1.0826722467083796,-0.039632109650343,-0.022874522802210223
2014-08-18,3160,0.12569918126918528,0.09873417721518987,0.11676104558279243,0.1347743302782769,1770.0,1345.0,0.13479379688984938,0.10985477966450956,0.09389328677855621,0.5641636925976417,0.14215480981539447,-0.01645562854620919,-0.5105445880706269,-0.012679067188664933,-0.025396494495123795
2014-08-25,3298,0.12929129024689115,0.09915100060642813,0.12654112482527693,0.13133107726841992,1791.0,1459.0,0.13623839110633604,0.09814769907010433,0.0968289794010636,0.5721343881579787,0.1314043484126561,-0.0021130581657649583,-0.06758520526693121,0.0,-0.024898997276279672
2014-09-01,2732,0.12821676649970015,0.09370424597364568,0.10641753052711071,0.1544662527573098,1579.0,1116.0,0.1370223611951185,0.11349754184051547,0.09816916123469596,0.5547224720827498,0.1314043484126561,-0.0031875819129559557,-0.10225687316510698,-0.012395429555199414,-0.001763821787389791
2014-09-08,4393,0.1816534714709909,0.14272706578647848,0.17041376872352124,0.19455819087575493,2344.0,1979.0,0.1829530694152021,0.16223400793025164,0.14473040259608372,0.4381994840526504,0.1314043484126561,0.05024912305833479,1.6145663762347426,0.05160080864121111,0.038328116331055345
2014-09-15,4895,0.16285338522286075,0.13074565883554648,0.16386255720925325,0.16061494948519037,2620.0,2215.0,0.16455483276889762,0.11674868053113575,0.10480496946244716,0.49749372135876346,0.12929129024689115,0.0335620949759696,1.0776088058815312,0.04504959712694312,0.00614869672788057
2014-09-22,3624,0.1314043484126561,0.09713024282560706,0.11328172879995714,0.1562300745446996,2162.0,1420.0,0.13913670898850486,0.10346967276787358,0.09422667000044926,0.5668627808579022,0.12929129024689115,0.0021130581657649583,0.06876763063769055,-0.005531231282352986,0.001763821787389791
2014-09-29,3589,0.14215480981539447,0.1145165784341042,0.12944011277145737,0.1601708247734007,2070.0,1462.0,0.1509350887659338,0.11970636851353299,0.10078989010209238,0.5433058553701228,0.1314043484126561,0.01075046140273836,0.33871505915193467,0.009581016303970707,0.0039407502287011065
2014-10-06,3553,0.1260364381414926,0.08950182943990993,0.11269798730038774,0.14340210888025257,2120.0,1380.0,0.1346038074670121,0.10355804568003782,0.09960261560898392,0.5634953819702584,0.13820089251259263,-0.01216445437110003,-0.38126974978384154,-0.011550858015522386,-0.01676871589314813
2014-10-13,3037,0.14251374553276946,0.11030622324662497,0.11881296008231013,0.16773210200343466,1611.0,1387.0,0.15167445607960547,0.12308090007540413,0.09453976573560548,0.5274903506007147,0.14215480981539447,0.0003589357173749974,0.011347488195416864,-0.005435885233600002,0.007117152518244296
2014-10-20,3123,0.13820089251259263,0.10310598783221261,0.11985909646748666,0.1630524846541943,1794.0,1286.0,0.1478939238587395,0.1191884073476673,0.1062134753687834,0.5346254266862911,0.14251374553276946,-0.004312853020176838,-0.13757531651743565,-0.009581016303970707,0.000468128646884336
2014-10-27,2660,0.1281534199455851,0.09360902255639098,0.12424884531591013,0.13440044796032544,1498.0,1116.0,0.13758146229333112,0.11127380341172387,0.10152030643075705,0.5870963984461417,0.14215480981539447,-0.014001389869809366,-0.4353878480339495,0.0,-0.028183908046984535
2014-11-03,1435,0.10951632347172094,0.07595818815331011,0.09142618014960101,0.15098357451243852,972.0,390.0,0.10970937287506326,0.06663523682892868,0.07857826707287584,0.6254787245642017,0.13820089251259263,-0.028684569040871688,-0.892348628446127,-0.02843291631788565,-0.011600781494871454
2014-11-17,3953,0.22218528240490323,0.1892233746521629,0.15954651920344604,0.3006304703072801,2166.0,1730.0,0.22359356660357693,0.11660111399444964,0.11742738352618713,0.45170160255691966,0.13820089251259263,0.0839843898923106,2.613005952740322,0.03968742273595938,0.1380461142999701
2014-11-24,1883,0.14854540632403615,0.12320764737121614,0.13791127602958664,0.16258435600730997,1092.0,745.0,0.14955513563281123,0.09758718128032207,0.09762313543382163,0.5829141347637411,0.13820089251259263,0.010344513811443523,0.31974441206197796,0.01805217956209998,0.0
2014-12-01,3722,0.16783032900347758,0.1432025792584632,0.1465816146874023,0.19609064857165018,2063.0,1584.0,0.17215221001797149,0.10992884073415966,0.12351155488850415,0.5063400411347682,0.14251374553276946,0.025316583470708115,0.7835034699744416,0.022332769371492173,0.03303816391745587
2014-12-08,3731,0.19776799989829533,0.16912355936746182,0.18668895458522672,0.21429599566993068,2186.0,1437.0,0.2022763784718706,0.12028009242784303,0.11566313011352101,0.47778907933355297,0.14854540632403615,0.04922259357425918,1.5203982728319063,0.04877767855564008,0.051243511015736376
2014-12-15,2698,0.13384384628619345,0.1078576723498888,0.1024404189724896,0.18093073759020453,1576.0,1077.0,0.1385790522838891,0.09628387543909926,0.10305503053795008,0.5916644451560507,0.15502140682431761,-0.02117756053812417,-0.654126503468474,-0.04414119571491271,0.006826033902825962
2014-12-22,1324,0.11294238477909453,0.09063444108761329,0.11299720022938625,0.11340503617206792,787.0,494.0,0.11504027734685048,0.07817736239766201,0.10115991796126302,0.661239561072116,0.16555495612576668,-0.052612571346672146,-1.6272832989113828,-0.03676282036909445,-0.060699667515310654
2014-12-29,919,0.1081378983847505,0.088139281828074,0.08032932649323639,0.1243039881409498,434.0,418.0,0.11103786868970512,0.07284090080971387,0.10479129189615248,0.6186617013899015,0.16555495612576668,-0.05741705774101617,-1.7554478425910738,-0.06943069410524431,-0.051447649677645965
2015-01-05,3940,0.15502140682431761,0.1299492385786802,0.15101692768603897,0.1594926570563671,1919.0,1948.0,0.15357866472432266,0.10983948739119073,0.10523893912842847,0.567702982360899,0.16555495612576668,-0.010533549301449063,-0.3223054682153636,0.0012569070875582677,-0.016258980762228675
2015-01-12,4230,0.18643394551277337,0.1624113475177305,0.1831562131577535,0.19233179189500552,2181.0,1975.0,0.18228611792393698,0.12125299511164708,0.09182121743080393,0.5138181925141395,0.16555495612576668,0.02087898938700669,0.6419620276435282,0.033396192559272786,0.011956166072675856
2015-01-19,5947,0.16555495612576668,0.13485791155204305,0.1497600205984807,0.18037562582232966,2841.0,2993.0,0.1626756762126055,0.0802658103715017,0.08965674256888687,0.5344072499789162,0.1612585185261185,0.0042964375996481785,0.13381432256219028,-0.0012569070875582677,0.004623988003733898
2015-01-26,4143,0.17629405592409514,0.13299541395124306,0.18010683195351554,0.17410470368737857,1961.0,2110.0,0.1809798207923261,0.14784150762672754,0.10576581727542952,0.4689669517647127,0.1602344657883421,0.016059590135753032,0.5112026190630791,0.02908990426747657,0.0
2015-02-09,1973,0.16821230738270354,0.13583375570197667,0.18491747081629548,0.14092889115317192,1065.0,815.0,0.1667382929597316,0.12326408204201512,0.09555899397032482,0.5239628852204383,0.1612585185261185,0.006953788856585041,0.2290890689988753,0.03052723124015755,-0.031121163227064236
2015-02-16,3372,0.1577231348940328,0.13493475682087783,0.1397975340253184,0.17575163781859576,1581.0,1728.0,0.15980658940167175,0.10435552880976377,0.08266799191172065,0.5600994657004232,0.1612585185261185,-0.0035353836320856924,-0.11680748591307981,-0.01459270555081954,0.003701583438359607
2015-02-23,6123,0.2376715799681958,0.2206434754205455,0.2442236560159814,0.23437264663542887,3045.0,2983.0,0.2388674291049252,0.13939275765608555,0.11721471668443582,0.44537284537955446,0.1612585185261185,0.0764130614420773,2.5060161380427757,0.08983341643984347,0.06232259225519271
2015-03-02,5050,0.1612585185261185,0.12871287128712872,0.14110278287215247,0.18044100857608306,2480.0,2480.0,0.15730420478075596,0.10576127233135856,0.08437805557531296,0.5404809739264558,0.16555495612576668,-0.0042964375996481785,-0.13817694519038148,-0.01919599345193812,0.006336304888704486
2015-03-09,4384,0.1530631377861897,0.12340328467153285,0.1602987763240906,0.14495300833699584,2157.0,2146.0,0.1514096383136454,0.09317338706485342,0.08663130357303235,0.55543820533084,0.1612585185261185,-0.008195380739928787,-0.2617601476149865,0.005908536747952664,-0.027097046043240314
2015-03-16,5574,0.1602344657883421,0.12899174739863653,0.15439023957613793,0.16385696739272823,2685.0,2778.0,0.1605263834573251,0.09124249370227651,0.08042308926082088,0.5482657604492351,0.1602344657883421,0.0,0.0,-0.0009265724484261717,0.0
2015-03-23,5635,0.17182150037984836,0.14250221827861578,0.1698261828607607,0.17205005438023616,2677.0,2811.0,0.17266698580742637,0.09406744594662594,0.09822451923523486,0.525181127770927,0.1577231348940328,0.014098365485815556,0.43037094126938996,0.015435943284622777,0.027097046043240314
2015-03-30,3566,0.12225004271843089,0.09506449803701626,0.10989106493393919,0.1341651880368701,1801.0,1684.0,0.1260509452444621,0.09332638900666704,0.08793136345463388,0.594911508303226,0.1577231348940328,-0.03547309217560192,-1.0891791214855957,-0.04449917464219874,-0.010787820300125733
2015-04-06,4014,0.1077010770454561,0.07324364723467862,0.09509068230853063,0.11823728295606531,1906.0,2053.0,0.1127909628449794,0.08560201758849441,0.07704307729789944,0.5883918783554829,0.1602344657883421,-0.052533388742886,-1.6230333682100166,-0.06022612971603347,-0.026715725380930533
2015-04-13,5870,0.18333398831077713,0.15281090289608176,0.17960992476607865,0.1892160066969202,3043.0,2703.0,0.18179505298610657,0.09967126172818117,0.10779223384778293,0.5093958777319195,0.1530631377861897,0.030270850524587417,0.9350303270295526,0.02521968518994072,0.044262998359924366
2015-04-20,5503,0.14734402413244063,0.11902598582591314,0.14928701320899285,0.13960477406988425,3119.0,2284.0,0.14801933825054608,0.0997942179240396,0.08674970937629797,0.5528396341886067,0.1530631377861897,-0.0057191136537490805,-0.17238371266236782,-0.006029798815571252,-0.00534823426711159
2015-04-27,5733,0.14046432578756876,0.10884353741496598,0.1553168120245641,0.12345103014467965,3052.0,2622.0,0.1397428028885754,0.0870090634627461,0.0905094621109276,0.5620189313626526,0.1602344657883421,-0.019770140000773345,-0.5888158645577606,0.0,-0.026113074959576432
2015-05-04,5408,0.10186280826256147,0.07063609467455621,0.11295906914686801,0.08815949087100677,2645.0,2667.0,0.10637734554039477,0.07441254472338489,0.07485796256669723,0.6498622071103347,0.15817383587439854,-0.05631102761183707,-1.676888239504369,-0.043990389360257176,-0.061404614233249305
2015-05-11,5641,0.16077371657821218,0.1324233291969509,0.1765095573048717,0.14380741748964745,2721.0,2832.0,0.1638690340691777,0.10441501094828258,0.11688768813727324,0.5236726909490529,0.15817383587439854,0.002599880703813645,0.07724162246163804,0.019560098797746506,-0.005756687614608624
2015-05-18,5316,0.16042887503374964,0.1294206170052671,0.1681241187537839,0.15100195216098253,2806.0,2427.0,0.1623217794944149,0.0984750003803576,0.09533045800100379,0.540207163265982,0.15817383587439854,0.002255039159351102,0.06521447975478856,0.011174660246658724,0.001437847056726449
2015-05-25,3709,0.13133773394971063,0.101644648153141,0.09767431898833374,0.16406987113764132,1783.0,1879.0,0.13346797365235227,0.09082864736121204,0.12278968295791551,0.5827011744933437,0.16042887503374964,-0.029091141084039013,-0.8354131427677061,-0.06691118518857254,0.014505766033385242
2015-06-01,2543,0.17504113687753878,0.13841918993314983,0.1847971921240718,0.16477161200823032,1305.0,1178.0,0.18377440163684036,0.14925386090074402,0.10982051605909529,0.46858680671429964,0.16042887503374964,0.014612261843789137,0.4273868562763201,0.02784773361694662,0.015207506903974238
2015-06-08,2838,0.17828439975943655,0.14975334742776603,0.20518906748929452,0.14956410510425608,1437.0,1354.0,0.17587538469429218,0.08522220476065487,0.08664689750385676,0.5220024114536349,0.16077371657821218,0.017510683181224368,0.5131077586036361,0.040603563312388236,-0.001437847056726449
2015-06-15,5379,0.15817383587439854,0.12920617215095742,0.1569494585071252,0.15802436949056473,2736.0,2567.0,0.16263735371865684,0.12639545967487636,0.12273390571242065,0.5173177439956641,0.1697082347748298,-0.011534398900431259,-0.34067687753491377,-0.011174660246658724,0.0
2015-06-22,5714,0.17907440408788514,0.14683234161708086,0.1645855041769063,0.1958463355747623,3100.0,2531.0,0.1779895086271873,0.10088261438699588,0.1052630232071871,0.5196090899671499,0.17137833721082485,0.007696066877060287,0.23235835258028997,-0.0035386145768776245,0.03177646443712098
2015-06-29,3895,0.13896764520118168,0.11527599486521181,0.1414858377366824,0.1325485299152311,2060.0,1793.0,0.14042056082294768,0.08667731691577468,0.09698661698006926,0.6131939931992628,0.17137833721082485,-0.032410692009643166,-0.9799409197992651,-0.023099666440223876,-0.03152134122241021
2015-07-06,5924,0.1697082347748298,0.14145847400405132,0.18878181655125986,0.14468165735168068,3219.0,2635.0,0.1691149709966967,0.09379756627005388,0.08672494330939602,0.5311226227100949,0.17137833721082485,-0.0016701024359950523,-0.05146046705507964,0.03183235804413467,-0.019388213785960645
2015-07-13,6598,0.17137833721082485,0.1406486814186117,0.13521310282491017,0.2123192024207789,3489.0,3035.0,0.17310898792547424,0.11885228116966097,0.11111975619349224,0.5032000492152098,0.17137833721082485,0.0,0.0,-0.02173635568221502,0.05429483293021417
2015-07-20,5740,0.20070938934143698,0.1740418118466899,0.18464774718253799,0.21478035763160191,2827.0,2844.0,0.19744488997076629,0.12145114169676727,0.10999563694241998,0.4857345465361384,0.1697082347748298,0.03100115456660718,0.865661473442,0.031831836643795935,0.06521625252734584
2015-07-27,5202,0.19866633686034374,0.17128027681660898,0.1721386618982899,0.22472490717259783,2609.0,2514.0,0.1955722878750282,0.10357265031248616,0.10009201461535559,0.49718897045034627,0.1697082347748298,0.028958102085513943,0.8118238294992478,0.019322751359547863,0.0667005376820331
2015-08-03,4619,0.17754126225288053,0.14851699502056723,0.15281591053874205,0.2082523083283959,2764.0,1765.0,0.17375666230748013,0.1036735887312687,0.08880125630042461,0.519217627999377,0.17137833721082485,0.006162925042055678,0.17272104813627917,0.0,0.012405972753633587
2015-08-10,3494,0.1212284616447887,0.09473382942186606,0.09976375763034478,0.13928695244471864,1814.0,1619.0,0.1269535105439563,0.08569415442181222,0.09080774029562251,0.600100199810299,0.1697082347748298,-0.04847977313004109,-1.362240592792397,-0.04172208010633763,-0.008441695695175666
2015-08-17,3571,0.12584415448038522,0.09969196303556427,0.10528802904194559,0.14108476380877163,1760.0,1751.0,0.13087185483673094,0.0938876724463046,0.09799124655209208,0.5947766059839296,0.17137833721082485,-0.04553418273043963,-1.2798309668819492,-0.04752788149679646,-0.04908309712385145
2015-08-24,4033,0.12230195373578698,0.09496652615918671,0.12625635035586377,0.11266519469410972,1979.0,2006.0,0.12549092995518754,0.0904919953890142,0.10771256882640536,0.6063671125830635,0.17754126225288053,-0.05523930851709355,-1.5378147754810614,-0.026559560182878278,-0.07750266623851336
2015-08-31,2042,0.1457488057187628,0.11998041136141038,0.1278602784893138,0.1477286481398943,963.0,1020.0,0.14896556659123653,0.09978601905739849,0.09648418344646678,0.5774850685561731,0.17754126225288053,-0.03179245653411772,-0.9290579257299575,-0.024955632049428245,0.0
2015-09-07,2672,0.23747837724637108,0.218562874251497,0.1691050921123225,0.29216139602352537,1222.0,1378.0,0.2307432464966662,0.14483183096853103,0.16218435580871476,0.4481631061375911,0.17754126225288053,0.05993711499349055,1.7482417383562407,0.016289181573580447,0.14443274788363106
2015-09-14,3103,0.20852070583809135,0.19432806961005478,0.20935250420048881,0.20125088122563045,1526.0,1520.0,0.20356538060550133,0.09850057564344758,0.11237118681628633,0.5245454509009025,0.17754126225288053,0.03097944358521082,0.9035003918328359,0.056536593661746765,0.05352223308573614
2015-09-21,2814,0.13746217648265718,0.11051883439943141,0.13529222760115106,0.12607831984440473,1478.0,1248.0,0.13979609352013583,0.08607307896996017,0.10405541010225468,0.5861552702774332,0.1831888513791129,-0.04572667489645571,-1.328174048153279,-0.023842051201578757,-0.021650328295489574
2015-09-28,3105,0.20567706587728887,0.18454106280193236,0.2114516438276599,0.19016786093262308,1565.0,1485.0,0.2078746924235301,0.14833079179540432,0.13257030916809676,0.4770119006438076,0.1831888513791129,0.02248821449817598,0.6535806235787086,0.05231736502493009,0.042439212792728775
2015-10-05,2968,0.1831888513791129,0.14757412398921832,0.21796105395633716,0.14118575759159313,1404.0,1511.0,0.18049746114372167,0.1392949199732462,0.10792164116388066,0.48345941183826574,0.19191925221598496,-0.008730400836872071,-0.2551850307052116,0.04885596184401467,-0.04898210334102995
2015-10-12,2152,0.13529454032759802,0.10455390334572491,0.14976733266234296,0.11495817849375103,1019.0,1094.0,0.13864482442638923,0.10596403726590814,0.09097746823335302,0.5834868125686531,0.19191925221598496,-0.05662471188838694,-1.6889507206822703,-0.019337759449979536,-0.07520968243887205
2015-10-19,3026,0.23461489248409884,0.21480502313284863,0.21473907080866564,0.24143567463788104,1372.0,1582.0,0.2333363436685071,0.13082822715909442,0.11991920490685778,0.44974841650049724,0.19989587835968198,0.03471901412441686,1.0414983464278569,0.04529422864129479,0.04018479341225059
2015-10-26,3109,0.19191925221598496,0.16854293985204247,0.15913427880272982,0.21657224666921412,1589.0,1453.0,0.19259662080547765,0.11282587723949389,0.11382955387932656,0.5117704705829469,0.1998705828735361,-0.007951330657551131,-0.23850663108085332,-0.030836368697778282,0.02640438573659104
2015-11-02,2749,0.2135787299895512,0.19206984357948345,0.1899706475005081,0.22195564516341626,1258.0,1427.0,0.20993609869193386,0.10215741459955453,0.11489080801886016,0.49931135297850826,0.1998705828735361,0.013708147116015118,0.41213300382805435,0.005770722471802214,0.031787784230793176
2015-11-09,2795,0.13920516661286675,0.11413237924865832,0.12908868666080103,0.1371151346989599,1149.0,1591.0,0.14075408560792002,0.12619213780699787,0.12428892006970982,0.5835700446231648,0.1998705828735361,-0.06066541626066935,-1.8291352168018595,-0.05511123836790485,-0.053052726233663194
2015-11-16,3206,0.2281636272379007,0.19993761696818466,0.2121079288626383,0.23121136294333586,1436.0,1707.0,0.22934813663832312,0.21011578146291573,0.11155162589593731,0.41555931681907415,0.19191925221598496,0.03624437502191574,1.090904380420149,0.042663086695267444,0.05649224482195128
2015-11-23,1437,0.12206476238584074,0.09812108559498957,0.13108033446192785,0.08927182586075899,676.0,707.0,0.12914944006481371,0.1276513825445491,0.10341105642569723,0.6175513854584085,0.1998705828735361,-0.07780582048769535,-2.3300148341619877,-0.038364507705443,-0.11984364830360356
2015-11-30,2837,0.19989587835968198,0.17412759957701798,0.16944484216737085,0.20911547416436255,1363.0,1389.0,0.1972920003458385,0.15163814967012662,0.12789193675208246,0.48795330517550756,0.19989587835968198,0.0,0.0,0.0,-0.007456772504851578
2015-12-07,3015,0.1998705828735361,0.16849087893864012,0.2080024276415107,0.17471911812138458,1484.0,1456.0,0.19918532592937918,0.1755999566946228,0.11759219160488811,0.48487460891458256,0.1998705828735361,0.0,0.0,0.0475162066988174,-0.03439635604297797
2015-12-14,2435,0.21748426611137478,0.18973305954825462,0.18419992502870589,0.23216119329670903,1065.0,1299.0,0.2149107250027374,0.14054752957588348,0.09720496591620408,0.4927912128244926,0.1998705828735361,0.017613683237838684,0.5196243083157539,0.023713704086012588,0.05744207517532446
2015-12-21,1061,0.15197930852053063,0.13100848256361922,0.11151748976586738,0.14368951738220534,424.0,581.0,0.1490057634122136,0.08500423180979556,0.10826754852564098,0.6393048986423897,0.16584947834103198,-0.013870169820501349,-0.4084405060942593,-0.04889375178518786,-0.01122052041854213
2015-12-28,735,0.15522543933166533,0.12653061224489795,0.11658284155565839,0.11558403666386355,238.0,438.0,0.1558869279692976,0.1168309844650176,0.1124833778199442,0.5583679261148533,0.17070574914506095,-0.015480309813395626,-0.41369271331823754,-0.04382839999539685,-0.05913508145752103
2016-01-04,2491,0.27721831346299336,0.2597350461661983,0.2614903557410178,0.2644778659553788,1023.0,1385.0,0.26787400495788866,0.185462521594758,0.12432939705855035,0.426897414619554,0.16584947834103198,0.11136883512196138,2.922941504249303,0.11870967728077375,0.10956782815463134
2016-01-11,4005,0.20393949520882318,0.17852684144818975,0.14278067846024406,0.2476519358605887,1871.0,2062.0,0.20349255175609957,0.1287239704376433,0.11607409127803052,0.47863670847135664,0.17070574914506095,0.033233746063762226,0.8418779261857028,-0.01763056309081118,0.07293281773920413
2016-01-18,2577,0.16554319735495016,0.13814512999611953,0.1604862209426933,0.15491003780074747,1227.0,1293.0,0.16366807467347178,0.11870300916009457,0.10387897776814917,0.5497553741226358,0.16584947834103198,-0.0003062809860818194,-0.007438385748507198,0.002556435495470355,0.0
2016-01-25,3651,0.15418573054560275,0.12298000547795125,0.16041124155105524,0.13353976769919754,1879.0,1696.0,0.15732833012079878,0.109757699228538,0.12623312614293897,0.5300832568212244,0.16554319735495016,-0.011357466809347405,-0.27460666493009755,0.01763056309081118,-0.021370270101549932
2016-02-01,1123,0.16584947834103198,0.14425645592163847,0.13604737224282118,0.15333905117395802,580.0,489.0,0.16571087412119828,0.09379625568441709,0.10374407714916159,0.5677032252530653,0.16554319735495016,0.0003062809860818194,0.0072191226897397286,-0.00673330621742288,-0.0015709866267894501
2016-02-08,5181,0.17070574914506095,0.1420575178536962,0.1363537393894978,0.19637153161252005,2500.0,2592.0,0.17603580864262117,0.11179063884051374,0.13222137996923308,0.5041551985812968,0.16584947834103198,0.004856270804028978,0.11357703394412905,-0.021576046057725146,0.041281231787220124
2016-02-15,3818,0.12742648266217801,0.09848088004190676,0.11922937710005499,0.1248327942936076,2048.0,1697.0,0.13433591210814616,0.09227862866605632,0.10954147933032451,0.5722801369049471,0.16584947834103198,-0.03842299567885396,-0.9042724919761032,-0.03870040834716795,-0.030257505531692333
2016-02-22,5746,0.18113785495598575,0.15001740341106856,0.16477995354076683,0.18889374448052113,2830.0,2824.0,0.18480397347769945,0.13071034531082454,0.09885986738567903,0.510280351586576,0.16554319735495016,0.015594657601035594,0.36904646073621344,0.006850168093543885,0.033983706679773656
2016-02-29,5646,0.1458287637165622,0.11760538434289762,0.15792978544722294,0.12117782622038006,3019.0,2532.0,0.15077437846931283,0.09836731837620168,0.11356186090493156,0.5475920278974801,0.16554319735495016,-0.019714433638387957,-0.4720882029004138,-0.002481456103832297,-0.032161224953577955
2016-03-07,4787,0.1483960064292049,0.12429496553164822,0.13360034252424638,0.15509029982529993,2533.0,2170.0,0.15213129012677168,0.1087268499085722,0.105318128522575,0.5605998409083975,0.1582893526425945,-0.009893346213389609,-0.23654677117530054,-0.024329442922976563,0.0017512486513419079
2016-03-14,6189,0.18375262458683672,0.15592179673614479,0.18255002212704305,0.17592743316305867,3214.0,2871.0,0.18098769409026447,0.09833253146590727,0.090841534429155,0.527910283178008,0.16584947834103198,0.017903146245804746,0.4314335188944399,0.024620236679820107,0.020837133337758745
2016-03-21,4956,0.17035080040337125,0.1420500403551251,0.16459712785372668,0.16688973834111379,2451.0,2431.0,0.17757933975131227,0.16182035262413816,0.13543687133822077,0.5039957628070126,0.1582893526425945,0.01206144776077675,0.2897690187765301,0.00666734240650374,0.01179943851581386
2016-03-28,4258,0.13414262936811652,0.10662282761860029,0.14521362257116996,0.1055240815594201,2282.0,1877.0,0.1361353106681037,0.10857758938029545,0.09807847614029135,0.5871201966293291,0.155231882852111,-0.021089253483994486,-0.5045650703607643,-0.014622022012680091,-0.03743296290610586
2016-04-04,4538,0.155231882852111,0.125385632437197,0.162249511495421,0.13489801980293617,2333.0,2116.0,0.15572070710001035,0.10172412499328587,0.09678784274654574,0.5594595750038988,0.1582893526425945,-0.0030574697904834913,-0.07330355283113076,0.0,-0.019770934532542084
2016-04-11,6069,0.17691233849964244,0.14565826330532214,0.19514211077521643,0.14295704446552596,3310.0,2669.0,0.17698684641482174,0.11477022996166324,0.11093581641770557,0.5176803843126844,0.1582893526425945,0.01862298585704794,0.44320942645804823,0.03289259927979543,-0.011711909869952297
2016-04-18,5934,0.1582893526425945,0.13245702730030334,0.14915973499585877,0.16181674679802055,3127.0,2727.0,0.15933826395635656,0.1124689596761875,0.09871766553409486,0.5543000321472105,0.1582893526425945,0.0,0.0,-0.013089776499562222,0.007147792462542296
2016-04-25,5535,0.1694734268705676,0.13748870822041553,0.1736709496668126,0.15812993842564974,2719.0,2718.0,0.1700990390655094,0.1149540866216579,0.09321937593837566,0.5223731137823916,0.1694734268705676,0.0,0.0,0.009073821813085914,0.012833778265298218
2016-05-02,4844,0.11628710077478552,0.09207266721717589,0.13759696170197466,0.08128931408760214,2542.0,2217.0,0.12108290716834616,0.0943536410140605,0.11165842914738108,0.626133459320728,0.1694734268705676,-0.05318632609578208,-1.286664524249705,-0.02700016615175202,-0.06400684607274938
2016-05-09,5467,0.1510206083239872,0.117797695262484,0.15983564458385005,0.1336199036783362,2703.0,2676.0,0.15295126302348688,0.11070171975554874,0.10813419947181614,0.5384967866126183,0.1694734268705676,-0.018452818546580402,-0.4362413270695113,-0.013835305082962546,-0.011676256482015313
2016-05-16,5877,0.1982011037363826,0.17372809256423347,0.2292446528402699,0.15466895433547825,3110.0,2681.0,0.19808349712026493,0.11406430576136249,0.1059530103832397,0.5122915516870997,0.17691233849964244,0.02128876523674017,0.5102192202533825,0.034102542065053476,0.00044791505112359853
2016-05-23,5691,0.20014444485838925,0.17466174661746617,0.20681881478678527,0.18393464247778893,2796.0,2801.0,0.20349808423221047,0.12121459147842979,0.12075923468774907,0.49400645918093367,0.18447659475364706,0.015667850104742198,0.37675276460175305,0.0,0.029265688142310675
2016-05-30,3777,0.14275154278031457,0.11940693672226635,0.1454263656528201,0.13189370622383464,2000.0,1706.0,0.14975711757152965,0.12884652381485462,0.14756281751444475,0.5648504165178749,0.1982011037363826,-0.05544956095606804,-1.3837536508783785,-0.07087683879385934,-0.02623623220181509
2016-06-06,5744,0.18447659475364706,0.15860027855153203,0.21630320444667944,0.14529616016035152,2861.0,2811.0,0.18994372615937344,0.14580085648158578,0.15969486559313478,0.5019250620514204,0.1982011037363826,-0.013724508982735556,-0.3413732976454966,0.0,-0.009372794175126736
2016-06-13,5895,0.21072549713464284,0.19304495335029687,0.2547333771098035,0.15422103928435466,3147.0,2677.0,0.20530497070206005,0.2044909107845602,0.1164795961531955,0.4865897489727441,0.1982011037363826,0.012524393398260225,0.3110783520437762,0.03843017266312404,0.0
2016-06-20,7976,0.30818937362406174,0.2970160481444333,0.36437955201998895,0.20831162210503473,5012.0,2882.0,0.2900779747723862,0.19959794473399384,0.12607336750591722,0.39988098551857604,0.1982011037363826,0.10998826988767912,2.7357816312560517,0.1480763475733095,0.05409058282068008
2016-06-27,5218,0.2574953221432735,0.24281333844384823,0.30649072547822176,0.18821220767271857,2836.0,2283.0,0.24766332833333768,0.2081584200415537,0.13841787558082874,0.4355096102776252,0.1982011037363826,0.059294218406890864,1.4770328215887938,0.09018752103154232,0.033543253337240314
2016-07-04,5564,0.2589871431483705,0.24622573687994248,0.3081880200879122,0.20308366895144497,2802.0,2698.0,0.2570522825980504,0.19754643074221243,0.16558624324900997,0.4193948248155565,0.18447659475364706,0.07451054839472346,1.8120251544754127,0.10136920530112692,0.04886262966709032
2016-07-11,6774,0.24579308845654377,0.2263064658990257,0.29816412108107243,0.19109640508755282,3356.0,3356.0,0.23806400805151356,0.1752552751413991,0.1448049583927524,0.433339226924808,0.15984323192616195,0.08594985653038181,2.218802321867055,0.11256648345665346,0.045800244927201306
2016-07-18,3676,0.14712076702599045,0.1248639825897715,0.16122393427549164,0.10618464801623564,2123.0,1485.0,0.15105269714833722,0.12100234944128885,0.13322530625303405,0.5540741210673167,0.18447659475364706,-0.03735582772765661,-0.9443950170268461,-0.024373703348927328,-0.04803639126811901
2016-07-25,2216,0.12164823020958015,0.09521660649819494,0.11786551275901555,0.10947310363376174,1006.0,1164.0,0.12551882463198033,0.1080416912454204,0.09048696164636863,0.5976044995378659,0.19396736972359185,-0.0723191395140117,-1.7956455670479228,-0.06773212486540342,-0.05537897217323949
2016-08-08,3599,0.15486988143063304,0.13059183106418448,0.18559763762441897,0.11234347957591674,1806.0,1735.0,0.15890901246053513,0.11273063510527229,0.0996974008190196,0.5655123945764232,0.19396736972359185,-0.03909748829295881,-0.947576744277616,0.0,-0.0614300701411928
2016-08-15,3711,0.15984323192616195,0.13500404203718674,0.146574458110784,0.16485207580700123,1764.0,1890.0,0.1680497541329496,0.12870388421511347,0.10475097321364371,0.5471062668141432,0.19396736972359185,-0.0341241377974299,-0.8270329959676824,-0.03902317951363496,-0.008921473910108307
2016-08-22,4001,0.13684189065783878,0.11147213196700825,0.14853980788187504,0.10837825489436463,2066.0,1849.0,0.13983867236701,0.09857024610668963,0.09701159047775233,0.5994116355262564,0.16919182308581293,-0.032349932427974154,-0.7840427234186987,-0.036413113162634986,-0.0564738209126366
2016-08-29,3549,0.1296480809818354,0.0989010989010989,0.12955218442170643,0.11619226032720639,1736.0,1744.0,0.13667523076169447,0.11707198556009275,0.10557717512350946,0.558952928440111,0.15984323192616195,-0.030195150944326565,-0.7129534772190268,-0.05197578591874963,-0.019099727749163437
2016-09-05,4877,0.19396736972359185,0.16690588476522453,0.18152797034045606,0.1970876051808552,2268.0,2526.0,0.19543339617300975,0.1502425282510803,0.16286613742559491,0.45372511840555096,0.15688507673484095,0.0370822929887509,0.8682676152378407,0.007397275277252091,0.06674655279573691
2016-09-12,6417,0.20642823399061555,0.18762661679912732,0.22822808916680515,0.17377354971710954,3490.0,2845.0,0.20693434470965796,0.15805069196856647,0.12856273298021606,0.46965951155421964,0.15984323192616195,0.046585002064453596,1.0924214504193457,0.054097394103601176,0.03848156164073971
2016-09-19,5944,0.19881004161550192,0.17597577388963662,0.21120589339807527,0.177227989369499,2899.0,2973.0,0.19930077484096895,0.13939137603240093,0.11423625047000571,0.48567192496167505,0.15984323192616195,0.038966809689339965,0.8991556200450649,0.0370751983348713,0.04193600129312916
2016-09-26,5049,0.2171245070958647,0.19508813626460686,0.23405079740342435,0.19278755994838795,2562.0,2446.0,0.21739083227189987,0.1314825530579986,0.1466587907262995,0.46945205033804016,0.15984323192616195,0.057281275169702744,1.2876068134245444,0.08240904040434816,0.05749557187201812
2016-10-03,3298,0.16919182308581293,0.14948453608247422,0.18495292104451003,0.13529198807636983,1695.0,1539.0,0.17192950257929826,0.14375400822870874,0.10592865313105669,0.5453196674411813,0.16919182308581293,0.0,0.0,0.010822225981306055,0.0031269741083699565
2016-10-10,2273,0.13369407918606588,0.10690717113946327,0.12067183060262582,0.13034105238511828,1055.0,1177.0,0.13632150036698717,0.1164579381349874,0.09986391062329958,0.598771107154544,0.16919182308581293,-0.03549774389974705,-0.8005111054377061,-0.053458864460578154,-0.0018239615828815892
2016-10-17,2063,0.15688507673484095,0.1303926320891905,0.17413069506320397,0.1296693808195414,992.0,1040.0,0.15959299705724872,0.11900197560242114,0.10871547796247483,0.5642055464999671,0.17814700829599164,-0.021261931561150693,-0.4620972492795759,-0.007397275277252091,-0.002495633148458465
2016-10-24,2256,0.17814700829599164,0.1573581560283688,0.1516417569990762,0.18576718969093498,1052.0,1157.0,0.1772225615225818,0.09907064652433685,0.10045510005880418,0.5708275695651537,0.17814700829599164,0.0,0.0,-0.03331116404543383,0.05542613730581669
2016-10-31,2155,0.14607290051069344,0.1234338747099768,0.1343092926877684,0.13216501396799987,1064.0,1045.0,0.15234861039273492,0.10843861835194091,0.12177452173477293,0.5873871804158832,0.17814700829599164,-0.032074107785298206,-0.6554644884065556,-0.05064362835674163,0.0018239615828815892
2016-11-07,1743,0.11387622994247865,0.09351692484222604,0.11109193300122182,0.09989590125387077,881.0,835.0,0.11084074106033222,0.07225917922108467,0.1001906846444231,0.6608566227996838,0.17814700829599164,-0.064270778353513,-1.2966935579301968,-0.07386098804328821,-0.030445151131247516
2016-11-14,2497,0.2164345518649512,0.1986383660392471,0.2890074130091831,0.1139780279021908,1267.0,1167.0,0.20603455021223266,0.11657658571529944,0.12323249454513449,0.5252989005877587,0.17814700829599164,0.03828754356895955,0.7812671806102228,0.10405449196467306,-0.01636302448292748
2016-11-21,1480,0.15543940571416798,0.14527027027027026,0.1660697810499053,0.1174681715085469,639.0,782.0,0.14849705741728178,0.1028598420406893,0.12366367560509291,0.6168249459389749,0.17850707192284077,-0.023067666208672788,-0.47151375136657575,-0.048332845913759886,-0.012872880876571388
2016-11-28,4279,0.17850707192284077,0.15237204954428604,0.2144026269636652,0.12574473285625484,2059.0,2127.0,0.17271174647475107,0.12001135305533733,0.11435436322213396,0.5338567764254308,0.18186652018001978,-0.003359448257179015,-0.06795104111910434,-0.019839428781716267,-0.005662164435180583
2016-12-05,4263,0.18186652018001978,0.15833919774806474,0.23424205574538146,0.10795440821303534,2250.0,1940.0,0.17710970980419996,0.11040618593534514,0.1461299733391393,0.5168832323753474,0.20292639791211511,-0.021059877732095333,-0.42315358006501513,-0.003891797688017118,-0.023452489078400085
2016-12-12,3802,0.20292639791211511,0.17806417674907943,0.24932219125384256,0.13140689729143543,2077.0,1657.0,0.20122537513578048,0.14496375442863926,0.11650398671225316,0.502563613105241,0.2164345518649512,-0.013508153952836083,-0.2751635784603639,0.0,0.0
2016-12-19,2652,0.22735907344360376,0.21304675716440422,0.23813385343339857,0.20453639584047917,1263.0,1323.0,0.2221796814375803,0.11976614962914905,0.12169634742412272,0.5284009083259505,0.22162264820861624,0.005736425234987519,0.11450157769814323,-0.04592073306935732,0.07312949854904374
2016-12-26,889,0.22848346460630534,0.21372328458942633,0.2840545865027559,0.1589628948530922,344.0,481.0,0.2158821726074344,0.1188217303982786,0.11109450166831285,0.5334653556420226,0.22735907344360376,0.0011243911627015768,0.022447978155822872,-0.004952826506427199,0.0029817306061414306
2017-01-02,4187,0.29733599281069295,0.2909004060186291,0.3929761227436224,0.18401015086858985,2135.0,1989.0,0.2841436663093786,0.13016644861960194,0.1307910059749767,0.45556394471616757,0.22848346460630534,0.06885252820438761,1.4269283534000514,0.09472160571713134,0.02802898662163908
2017-01-09,5224,0.29697040596190316,0.28311638591117916,0.37455176281136815,0.18471972690810687,2908.0,2204.0,0.28607631386031296,0.13533169630405764,0.1263554588768376,0.41816683218179407,0.24869495956135337,0.04827544640054979,1.0067594203225525,0.04646273567943415,0.028738562661156097
2017-01-16,4462,0.22162264820861624,0.20349619004930525,0.2982545170264911,0.11756177368573371,2413.0,1971.0,0.22072065270103844,0.09899044610211999,0.11161936439645984,0.5249177094242431,0.285696145582879,-0.06407349737426274,-1.3673901871692875,-0.07629724578487707,-0.03841939056121706
2017-01-23,5571,0.3520712112428898,0.3423083826961048,0.4616319888124722,0.1851733734583478,3213.0,2265.0,0.3372119882369216,0.1633373850070457,0.14486703148696473,0.3797636305042523,0.29697040596190316,0.05510080528098665,1.2192600228341566,0.07718628900067293,0.029192209211397036
2017-01-30,5497,0.3650504938373876,0.3661997453156267,0.4685193606198483,0.19051639218162658,3308.0,2114.0,0.3432074820454903,0.15477589856526902,0.11518797083117904,0.37902484150450594,0.29733599281069295,0.06771450102669463,1.4755341474280024,0.07554323787622585,0.03453522793467581
2017-02-06,4596,0.3257181931077219,0.3185378590078329,0.4118265681985534,0.15598116424695077,2861.0,1629.0,0.3084406559306924,0.13672400831615308,0.11817862148890296,0.40653517029290326,0.3257181931077219,0.0,0.0,0.0,0.0012429315385549256
2017-02-13,5321,0.3275062013923313,0.3161059951137004,0.4207054666085937,0.15473823270839585,3322.0,1919.0,0.319998707113134,0.15120656332891982,0.12573833515978908,0.38515300918307477,0.3257181931077219,0.0017880082846093992,0.03915184679518091,0.008878898410040303,0.00399732060887803
2017-02-20,3549,0.24869495956135337,0.23302338686954072,0.328089027131934,0.10526859781887614,2083.0,1386.0,0.24081620777896523,0.13325136795269457,0.11517048912426202,0.49696637488739964,0.3257181931077219,-0.0770232335463685,-1.6579915615994891,-0.0837375410666194,-0.045472314280641676
2017-02-27,6517,0.285696145582879,0.27144391591222955,0.38444569981179927,0.13253559899140824,3846.0,2564.0,0.27287997633306793,0.12074322514659691,0.10936572679190014,0.449166406285098,0.3257181931077219,-0.040022047524842896,-0.8588805350106924,-0.02738086838675413,-0.013601918758337522
2017-03-06,6082,0.3401391254082204,0.3331141072015784,0.4415637600593127,0.14613751774974576,3857.0,2131.0,0.33783867971102477,0.1355746430922554,0.15254894952091919,0.3855402989679594,0.3257181931077219,0.014420932300498512,0.30443342531841244,0.029737191860759293,0.0
2017-03-13,5506,0.3653041810843291,0.3645114420632038,0.4771826990903471,0.1367522668581033,3622.0,1805.0,0.3690403033085296,0.14859372250214112,0.18175748496433422,0.37768465659599393,0.30633872114283056,0.058965459941498544,1.2499679874859781,0.0798964356583301,-0.0032123970712458483
2017-03-20,6072,0.38317632836426824,0.383399209486166,0.4933207449698569,0.15074091209951782,4029.0,1976.0,0.3776312815262421,0.14446944826561253,0.17644033753079988,0.3574908498356521,0.30633872114283056,0.07683760722143768,1.6189021848176854,0.09603448153783989,0.010776248170168673
2017-03-27,5086,0.30633872114283056,0.2965001966181675,0.39392547465874755,0.13996466392934914,3214.0,1812.0,0.29517605323458,0.1307446725155724,0.12462536579311462,0.42996969440845006,0.30633872114283056,0.0,0.0,0.0,0.0032123970712458483
2017-04-03,5443,0.29050177586321885,0.27429726253904096,0.36379023852927467,0.17824361942785819,3151.0,2192.0,0.2787190340506401,0.14483009982198283,0.1231664933562662,0.4129628861068823,0.2925175948426808,-0.0020158189794619585,-0.04283900832492021,-0.022234327722182534,0.04570802043644995
2017-04-10,3882,0.222024049157913,0.21226172076249356,0.296464309782197,0.08552814718722454,2470.0,1378.0,0.22216221990482665,0.1590123780221438,0.12912663788004985,0.5218006756531179,0.30633872114283056,-0.08431467198491757,-1.7885771202921912,-0.09746116487655054,-0.051224119670878754
2017-04-17,3728,0.18769141453015517,0.16738197424892703,0.25129747075674636,0.08776518965318163,2232.0,1474.0,0.18587106892957989,0.1092253964812277,0.10712350063141367,0.5458969156282291,0.30633872114283056,-0.11864730661267539,-2.528536187238251,-0.1426280039020012,-0.04898707720492167
2017-04-24,5318,0.2925175948426808,0.282437006393381,0.397286263432017,0.12621702900981097,3197.0,2053.0,0.2864548834417283,0.1357204516805045,0.1352000597959133,0.445399857000348,0.29393794267004025,-0.0014203478273594472,-0.030157074185919043,0.006046252516008377,-0.005316659547170199
2017-05-01,6176,0.34956460505107345,0.34682642487046633,0.44060745536550927,0.16553130712307929,4050.0,2069.0,0.3430830866265487,0.13069835440739005,0.1666284671903484,0.3911787328238531,0.2925175948426808,0.057047010208392646,1.2090504669747042,0.05458288911405207,0.034902732262790864
2017-05-08,4456,0.3096974844459835,0.2995960502692998,0.3860245662514572,0.12700046207188517,3084.0,1338.0,0.2985771477593007,0.133070432043292,0.11894082206596505,0.43196900941060956,0.2925175948426808,0.01717988960330269,0.3655220336245743,0.0,0.0
2017-05-15,5803,0.28993389582704077,0.27933827330691025,0.3831837031399568,0.10927081714015952,3757.0,1985.0,0.2784723513206785,0.15607951309495977,0.12258418974860304,0.43444142789024154,0.2925175948426808,-0.0025836990156400397,-0.05590758072521759,-0.0028408631115003913,-0.017729644931725658
2017-05-22,5311,0.34978752487792025,0.3449444549049143,0.45030257979651805,0.15307974111189254,3429.0,1834.0,0.3554706405871938,0.17759124018790945,0.2034720025398644,0.360822295242662,0.2925175948426808,0.05726993003523945,1.2339976132504151,0.06427801354506085,0.026862712102081576
2017-05-29,3436,0.2542786072835687,0.24068684516880093,0.33107767737991073,0.10461178765063947,2233.0,1180.0,0.25501528309579025,0.15265921148624947,0.17654091651739534,0.4751358863552577,0.29393794267004025,-0.03965933538647154,-0.8485175719845509,-0.0601623335360979,-0.022388674421245702
2017-06-05,4741,0.29393794267004025,0.2836954229065598,0.39124001091600863,0.13153368855698117,2925.0,1791.0,0.28562518081336463,0.13579326683300413,0.13121993193315273,0.4332748050110969,0.29393794267004025,0.0,0.0,0.0,0.0009051136966927442
2017-06-12,6255,0.23224159575779912,0.21247002398081535,0.29944284717924535,0.13062857486028842,3651.0,2559.0,0.2304638655621746,0.1629998483463562,0.172231767071615,0.46567852349503697,0.3025217490398115,-0.07028015328201237,-1.4517685208300732,-0.09179716373676328,-0.000788157666860273
2017-06-19,6568,0.30334303437983284,0.2876065773447016,0.39887305706388254,0.11561349031034723,4230.0,2261.0,0.30762107174953585,0.14586206668630258,0.1702008424997477,0.3969039005639236,0.29393794267004025,0.00940509170979259,0.19438396736235478,0.01284849081242534,-0.015015084549941188
2017-06-26,6274,0.341554841320207,0.33949633407714375,0.42971680839863124,0.17887052167013853,4009.0,2218.0,0.3400105102493757,0.16262983812591025,0.1663890871878269,0.37373732193495607,0.28993389582704077,0.05162094549316626,1.048164800816791,0.046533105258674434,0.04745378914298984
2017-07-03,3269,0.24957640290772556,0.24227592535943715,0.3200680138710175,0.10866012834928564,2148.0,1098.0,0.2498030375746817,0.13367082310442205,0.13815131276058482,0.49269455084703984,0.29393794267004025,-0.04436153976231469,-0.8562573938191733,-0.07117199704499111,-0.02287356020769553
2017-07-10,6635,0.3025217490398115,0.2907309721175584,0.39620638864903546,0.13776255959381722,4152.0,2431.0,0.2976134829331939,0.1494916894829312,0.15046501247417224,0.39733251011583004,0.2826430389519469,0.01987871008786457,0.3900018428335316,0.024694843735441174,0.00634582706666853
2017-07-17,6455,0.2826430389519469,0.273431448489543,0.3715115449135943,0.1314167325271487,4030.0,2377.0,0.27632502439056,0.11859588764011311,0.14299259567669342,0.4392246846119007,0.2826430389519469,0.0,0.0,0.0,0.0
2017-07-24,6846,0.341044817896143,0.3333333333333333,0.4230122281378801,0.17166182451464834,4545.0,2251.0,0.32875787045737537,0.13394456754330836,0.1493399739531398,0.3818532569873849,0.27654149208356454,0.06450332581257845,1.2313599163769242,0.08829497746264364,0.04024509198749965
2017-07-31,5028,0.2014321242328533,0.17760540970564836,0.2556090575432078,0.1195291960348271,2960.0,2031.0,0.19554025351668894,0.10551095328547687,0.0977413009246663,0.5251494076711629,0.27654149208356454,-0.07510936785071123,-1.4488785160737745,-0.07910819313202866,-0.01188753649232159
2017-08-07,4556,0.27654149208356454,0.262071992976295,0.33471725067523644,0.18592361823264747,2711.0,1813.0,0.2638736091379593,0.1574779678554347,0.1270558510820526,0.4403165119330753,0.27654149208356454,0.0,0.0,0.0,0.054506885705498775
2017-08-14,5271,0.31976422977582003,0.30980838550559664,0.39473221062775726,0.17215077439323068,3429.0,1802.0,0.30016705383746484,0.15834611390601244,0.1467976659855107,0.42730556456358004,0.24957640290772556,0.07018782686809447,1.3761849915960989,0.06774629962704593,0.046890867654572205
2017-08-21,5815,0.22950111977817683,0.21031814273430782,0.32155585134538883,0.09996707699188222,3359.0,2424.0,0.22402247785128532,0.1397074234022047,0.13075637992916697,0.4783454532205325,0.2707268942326917,-0.04122577445451486,-0.807144804977045,-0.013161399329847612,-0.025292829746776255
2017-08-28,5140,0.18630763055636196,0.16439688715953307,0.2595392581511752,0.09181324932709795,2841.0,2257.0,0.18297043981316866,0.13539194344322775,0.1255660331284388,0.49481138424433274,0.25378052774260257,-0.06747289718624061,-1.3398818826701941,-0.06744665284953616,-0.033446657411560526
2017-09-04,5292,0.2250838797400531,0.20011337868480725,0.2824122589509143,0.13992168322585516,3109.0,2152.0,0.22598674300250626,0.1767320598634727,0.13559711759444326,0.4095702311573149,0.24619246167187087,-0.021108581931817777,-0.419867466980713,-0.03914359239447451,0.01574718871156222
2017-09-11,7069,0.18334774932306835,0.1556089970292828,0.2264222941108078,0.12525990673865847,3949.0,2959.0,0.18422516218989599,0.1501368915632592,0.15693849264022897,0.4652463434153923,0.24619246167187087,-0.06284471234880251,-1.2481968561444559,-0.09513355723458103,0.001085412224365534
2017-09-18,6703,0.3094099857534921,0.3043413396986424,0.4129629538301899,0.10950913922451291,4294.0,2306.0,0.3061216435972898,0.1429879020194894,0.15586199322594524,0.41942260488445376,0.25378052774260257,0.05562945801088953,1.119819076984244,0.08597704282947854,-0.01575076751414556
2017-09-25,7855,0.24619246167187087,0.22469764481222151,0.32698591100071134,0.10387338732245154,4867.0,2882.0,0.24232943189804063,0.11374057471680435,0.13507456196736448,0.44904230397154904,0.25378052774260257,-0.007588066070731703,-0.15656561034547214,0.0,-0.020301107191841403
2017-10-02,7093,0.2707268942326917,0.2543352601156069,0.3538998936802758,0.12417449451429294,4447.0,2587.0,0.27310198273779696,0.18859031005582896,0.1833508583875529,0.37892026796372524,0.25378052774260257,0.016946366490089126,0.34823310752627656,0.026913982679564463,0.0
2017-10-09,8013,0.25378052774260257,0.22001747160863597,0.29591031810259355,0.1278422949966798,5943.0,2024.0,0.26830501183415334,0.17546324051585818,0.15061373437919734,0.3303179118211203,0.25378052774260257,0.0,0.0,-0.031075592898117788,0.0036678004823868515
2017-10-16,6000,0.2297978489587161,0.20666666666666667,0.2774908395911238,0.11821058367810516,3990.0,1936.0,0.22949703084103143,0.12523349166564487,0.11773715907296477,0.44659037099623433,0.26698476610948,-0.037186917150763915,-0.7805767554226954,-0.076409054089152,-0.007049323060553309
2017-10-23,5266,0.2882830293787565,0.2711735662742119,0.3752667415763979,0.1401431541737111,3290.0,1920.0,0.28800428560330116,0.1457642009080325,0.13759703489568367,0.4010502482431315,0.2707268942326917,0.0175561351460648,0.3932425352518146,0.009807807491269638,0.014883247435052621
2017-10-30,5514,0.2821850727248,0.2622415669205658,0.370824361446324,0.1429684325055034,3291.0,2177.0,0.2791666795560765,0.16012562076602702,0.14907281983428927,0.4038682312789158,0.2821850727248,0.0,0.0,0.0,0.018793937991210458
2017-11-06,5613,0.26698476610948,0.25209335471227506,0.36545893408512825,0.10282785217446598,3449.0,2123.0,0.26636195015276715,0.1255516617502649,0.1428059446440408,0.47147842070947105,0.2821850727248,-0.015200306615319958,-0.3392798290580124,-0.005365427361195774,-0.02323962610879994
2017-11-13,5406,0.33088719470127026,0.3201997780244173,0.4598327210948045,0.1347948834968192,3197.0,2164.0,0.32604589726118827,0.11967672582004596,0.13961096050626387,0.4208375725899387,0.2821850727248,0.04870212197647028,1.088730992587971,0.08900835964848047,0.00872740521355328
2017-11-20,2880,0.23580431738163396,0.22118055555555555,0.3095880833405572,0.09599698235916097,1849.0,1013.0,0.23507211277739973,0.12487692499190517,0.13994755908174233,0.5189704710261948,0.2821850727248,-0.04638075534316602,-1.036808957967617,-0.06123627810576682,-0.031845312637518816
2017-11-27,4875,0.3768087956298334,0.3721025641025641,0.5006170976174242,0.15135298445633277,3002.0,1763.0,0.36745330716793734,0.14066027866022135,0.15238355980823054,0.36983976781416017,0.2853969439140311,0.0914118517158023,2.0793829966366144,0.12535035604102635,0.016558100959513572
2017-12-04,4925,0.30127194510040056,0.2885279187817259,0.4060200718394535,0.12606747828326592,2999.0,1884.0,0.2933821708423459,0.15626116772281565,0.14064513429110576,0.40917401338572884,0.2882830293787565,0.012988915721644068,0.2960912818822716,0.022014672503877508,-0.008844269259678822
2017-12-11,5124,0.30500178510051623,0.3003512880562061,0.39295902353525053,0.12128371588928616,3383.0,1696.0,0.29010992362651067,0.1387072499936147,0.13470401561795026,0.44350634961671453,0.29406396570602866,0.010937819394487569,0.2434586071250961,0.008953624199674548,-0.013628031653658584
2017-12-18,4794,0.3652255757890846,0.3552357113057989,0.5281530727336711,0.1460102588082458,2673.0,2061.0,0.3544879927647463,0.12264248884521374,0.16322494850456667,0.4329877128710168,0.2973420273133671,0.06788354847571748,1.548016584734262,0.13519404919842054,0.011098511265301064
2017-12-25,1721,0.18414492999489773,0.16327716443927948,0.24657830849816506,0.09913432829709481,955.0,754.0,0.17826001639118041,0.11020224770725331,0.11603142480262572,0.6070365849492735,0.2973420273133671,-0.11319709731846939,-2.494119109611117,-0.14638071503708547,-0.04198478331365402
2018-01-01,2933,0.2773336814025825,0.26252983293556087,0.3624483412550149,0.13491174754294474,1747.0,1147.0,0.26686800207845557,0.15050702799720314,0.12596822213911807,0.48168387410665636,0.2973420273133671,-0.020008345910784597,-0.4452051454297262,-0.030510682280235624,-0.006207364067804089
2018-01-08,5234,0.2853969439140311,0.26862820022927014,0.384005399335576,0.14111911161074883,3025.0,2151.0,0.27300388801360365,0.15431756647909575,0.13342958996887364,0.4658976061778808,0.2973420273133671,-0.011945083399336032,-0.26694477522032645,-0.008953624199674548,0.0
2018-01-15,6143,0.4113086133092538,0.4164089207227739,0.47628877574546213,0.3329009653006882,3230.0,2845.0,0.39365078729063263,0.132399005422459,0.18210411163908993,0.35588987336355915,0.29406396570602866,0.11724464760322512,2.6010120412499,0.09228337640988615,0.19721686688892975
2018-01-22,4876,0.29406396570602866,0.2838392124692371,0.3674952268021209,0.20853048955660208,2558.0,2221.0,0.2856338829742026,0.14793442872762022,0.151274799854992,0.4574742565791782,0.2853969439140311,0.008667021791997576,0.1870796448528966,0.0,0.06973515870471902
2018-01-29,6416,0.2973420273133671,0.2831982543640898,0.4115100472128819,0.14648936864801623,3531.0,2786.0,0.28713015459017466,0.14371446043520322,0.1520774708112192,0.44561090943921894,0.28329582439417983,0.01404620291918729,0.3086082867713956,0.04906170595786702,0.005370257037267401
2018-02-05,4804,0.28329582439417983,0.27185678601165697,0.3567484026131256,0.17722702049923053,2799.0,1963.0,0.2755874762409285,0.1361447555849718,0.14040062068424558,0.45712296713258355,0.2797983545107155,0.0034974698834643325,0.07915068916938477,0.0,0.0361079088884817
2018-02-12,5444,0.299097010823638,0.28839088905216753,0.39446010590530933,0.13568409841175844,3350.0,2032.0,0.2989405393825425,0.18941807811120923,0.17929261456285436,0.42583099159040516,0.2797983545107155,0.01929865631292249,0.4364473140194522,0.03771170329218371,-0.005435013198990396
2018-02-19,3864,0.23276896113165854,0.21325051759834368,0.31888413375287206,0.08853885582418891,2389.0,1462.0,0.2232296360144681,0.1826561561929169,0.11768239216002159,0.510833753380991,0.2797983545107155,-0.047029393379056955,-1.0803303146129497,-0.020888872902630473,-0.05258025578655992
2018-02-26,5594,0.2454562471479209,0.22935287808366106,0.3131074306586219,0.13425060206183037,3381.0,2149.0,0.2321952442347392,0.1657293129485173,0.11136088607593715,0.49246143883276994,0.2797983545107155,-0.03434210736279461,-0.79648610694054,-0.02666557599688063,-0.012238766586185862
2018-03-05,6061,0.2457315871474972,0.22669526480778748,0.31730460642997266,0.13879533085188306,3469.0,2512.0,0.2370565651967904,0.16558305272253837,0.11229299229107682,0.49603706304971334,0.27001009836501094,-0.024278511217513732,-0.5777431649240089,-0.022468400225529872,-0.007694037796133174
2018-03-12,2201,0.2797983545107155,0.2739663789186733,0.33977300665550253,0.16618330572620427,1413.0,761.0,0.27119348979750135,0.16183040939992474,0.20270463735202005,0.4493486260788355,0.2682458579929888,0.011552496517726718,0.27497461918897526,0.0,0.027387974874321208
2018-03-19,6664,0.2682458579929888,0.2540516206482593,0.3240564195486663,0.1776316767799278,3926.0,2622.0,0.2582262472021349,0.18033339464818274,0.13282162890507362,0.46164456611713156,0.2582139859329312,0.010031872060057567,0.23965010070337958,0.0,0.04194757836816937
2018-03-26,4897,0.2238284615749957,0.2107412701654074,0.29640702607156305,0.10415153298080206,2986.0,1876.0,0.2163486273528326,0.13783512328809772,0.11498091163386434,0.553235178921029,0.2582139859329312,-0.034385524357935515,-0.8304145355414205,-0.027649393477103268,-0.03153256543095638
2018-04-02,4537,0.24776811202500917,0.23209169054441262,0.3127412808454587,0.12746663928569563,2926.0,1585.0,0.2409746656325704,0.14903524675400767,0.1445224939861719,0.4975665876851145,0.2582139859329312,-0.010445873907922038,-0.2521024479319925,-0.011315138703207606,-0.006783962776134744
2018-04-09,6262,0.30677315526824395,0.2987863302459278,0.38794557410003105,0.18197386689986028,3687.0,2518.0,0.2965829762801497,0.18049409658880383,0.14685132215996768,0.4153684170735082,0.2682458579929888,0.03852729727525517,0.930231558263296,0.048172567444528525,0.04568295939533612
2018-04-16,6596,0.27001009836501094,0.25970285021224987,0.3590857476376011,0.1513543503542678,3718.0,2816.0,0.2636820813531526,0.14636208974955245,0.16734853151400916,0.4817843888659655,0.2682458579929888,0.0017642403720221633,0.04249755627973432,0.019312740982098564,0.015063442849743647
2018-04-23,6051,0.2582139859329312,0.2411171707155842,0.34526664161293136,0.12405876361889118,3598.0,2408.0,0.2545334774795492,0.1486570380760935,0.13798420975360925,0.4656060910786017,0.26927781592023176,-0.011063829987300544,-0.26734174467963556,0.00032615195216850745,-0.012232143885632984
2018-04-30,5085,0.2072782532184686,0.19233038348082596,0.2813681214736987,0.09139337841831668,3041.0,2002.0,0.20423390566148852,0.12551944109683558,0.11305848550831674,0.5634332477626086,0.26927781592023176,-0.061999562701763156,-1.484656052097303,-0.06389852013923264,-0.03607326086737894
2018-05-07,6111,0.27405120046802306,0.26264113892979873,0.34494048966076285,0.16216729315111617,3662.0,2381.0,0.26326737622802826,0.1523518044876602,0.12374747813697719,0.49201472420776526,0.27001009836501094,0.0040411021030121175,0.09672766591180261,-0.014145257976838244,0.03470065386542054
2018-05-14,6280,0.27524563321627965,0.26671974522292996,0.3677681464994807,0.12515656155740107,3782.0,2414.0,0.26604078375470414,0.16138944388886284,0.16400751126863383,0.45935495857091524,0.27405120046802306,0.0011944327482565908,0.028367538817084332,0.003910774031033404,-0.011134345947123092
2018-05-21,5884,0.26927781592023176,0.25526852481305234,0.3638573724684473,0.13629090750452416,3390.0,2451.0,0.25857354142159583,0.148305106980615,0.1274447411974293,0.4738505647499459,0.27524563321627965,-0.005967817296047895,-0.14281304800128886,-0.003910774031033404,0.0
2018-05-28,4121,0.24171023387317264,0.2322251880611502,0.33021374468113296,0.10549264345142997,2438.0,1649.0,0.2379896735191233,0.16454780870648333,0.15724933490625387,0.5135501813163492,0.27524563321627965,-0.03353539934310701,-0.8133642314856596,-0.03755440181834774,-0.030798264053094188
2018-06-04,2176,0.34362378681244615,0.34191176470588236,0.44001757803508285,0.1794401217634097,1329.0,819.0,0.3294966703009884,0.16614921629832893,0.1565596547013282,0.4201357508671422,0.2761933432156555,0.06743044359679068,1.7043316160337743,0.06913511785047072,0.04314921425888554
2018-06-11,5892,0.30942826632783954,0.2997284453496266,0.43173836782714825,0.12683369477018527,3455.0,2384.0,0.3030641103660952,0.1757795379263332,0.1641583385235881,0.44363517751365594,0.30942826632783954,0.0,0.0,0.0177665308140057,-0.03236409334497242
2018-06-18,6777,0.3942915510915105,0.39545521617234763,0.5062437631479428,0.18520118245483452,4306.0,2404.0,0.3946895992640481,0.21524598967619005,0.21801998874498812,0.3328170479364337,0.30942826632783954,0.08486328476367094,2.1021540357863846,0.09227192613480029,0.026003394339676827
2018-06-25,6704,0.33276988573225524,0.3342780429594272,0.43583591484598555,0.1591977881151577,4140.0,2503.0,0.3138183216443635,0.17199508652227447,0.1584190662717169,0.39988679684763734,0.30942826632783954,0.023341619404415703,0.5677899960237391,0.021864077832843,0.022906880610633534
2018-07-02,3784,0.2761933432156555,0.2711416490486258,0.37088246018461213,0.11271855914360081,2354.0,1385.0,0.2695090926880407,0.1520018489449531,0.14394406640193824,0.4975160865642792,0.30942826632783954,-0.03323492311218407,-0.8643561859221336,-0.043089376828530424,-0.023572348360923354
2018-07-09,6377,0.3538987556420502,0.3515759761643406,0.4797100339454722,0.16089670316896307,3801.0,2498.0,0.339401799624706,0.18083828578386774,0.14534293221225367,0.3918305792798613,0.30942826632783954,0.04447048931421066,1.1607534783555629,0.06573819693232963,0.034063008398777794
2018-07-16,6478,0.3883604319591415,0.39008953380673045,0.4867057829684434,0.21603986551271515,4019.0,2353.0,0.371211677475701,0.197319684660687,0.150403354456907,0.3642536773141928,0.30942826632783954,0.07893216563130195,1.852531689728178,0.07273394595530086,0.08920617074252987
2018-07-23,5918,0.31468924341487897,0.305677593781683,0.41397183701314255,0.16552221778841114,3464.0,2386.0,0.2995538234928023,0.16033683448224811,0.14395625148098834,0.43705442536203837,0.30892826950715563,0.0057609739077233435,0.1397000450407097,0.0,0.03989501689469069
2018-07-30,5055,0.2828562871558531,0.27359050445103855,0.38055700859221775,0.12562720089372045,3003.0,1966.0,0.2721798234412854,0.15947429711910188,0.12832721002965533,0.4724514882490186,0.2828562871558531,0.0,0.0,0.0,0.0021549723664297388
2018-08-06,4596,0.2726527803921561,0.26675369886858136,0.36408281514480606,0.12347222852729071,2786.0,1765.0,0.26330348647621465,0.15335276598655687,0.13413524274640126,0.4956822788575462,0.2813191632173187,-0.008666382825162577,-0.20332244023343227,-0.006870011988460212,0.0004469645135337652
2018-08-13,4399,0.2445953385097278,0.23027960900204592,0.33516253757349057,0.11931672582140579,2483.0,1868.0,0.23739767297518052,0.14425516592931054,0.13787338649293027,0.5186575369518373,0.2813191632173187,-0.03672382470759089,-0.848019915731174,-0.0357902895597757,-0.00370853819235116
2018-08-20,5371,0.2813191632173187,0.26419661143176315,0.3704627587949683,0.12004024104363316,3351.0,1943.0,0.2672769874486926,0.1589118058706461,0.1780283648131082,0.4455358424197776,0.2828562871558531,-0.0015371239385343904,-0.035515150277567804,-0.010094249797249433,-0.003431987483657556
2018-08-27,4057,0.27093791315999616,0.25486812915947743,0.37095282713326627,0.10913171550221483,2397.0,1589.0,0.2613191854837471,0.15065573131885276,0.1633262469442201,0.47766695264503056,0.2813191632173187,-0.010381250057322544,-0.24103611952794127,0.0,-0.014340513025075885
2018-09-03,5252,0.30892826950715563,0.30045696877380046,0.4460758774967468,0.12302526401375695,2911.0,2254.0,0.2980479502017338,0.16122811083795016,0.13098808583485705,0.43257737572431515,0.2813191632173187,0.027609106289836927,0.6466026573344148,0.07512305036348055,-0.0004469645135337652
2018-09-10,6053,0.22352771917962716,0.20254419296216752,0.3306541444818461,0.10863230344919007,3001.0,2983.0,0.22491093113136507,0.2136105204632439,0.18085658852923056,0.428811325560012,0.2813191632173187,-0.05779144403769154,-1.3575191152712345,-0.04029868265142017,-0.014839925078100641
2018-09-17,5454,0.2479265334471742,0.2346901356802347,0.3617130545682325,0.0987204676815888,3005.0,2387.0,0.23912622624208046,0.16379797247427658,0.15208501691949122,0.4719256914799967,0.2726527803921561,-0.024726246944981933,-0.5804649828171167,-0.008749704226735822,-0.024304796332168144
2018-09-24,5986,0.28896062140094914,0.27447377213498164,0.38477310909122825,0.14447515834358426,3510.0,2416.0,0.2689316947419368,0.15475509969720314,0.12026053411958287,0.44349418702143883,0.27093791315999616,0.018022708240952978,0.4153006388875582,0.014310350296259933,0.023028651842368908
2018-10-01,5586,0.28474166871468987,0.2699606158252775,0.39589095673606073,0.1352819597572292,3126.0,2377.0,0.2726982365422534,0.1574342175805491,0.14341473641995084,0.4507458169123967,0.27093791315999616,0.013803755554693709,0.32080758401751974,0.025428197941092412,0.013835453256013847
2018-10-08,5131,0.24553167766032338,0.2313389202884428,0.31994789929689,0.12890861705640647,2918.0,2117.0,0.23897163274240013,0.1765278505933816,0.13709352928987184,0.5020306947633996,0.2630308730268166,-0.01749919536649322,-0.4072168483268505,-0.0417651552713425,0.005883353042649517
2018-10-15,4822,0.2998727819978324,0.29593529655744505,0.404657648977808,0.127475001767248,2872.0,1880.0,0.2893615541911106,0.15675774849075375,0.1403566515588865,0.470978214172067,0.2630308730268166,0.0368419089710158,0.8619687598038863,0.06401592547922719,0.0
2018-10-22,5267,0.304327784915539,0.29808239984811086,0.387944829100154,0.18820370198404246,2957.0,2239.0,0.291037608636941,0.2171106627157928,0.1645029512904542,0.44029318040961096,0.2578293421299599,0.04649844278557913,1.080193326801845,0.05662647330103221,0.06072870021679447
2018-10-29,4872,0.2578293421299599,0.24568965517241378,0.3406417234985808,0.12144650650121536,2919.0,1891.0,0.24450066908653015,0.1499515503250393,0.1287725034973864,0.5099955398455753,0.2630308730268166,-0.00520153089685671,-0.1177917280240877,0.0,-0.007462110555191109
2018-11-05,4201,0.23223830577694599,0.22232801713877648,0.2975420524963219,0.09270851659721167,2797.0,1348.0,0.21756173942428303,0.1487835995959137,0.1335532940271067,0.5258684263040792,0.27005094734658425,-0.03781264156963826,-0.8714474611402527,-0.04309967100225892,-0.0368629845919269
2018-11-12,4065,0.24761459106209413,0.23419434194341943,0.31331662333578647,0.11751498354539222,2604.0,1405.0,0.23574171335817867,0.16742233464094555,0.13793279982480103,0.48605611425026024,0.27005094734658425,-0.022436356284490117,-0.5142725465526613,-0.027325100162794325,-0.01205651764374635
2018-11-19,3132,0.2630308730268166,0.2515964240102171,0.31608501029973635,0.1401932231103587,2056.0,1011.0,0.2519229731820155,0.151805432439909,0.13351235199287906,0.528381454120961,0.27005094734658425,-0.007020074319767644,-0.16090762948286935,-0.023467541425153615,0.010621721921220129
2018-11-26,5475,0.27005094734658425,0.2602739726027397,0.3313183557991218,0.12957150118913857,3651.0,1743.0,0.26002270689718937,0.1717579975684671,0.18284841825207482,0.46314967665931883,0.2998727819978324,-0.029821834651248158,-0.6830564395078933,-0.009323367699459018,-0.010621721921220129
2018-12-03,4250,0.24293530252011603,0.22941176470588234,0.30849103730808136,0.11418052661098319,2692.0,1449.0,0.23860276349820198,0.15873551641349845,0.1757146622661282,0.4864127282836639,0.3016578189939117,-0.05872251647379567,-1.345936712663237,-0.03215068619049943,-0.04883465023589842
2018-12-10,5855,0.3076379911718774,0.30111016225448334,0.373375716909712,0.1630151768468816,3919.0,1864.0,0.2950745823831289,0.18049748245810407,0.1619837840739876,0.43691203354247055,0.3016578189939117,0.0059801721779657036,0.1378321049766648,0.0327339934111312,0.0
2018-12-17,5529,0.3893159624930878,0.3888587448001447,0.471057240317907,0.2337484257412875,3555.0,1908.0,0.375127827715473,0.17928689174962326,0.17989697407908856,0.36151590043988646,0.3016578189939117,0.08765814349917611,2.0132238621910146,0.13150468859301706,0.033091900599447416
2018-12-24,2065,0.3527936967549796,0.35786924939467313,0.43570504139411403,0.2006565251418401,1306.0,727.0,0.34903507430183073,0.14096626618157704,0.21185086407511525,0.4514062906570336,0.3016578189939117,0.05113587776106793,1.2175330820534542,0.09615248966922407,0.0
2018-12-31,4940,0.3016578189939117,0.301417004048583,0.33955255172488996,0.21092078914402945,3370.0,1521.0,0.2813650880885586,0.10652921673750339,0.13252274750162535,0.5108332464171702,0.3016578189939117,0.0,0.0,0.0,0.0
2019-01-07,9066,0.4411283543109415,0.44915067284359145,0.5108890876249882,0.2770594336458337,6251.0,2739.0,0.4329823453631437,0.21203268531278663,0.22209287202350397,0.3100597339411801,0.3016578189939117,0.1394705353170298,3.3218459548657746,0.17133653590009823,0.06613864450180423
2019-01-14,9076,0.3914808346222667,0.3899294843543411,0.44174907454113566,0.27231256611549826,6220.0,2753.0,0.38121533510588157,0.1735751265516782,0.2045342280522667,0.35409036597566174,0.3048850833683566,0.08659575125391006,2.070237804225395,0.1021965228162457,0.056297311882708284
2019-01-21,8051,0.3846419655896979,0.3874052912681654,0.43475050213614214,0.2686356741373515,5482.0,2478.0,0.3704269131914627,0.17129332139424552,0.2075809955819835,0.3713856233634555,0.3048850833683566,0.07975688222134125,1.9675478429122608,0.09519795041125217,0.034887248396064
2019-01-28,7854,0.28562687959421573,0.2719633307868602,0.31608809196597937,0.21601525423278997,5147.0,2627.0,0.272686302168724,0.1711355325548789,0.13774725014474531,0.44495715315371653,0.3039902637139019,-0.018363384119686188,-0.4509091965609954,-0.023464459758910594,-0.01773317150849754
2019-02-04,10958,0.25326276996289315,0.2359007118087242,0.29446768559678843,0.1755000156938428,6858.0,3974.0,0.24190418766598165,0.1469101088930555,0.14134990655061358,0.4810003121969283,0.3016578189939117,-0.048395049031018544,-1.188320747200541,-0.03641462238914822,-0.040515238538947174
2019-02-11,9110,0.29839995703639505,0.2881448957189901,0.31908156824106937,0.24587727896725015,6106.0,2907.0,0.2879289306229968,0.19058939770122726,0.16992868876895376,0.4293891087593306,0.3016578189939117,-0.00325786195751665,-0.07999355893632729,-0.011800739744867283,0.013277368047256322
2019-02-18,5389,0.2611490171241107,0.25496381517906846,0.29980611683782205,0.17246409480315236,3603.0,1705.0,0.2474615919370205,0.1507641176502522,0.10966704974179449,0.5287841712096994,0.29839995703639505,-0.03725093991228434,-0.9225654159031837,-0.019275451403247323,-0.07282754815960119
2019-02-25,9333,0.3048850833683566,0.29326047358834245,0.33088230798593665,0.25501780503561355,5903.0,3312.0,0.28880777158326887,0.17387286152091022,0.12593923262863804,0.44765473718490606,0.29635494003480944,0.00853014333354718,0.2112072475649167,0.01209937471611816,0.009726162072860006
2019-03-04,9018,0.28276880413984634,0.2695719671767576,0.2846346035572573,0.27635457946624725,5886.0,3055.0,0.26369698204387854,0.14800465649298403,0.12074511003314732,0.47310391006899666,0.29611327639925306,-0.013344472259406714,-0.32464933383215666,-0.03344956817493566,0.04375466854625343
2019-03-11,9078,0.3039902637139019,0.2973121833002864,0.352666019825564,0.19733326744351107,6070.0,2902.0,0.2907440485977503,0.17219270872519812,0.1545546746852361,0.4588888110599117,0.28562687959421573,0.018363384119686188,0.44479536715053375,0.036577927859584636,-0.018681986789278904
2019-03-18,6795,0.24291522290463052,0.22663723325974983,0.2734548945698971,0.17109149383039607,4493.0,2226.0,0.22391768126084446,0.13958447487991252,0.11299977759077509,0.513856263678573,0.29611327639925306,-0.05319805349462253,-1.3127200302846596,-0.044629277162295866,-0.061508417089597756
2019-03-25,8979,0.30272742889731086,0.29156921706203365,0.335281895745002,0.23259991091999382,5825.0,3036.0,0.2814801091902159,0.1405198244888129,0.13205890382807783,0.45961455395486717,0.29611327639925306,0.0066141524980578015,0.16384911831936533,0.017197724012809057,0.0
2019-04-01,8225,0.29611327639925306,0.2853495440729483,0.3187829332698185,0.24529164296275355,5410.0,2733.0,0.2814109859333054,0.18048833566123343,0.14742896255400134,0.4364656983851243,0.29611327639925306,0.0,0.0,0.0006987615376255474,0.04051460564278031
2019-04-08,8115,0.29635494003480944,0.2910659272951325,0.31808417173219294,0.24985840255304867,5231.0,2803.0,0.28207476543244236,0.16281283109853972,0.13077564803247632,0.46037986655165836,0.29635494003480944,0.0,0.0,-0.0006987615376255474,0.03948791071809146
2019-04-15,6701,0.26487260301279286,0.24757498880764064,0.2994205146831788,0.18968082023841856,4320.0,2274.0,0.2541085636804575,0.1540396353069703,0.14536845521434894,0.481898059461551,0.29611327639925306,-0.031240673386460194,-0.7528220579699595,-0.018663657049014126,-0.015096217081554675
2019-04-22,6302,0.22866074555013796,0.21516978736908918,0.26051937401071434,0.16194949724611482,4021.0,2198.0,0.21993271351327293,0.16429731425012292,0.13244313400422594,0.5314024341625484,0.29611327639925306,-0.0674525308491151,-1.6353639907945985,-0.0575647977214786,-0.04003749134984427
2019-04-29,4885,0.31177014717079143,0.30849539406345955,0.34251554478081553,0.23852090256521907,3138.0,1629.0,0.29920762623159813,0.19395005397885626,0.16802442837592324,0.4461491910164495,0.27415487347598627,0.03761527369480516,0.9195447453184349,0.04309503009763671,0.033743865245245835
2019-05-06,9498,0.26934105595663504,0.2618445988629185,0.2985912750473514,0.20477703731997324,6131.0,3256.0,0.2593467933880618,0.16413954976555073,0.14212072855220498,0.5025730585345732,0.29611327639925306,-0.02677222044261801,-0.6527927115850728,-0.019492896684841554,-0.00559345451498397
2019-05-13,9368,0.29699471346460055,0.2905636208368915,0.3389988211849823,0.2019869885959591,6104.0,3137.0,0.27559970218036484,0.167330936921731,0.1342294395166186,0.46672724244597563,0.29611327639925306,0.0008814370653474901,0.021325927290518135,0.02091464945278937,-0.008383503238998113
2019-05-20,8876,0.2963878486129777,0.2867282559711582,0.3340659667788053,0.2103704918349572,5882.0,2891.0,0.2788724854118231,0.17210611060842806,0.14265941710127605,0.4631212749804115,0.27415487347598627,0.022232975136991406,0.5396043746653217,0.024352540051162164,0.00559345451498397
2019-05-27,6781,0.2423443563433979,0.23020203509806814,0.2761648724947764,0.1618246888864545,4430.0,2262.0,0.2345878340072063,0.1604503232614497,0.1579536435101195,0.5064827314028418,0.27415487347598627,-0.03181051713258837,-0.7705471643455001,-0.033548554232866734,-0.04295234843351875
2019-06-03,8937,0.24791184998118637,0.23598522994293386,0.26630154212223955,0.19653538012657856,5954.0,2829.0,0.2369299907496982,0.1760189887025498,0.14367140861347116,0.5104554453206348,0.2963878486129777,-0.048475998631791306,-1.1091612072838803,-0.06607591999719398,-0.013835111708378645
2019-06-10,9685,0.27415487347598627,0.2614352090862158,0.29645590279976797,0.22204116390054895,6329.0,3220.0,0.260581726232658,0.16593617525290183,0.14175731555924634,0.47567640816940454,0.29699471346460055,-0.022839839988614274,-0.5317362975374909,-0.03761006397903732,0.0
2019-06-17,9311,0.3064771275360715,0.2974975835033831,0.33237746211943353,0.23785830271604144,6303.0,2861.0,0.29175566725552704,0.1939023042705533,0.15158885431328603,0.42770128915068983,0.29699471346460055,0.009482414071470935,0.2204488333469127,-0.001688504659371759,0.02475071374785956
2019-06-24,9675,0.317387251366286,0.3110077519379845,0.3462604014146077,0.24554087713330525,6468.0,3016.0,0.29674755903066785,0.18182529912720066,0.14671650671975286,0.43564489240659454,0.29699471346460055,0.020392537901685437,0.49292488702169857,0.012194434635802387,0.032433288165123364
2019-07-01,5762,0.26929175179700293,0.2631030892051371,0.3097134267276431,0.17407345391274792,3880.0,1796.0,0.257236302705095,0.14580777084287766,0.12642909231583088,0.5389170822620694,0.3033663984582106,-0.034074646661207686,-0.7757926664658924,-0.024352540051162164,-0.03903413505543396
2019-07-08,9456,0.33910587848969886,0.33428510998307953,0.38555454925057775,0.22962698567808673,6349.0,2980.0,0.3287422483026203,0.21039642160792849,0.16113463233789593,0.39235250127701526,0.3033663984582106,0.03573948003148825,0.8136966697676123,0.04321747929025188,0.01651939670990485
2019-07-15,8586,0.3295392691993085,0.32168646634055437,0.34408934376586203,0.28735005756089554,5663.0,2777.0,0.31088364455483825,0.16569686549243962,0.14548751710191232,0.4293665413801369,0.3033663984582106,0.026172870741097864,0.6693155532927708,0.0017522738055361642,0.07424246859271366
2019-07-22,8630,0.33260128502307734,0.326882966396292,0.3616161778411273,0.2659587916673275,5690.0,2815.0,0.3096366820498645,0.17273226049947224,0.1305507166488668,0.42396994154573325,0.3033663984582106,0.029234886564866724,0.7921122805862504,0.01927910788080145,0.052851202699145616
2019-07-29,6936,0.30601998801253044,0.2982987312572088,0.3452697431996269,0.21310758896818188,4470.0,2335.0,0.2948747718217434,0.2141227409572353,0.18288059394246434,0.4303328119669979,0.3033663984582106,0.002653589554319824,0.07503842811918503,0.00293267323930102,0.00478360914748352
2019-08-05,6165,0.2889256601921673,0.28029197080291973,0.32874471545354633,0.17967439260019633,4305.0,1761.0,0.2740774410333415,0.22368058129806684,0.15264568907138495,0.45283480453688657,0.29779771948508355,-0.008872059292916235,-0.2439861811854573,-0.013592354506779536,-0.028649587220502037
2019-08-12,5977,0.3033663984582106,0.298142881044002,0.3446249727648446,0.18194359749953282,4223.0,1658.0,0.28908577177389055,0.1977500684986052,0.143340447909556,0.4627368959888999,0.29779771948508355,0.0055686789731270725,0.155089231149725,0.0022879028045187377,-0.026380382321165546
2019-08-19,5692,0.292397754503452,0.2886507378777231,0.34233706996032587,0.16894187216501547,3770.0,1806.0,0.28217515471014726,0.1792851424107959,0.14378820344956575,0.48308737934097445,0.29779771948508355,-0.005399964981631533,-0.15036606735573002,0.0,-0.044165716803166416
2019-08-26,6489,0.24336089918972334,0.2322391739867468,0.29281119416442997,0.13721892115540427,4048.0,2313.0,0.23964070863398887,0.18625934635851482,0.14714723066905463,0.49562540784109904,0.29779771948508355,-0.054436820295360205,-1.525092850494215,-0.03958246284999467,-0.07588866781277762
2019-09-02,6118,0.25936590183943226,0.2456685191238967,0.3116895661697759,0.141916083788672,3983.0,2027.0,0.25710949085420837,0.1953149049599701,0.15017034893165257,0.4593074866470824,0.29779771948508355,-0.03843181764565129,-1.0727902629734636,-0.017055149283770443,-0.0711915051795099
2019-09-09,9056,0.28435845779179547,0.2741828621908127,0.3209256760842835,0.20832397982069836,5689.0,3207.0,0.2735144672145065,0.21633813337162414,0.19232247558305354,0.41885045540130117,0.29779771948508355,-0.013439261693288074,-0.3744720020124341,-0.007819039369262815,-0.00478360914748352
2019-09-16,8971,0.29779771948508355,0.29260951956303644,0.33239365701442464,0.22049662775900308,5848.0,2965.0,0.28440547621948165,0.17866276795403843,0.16132576107120689,0.45005390749184415,0.29779771948508355,0.0,0.0,0.008490286576684991,0.0
2019-09-23,9105,0.37094198160614045,0.3686985172981878,0.39205204863344484,0.31928155326655994,5973.0,2968.0,0.3475909503356322,0.17732921171979954,0.13893111205533482,0.38139843930690287,0.29779771948508355,0.0731442621210569,2.0463447351359636,0.07027196204418357,0.07047088173656454
2019-09-30,6948,0.29246946669666357,0.2856937248128958,0.30426802837987854,0.265918869717083,4610.0,2252.0,0.2782341877824107,0.16070696977056964,0.13708765030461623,0.4779430885167758,0.29779771948508355,-0.005328252788419974,-0.14916809238810716,-0.01751205820938273,0.0
2019-10-07,7475,0.326727811208923,0.3272240802675585,0.32178008658926127,0.32428231034302557,4954.0,2378.0,0.3104464475821118,0.18278625771334786,0.14164025475990563,0.43954602691902467,0.3061749866468005,0.02055282456212254,0.5739856967660809,0.0,0.018125852841801737
2019-10-14,9331,0.32001385653704684,0.3143285821455364,0.32390337043773965,0.30615645750122383,6312.0,2855.0,0.30520260982257724,0.16817738923366246,0.1770324306576017,0.41342350704877506,0.3061749866468005,0.013838869890246353,0.38541337378753526,0.0021232838484783745,0.0
2019-10-21,11927,0.3457671326561571,0.3366311729688941,0.336296172509523,0.35727055832973337,7695.0,4083.0,0.3278798929682226,0.19260082711627138,0.1506035506272495,0.37974272110005397,0.32001385653704684,0.02575327611911027,0.7163356755783142,0.012392802071783338,0.03798900506317343
2019-10-28,12050,0.3061749866468005,0.2937759336099585,0.28274671665087137,0.3463264791835259,7821.0,4085.0,0.2913219320249678,0.16974631285911262,0.1394014292390422,0.4033011434015652,0.326727811208923,-0.02055282456212254,-0.5893232043003431,-0.04419018341597897,0.02204416884050031
2019-11-04,9548,0.280118404580606,0.2736698785085882,0.2918077523964432,0.2488106715299954,6214.0,3176.0,0.26763825681983094,0.16069994619364233,0.1296307985734949,0.4773338730177537,0.33245285101729505,-0.05233444643668905,-1.5202325046146088,-0.035129147670407146,-0.0910799442414009
2019-11-11,12635,0.33245285101729505,0.32884843688167786,0.32693690006685033,0.3398906157713963,8095.0,4377.0,0.3179057473689391,0.1653295085740913,0.148440497931606,0.41583368879653365,0.326727811208923,0.005725039808372023,0.16691442513960003,0.0030335296291106872,0.0
2019-11-18,13474,0.3547679177152663,0.3490426005640493,0.3400068250260376,0.3782787703689599,8633.0,4674.0,0.33990161649427847,0.17247586610276489,0.1456554160056354,0.35951867350781497,0.33245285101729505,0.02231506669797123,0.6471552905010003,0.01306992495918724,0.03195229118543402
2019-11-25,6294,0.24006655474355718,0.22878932316491898,0.254322943618042,0.19590265437223037,4191.0,1995.0,0.22593251685360355,0.14954253137883328,0.12664207506090022,0.528541187286033,0.3457671326561571,-0.10570057791259993,-3.077814838119964,-0.08197322889148101,-0.15067371976108607
2019-12-02,12399,0.36780414451865723,0.36793289781433985,0.36595131315267615,0.36615102020109874,7790.0,4454.0,0.34674338414380707,0.18121520789707138,0.16464658352985126,0.37630167368551426,0.3491729292873027,0.018631215231354525,0.5435648192158439,0.025944488126638576,0.01957464606778231
2019-12-09,14605,0.37380512354432205,0.36980486134885315,0.3516645378823349,0.4066805599394729,9217.0,5220.0,0.3479216100670045,0.15407799970950373,0.14167078232057254,0.3814530280941427,0.3547679177152663,0.01903720582905577,0.5300132460244749,0.009811498654192452,0.06010418580615645
2019-12-16,13095,0.3744801476008908,0.3697594501718213,0.3418530392281425,0.4179757364871626,7800.0,5148.0,0.34744948851066965,0.1378636572691539,0.13426718242994876,0.399016188330676,0.3552880290491531,0.019192118551737747,0.5354630848906433,-0.006972268232349921,0.05897064265671842
2019-12-23,3995,0.23743285214358262,0.22703379224030037,0.236491692445518,0.22517698717345216,2494.0,1409.0,0.22576135420805782,0.1470842288564005,0.1431813401881097,0.5619925778514201,0.3552880290491531,-0.11785517690557046,-3.285255938317225,-0.11517284543681694,-0.133828106656992
2019-12-30,4892,0.3552880290491531,0.36815208503679475,0.3488253074604924,0.35900509383044416,2977.0,1805.0,0.32917197563280737,0.2585503076213067,0.13792458355357493,0.4135411467940226,0.3552880290491531,0.0,0.0,-0.0028392304218425313,0.0
2020-01-06,8534,0.35708118868271577,0.3536442465432388,0.35981838689179285,0.34657637413331643,5097.0,3291.0,0.3291545075753244,0.25835567899495765,0.1413318796721965,0.3566621565596116,0.3552880290491531,0.001793159633562691,0.049524283636011364,0.008153849009457925,0.0
2020-01-13,8718,0.3491729292873027,0.3441156228492774,0.36658316003679065,0.30656567514452715,5566.0,3004.0,0.32667046200922456,0.16870405090533505,0.14035143806492467,0.4098779800145332,0.3552880290491531,-0.006115099761850373,-0.17063266164047663,0.014918622154455718,-0.040010698988789284
2020-01-20,9510,0.3849955404320532,0.38633017875920084,0.3915944160077496,0.37086853088475175,5939.0,3419.0,0.3591715889439363,0.14045688029005046,0.13603288584494558,0.38352497665962687,0.3491729292873027,0.035822611144750494,1.0001444543373976,0.040575296787531634,0.0643028557402246
2020-01-27,11038,0.3829034718762139,0.3833121942380866,0.3912297222491209,0.36338296270726417,6986.0,3884.0,0.3629866529813903,0.18347526973407546,0.15803001106505418,0.345913829395304,0.3280254873201344,0.05487798455607945,1.5295216960933196,0.0424044147886285,0.09440889847033523
2020-02-03,12410,0.3280254873201344,0.3249798549556809,0.3612915952744278,0.26897406423692893,7585.0,4651.0,0.30770565242398495,0.14725169734340793,0.15015159957013322,0.43102997181937847,0.3208874432780255,0.0071380440421089375,0.19793073722080604,0.012466287813935384,0.024769429086135997
2020-02-10,9813,0.3208874432780255,0.3153979415061653,0.35101911922021795,0.24420463515079294,6739.0,2929.0,0.30935932777751407,0.16896343444744336,0.15312187915538247,0.43963353245743175,0.3208874432780255,0.0,0.0,0.00219381175972555,0.0
2020-02-17,6262,0.26598901910599826,0.2572660491855637,0.2821615612132423,0.22321881158701296,3892.0,2208.0,0.2552474040386521,0.14257725330426751,0.12211461772070499,0.5131399683521645,0.28689712624317854,-0.020908107137180276,-0.5747058336434535,-0.026224630659817283,-0.014539497666763074
2020-02-24,9794,0.28689712624317854,0.27812946702062485,0.3083861918730596,0.23775830925377603,6353.0,3240.0,0.27788981065828844,0.20278969405550637,0.1409953008129149,0.436714598994127,0.26598901910599826,0.020908107137180276,0.5710070372268109,0.026224630659817283,0.005179178808646601
2020-03-02,10065,0.22374020874254144,0.2042722305017387,0.23488456150376275,0.19682526399979158,6293.0,3562.0,0.21749498719368934,0.2112846130048796,0.11381916974056318,0.4527064933789495,0.2459079546676577,-0.02216774592511625,-0.6187668897730302,0.0,-0.035753866445337845
2020-03-09,12019,0.21023203864384388,0.17430734670105666,0.22866273078553986,0.17173894833440906,7761.0,4101.0,0.21648934190915867,0.259142101283388,0.13404895566887853,0.34105904936856796,0.2337191669472578,-0.02348712830341393,-0.6629211058344613,-0.006022394155791033,-0.05567937771455356
2020-03-16,13917,0.1741535118329991,0.13300280232808795,0.18837102795477664,0.14769860910886298,8479.0,5288.0,0.18875977381811043,0.25845801103076177,0.15013244234533,0.31394543804226566,0.22374020874254144,-0.049586696909542344,-1.3848123735223783,-0.04480890594203765,-0.07552020247814997
2020-03-23,13633,0.21076879107857108,0.18095796963250935,0.19332282450699306,0.23257913044512943,8378.0,5123.0,0.21684453181188335,0.22305295189498553,0.15476941847599218,0.3516027705722151,0.22374020874254144,-0.012971417663970364,-0.3583463174449537,-0.03985710938982123,0.013285678169219384
2020-03-30,12247,0.1991073500845889,0.1700008165264963,0.21306586590756404,0.16833652375363542,7706.0,4390.0,0.20939563077232587,0.21468687085338978,0.15101106966151173,0.37152472193005126,0.22374020874254144,-0.024632858657952533,-0.7102599168428612,-0.02011406798925025,-0.050956928522274625
2020-04-06,11235,0.19731804880124576,0.16973742768135291,0.2080054581404512,0.17514357683017573,7057.0,4108.0,0.20751235540355273,0.20890321757751765,0.15645749015886126,0.3981896509460543,0.22374020874254144,-0.02642215994129568,-0.7618852084257439,-0.025174475756363085,-0.044149875445734316
2020-04-13,11749,0.2459079546676577,0.2198484977444889,0.2331799338968143,0.26476248557740584,7330.0,4335.0,0.2558426434512338,0.21248563906490275,0.17104133936839794,0.33668896547181065,0.22374020874254144,0.02216774592511625,0.6395816341934175,0.0,0.04546903330149579
2020-04-20,11585,0.2337191669472578,0.21044454035390592,0.2346851249413309,0.22741832604896262,7535.0,3958.0,0.24116342206834063,0.19980827203968257,0.17034359099524296,0.38817804508652004,0.2337191669472578,0.0,0.0,0.0015051910445166017,0.0
2020-04-27,10638,0.21655619629558254,0.19054333521338598,0.22316767981280503,0.19706245109931725,6902.0,3651.0,0.2262641712371838,0.20295295134137895,0.1644811808336232,0.37439270798654634,0.2358431374791695,-0.019286941183586953,-0.544905623963641,-0.011517445128525872,-0.03551667934581218
2020-05-04,11506,0.2358431374791695,0.21580045193811925,0.24242079220730575,0.21929345227591004,7343.0,4060.0,0.24194070095639605,0.20155670405988377,0.17181022250209754,0.41627002564209015,0.2459079546676577,-0.010064817188488201,-0.2852304766462377,0.0032548766920777183,-0.035871388500797824
2020-05-11,11183,0.2762529678458659,0.2581597066976661,0.23916591551522803,0.33740841356494095,7082.0,3999.0,0.2799892582808036,0.2056252420191173,0.17473105655712096,0.3532727448561455,0.2551526358860249,0.021100331959841012,0.589167624109342,-0.00028568157726013843,0.07699430213133951
2020-05-18,9404,0.2551526358860249,0.23500638026371756,0.23945159709248817,0.2765915836389748,5940.0,3374.0,0.2591665976175045,0.20931662905700615,0.16853984426848648,0.3880074894455478,0.2762529678458659,-0.021100331959841012,-0.5864356582341314,-0.00296919511481758,0.011829098061568954
2020-05-25,9093,0.31202885567414534,0.3029803145276586,0.31850418487751103,0.2966742153985868,5706.0,3304.0,0.30808342533630795,0.21701003445463862,0.21568009181099312,0.36016185124331807,0.2950296496064696,0.016999206067675743,0.47448419158674715,0.01569186052312027,0.020082631759612002
2020-06-01,9774,0.3895262437740141,0.39124207080008183,0.41844261405913385,0.3181598149260216,6703.0,2997.0,0.3699321749217843,0.24835318743467752,0.20734046971722134,0.3055893266199552,0.30375744785573133,0.08576879591828279,2.547545576062149,0.10731265777864762,0.041568231287046786
2020-06-08,9187,0.3159599363129423,0.3095678676390552,0.3398463499465139,0.26041411143360144,6135.0,2973.0,0.30228270555924347,0.22041981432130625,0.16848445003716406,0.36680085345369984,0.3045280770634537,0.011431859249488585,0.34069883889410135,0.021342165069002883,-0.03626010396498536
2020-06-15,10626,0.2950296496064696,0.285055524185959,0.31112995628048623,0.25516484077670787,7190.0,3351.0,0.2785461264130961,0.17991498453368088,0.15329932639600227,0.39883257477992906,0.31202885567414534,-0.016999206067675743,-0.507573857734415,-0.007434617655890763,-0.046207770120032854
2020-06-22,10283,0.3623840094661145,0.35641349800641836,0.3566392792224099,0.3698566681245106,6715.0,3480.0,0.3489142140144629,0.21329097990124118,0.16730797129942135,0.3201552034071041,0.31202885567414534,0.05035515379196914,1.5092825418317695,0.028858355916401124,0.0684840572277699
2020-06-29,9990,0.3045280770634537,0.2960960960960961,0.30281232435439076,0.3017094020583699,6459.0,3441.0,0.29269191578228226,0.20726551335853607,0.14981710758946792,0.3975361959960263,0.3159599363129423,-0.011431859249488585,-0.3928978211611732,-0.037034025592123154,0.005035186659783086
2020-07-06,8927,0.3326106664803258,0.3212725439677383,0.3445471315880435,0.3013726108967407,6054.0,2802.0,0.3289179301499787,0.2271909861569233,0.17528552259540225,0.33319587142321905,0.3326106664803258,0.0,0.0,0.0002240265972311417,0.004698395498153929
2020-07-13,9998,0.30375744785573133,0.2930586117223445,0.318564573936377,0.2680235028798238,6790.0,3120.0,0.29933939479943683,0.21254559747386068,0.18732343959751752,0.3674146772863816,0.3326106664803258,-0.028853218624594446,-0.7927647921379658,-0.025758531054435374,-0.013839371301055059
2020-07-20,11569,0.3485708998458482,0.34263981329414817,0.3538642626711562,0.33300226862954657,7848.0,3632.0,0.33812220641678703,0.21561733257534732,0.16468206769108548,0.3515768464046012,0.3159599363129423,0.032610963532905934,0.831163161653422,0.014017912724642312,0.06364230121666498
2020-07-27,11493,0.338426305811325,0.3332463238492996,0.34432310499081237,0.3217213535915887,7960.0,3445.0,0.3368939384042178,0.20581988628243353,0.19028268872038143,0.33922386028750645,0.31424272728940955,0.02418357852191544,0.6099567969518589,0.009545631547099143,0.052361386178707114
2020-08-03,10330,0.30999385255135575,0.2984511132623427,0.3277809233060088,0.2665014359110361,6878.0,3336.0,0.3108372350266187,0.2176808475141007,0.1939357551742464,0.3468247852501859,0.31424272728940955,-0.004248874738053798,-0.1089330675728235,-0.006996550137704449,-0.002858531501845507
2020-08-10,9538,0.3438805152045383,0.33570979240931015,0.3733166700665437,0.2693599674128816,6522.0,2926.0,0.34033875379612377,0.21011144938807141,0.18198334955608186,0.34320059349060994,0.30999385255135575,0.03388666265318252,0.8684887671735855,0.04239979326010268,0.0013364645330578018
2020-08-17,10217,0.3388194659386148,0.3303317999412744,0.3609528593958065,0.28186287418087885,6915.0,3200.0,0.32893312883049136,0.18953388442808675,0.15320861445727285,0.3536507644981993,0.30999385255135575,0.02882561338725903,0.7347613738115919,0.030035982589365517,0.015361438269842764
2020-08-24,9747,0.31424272728940955,0.30645326767210423,0.3347774734437132,0.2623059534757104,6333.0,3304.0,0.3102885850389319,0.2223699714590888,0.17829239900941776,0.3741470013605244,0.30999385255135575,0.004248874738053798,0.10415395660864164,0.005139697052118919,-0.0041954824353256925
2020-08-31,7683,0.3054237293247262,0.29714955095665757,0.330916876806441,0.24861389785781732,4992.0,2611.0,0.30395152698329525,0.21851174929636852,0.18491340323670008,0.3748489456850023,0.3141502508323478,-0.008726521507621599,-0.21434084627825037,0.00127910041484669,-0.01788753805321877
2020-09-07,9202,0.2751835277610716,0.2601608346011737,0.2926104998762105,0.2343228856203708,6179.0,2947.0,0.2754231546742838,0.22980095900187722,0.21810812037463456,0.37217043465069866,0.3141502508323478,-0.038966723071276244,-0.9570996600632944,-0.03676839386889663,-0.0321785502906653
2020-09-14,11984,0.2721971062720612,0.26193257676902537,0.2920650562750209,0.2333920107484664,7481.0,4399.0,0.26358496743253274,0.1912534788913589,0.18475214143348012,0.42503877311541394,0.30999385255135575,-0.03779674627929458,-0.9321505157898311,-0.03686312603681413,-0.028913942727243985
2020-09-21,12575,0.3005452700839128,0.2889065606361829,0.3193603584829539,0.2566833220277904,8325.0,4132.0,0.29074658038342743,0.18318699967075383,0.16027281450637232,0.40275032355218654,0.3064109174298108,-0.005865647345898006,-0.1467001132136773,-0.009567823828881106,-0.0001851848880888296
2020-09-28,10895,0.3064109174298108,0.2939880679210647,0.328928182311835,0.2568685069158792,7195.0,3616.0,0.29857929916804493,0.20232215575714002,0.16395613198716086,0.3838672386280194,0.3054237293247262,0.0009871881050845799,0.02471660586078964,0.009567823828881106,0.0001851848880888296
2020-10-05,10514,0.31942983736359903,0.3121552216092829,0.3296377763915943,0.2913523650764405,6989.0,3418.0,0.31372820021397196,0.2038175356577014,0.1700217377776923,0.38184536087140425,0.3005452700839128,0.018884567279686237,0.45763894401312916,0.014465767139190233,0.03466904304865015
2020-10-12,9940,0.3141502508323478,0.30352112676056336,0.3151720092524041,0.30469600410481706,6486.0,3380.0,0.30923955702486167,0.17952597591605776,0.1507458418072248,0.378169373126693,0.2823466774735414,0.0318035733588064,0.7687418580348812,0.013719444521110014,0.04801268207702669
2020-10-19,11265,0.33025051840761643,0.3268530847758544,0.32937889374510715,0.327788997541475,7213.0,3944.0,0.3238044794039165,0.19754154853139583,0.16772590811247368,0.3666227535984557,0.28165432456783757,0.04859619383977887,1.1745074551428056,0.03676839386889663,0.0709204906255958
2020-10-26,11653,0.2823466774735414,0.26714150862438857,0.30145256473129406,0.23906578469003947,7689.0,3824.0,0.27803062352587693,0.1889478464224935,0.15024998218038826,0.4147952395431521,0.28165432456783757,0.0006923529057038524,0.01673392255315599,0.009387508456273175,-0.022154862441760903
2020-11-02,7872,0.21329900509117283,0.19194613821138212,0.19665406823738146,0.247381972093379,5361.0,2444.0,0.19870640393533476,0.13680779163680598,0.10248865447428533,0.4827304168967698,0.28165432456783757,-0.06835531947666473,-1.6392367597755164,-0.08813713527291317,-0.022716903057366872
2020-11-09,8910,0.25317222118355737,0.24231200897867564,0.2652371522780752,0.22519186209167608,5993.0,2860.0,0.24650524828941525,0.1795835339885485,0.145549879560569,0.46405209584648205,0.2799774788404705,-0.026805257656913106,-0.6350792106071806,-0.006503057773678156,-0.05321630041646058
2020-11-16,10364,0.28165432456783757,0.2660169818602856,0.28479120351029463,0.2700988751507459,6844.0,3450.0,0.2767169280720832,0.20961337109644593,0.16430326739130402,0.398472294242884,0.2799774788404705,0.0016768457273670934,0.039763229610445865,0.013050993458541271,-0.014456254387634981
2020-11-23,6634,0.22179112599283526,0.20500452215857703,0.20242701473392813,0.2612206471318004,4490.0,2089.0,0.218217575431116,0.17565132906433853,0.15257737323868362,0.49724687661431344,0.2799774788404705,-0.05818635284763521,-1.3397082080672973,-0.06931319531782523,-0.02333448240658048
2020-11-30,10597,0.27686051680780527,0.2601679720675663,0.2501260720066418,0.3275301074107598,7005.0,3528.0,0.26868870740601186,0.18526792663915545,0.16531897200782278,0.40860184314755643,0.2799774788404705,-0.0031169620326652048,-0.07130712599991508,-0.021614138045111586,0.04297497787237892
2020-12-07,12392,0.26100644527179484,0.24233376371852808,0.25019752095337433,0.27840816250813666,7996.0,4336.0,0.25475211285047616,0.18080803538875018,0.16599260156720472,0.4408186888669451,0.2773624632232177,-0.016356017951422885,-0.383961834953726,-0.02065275726833571,-0.006146967030244199
2020-12-14,6668,0.2799774788404705,0.2628974205158968,0.27085027822171004,0.30033143110039057,4522.0,2078.0,0.2754486230182186,0.20247169921123526,0.17099136380011123,0.4151639124713003,0.2773624632232177,0.0026150156172527472,0.06139856278701693,0.0,0.0032693945021234905
2020-12-21,8590,0.2773624632232177,0.25948777648428406,0.27174021005175336,0.28455512953838086,5852.0,2681.0,0.26717869101761166,0.13063903429683155,0.15472503855561012,0.4652355522850563,0.2799774788404705,-0.0026150156172527472,-0.06140950544100428,0.0008899318300433223,-0.01577630156200971
2020-12-28,6593,0.2960989285849773,0.2859092977400273,0.2911025456219733,0.2970620365982671,4136.0,2393.0,0.27770727749274876,0.12800151859114875,0.16446946069860094,0.44400809808065933,0.28165432456783757,0.014444604017139706,0.34328422256409225,0.019362335570219935,-0.030468070812492698
2021-01-04,11770,0.43707357963088966,0.4387425658453696,0.45391282095089425,0.40620942897981915,7523.0,4213.0,0.4101907852810025,0.26573406103824343,0.1817739160063209,0.2807139866553348,0.2799774788404705,0.1570961007904192,3.729182342543589,0.1830625427291842,0.07867932156905938
2021-01-11,9536,0.40549254635478416,0.40971057046979864,0.4263220308079569,0.35888895276677796,6501.0,3000.0,0.37831609533793426,0.23431951914417917,0.14962000993614463,0.3258388587448964,0.2960989285849773,0.10939361776980688,2.5961024583132626,0.15547175258624685,0.019035559024417725
2021-01-18,10335,0.2511766954518433,0.23812288340590226,0.20360824495131172,0.33985339374236023,6714.0,3566.0,0.23325827410156255,0.14449586825261462,0.12861498829741508,0.50806286000247,0.29800155361485803,-0.04682485816301474,-1.1169534762576954,-0.06724203327039832,-0.019035559024417725
2021-01-25,11000,0.312710933864286,0.3039090909090909,0.28051266142596504,0.3599708523876375,6579.0,4381.0,0.29267834546315397,0.19589338893130084,0.1467991112115031,0.4058209006840956,0.300711832977423,0.011999100886863012,0.28763669579263057,0.009662383204254998,0.0
2021-02-01,11598,0.29800155361485803,0.2851353681669253,0.24771630747397952,0.3727787088212113,6922.0,4626.0,0.2876074706338498,0.18728782436126276,0.1687870870810805,0.4016378887059049,0.3037204699319357,-0.00571891631707766,-0.1370794957243721,-0.01029251684434987,0.0
2021-02-08,12456,0.34502607179207784,0.337267180475273,0.3117432715459442,0.3936963012012339,7445.0,4966.0,0.33583761443648374,0.2030985712695597,0.1783291838503746,0.3611371609063703,0.312710933864286,0.03231513792779184,0.7728850617971375,0.053734447227614834,0.0143879104831659
2021-02-15,10651,0.232145316701296,0.21077833067317622,0.2034067934683309,0.27085132117500527,6246.0,4373.0,0.23407021875102985,0.176351248512959,0.16096287128650985,0.43568824908413945,0.312710933864286,-0.08056561716298999,-1.9370824413081322,-0.044309514005648615,-0.10845706954306272
2021-02-22,13182,0.300711832977423,0.2888787740858747,0.22259400355183964,0.40814586706750944,7636.0,5484.0,0.2919448982212625,0.16943330171097584,0.15993932538852773,0.391629558121168,0.3037204699319357,-0.0030086369545127,-0.07245545838405444,-0.01903919074022617,0.03536715824629816
2021-03-01,12711,0.3272008793879328,0.3209031547478562,0.2416331942920658,0.44232043516329006,7293.0,5335.0,0.30895849650180746,0.1666562557940327,0.1406603296234311,0.3969010691808809,0.300711832977423,0.02648904641050981,0.6379924434713429,0.010299942870415552,0.06301204444522207
2021-03-08,8140,0.3037204699319357,0.2925061425061425,0.19097837875668397,0.4500511587014228,4577.0,3518.0,0.29150642297065904,0.17146505254245858,0.13951120591546232,0.4186291231375636,0.3037204699319357,0.0,0.0,-0.05065481553538184,0.0696307845518242
2021-03-15,7630,0.3276637998126389,0.32411533420707733,0.2580088243183294,0.4187257594680243,4299.0,3280.0,0.31698482203197226,0.21117357204138482,0.14767362329789083,0.3989018572104404,0.300711832977423,0.02695196683521589,0.6459289972386013,0.02667557289667913,0.025029458266790428
2021-03-22,12468,0.31734134372138356,0.31055502085338466,0.27383483096519656,0.379308390718068,7454.0,4912.0,0.31047613641875654,0.2138391506488345,0.16174597045316166,0.3926367739532283,0.300711832977423,0.016629510743960574,0.4016419773698627,0.05124082741335692,-0.0143879104831659
2021-03-29,10319,0.22569886283713997,0.21126078108343832,0.17595559902485483,0.2946141138069743,6036.0,4239.0,0.22224985347590148,0.1652494708911142,0.1669052827909079,0.49146571280377416,0.300711832977423,-0.07501297014028302,-1.797672903444791,-0.04663840452698481,-0.09665054374367277
2021-04-05,9919,0.27070760942415006,0.2666599455590281,0.1973353101031754,0.3723858586102633,5787.0,4090.0,0.26545008323179287,0.19868090259976373,0.16899237458673294,0.4240645963895284,0.3037204699319357,-0.033012860507785624,-0.7876703540287413,-0.03399794131847486,-0.03266156662386044
2021-04-12,11894,0.2938138280912151,0.28056162771145116,0.23133325142165026,0.3804203741495986,6891.0,4946.0,0.2878571751481525,0.19743963709732273,0.17995933068512007,0.39462728763680166,0.3092032395034126,-0.015389411412197518,-0.3675818653905752,-0.005292332208492928,-0.02462705108452512
2021-04-19,11676,0.3092032395034126,0.30121616992120587,0.24424277511460188,0.40504742523412374,6944.0,4662.0,0.29076570202173735,0.17855937227386784,0.14367097692900574,0.4116983282844111,0.3037204699319357,0.00548276957147692,0.1304286094250231,0.012909523692951619,0.013782767683476693
2021-04-26,12437,0.2654202448517471,0.25199002974993967,0.16462463423904655,0.4126511156709681,7361.0,5003.0,0.25823262148773596,0.15353694580398908,0.136495553076946,0.43855704450621885,0.30561939289894974,-0.04019914804720265,-0.9647170862454807,-0.06670861718260371,0.021386458120321084
2021-05-03,10480,0.24813402477402563,0.23826335877862595,0.18900784031946882,0.33178028043529445,6180.0,4264.0,0.24158887711526,0.15315136341515836,0.1363955399059719,0.4959475386340815,0.2938138280912151,-0.04567980331718946,-1.0944374549487235,-0.029386624428737684,-0.04864009371430417
2021-05-10,12093,0.31006346214980834,0.3051352021830811,0.2366255836301432,0.39126465755064704,6393.0,5624.0,0.2971866238759232,0.2042709064465937,0.14759500763794678,0.4185046438593456,0.2938138280912151,0.016249634058593254,0.4001897691128506,0.01823111888193668,0.0
2021-05-17,7679,0.37511321034783096,0.3810391978122151,0.3307938210924407,0.4238406502537539,4043.0,3602.0,0.34894022783151724,0.22892296086405667,0.14302873197279076,0.34661013834097915,0.2938138280912151,0.08129938225661587,1.9637365356254874,0.10064083169361238,0.03257599270310685
2021-05-24,9933,0.33567669017989177,0.3307157958320749,0.27441527792937,0.41120234059271044,5484.0,4401.0,0.32756705988293405,0.2026111404548385,0.18015155519804082,0.3749609693751147,0.2938138280912151,0.04186286208867668,1.0111746554475747,0.04426228853054165,0.017368102766443294
2021-05-31,8996,0.25629645203717055,0.24699866607381057,0.2012632650444932,0.31963273225009403,4828.0,4130.0,0.25107186420212124,0.1870557365239908,0.16232069987761666,0.48045248355619774,0.29608602397105976,-0.03978957193388921,-0.9476489879931258,-0.017131199703713296,-0.0854146929840297
2021-06-07,10569,0.30561939289894974,0.2986091399375532,0.21548569494921155,0.41355438716025966,5742.0,4768.0,0.29989583027422284,0.1816571631704505,0.1520174251894787,0.4149118987558332,0.29608602397105976,0.009533368927889974,0.22698465491553746,0.0,0.0023520465675492264
2021-06-14,12155,0.2894973488460578,0.28358700123406005,0.2183944647482065,0.37730835947573893,6709.0,5385.0,0.27553561909996965,0.1675862753100261,0.13793079896628127,0.4647143070330879,0.30561939289894974,-0.016122044052891915,-0.3842332357867049,0.002908769798994959,-0.033893981116971506
2021-06-21,11536,0.32037387520161065,0.3135402219140083,0.238757889966488,0.422061015397576,6394.0,5067.0,0.3074464717888853,0.18319790731546268,0.14435704384821282,0.39440555822659007,0.30561939289894974,0.01475448230266091,0.35164641051133866,0.023272195017276454,0.010858674804865576
2021-06-28,11042,0.2877422504185349,0.28065567831914506,0.23015298939882833,0.36803697435123495,6401.0,4595.0,0.2746039288316858,0.17716247062281473,0.13361871457059699,0.45241208572206004,0.30561939289894974,-0.01787714248041483,-0.4146754063004894,0.016485199560103664,-0.045517412809024715
2021-07-05,7305,0.2903032585065034,0.27953456536618754,0.2078714840306875,0.39383423782626714,4073.0,3201.0,0.2827078470292206,0.19501961065321768,0.14311642213045664,0.4264659072603319,0.29608602397105976,-0.005782765464556361,-0.1312301080510846,-0.00437117567533199,-0.01972014933399252
2021-07-12,11733,0.29608602397105976,0.2914855535668627,0.18728849745307283,0.4484047966561231,6773.0,4882.0,0.28760066462111095,0.17549509025387372,0.1414067035687864,0.43202312269375787,0.29608602397105976,0.0,0.0,-0.020582986577614676,0.026343781258547083
2021-07-19,11392,0.31622848632462824,0.30933988764044945,0.21366778983872467,0.44382281961135256,6280.0,5046.0,0.30779196493259925,0.20515875902143063,0.14741705975278963,0.39954372386757847,0.30561939289894974,0.010609093425678506,0.3027655771303863,0.0014251301327051769,0.021761804213776548
2021-07-26,12767,0.32059839918453453,0.3109579384350278,0.2122426597060195,0.4507410593253357,6890.0,5804.0,0.31274138795494366,0.18946353702123073,0.15560500413673106,0.40011598603688914,0.29608602397105976,0.02451237521347477,0.709003339831742,0.00437117567533199,0.02868004392775969
2021-08-02,10694,0.2830518418239595,0.27127361137086214,0.18980343539673442,0.4037649837031784,6015.0,4627.0,0.2800161283015083,0.19371489496748878,0.1775482467594984,0.4224919293270486,0.3022335369916039,-0.019181695167644397,-0.5544873405278565,0.0,-0.025420568935081767
2021-08-09,10359,0.3153844349316126,0.30871705763104546,0.16442590917407438,0.47656376374941417,5306.0,4958.0,0.31476028738135226,0.19545274593816836,0.16526831300724745,0.40321510993929593,0.3022335369916039,0.013150897940008732,0.37981599350271067,-0.02537752622266004,0.03708561280117839
2021-08-16,10707,0.28583931427013987,0.2708508452414308,0.15040921667284488,0.4291855526382602,5483.0,5191.0,0.2929046099234929,0.2400833541675522,0.19402426334481226,0.3589794654679458,0.30858345189355785,-0.02274413762341798,-0.6590266085924718,-0.03939421872388954,-0.014637266973092367
2021-08-23,11060,0.30858345189355785,0.2990958408679928,0.18703751524020934,0.4394781509482358,5709.0,5297.0,0.31009515923890835,0.2516899462512258,0.21605661503101614,0.3641512661330043,0.3098845035157616,-0.0013010516222037305,-0.03956095238737428,-0.0027659201565250757,-0.008926645707887315
2021-08-30,10510,0.3098845035157616,0.30095147478591816,0.2193444831543929,0.40829519432053074,5472.0,4965.0,0.3135592659714709,0.22624588320262157,0.2090649667455169,0.3545026559040631,0.3098845035157616,0.0,0.0,0.02954104775765848,-0.03552762529082182
2021-09-06,10343,0.2601576182183754,0.24915401720970703,0.15779269035338114,0.38759398752223645,5721.0,4571.0,0.25811589905936505,0.1967557597449371,0.19921785477556223,0.4265058760637813,0.3098845035157616,-0.04972688529738617,-1.448426225672267,-0.03201074504335327,-0.062138946327571165
2021-09-13,11594,0.3022335369916039,0.2975677074348801,0.18241398845569168,0.4497329338498076,6391.0,5101.0,0.2987795678473516,0.18024341815957928,0.16604668239936618,0.44031817125508277,0.3098845035157616,-0.0076509665241576985,-0.21919372232609258,-0.007389446941042738,0.0
2021-09-20,12717,0.34857291749730474,0.3447353935676653,0.2539816902021811,0.47831412236124177,7342.0,5289.0,0.3379645987509102,0.2002659409205404,0.1744857027922319,0.3726960080674316,0.3103047434678113,0.03826817402949345,1.1030256006565062,0.06694417496197175,0.02637565682469145
2021-09-27,12273,0.33925393595492864,0.33227409761264565,0.22965097941345516,0.48903977094608564,7065.0,5119.0,0.3337757887120218,0.17884833173893722,0.1741111941031118,0.36663311074851274,0.3098845035157616,0.029369432439167065,0.8333499429211784,0.042613464173245824,0.039306837096278024
2021-10-04,10884,0.3217598908676548,0.31578463800073503,0.22725852452608852,0.4519384655365503,6292.0,4505.0,0.31678081541316183,0.19568714001968138,0.17271301482035034,0.3919782176098175,0.3098845035157616,0.011875387351893196,0.35119094163069187,0.04022100928587918,0.0
2021-10-11,9943,0.2695603569924154,0.25998189681182743,0.168642664400786,0.4077565940934343,5788.0,4079.0,0.26806616866092836,0.1632844091743927,0.15408615501658218,0.46639480956541685,0.3098845035157616,-0.040324146523346205,-1.2011421424146327,-0.013771324054905665,-0.04418187144311603
2021-10-18,12910,0.3304907156528557,0.3263361735089078,0.22811380912046056,0.46473116074066667,7301.0,5511.0,0.32066092059671975,0.18531794934558785,0.17498859446849255,0.3860238719036504,0.3022335369916039,0.028257178661251825,0.8357570240415182,0.04569982066476888,0.012792695204116356
2021-10-25,13367,0.32348564859806295,0.31570285030298495,0.20164780735714705,0.48178164458098466,7543.0,5745.0,0.3199790166566579,0.20768926786383532,0.16248666233179465,0.38986218217269475,0.30650616776448025,0.016979480833582694,0.4938972932326712,0.0,0.029843179044434343
2021-11-01,15148,0.3103047434678113,0.3041325587536308,0.16795034142672038,0.48955284839316004,8415.0,6643.0,0.29747969301505756,0.1480810872646706,0.13891036375024282,0.4504638255933722,0.30650616776448025,0.003798575703331031,0.11173597563684448,-0.035369232221562685,0.03761438285660973
2021-11-08,11413,0.23262688700289408,0.22421799702094103,0.13845686438007407,0.3620377769249305,6609.0,4715.0,0.23023618084305017,0.13130580215505727,0.1406162421031448,0.5409541765683579,0.2956326483563873,-0.06300576135349323,-1.8717228279395626,-0.06319094297707298,-0.049814737666114994
2021-11-15,17440,0.29255643892920324,0.28405963302752296,0.17054698920293845,0.4805805146596911,10538.0,6793.0,0.2823589267997913,0.14453420902845618,0.13752497410235623,0.4778088867558602,0.29255643892920324,0.0,0.0,0.0,0.0728239205662568
2021-11-22,9261,0.21596774722822776,0.20256991685563114,0.12778088028258466,0.3454957675623012,5567.0,3630.0,0.21193778442275013,0.12443506230328957,0.13122802523830931,0.561942423315665,0.29255643892920324,-0.07658869170097549,-2.412359944235364,-0.04276610892035379,-0.06226082653113307
2021-11-29,13720,0.2878685105613564,0.27769679300291544,0.20331957364828307,0.4043046920830249,7973.0,5658.0,0.27901920205214314,0.17761490055362955,0.16789449413504542,0.43222157286891427,0.2956326483563873,-0.007764137795030879,-0.24825952260141,0.0016717662911360232,-0.007547822508020607
2021-12-06,14357,0.30650616776448025,0.29873929093821827,0.23025343219256578,0.4118525145910455,8330.0,5954.0,0.29302971927855703,0.18202340125477065,0.1727291651737554,0.4190463060098302,0.2956326483563873,0.010873519408092946,0.3446974844434869,0.02860562483541873,0.0
2021-12-13,13196,0.2956326483563873,0.2875113670809336,0.2191990338908777,0.4044828476719558,7733.0,5375.0,0.2875762140050459,0.18342321920150761,0.1676145996962637,0.43526443266157355,0.2956326483563873,0.0,0.0,0.018061122441198507,-0.00736966691908969
2021-12-20,8120,0.22490245265432568,0.20960591133004927,0.15852965603939304,0.3361154790252209,5062.0,2999.0,0.21815296976879844,0.1524938894867303,0.13845295834325236,0.5274592689962787,0.2956326483563873,-0.07073019570206163,-2.19615614468438,-0.04260825541028615,-0.07573703556582462
2021-12-27,5488,0.2306263748818225,0.21337463556851313,0.14480554456307076,0.35320267863546173,3261.0,2194.0,0.22614280062138087,0.15317257502478238,0.15611837196395306,0.5117490989968174,0.29908614431132097,-0.06845976942949847,-2.133282884477979,-0.058514029085212305,-0.07356617060270448
2022-01-03,8447,0.3358294652684025,0.33017639398603055,0.26849720620720785,0.43972639788478735,5127.0,3251.0,0.3278650336273608,0.2509104840828061,0.1756006037738455,0.35695128314470165,0.30650616776448025,0.029323297503922263,0.9126441043658361,0.051107886721538015,0.012957548646621131
2022-01-10,10781,0.3521871791316571,0.34792690845005103,0.22760427767446106,0.5082660797477023,5974.0,4734.0,0.3366945559503081,0.19458805663099443,0.1557479334509491,0.3697384811712602,0.3193402704782582,0.0328469086533989,1.010635247205608,0.008405243783583372,0.07660895550193308
2022-01-17,10068,0.3201653182340148,0.31148192292411603,0.23622804866435013,0.4267688492381662,5585.0,4410.0,0.3027240915801084,0.17294159669626652,0.14902414970680292,0.39951530172374233,0.3201653182340148,0.0,0.0,0.008623770989889062,-0.012957548646621131
2022-01-24,9715,0.29908614431132097,0.29408131755018013,0.20113791144967919,0.43165712424576924,5567.0,4050.0,0.2885981393294966,0.2032270412340164,0.15818185446543281,0.42404379710119855,0.3242221389831196,-0.02513599467179861,-0.7708747291782785,-0.02646636622478188,-0.008528417865400595
2022-01-31,11527,0.3193402704782582,0.3104016656545502,0.2000016684669373,0.46897607409605624,6386.0,5074.0,0.31003526477463117,0.20129907170633068,0.15531644572853626,0.4140352232689045,0.3358294652684025,-0.016489194790144324,-0.5096033914454999,-0.03622638019741284,0.028790531984886403
2022-02-07,10680,0.3625873519839764,0.3637640449438202,0.2566276121145669,0.49144940169076684,5852.0,4749.0,0.35044371871995367,0.20222688769439431,0.16031998986982626,0.38119230532128373,0.3358294652684025,0.026757886715573886,0.8274009367640843,0.02039956345021679,0.051263859579597004
2022-02-14,9656,0.3242221389831196,0.31990472245236123,0.21738931948566984,0.44018554211116984,5004.0,4569.0,0.3134012757134049,0.19303001744263998,0.16948779332170852,0.41101805233442307,0.3358294652684025,-0.011607326285282937,-0.3523333973705934,-0.028583681725393245,-0.005575124227459205
2022-02-21,10050,0.3962907217365611,0.4083582089552239,0.3310505959167797,0.46818844198095294,5335.0,4663.0,0.3604182418168925,0.22691413941628658,0.13449792957007514,0.3594976401091113,0.332606515053317,0.0636842066832441,1.938428880867898,0.09482254725242958,0.0224277756423239
2022-02-28,15334,0.355798246803896,0.35515847137080997,0.2715055511339324,0.4589212105836118,8459.0,6809.0,0.32979157339681064,0.1845603218743589,0.14515471380924047,0.3876926255292082,0.3242221389831196,0.03157610782077641,0.9610248901277334,0.03527750246958225,0.018735668472441958
2022-03-07,12157,0.36617552995056796,0.3701571111293905,0.26674693178412845,0.48325601908249416,6607.0,5499.0,0.3405420603986716,0.1713679588724147,0.14003117897557663,0.4014537877942826,0.3242221389831196,0.04195339096744838,1.2709543453389653,0.0383391224059082,0.04307047697132432
2022-03-14,11160,0.3374358092383173,0.3364695340501792,0.27289340257491124,0.42103439985771923,6327.0,4779.0,0.31335486845254373,0.1845428647241667,0.1497229025673328,0.42040277289292993,0.32841167692113804,0.009024132317179245,0.27373986188801136,0.026920401363848157,-0.019151142253450604
2022-03-21,9790,0.2759384746345776,0.2662921348314607,0.20112683771477366,0.3730715495571789,5543.0,4167.0,0.2612158551958672,0.1595899854376684,0.13518609310252033,0.47015880535319127,0.32841167692113804,-0.05247320228656044,-1.5760735718517478,-0.04484616349628942,-0.06547297287265413
2022-03-28,11339,0.332606515053317,0.3304524208483993,0.24597300121106308,0.44576066633862904,6401.0,4892.0,0.31820888872455405,0.18146874696073478,0.15194365367217302,0.4268264460715132,0.32841167692113804,0.0041948381321789685,0.1277373014251065,0.0,0.007216143908795991
2022-04-04,10699,0.3207680203012695,0.3130199084026545,0.22840780937822025,0.43854452242983305,5982.0,4643.0,0.31047545766794965,0.18700750814558414,0.14330373667042132,0.4287220320876046,0.332606515053317,-0.011838494752047513,-0.3642971582400605,-0.019361364208033888,0.0
2022-04-11,8381,0.29859321316709264,0.2965039971363799,0.20017363697349533,0.41969736797324353,4632.0,3714.0,0.290858872364113,0.18755505034345443,0.15253231919514718,0.47224667587406094,0.332606515053317,-0.03401330188622437,-1.0491881712022317,-0.04759553661275881,-0.0013370318844757034
2022-04-18,8277,0.2797109927918856,0.2723208892110668,0.19592713328476816,0.38812004289289276,4675.0,3576.0,0.27173927559150396,0.17990764047837088,0.14206542793352603,0.4720786363027922,0.32841167692113804,-0.048700684129252436,-1.520293582243948,-0.050045867926294924,-0.03184898554133059
2022-04-25,9926,0.32841167692113804,0.3239975821075962,0.24776917358625414,0.41996902843422335,5248.0,4630.0,0.3199591327519795,0.20900575402884272,0.16864384036020846,0.4008195909240634,0.32841167692113804,0.0,0.0,0.0017961723751910574,0.0
2022-05-02,10279,0.2918802527016086,0.28670104095729154,0.22628050160124297,0.38032927238625774,5921.0,4305.0,0.2797366458681526,0.16238423173869143,0.13878660342546537,0.4809698814506086,0.3207680203012695,-0.028887767599660885,-0.9110629267302099,-0.007332688904968021,-0.039368095586985785
2022-05-09,11074,0.35441471238557337,0.3517247607007405,0.27478908823218257,0.45104456820160027,6093.0,4932.0,0.3438457432438475,0.2039550473296341,0.19167189185045214,0.3705642501016581,0.32841167692113804,0.02600303546443533,0.8204294748086383,0.028816087021119485,0.03134720022835674
2022-05-16,10730,0.3425206944685801,0.3428704566635601,0.2702418759570658,0.4394190974260171,6099.0,4587.0,0.33040429188328285,0.20586214944738063,0.16805763243990954,0.3958748857210367,0.32841167692113804,0.014109017547442038,0.41360282690865474,0.022472702370811642,0.019721729452773562
2022-05-23,8035,0.3485801859662011,0.3476042314872433,0.3188754711648531,0.39426345456773904,4932.0,3079.0,0.34745585160056397,0.27056892571333907,0.22841951969817428,0.33245882416461603,0.32841167692113804,0.020168509045063066,0.5900083974884334,0.07110629757859896,-0.012640497105457837
2022-05-30,7680,0.29207126650944704,0.285546875,0.233613190506211,0.37770237896778047,4545.0,3104.0,0.2876156862065424,0.22903347150431727,0.19011203882231106,0.43408832472462866,0.3425206944685801,-0.05044942795913304,-1.5207302017530198,-0.03662868545085479,-0.0292015727054164
2022-06-06,10782,0.3563141472842325,0.34965683546651827,0.2808686868924848,0.4565291243486505,6126.0,4617.0,0.34778424067629365,0.26358995521770634,0.17014942407290853,0.3469341376071139,0.3485801859662011,0.00773396131803139,0.23260527495480476,0.006079598660302221,0.03656009591442716
2022-06-13,10950,0.297330445574116,0.2876712328767123,0.22163676107868704,0.3929619523654764,6125.0,4786.0,0.2899635954243748,0.18386558892696533,0.15181554825070684,0.44687277124529134,0.35044169665048713,-0.05311125107637116,-1.600801741817287,-0.05923192581379774,-0.028043635964336844
2022-06-20,10648,0.35044169665048713,0.34203606311044327,0.3185788238964667,0.3940226898137219,6197.0,4428.0,0.3342832341292701,0.2148488811581757,0.15854249027219883,0.36463669673808213,0.35044169665048713,0.0,0.0,0.0377101370039819,-0.04107327254197701
2022-06-27,8804,0.3620818258382548,0.3655156746933212,0.31800142616279226,0.4210055883298132,5076.0,3709.0,0.34733756497864743,0.2096989935723147,0.1665316322216064,0.3857428726092466,0.35044169665048713,0.01164012918776769,0.3650803181105572,0.03713273927030747,-0.014090374025885699
2022-07-04,7294,0.31014158079808735,0.308746915272827,0.24416108662954028,0.4069039516731969,4310.0,2967.0,0.3049843340401196,0.20248283369869888,0.18273798754947704,0.4240258944173343,0.35044169665048713,-0.04030011585239979,-1.3025473550004547,-0.036707600262944506,-0.028192010682502044
2022-07-11,10974,0.3650392859356959,0.36258429014033167,0.28415139238257214,0.4724176583835931,6217.0,4716.0,0.3573766657990949,0.21534080122514263,0.185040445718125,0.34742318654435184,0.35044169665048713,0.014597589285208767,0.47723559578169206,0.020875327712943093,0.023043786060160443
2022-07-18,10218,0.36352551873745265,0.364846349579174,0.29777967931195226,0.45249534684626863,5876.0,4291.0,0.3484804876080615,0.21446909820017462,0.15623192532577918,0.36597809191565067,0.3536341169725857,0.00989140176486697,0.3058699899865583,0.03450361464232321,0.0
2022-07-25,10857,0.3536341169725857,0.351754628350373,0.28118266931407543,0.4544237379488419,6283.0,4526.0,0.34526259886348626,0.19482124385427305,0.16876962038352014,0.37827764328558366,0.35044169665048713,0.0031924203220985437,0.09867041405538528,0.028194636211671065,0.005049865625409211
2022-08-01,10686,0.3367727669366851,0.3295901179112858,0.26327606466962905,0.4350959623556989,6075.0,4569.0,0.3235079736445164,0.18760946672852077,0.19082720542960002,0.38239001740048106,0.3536341169725857,-0.016861350035900557,-0.5053658878546381,0.0,-0.01427790996773376
2022-08-08,5055,0.396743007352747,0.39426310583580615,0.2452792558193023,0.5433312787808766,2471.0,2557.0,0.379404742266747,0.17778619113594707,0.15304726837239754,0.3744398604524824,0.3536341169725857,0.0431088903801613,1.2679553512201447,-0.0077087772831020696,0.09395740645744394
2022-08-15,3286,0.3482750292523207,0.34662203286670723,0.2347972517858905,0.4624689827421024,1643.0,1618.0,0.3382822059949988,0.1772321928220949,0.16439477283843723,0.4238428879738686,0.34980146085207625,-0.0015264315997555733,-0.04504482915066966,-0.015567480738552575,0.013095110418669731
2022-08-22,3678,0.34980146085207625,0.3485589994562262,0.246504433622391,0.4493738723234327,1807.0,1843.0,0.34003726873458723,0.1552145853603832,0.18336363724934757,0.4097612766961604,0.34980146085207625,0.0,0.0,-0.003860298902052084,0.0
2022-08-29,3494,0.3668144595057346,0.3666285060103034,0.25298803310240436,0.4885941829992476,1801.0,1672.0,0.35542026792016385,0.18603247121296573,0.16987040009827772,0.3855455698992931,0.3482750292523207,0.018539430253413924,0.5657237922480389,0.006483599480013369,0.04316547857357561
2022-09-05,3522,0.2886802968192287,0.28052243043725156,0.19667109954134215,0.395503299268284,1905.0,1588.0,0.28031472181269346,0.20177238512004703,0.21715181985339027,0.43547312444732256,0.3367727669366851,-0.04809247011745643,-1.4837619184573705,-0.04860815627796014,-0.049215177074324934
2022-09-12,4770,0.3648862348074792,0.3691823899371069,0.28678313072812167,0.4447184763426089,2411.0,2330.0,0.35329318610820487,0.18616988662800182,0.17367549976578034,0.4088655388894036,0.33541066194134367,0.029475572866135558,0.9275602662297827,0.04150387490881938,0.009622513986909997
2022-09-19,5047,0.33541066194134367,0.3330691499900931,0.2503647325244431,0.445428704425672,2838.0,2174.0,0.32130388071305116,0.1943514205061718,0.16054236446124376,0.4152341903011478,0.323617650798567,0.011793011142776644,0.37155404561657634,0.005335561363482483,0.013342800345606476
2022-09-26,4615,0.3114342943303598,0.3066088840736728,0.2450291711609606,0.3857081281819882,2422.0,2169.0,0.3014025592628588,0.20257596165523992,0.16263598299445028,0.3954992523527869,0.31803560329579944,-0.006601308965439645,-0.21291642631690397,0.010231919375070092,-0.04164074172470317
2022-10-03,4724,0.31441386011993955,0.31710414902624895,0.22873796062928514,0.42734886990669135,2686.0,2019.0,0.2992000857211971,0.1731125886947217,0.14564572549251575,0.4492681099949239,0.31441386011993955,0.0,0.0,-0.0012631116587674962,0.02134186141230132
2022-10-10,4643,0.30558028945306387,0.3069136334266638,0.22897025513659625,0.40559908179177234,2644.0,1987.0,0.29325583080353745,0.15444164141016084,0.14824236856353068,0.47651706926060083,0.3114342943303598,-0.005854004877295926,-0.18489620803725204,0.0,0.0
2022-10-17,5265,0.31803560329579944,0.3137701804368471,0.23000107228805264,0.43208590408006553,2984.0,2255.0,0.30733182386761393,0.18123081085296014,0.14670888449782674,0.43525015687966206,0.3100724893664379,0.007963113929361554,0.2520575438626334,0.0012631116587674962,0.026486822288293188
2022-10-24,5641,0.323617650798567,0.32671512143237014,0.2602746226539156,0.4055873377367727,3195.0,2401.0,0.3118701151871327,0.20334402315510594,0.16713948570202758,0.4406539497388029,0.3100724893664379,0.013545161432129138,0.4342683978197144,0.031304367517319354,-1.1744054999651699e-05
2022-10-31,5926,0.29472545714279774,0.2900776240296996,0.21479312646072102,0.40600700849439003,3429.0,2457.0,0.2812770887628799,0.16051290035736565,0.1317776321793221,0.48505465684458926,0.30558028945306387,-0.010854832310266127,-0.3477595448923209,-0.013944834168564124,0.00041967075761734085
2022-11-07,4968,0.1918970505570492,0.17552334943639292,0.1468146642472482,0.2601242195017919,2970.0,1975.0,0.18055178916727413,0.10168385384044754,0.10145590046539546,0.6036630780399543,0.3043260477462612,-0.11242899718921201,-3.6271586268391425,-0.07973847240581441,-0.14546311823498081
2022-11-14,5477,0.27652227958167436,0.2665692897571663,0.22655313665306262,0.37024196427764733,3589.0,1874.0,0.2633874058441689,0.17290343390004015,0.15174840371960546,0.48411254497587247,0.2997789164551272,-0.023256636873452863,-0.7485698349824421,0.006942958463277887,-0.03534537345912536
2022-11-21,3400,0.25502416407442924,0.24588235294117647,0.2090705792502285,0.32139675073331164,2039.0,1347.0,0.2493083696517929,0.1607316614250543,0.14841657755581442,0.5164609311602544,0.2997789164551272,-0.04475475238069798,-1.4361322755810362,-0.010539598939556222,-0.07641778313156422
2022-11-28,5441,0.3100724893664379,0.3034368682227532,0.21710610323017063,0.4483813156020881,3260.0,2156.0,0.29767409476558215,0.17074065544185318,0.16309638857145525,0.4392121737366558,0.2997789164551272,0.010293572911310667,0.3218897760564707,-0.0025040749596141054,0.05056678173721224
2022-12-05,5700,0.2997789164551272,0.29210526315789476,0.2310007955420131,0.39781453386487586,3346.0,2335.0,0.28244436900940184,0.1716015238242567,0.1502246690021109,0.45756442118983454,0.2997789164551272,0.0,0.0,0.011390617352228377,0.00023030292634407257
2022-12-12,5570,0.29771422105502754,0.2921005385996409,0.21961017818978473,0.3975842309385318,3126.0,2417.0,0.28952813376505365,0.19291294909887438,0.15214207376699554,0.4540527976774301,0.2997789164551272,-0.002064695400099681,-0.06524237037904267,0.0,0.0
2022-12-19,5860,0.3043260477462612,0.2977815699658703,0.208287708976538,0.4307080802235432,3324.0,2521.0,0.2918179239122572,0.15928106588615842,0.12977131873213466,0.4716489194759244,0.3043260477462612,0.0,0.0,-0.018265427676524615,0.033123849285011386
2022-12-26,2672,0.2726204361321131,0.2638473053892216,0.19439600306486565,0.38134149539328194,1558.0,1106.0,0.26512304035295636,0.1422280903619297,0.13652224668903237,0.5064494291258227,0.3100724893664379,-0.03745205323432477,-1.199353521479527,-0.03660479247714746,-0.016473038471593926
2023-01-02,3431,0.33098415181440327,0.3267269017779073,0.32438821381258354,0.33717780035542294,1854.0,1559.0,0.31489240529593293,0.1618028032601301,0.14755518054434907,0.41893842463089515,0.33098415181440327,0.0,0.0,0.06711949284322744,-0.09117995698593012
2023-01-09,3895,0.424389385174606,0.43157894736842106,0.38110741911492996,0.4499586616077723,1510.0,2352.0,0.3967974306181054,0.1912288984899506,0.13117584021097295,0.3679268232226941,0.34485741075340304,0.07953197442120297,2.539807300408222,0.11471166553554152,0.021600904266419252
2023-01-16,3172,0.34485741075340304,0.34867591424968475,0.30038963082934556,0.37640496495378084,1363.0,1771.0,0.33067376245606533,0.17264590940871574,0.15302190483368058,0.43795272373931404,0.3565990935261051,-0.011741682772702045,-0.3705930214159003,0.010280686653501014,-0.05195279238757222
2023-01-23,3890,0.42510991592796943,0.43753213367609256,0.38797708668274733,0.4503445936965473,1646.0,2211.0,0.40763200307480396,0.23934961847923839,0.193668257654465,0.3343562089917094,0.3657865405665005,0.05932337536146892,1.8527766150178338,0.09786814250690279,0.019636513473004102
2023-01-30,4392,0.42634256546123067,0.43328779599271405,0.34985816485283777,0.47725056059856863,1769.0,2592.0,0.4056719189741096,0.2056423422579042,0.15761214898575185,0.33749604861546545,0.3788523055051705,0.047490259956060155,1.4833148981144828,0.05974922067699323,0.03942761422570362
2023-02-06,5155,0.3974285323349858,0.4040737148399612,0.26639575357938844,0.48490541813504834,2042.0,3076.0,0.38619846106487915,0.18642999070645044,0.16902107936930846,0.3540714477547503,0.3788523055051705,0.0185762268298153,0.5818694336369629,-0.027501353156423713,0.04708247176218333
2023-02-13,3750,0.3565990935261051,0.36,0.2572687209693561,0.42835775734135306,1570.0,2143.0,0.35265770667394003,0.2097134690321982,0.17737190587396423,0.3899776620210459,0.37990077823739343,-0.02330168471128835,-0.7303555053639672,-0.043120909859989454,-0.009465189031511945
2023-02-20,3094,0.3657865405665005,0.3775048480930834,0.3017766332041931,0.41216190705920436,1356.0,1707.0,0.3479964840739096,0.19443943236589387,0.15289566733027943,0.42246867012462513,0.37990077823739343,-0.014114237670892926,-0.4407116278640822,0.006854156216421714,-0.02566103931366065
2023-02-27,4103,0.3788523055051705,0.38410918839873265,0.29010894417584454,0.437822946372865,1661.0,2404.0,0.3607955427709608,0.18425398739049123,0.14928145138780619,0.3944277901831418,0.3788523055051705,0.0,0.0,-0.004813532811926868,0.008721070581054036
2023-03-06,4612,0.37990077823739343,0.3798785776235906,0.2885865216486809,0.45386880688687736,2064.0,2515.0,0.3607637887036691,0.19584878850873666,0.14420406998739743,0.3765348772099221,0.37990077823739343,0.0,0.0,-0.006335955339090482,0.016045860514012356
2023-03-13,3888,0.381933145827665,0.38503086419753085,0.2873292862335724,0.4533229321036822,1681.0,2174.0,0.3701932152372463,0.19226755371433205,0.15697490611176368,0.3747489522744225,0.3788523055051705,0.0030808403224945047,0.09262008061005267,-0.0075931907541990085,0.024221056311871214
2023-03-20,4482,0.3722135804973614,0.3697010263275324,0.29389710673581215,0.42910187579181097,1893.0,2555.0,0.35592285217790015,0.1974863725952203,0.13624395708840661,0.39391868370452154,0.3722135804973614,0.0,0.0,-0.0010253702519592567,0.000744118450457909
2023-03-27,4816,0.39326112572146477,0.3999169435215947,0.35577256718499706,0.4223786270356198,2119.0,2660.0,0.37497191162906784,0.21929710191508028,0.1738011856584468,0.360849284708252,0.3722135804973614,0.021047545224103348,0.6403576880673553,0.05922175693911119,-0.005979130305733271
2023-04-03,3890,0.33174132214006813,0.3295629820051414,0.2949224769877714,0.3662923077683729,1883.0,1989.0,0.31444445675499927,0.1666551229915675,0.1393501654547426,0.46908599185268934,0.3755379447237872,-0.04379662258371908,-1.2589223476136537,-0.006854156216421714,-0.05608631926724689
2023-04-10,3413,0.3487189562068671,0.3451508936419572,0.3050432537384084,0.38923179022592064,1658.0,1735.0,0.3328137434335464,0.1939374694358934,0.14844180528609885,0.4136683131017472,0.3788523055051705,-0.030133349298303413,-0.8422080783594026,0.0,-0.039870085565890334
2023-04-17,4928,0.40137019623339315,0.4050324675324675,0.35338649569723146,0.43997202951805076,2161.0,2729.0,0.382122754543043,0.19750132455903274,0.1545202464296924,0.363843959293747,0.3755379447237872,0.02583225150960594,0.7216523397755482,0.04834324195882306,0.017593402482430964
2023-04-24,4788,0.36121191697427807,0.36257309941520466,0.3418320171818556,0.37824442927636104,2135.0,2622.0,0.345012001174972,0.1794837203738299,0.15328635041385658,0.4058473670376471,0.3722135804973614,-0.01100166352308335,-0.30484473886235786,0.03678876344344717,-0.03460083399284841
2023-05-01,4578,0.353748717760456,0.3564875491480996,0.29655081024588587,0.40126874620570946,2076.0,2465.0,0.33971794653283544,0.19140766126876954,0.15522421316761245,0.41417037651577315,0.36121191697427807,-0.007463199213822047,-0.20708386946747445,-0.008492443492522539,0.0
2023-05-08,5395,0.3910254900866776,0.39870250231696014,0.3249037557043887,0.4431954286599208,2359.0,3007.0,0.3825462439188093,0.2442580428949805,0.16564426539350124,0.36822899464082814,0.36121191697427807,0.029813573112399516,0.8278432048396576,0.003378027873578604,0.04192668245421133
2023-05-15,5610,0.3755379447237872,0.3844919786096257,0.3316799664753714,0.41284526326920945,2589.0,2974.0,0.3590780335237768,0.19715935964711714,0.1571791038958857,0.3972790777217597,0.353748717760456,0.021789226963331187,0.663126337795115,0.026636712736962997,0.018334792213070827
2023-05-22,5178,0.40797522530365626,0.41386635766705293,0.3818722365974852,0.430976007355258,2428.0,2721.0,0.39451990146310434,0.20588512698056405,0.18577098082986654,0.34959697992254557,0.353748717760456,0.05422650754320024,1.657471592115728,0.0768289828590768,0.03646553629911936
2023-05-29,4640,0.3161868862531766,0.30948275862068964,0.2597888829918098,0.3646317702452261,2177.0,2428.0,0.3021565513825847,0.15599314333707423,0.16922436476341882,0.44091505314743323,0.353748717760456,-0.03756183150727943,-1.0947266590780835,-0.0449265834657675,-0.03603256446612063
2023-06-05,5504,0.34203733187162066,0.33811773255813954,0.2969879615438586,0.38690347673001774,2753.0,2726.0,0.32492092136572165,0.1889228807712518,0.1398254728042365,0.42120915905489226,0.3534441204908532,-0.011406788619232555,-0.3326389801469617,-0.005632285592942876,-0.013760857981328978
2023-06-12,5809,0.3212991083728784,0.3196763642623515,0.2649864018741828,0.3696714322541894,2680.0,3097.0,0.30336483860280017,0.16458757491043213,0.13179841973746853,0.46082749401736556,0.350256808289912,-0.02895769991703362,-0.8418536390214566,-0.03200155966967577,-0.0309929024571573
2023-06-19,5462,0.3687113450357744,0.3674478213108751,0.32152572783081007,0.4184785421314448,2818.0,2615.0,0.34570583351367706,0.18391691016374992,0.136731163259198,0.3967449181052099,0.3447939884081186,0.023917356627655817,0.6933586151090172,0.02453776628695148,0.023968071075306185
2023-06-26,5066,0.3447939884081186,0.34879589419660484,0.30262024713680147,0.3945104710561386,2750.0,2291.0,0.32440984641673154,0.15875896649542523,0.14823147215160912,0.43458038876158545,0.34203733187162066,0.0027566565364979256,0.07967260807522458,0.01678862406323589,0.007606994326120886
2023-07-03,3353,0.2761344123421175,0.2705040262451536,0.2065181830732883,0.3452107584028279,1659.0,1674.0,0.2670614337981916,0.16115054014160266,0.13402196850592663,0.5021034683994704,0.3212991083728784,-0.0451646960307609,-1.2242768660425918,-0.058468218800894534,-0.0404430517642585
2023-07-10,5618,0.3534441204908532,0.3504805980776077,0.3047154664575773,0.4006643347113467,2708.0,2859.0,0.3358854142007053,0.18082757474105784,0.14103578807692943,0.39586140475853887,0.3161868862531766,0.03725723423767663,1.0099297455439786,0.04238486441826067,0.019834300829704776
2023-07-17,5711,0.350256808289912,0.34739975485904395,0.2858316230735656,0.414201414085227,2857.0,2830.0,0.33006989263476566,0.17550257832490135,0.13159903944671386,0.4153380746187714,0.3156660741363295,0.03459073415358249,0.9852451782552812,0.023501021034248948,0.033371380203585044
2023-07-24,5902,0.3156660741363295,0.3082006099627245,0.26233060203931663,0.3717360638148716,3059.0,2807.0,0.30075593036654685,0.16631628820454555,0.13049363520015972,0.436541344330713,0.3156448222899601,2.1251846369418903e-05,0.0006047625998786382,0.005537875952029925,-0.009093970066770318
2023-07-31,4686,0.3156448222899601,0.3107127614169868,0.2567927260872867,0.38083003388164194,2490.0,2177.0,0.30328304780759646,0.17807519813598863,0.13778830828680566,0.4466102705674478,0.31256548292859854,0.003079339361361566,0.09046012484696873,0.0002604572660869775,0.0
2023-08-07,5010,0.2701111749014882,0.25429141716566867,0.20122710318622086,0.35660344930522986,2819.0,2161.0,0.2629006404111798,0.154808779375557,0.13981573622508306,0.473437016468984,0.31256548292859854,-0.04245430802711031,-1.2761370441069093,-0.055305165634978865,-0.02422658457641208
2023-08-14,4805,0.29158962809409983,0.2863683662851197,0.21725828936168876,0.3856538101670864,2710.0,2078.0,0.2807956095285807,0.1723652214932175,0.14285815532128332,0.4683392124765133,0.31256548292859854,-0.02097585483449871,-0.628250439588888,-0.03927397945951097,0.004823776285444448
2023-08-21,4753,0.2759628560479872,0.26677887649905324,0.21059199013934624,0.3416674200148847,2406.0,2327.0,0.2669026577856385,0.17594461542708603,0.14698233278932638,0.47721393209829766,0.3156448222899601,-0.0396819662419729,-1.1895266871545354,-0.04620073594794047,-0.041887817463970134
2023-08-28,5048,0.24966640595904596,0.2373217115689382,0.19366329920012504,0.31099808195969103,2696.0,2323.0,0.24219681513746655,0.18550120314028595,0.15747338943484146,0.4583159896870097,0.3156448222899601,-0.06597841633091414,-1.97583015304723,-0.06312942688716167,-0.07255715551916381
2023-09-04,4612,0.27849288405707157,0.2729835212489159,0.193587406208553,0.38355523747885484,2548.0,2042.0,0.26681189560545454,0.16494781790431048,0.1392994543168159,0.485426833678654,0.3156448222899601,-0.03715193823288854,-1.1108120415173866,-0.0632053198787337,0.0
2023-09-11,7124,0.31256548292859854,0.30656934306569344,0.2565322688211997,0.37408106295123833,3750.0,3342.0,0.3027373111773081,0.19487041300361382,0.20788521820239791,0.40873978957183477,0.3156448222899601,-0.003079339361361566,-0.0919849056453818,-0.0002604572660869775,-0.009474174527616508
2023-09-18,7194,0.34085361297328565,0.34236864053377813,0.27743270744985576,0.412871638696438,3824.0,3344.0,0.3268857252477128,0.18385982021580283,0.16055844194965976,0.41609413147983465,0.33984704799693904,0.0010065649763466022,0.030027034518108352,0.010180821841993315,0.027217828529351618
2023-09-25,7910,0.4178563663999134,0.4290771175726928,0.37998232344143884,0.46172761989971006,4233.0,3654.0,0.40547960711573633,0.19596858461797778,0.20856642031920875,0.31951725822302374,0.33984704799693904,0.07800931840297437,2.3271110673074267,0.11273043783357639,0.07607380973262368
2023-10-02,6820,0.3974848262599022,0.40498533724340174,0.3273689325944221,0.4761504010861145,3595.0,3208.0,0.3770207048428608,0.2281296751275522,0.16868846033559157,0.34424205356737725,0.33984704799693904,0.05763777826296318,1.6485044044126698,0.060117046986559675,0.0632787623896765
2023-10-09,6705,0.34748698086588936,0.34809843400447427,0.26725188560786245,0.4348898262515415,3518.0,3172.0,0.3288521969276998,0.2570189594092871,0.14988326729323206,0.3845357321772591,0.33984704799693904,0.0076399328689503165,0.21660173354995516,0.0,0.022018187555103486
2023-10-16,7527,0.37382849531046036,0.37637837119702405,0.3254573530811499,0.42974034275889245,4055.0,3455.0,0.34969820317220707,0.22569420628108097,0.14526108691260473,0.35380036284127775,0.34085361297328565,0.032974882337174716,0.9349530061042144,0.05749003980455336,0.005561859145017056
2023-10-23,8033,0.33984704799693904,0.3399726129714926,0.309125252420084,0.3760678823484485,4373.0,3622.0,0.3242794474677623,0.24182357454902476,0.1615425252142195,0.39330469960232967,0.3460831128699937,-0.00623606487305467,-0.17157860848321696,0.03169254497022822,-0.05158561256759309
2023-10-30,8196,0.3460831128699937,0.34602244997559783,0.27798951495296836,0.4241784836138754,4408.0,3763.0,0.32941724586013293,0.21115734608554276,0.13782331549110033,0.4185036604476262,0.34748698086588936,-0.0014038679958956468,-0.03848711753670489,0.0,-0.003475011302166209
2023-11-06,8081,0.30855726579517906,0.30825392896918696,0.25166078302484035,0.3721030149229579,4291.0,3757.0,0.2946627901595276,0.1818627349285174,0.13624153796463787,0.4778693460164641,0.34748698086588936,-0.0389297150707103,-1.0671406970947768,-0.026328731928128013,-0.05555047999308371
2023-11-13,7851,0.33702721374691,0.3380461087759521,0.2571798014518532,0.4276534949160416,4199.0,3626.0,0.32011795696648104,0.19744496093434213,0.1551357932930779,0.41893712470890154,0.3460831128699937,-0.009055899123083688,-0.25048793427398924,-0.010787511824743357,0.003475011302166209
2023-11-20,4958,0.25987593795261343,0.254538120209762,0.20165342745802506,0.3332468393862115,2768.0,2171.0,0.24978287898048385,0.17144511601066395,0.1438049090018976,0.5386846820787594,0.3460831128699937,-0.08620717491738028,-2.3979823522813097,-0.0663138858185715,-0.09093164422766387
2023-11-27,7764,0.3522345874183137,0.35329726944873774,0.26796731327659656,0.43493874407217664,3861.0,3864.0,0.3397485556345196,0.20365365475964015,0.1673995175555786,0.39529803052388895,0.3460831128699937,0.006151474548319991,0.1746831988404223,-0.0010262304126002486,0.010760260458301252
2023-12-04,8620,0.3618784966711398,0.36276102088167056,0.28903457675359157,0.4347455245407709,4329.0,4260.0,0.3475859678446546,0.21000985913472942,0.16455264748668347,0.3928532769598862,0.3426300501014019,0.019248446569737898,0.5499596759805477,0.020041033064394753,0.014492938904615948
2023-12-11,8217,0.36513197591826496,0.3659486430570768,0.3114787545721815,0.420252585636155,4177.0,4003.0,0.34816535772875656,0.19105909734552828,0.1473383870386893,0.398164023726261,0.3460831128699937,0.019048863048271247,0.5429069129728248,0.04248521088298468,0.0
2023-12-18,6145,0.33313851878922235,0.33490642799023596,0.2542647358254244,0.41672959226190787,3143.0,2977.0,0.3224439952117857,0.18229612001195925,0.14088949067237733,0.4450278768710719,0.35195534769673104,-0.018816828907508687,-0.5385445196419453,-0.013702577451172149,-0.0035229933742471076
2023-12-25,3738,0.2532366413591702,0.24879614767255218,0.1683140665875246,0.3395608153320492,1897.0,1825.0,0.24516548389826048,0.14304581946159434,0.1302513309880003,0.5467296118062331,0.3522345874183137,-0.09899794605914353,-2.8524284295474738,-0.10067947710167222,-0.08809267958399242
2024-01-01,5128,0.35906974156523364,0.3673946957878315,0.27547268412283127,0.4529871359806523,2724.0,2390.0,0.34772976988987553,0.2217545955083293,0.156457272098529,0.4246327339145958,0.35906974156523364,0.0,0.0,0.0,0.0182416114398814
2024-01-08,7920,0.3644123161758997,0.3648989898989899,0.2689935436891968,0.45159192251315944,3797.0,4093.0,0.3566868165714873,0.23000291731403177,0.15574272319097118,0.37983409220769043,0.35906974156523364,0.005342574610666062,0.1515839941574221,-0.010335792506236952,0.016846397972388516
2024-01-15,7280,0.3426300501014019,0.3445054945054945,0.27932933619543376,0.4047435566670181,3644.0,3609.0,0.3269400375975797,0.1964933290721012,0.14368741151698927,0.42166931055557205,0.35925524376666174,-0.01662519366525983,-0.4650044166362854,-0.003055523825768902,-0.03000196787375281
2024-01-22,8087,0.35195534769673104,0.35328304686533946,0.28238486002120267,0.41959394609356854,3992.0,4058.0,0.33772332651575876,0.23068300149588003,0.18683497497790724,0.3930627495748663,0.35925524376666174,-0.0072998960699307,-0.2062541754151461,0.003055523825768902,-0.019114775994161615
2024-01-29,8838,0.35925524376666174,0.3617334238515501,0.24353748061326633,0.47202697106717534,4358.0,4444.0,0.3455801014295284,0.20269377778355802,0.15283070011174002,0.40216046623988055,0.35906974156523364,0.00018550220142810048,0.005093520569110326,-0.03193520350956494,0.0204350485540159
2024-02-05,8883,0.38520816605252745,0.38860745243723965,0.2844724118791458,0.47824001673393657,4276.0,4558.0,0.37065423289887406,0.1791954043089975,0.15595882183763232,0.37931201280410054,0.35906974156523364,0.02613842448729381,0.7108136083197829,0.008999727756314524,0.02664809422077713
2024-02-12,8631,0.3713087790129121,0.37261035801181785,0.28299316463941027,0.45960715084376114,4312.0,4277.0,0.3586529304786296,0.20616945392740177,0.16438126596343236,0.39332170293136287,0.35906974156523364,0.012239037447678458,0.33293749738800993,0.007520480516578998,0.008015228330601698
2024-02-19,6913,0.33330734494982484,0.3377694199334587,0.2826523690942918,0.38787919436914453,3618.0,3272.0,0.31890723261600673,0.18750986607192127,0.1424647276609722,0.4495862831302517,0.35195534769673104,-0.0186480027469062,-0.508343720785542,0.013658825405094999,-0.05113180438740378
2024-02-26,8798,0.36210362815563735,0.3670152307342578,0.285464328343267,0.43870872208773015,4453.0,4288.0,0.34781436379599845,0.19286015791040245,0.1499488325829796,0.4105939470837507,0.35195534769673104,0.010148280458906311,0.2788096647046263,0.02873193412563063,-0.00030227666881815773
2024-03-04,12252,0.3664870006114763,0.37104146261834803,0.23706840596322182,0.4859883953582629,5876.0,6329.0,0.349716530151252,0.175533052790564,0.14909485441055928,0.4197026220973485,0.35925524376666174,0.007231756844814585,0.20490253386274596,-0.019663988254414566,0.03225453282561841
2024-03-11,8890,0.34124021682913414,0.346681664791901,0.22573263464668494,0.45373386253264447,4394.0,4448.0,0.32854337883967577,0.18399575420896783,0.14069674926981773,0.4318101596863756,0.35925524376666174,-0.0180150269375276,-0.5133029673470862,-0.017804845966581384,0.0
2024-03-18,8331,0.3430835792372593,0.3434161565238267,0.2422733194529909,0.4390109987565483,4054.0,4227.0,0.32727210933776096,0.17138062722263508,0.13438287033575255,0.4426446240828494,0.3430835792372593,0.0,0.0,0.0,0.0
2024-03-25,6557,0.2606872894721802,0.2592649077321946,0.187405008349086,0.345952514035003,3581.0,2936.0,0.24957933623783446,0.1545016231362316,0.13398003789200125,0.5391286174656358,0.34124021682913414,-0.08055292735695396,-2.2388657500052442,-0.049663397614135824,-0.09275620805272716
2024-04-01,6378,0.2774220881707658,0.27469426152398874,0.19701381335898946,0.37839168144114216,3568.0,2776.0,0.27089639421336015,0.17873284226850286,0.14990192405907535,0.4815679852015933,0.3337609675685919,-0.056338879397826114,-1.6307043210966803,-0.04005459260423236,-0.05272181264857717
2024-04-08,8162,0.3597244355938309,0.3659642244547905,0.2567323942176364,0.4681742330406704,4184.0,3928.0,0.33870709707148744,0.21732022903943027,0.13297951063510927,0.4133424949123385,0.34124021682913414,0.018484218764696747,0.5507701269162878,0.019663988254414566,0.029465510952940255
2024-04-15,8143,0.39869518251003094,0.40783495026403044,0.2800873562952349,0.5098867367906855,3934.0,4152.0,0.37293380127151954,0.21058547500695704,0.1441234695122065,0.3655976006276489,0.3337609675685919,0.06493421494143903,1.9219023758597635,0.04443333123132845,0.0787732427009662
2024-04-22,6854,0.30614254871058694,0.308141231397724,0.2019596330614205,0.4273457653648226,3713.0,3092.0,0.28975331799545945,0.18255521331442673,0.14654125612676697,0.48979574610346827,0.3337609675685919,-0.02761841885800498,-0.8255969388981633,-0.033694392002485946,0.0
2024-04-29,7685,0.3337609675685919,0.33675992192582954,0.2299373882875357,0.43111349408971933,3749.0,3879.0,0.3158891814392455,0.19015380723447955,0.13425246237340294,0.4578068740081791,0.3337609675685919,0.0,0.0,-0.0123359311654552,0.012908170105515315
2024-05-06,8002,0.3277739338255335,0.3339165208697826,0.23565402506390645,0.409653974347524,3794.0,4160.0,0.3105975962835798,0.20032627475499745,0.14254735261495152,0.4620580352132328,0.3337609675685919,-0.005987033743058423,-0.17889656370483165,0.0,-0.008551349636680028
2024-05-13,8212,0.3279430988983351,0.33353628835849974,0.24950431922744395,0.4020317414893612,3995.0,4163.0,0.3082502977551708,0.17387209630033063,0.13762578281190171,0.46587244884279516,0.3360700560859502,-0.00812695718761508,-0.2360337367624762,0.0,-0.02531402387546139
2024-05-20,7985,0.36126358704583145,0.360926737633062,0.2696237746588977,0.44697819010476003,3872.0,4065.0,0.34689994816777386,0.19177575224226734,0.1533305927297554,0.4052375042828531,0.3360700560859502,0.02519353095988125,0.7193271562712332,0.020119455431453742,0.019632424739937426
2024-05-27,6813,0.31544961855722475,0.31645383825040363,0.22182454807233,0.4081927282761668,3421.0,3354.0,0.3006337433155316,0.16002809650295574,0.15828859908693552,0.4873121597016203,0.3360700560859502,-0.020620437528725444,-0.5950907852863287,-0.02767977115511394,-0.01915303708865579
2024-06-03,8212,0.34628220089315787,0.3447394057476863,0.2664844074577975,0.418205323984204,3916.0,4259.0,0.3290189333006928,0.19479851429825862,0.14244320037604855,0.4374088139770642,0.3337609675685919,0.01252123332456595,0.35817797015583536,0.022607976432611615,0.0
2024-06-10,8845,0.3360700560859502,0.33894855850763145,0.29438401804531067,0.3762910269901793,4420.0,4379.0,0.31817910096051627,0.18189933977772652,0.13595316775933902,0.46783529216599473,0.3360700560859502,0.0,0.0,0.044879698817866714,-0.04191429699402471
2024-06-17,6946,0.3414463816131386,0.3442268931759286,0.23047289826623288,0.4517510625014888,3513.0,3378.0,0.32569346281932066,0.2040108742347988,0.13666601185786106,0.43914153398259437,0.3414463816131386,0.0,0.0,-0.027766409635434114,0.03354573851728476
2024-06-24,8797,0.3931174483529781,0.40093213595543936,0.3535274635692945,0.43082823726320385,4359.0,4393.0,0.37306944925033764,0.2119063066518828,0.15767215658095704,0.3795408762010454,0.3414463816131386,0.05167106673983951,1.3966522951204596,0.0952881556676275,0.012622913278999837
2024-07-01,5658,0.3167127590858074,0.32378932484977024,0.24387643102518589,0.3866909512619193,2803.0,2817.0,0.30201129906974766,0.1667706564192411,0.13032794216668814,0.4859454298132524,0.3414463816131386,-0.02473362252733119,-0.6657226051743089,-0.014362876876481107,-0.03151437272228469
2024-07-08,8872,0.3915412425701473,0.39641568981064024,0.3354031292556989,0.43324357091863164,3790.0,5044.0,0.36898202507957567,0.2132762693500071,0.1579949628668073,0.35670854394259355,0.3360700560859502,0.05547118648419708,1.410545700518024,0.09152669823051299,0.024068114343865465
2024-07-15,6629,0.3168579301699071,0.3181475335646402,0.23180614588022805,0.3971055615347777,3250.0,3342.0,0.3020015994562006,0.1702277879137602,0.16909917406338806,0.4482836486094671,0.3360700560859502,-0.0192121259160431,-0.4874181189009508,-0.012070285144957837,-0.021099762449426296
2024-07-22,7815,0.3794597539985201,0.382469609724888,0.258239307901667,0.47714029282258236,3484.0,4273.0,0.36419061938233993,0.19233851097693985,0.15540396113768554,0.4077086755502981,0.3224039149578465,0.05705583904067363,1.4356622403030106,0.026433162021438944,0.06796483624781618
2024-07-29,6849,0.35574358196209493,0.36268068331143233,0.2677367259376993,0.44567051653324186,3449.0,3351.0,0.3415571404489785,0.2010169186656075,0.14343703609398584,0.4290743697907056,0.3224039149578465,0.03333966700424845,0.8371860062288915,0.03593058005747127,0.036495059958475684
2024-08-05,6109,0.2805175326803001,0.2771321001800622,0.19353287240211653,0.37294634536006904,3175.0,2883.0,0.2693194396952239,0.1685892408230429,0.12979636586634516,0.4997212177469203,0.3224039149578465,-0.041886382277546375,-1.0518092943476263,-0.05034355862306936,-0.029502881287244098
2024-08-12,5933,0.31383147822985274,0.31468060003370973,0.21503683909664165,0.40917545657476617,2930.0,2954.0,0.2983447087390391,0.1503223526010096,0.13750741379509762,0.49302997844792573,0.3224039149578465,-0.008572436727993737,-0.21434954495308867,-0.02883959192854424,0.012069895039988454
2024-08-19,5631,0.3024258146396916,0.3003019001953472,0.19301616547635086,0.3918868585369274,2548.0,3055.0,0.2933062540017938,0.1538728768484529,0.15644026093942112,0.4802757794726898,0.3224039149578465,-0.01997810031815489,-0.5002133996074083,-0.03878998040387718,-0.005218702997850322
2024-08-26,5700,0.3224039149578465,0.32473684210526316,0.20656994157798836,0.4319891085639206,2782.0,2883.0,0.317619979045795,0.1882347901762267,0.18696407200335607,0.44655940492809015,0.3168579301699071,0.005545984787939384,0.1390616651528908,-0.020851292585695763,0.03845020519625686
2024-09-02,5258,0.28845118370501216,0.28432864206922787,0.20743300635437506,0.37993892687673847,2799.0,2429.0,0.2820338412419496,0.18631375032532344,0.16483524114073467,0.48029587580574434,0.31383147822985274,-0.025380294524840585,-0.6340819451844911,-0.007603832742266586,-0.011947931660188926
2024-09-09,7877,0.3445964878534604,0.342897042021074,0.2850857837842665,0.40244922664731314,3911.0,3919.0,0.3306241137304511,0.22048111662881795,0.19387713097154355,0.38914882961920855,0.30405839905664217,0.04053808879681825,1.0124275851033093,0.07004894468762488,0.014636010426532176
2024-09-16,7559,0.3414551142115505,0.3459452308506416,0.2868371626433406,0.39353890336766373,3754.0,3757.0,0.3235865296125225,0.18352451291481578,0.1483182519554051,0.44788259426411525,0.3024258146396916,0.03902929957185891,0.9701085844186731,0.07940415628896552,0.005725687146882763
2024-09-23,7173,0.3329991593116056,0.3355639202565175,0.27213786166273934,0.38781321622078097,3448.0,3697.0,0.3215705650509579,0.21867454662167546,0.15541075039677044,0.40281025262591846,0.3024258146396916,0.030573344671914027,0.7559893895336732,0.06470485530836428,0.0
2024-09-30,7600,0.29944903039189646,0.29776315789473684,0.22742123416368412,0.3689680810095782,3779.0,3784.0,0.287231916795595,0.19535323531927518,0.1404533918967201,0.45377386428149247,0.29944903039189646,0.0,0.0,0.01998822780930906,-0.010970845867160295
2024-10-07,7584,0.26813450042329795,0.26358122362869196,0.19844765012834006,0.33863237623944054,3840.0,3706.0,0.26478194857890797,0.22721896101747033,0.154214443364829,0.46157456824379406,0.29944903039189646,-0.031314529968598515,-0.8175681362764102,-0.016796469977317013,-0.041306550637297934
2024-10-14,6724,0.2832873559868958,0.28108268887566923,0.20170328530716106,0.37210530162429056,3555.0,3134.0,0.27013472802959193,0.16680940662743107,0.1266794020745234,0.49144958684422163,0.2973572940621359,-0.014069938075240096,-0.3681258240300571,-0.013540834798496021,-0.0061712895113619215
2024-10-21,7055,0.30405839905664217,0.30531537916371365,0.2318165981609725,0.3782765911356525,3665.0,3339.0,0.2886275194115372,0.17613342255542042,0.12635112907334867,0.48828649878525654,0.29944903039189646,0.0046093686647457055,0.12403807852207521,0.004395363997288376,0.0
2024-10-28,8074,0.2973572940621359,0.29625959871191476,0.20567952143204432,0.39652533901265985,4232.0,3802.0,0.2824197336596501,0.14700236684593823,0.119939346626472,0.5169983094726298,0.29944903039189646,-0.002091736329760563,-0.05608266107382564,-0.0217417127316398,0.024420037388369287
2024-11-04,6194,0.22825715947088965,0.2147239263803681,0.163116556721826,0.27762534794248556,2723.0,3448.0,0.209994349026575,0.11277503863850312,0.09645678842254404,0.5667008765718894,0.29944903039189646,-0.07119187092100682,-1.9087633136492865,-0.06430467744185811,-0.094479953681805
2024-11-11,6098,0.2472850539933914,0.23565103312561494,0.21524412010565708,0.26887303071208984,2576.0,3487.0,0.22575989497372517,0.12234110312497261,0.10342115948875348,0.5634642485513912,0.2973572940621359,-0.0500722400687445,-1.318287247338299,0.0,-0.10009505029748833
2024-11-18,6452,0.3554162055931183,0.35709857408555484,0.2747402539309609,0.41437623219594283,2747.0,3666.0,0.3318089347065531,0.18163898172776052,0.145143359599497,0.42523116622183943,0.2832873559868958,0.07212884960622251,1.8994124460295068,0.06906073249891659,0.07574385595650229
2024-11-25,4201,0.261668045827496,0.25708164722685073,0.18102359061994264,0.3199248201419111,1808.0,2354.0,0.2451751856627712,0.1348426206272616,0.11531578995572513,0.5491581757879804,0.2973572940621359,-0.035689248234639925,-0.9378163830970051,-0.03422052948571444,-0.029662126816811296
2024-12-02,5309,0.33931407598199886,0.3352797136937276,0.2600333583672943,0.39064089615929654,2121.0,3155.0,0.3215564332141445,0.17270809488995872,0.15655692723167636,0.41393513460822523,0.30405839905664217,0.035255676925356694,0.8937300869666288,0.0282167602063218,0.04105394920057415
2024-12-09,4978,0.3078171527928977,0.30273202089192447,0.2662097021680537,0.3329663082437966,1940.0,2995.0,0.28840572942190873,0.1613746942017211,0.12639173713075683,0.469453805100572,0.3078171527928977,0.0,0.0,0.006176343800759376,0.0
2024-12-16,5782,0.4006642001737083,0.4021099965409893,0.4041989741498795,0.39515255505603963,2595.0,3141.0,0.3813063153688287,0.1499942990485176,0.16604983189677358,0.3776387097053465,0.3164684271066409,0.08419577306706738,2.1249027813786863,0.1379892719818258,0.06218624681224305
2024-12-23,3177,0.23519003718401352,0.22851746931067043,0.14849434918158746,0.30114674336794234,1384.0,1768.0,0.2262839112990132,0.1110687719599095,0.15843751589947333,0.5779960524104066,0.33714354490537224,-0.10195350772135872,-2.562725185625674,-0.1199202012608496,-0.040138700551913875
2024-12-30,3668,0.2460748172962313,0.2257360959651036,0.186476297439264,0.286113749231073,1511.0,2127.0,0.23215952814778062,0.14513641711278244,0.11981478035833378,0.5365323296225312,0.33931407598199886,-0.09323925868576757,-2.383902279240892,-0.08826395649169691,-0.06347319772764937
2025-01-06,5366,0.3164684271066409,0.3067461796496459,0.26841455044243706,0.3495869469587224,2273.0,3052.0,0.2938476124295199,0.18960169355691858,0.13542810808566957,0.45375420320665405,0.33931407598199886,-0.02284564887535795,-0.5819931587336626,-0.032652728108018,0.0
2025-01-13,6081,0.33714354490537224,0.3277421476730801,0.30106727855045506,0.36108665446691374,2597.0,3431.0,0.31080763855099963,0.15914292766481652,0.12247098836624501,0.44650041395263823,0.378782416477326,-0.041638871571953784,-1.0847591278144495,-0.10313169559942442,0.005975687576858124
2025-01-20,7818,0.378782416477326,0.381171655154771,0.4734812494134889,0.3088419725204396,3247.0,4529.0,0.35320691920939123,0.16918346705201068,0.13290938738492658,0.4285393601506077,0.4006642001737083,-0.021881783696382273,-0.5688208870989865,0.0,-0.04626899436961601
2025-01-27,7313,0.43319382104611576,0.441268973061671,0.5234655190886666,0.3412854439198562,3641.0,3626.0,0.41642291661791025,0.22563654765615723,0.2093501881054177,0.34385423276120813,0.43319382104611576,0.0,0.0,0.0,-0.019801210547057524
2025-02-03,8323,0.4693598064130044,0.4831190676438784,0.5782453235539156,0.3703462290988843,3882.0,4382.0,0.439285255071265,0.19557682347652786,0.1410086818981482,0.34028405281713414,0.43319382104611576,0.03616598536688864,0.9672785965371056,0.054779804465248993,0.009843147753387904
2025-02-10,7262,0.4574586865581296,0.47190856513357204,0.547944327048066,0.3696825527929862,3502.0,3711.0,0.43146200780513105,0.18551920267364205,0.14968849453575964,0.3570209765549404,0.45602099833426996,0.0014376882238596456,0.0385493590774938,0.0,0.00870032934831505
2025-02-17,6476,0.45602099833426996,0.47035206917850525,0.5645243622608114,0.3551109668900556,3069.0,3348.0,0.43537262423630396,0.19044370971871896,0.16812174845086508,0.3488611315381802,0.4574586865581296,-0.0014376882238596456,-0.03855002378642196,0.007276374856314272,-0.0058712565546155115
2025-02-24,8338,0.48216612934928277,0.4965219477092828,0.5826028484159665,0.37930852423889383,4137.0,4151.0,0.45734742944068274,0.17762719506660776,0.17211477665868863,0.33091919560093297,0.4574586865581296,0.024707442791153167,0.6588334605543424,0.025354861011469443,0.018326300794222705
2025-03-03,9784,0.4671724252347573,0.48047833197056417,0.577868994945613,0.3730420613427481,4414.0,5307.0,0.44093972807097115,0.16438984232306447,0.17727338944985177,0.3520335667370266,0.4574586865581296,0.009713738676627726,0.2574475472213486,0.020621007541115843,0.012538979997251676
2025-03-10,7165,0.48730837622227174,0.5020237264480112,0.5689744388158643,0.40900698923808515,3435.0,3677.0,0.4619613102822456,0.1733588094994639,0.18572776816877623,0.32112556556652416,0.4574586865581296,0.029849689664142143,0.7932386285299395,0.01172645141136719,0.04850390789258874
2025-03-17,6609,0.42590464169309183,0.43501286124981087,0.5002528128592751,0.3605030813454964,3021.0,3534.0,0.4067410617070643,0.17717670534132451,0.15766852018324032,0.39928730396976064,0.4574586865581296,-0.03155404486503777,-0.8503491190010853,-0.05699517454522196,0.0
2025-03-24,7360,0.45846689668864915,0.468070652173913,0.5572479874044971,0.3609822234446711,3555.0,3736.0,0.4396620578196472,0.20225435574127756,0.1632424813456727,0.3509120468492177,0.45602099833426996,0.0024458983543791946,0.06690221050263466,0.002224917701750262,0.000833129406316524
2025-03-31,7614,0.46796470335827217,0.48279485158917784,0.5688896314998321,0.3601490940383546,3886.0,3682.0,0.4431271881877516,0.18011952573557058,0.17125089120377654,0.3399014263863362,0.4397573745133011,0.02820732884497107,0.7794053457060811,0.01386656179708523,0.0050381271482989876
2025-04-07,7448,0.4397573745133011,0.4487110633727175,0.5550230697027468,0.3294730382955598,3578.0,3815.0,0.41757261337682144,0.169221774964271,0.16440981215849632,0.3675559824467016,0.4397573745133011,0.0,0.0,0.0,-0.019877135646698074
2025-04-14,6171,0.4174605277874402,0.4271592934694539,0.4798066093288817,0.34935017394225787,3111.0,3011.0,0.4013364225592186,0.1940624463844159,0.17109103119402239,0.3942799126564339,0.4312886705831019,-0.013828142795661691,-0.3149806624778392,-0.052772359488027,0.0008521372472289346
2025-04-21,6124,0.39522907600669216,0.40447419986936645,0.43863080550233485,0.34849803669502893,3083.0,3009.0,0.3797906556983821,0.19917548725670137,0.19780679840237453,0.39450271103980056,0.4312886705831019,-0.036059594576409726,-0.8177869765192417,-0.08833976131772941,0.0
2025-04-28,7417,0.4312886705831019,0.44141836321963057,0.5325789688169087,0.3336901524563073,3584.0,3785.0,0.4078042332516943,0.17924893388091576,0.1656112675423834,0.3866909542218307,0.4312886705831019,0.0,0.0,0.005608401996844425,-0.014807884238721647
2025-05-05,7423,0.3781309688577227,0.3820557725986798,0.44905268655075004,0.30895588704257476,3577.0,3809.0,0.3577588124502569,0.16537315369020708,0.14126605000464837,0.4460721694992996,0.4312886705831019,-0.0531577017253792,-1.1534937817967683,-0.07791788026931423,-0.03884634018351174
2025-05-12,7759,0.43121576565848946,0.44090733341925503,0.5269705668200643,0.332840458405661,3841.0,3867.0,0.4099397820166457,0.1703868294096026,0.18227217218128408,0.37510887746151694,0.4312886705831019,-7.290492461242692e-05,-0.001611571675423356,0.0,-0.01410786269349329
2025-05-19,7697,0.46178285162701715,0.4769390671690269,0.5829394936176808,0.3382057503265858,3863.0,3798.0,0.4405319012005893,0.1874832155518304,0.20412131283822826,0.348606215392647,0.4312886705831019,0.03049418104391527,0.6786803619899283,0.05596892679761656,0.0
2025-05-26,5266,0.3524780313759735,0.3602354728446639,0.395554291550953,0.3071788889741617,2637.0,2596.0,0.33545371946626534,0.1711951902985026,0.1751339759211103,0.4650372542369088,0.4312886705831019,-0.07881063920712839,-1.7878672813643957,-0.1212050561821092,-0.03976943212499262
2025-06-02,7524,0.44855726011303404,0.4618553960659224,0.5167593477330622,0.378063945101324,3723.0,3754.0,0.4279382544828248,0.21677743728738774,0.17025550627169447,0.3478018019927922,0.43343151307996963,0.015125747033064407,0.3387307740947836,-0.010211219087002066,0.031115624002169717
2025-06-09,9201,0.4557608408082016,0.4692968155635257,0.5371887168887901,0.3831436102168441,4215.0,4932.0,0.4324604892154206,0.23268320831538414,0.15962923082108352,0.3561611336809465,0.43343151307996963,0.022329327728231985,0.5027616978826267,0.01021815006872584,0.04419419460639479
2025-06-16,6513,0.40802686252675147,0.41102410563488406,0.47192649951388993,0.3478022272260865,2991.0,3466.0,0.3774479967989565,0.21871091764973374,0.1361418517101107,0.390221217919206,0.4364130201400777,-0.028386157613326246,-0.6381783722211644,-0.05150957904938974,0.0008539061269322024
2025-06-23,8635,0.4512670174359706,0.4627678054429647,0.563866212005283,0.3469483210991543,4071.0,4505.0,0.41909113054815733,0.1948381120977534,0.15314767925499076,0.3574564083063027,0.4364130201400777,0.014853997295892873,0.34612421064975146,0.0404301334420033,0.0
2025-06-30,9193,0.4652433746479562,0.4743826824757968,0.6445070808380002,0.2779833384617367,4657.0,4490.0,0.44086030105128476,0.14212672862693437,0.19196392405400495,0.37568016213017513,0.4364130201400777,0.028830354507878464,0.6757727400724787,0.12774773310493803,-0.06896498263741763
2025-07-07,6578,0.43343151307996963,0.4434478564913348,0.5093091211826343,0.3651976740265797,3037.0,3500.0,0.415920259037479,0.20884235464685616,0.1913034117729798,0.3536810307703628,0.43343151307996963,0.0,0.0,0.0,0.01824935292742541
2025-07-14,8144,0.4540049341734941,0.46488212180746563,0.5454104800049234,0.36671660338260775,3897.0,4196.0,0.43363643481411235,0.19356992570390036,0.17057405727381877,0.34276845285550955,0.43343151307996963,0.020573421093524447,0.504858939394821,0.036101358822289153,0.019768282283453453
2025-07-21,7441,0.42968824344798934,0.4398602338395377,0.5234360785632797,0.33894941561044933,3591.0,3806.0,0.4112658891076528,0.18181298761084744,0.1638617368384709,0.3644855616479612,0.42968824344798934,0.0,0.0,0.014290813780478362,0.0
2025-07-28,6949,0.4364130201400777,0.44984889912217585,0.5091452647828013,0.35818456192787,3533.0,3369.0,0.4156051432265695,0.18570456513357672,0.17358538170048535,0.36972154006610575,0.4106306228029202,0.025782397337157537,0.6383041431427446,0.004098977893609246,0.02594208961549338
2025-08-04,5986,0.3738839924494953,0.3767123287671233,0.44204295261518617,0.2934393634180389,3094.0,2843.0,0.35545852802528305,0.17557097550811707,0.15480802158281803,0.43299792103781004,0.4106306228029202,-0.0367466303534249,-0.9069385651945603,-0.0630033342740059,-0.025021110737642682
2025-08-11,5881,0.4023461826325389,0.41217480020404695,0.4853247696631391,0.3164840501055942,2882.0,2950.0,0.37977761677577976,0.18412983843855132,0.1494895655375504,0.41660338984632916,0.4106306228029202,-0.008284440170381269,-0.20536390046449712,-0.019721517226052976,-0.0019764240500873553
2025-08-18,5803,0.37409115371997426,0.376357056694813,0.4560649491653305,0.29022304633998464,2824.0,2925.0,0.3539567852699168,0.1727725903424716,0.1428773491382573,0.44286687984595896,0.4106306228029202,-0.03653946908294592,-0.9035653018016251,-0.04898133772386154,-0.042019425972392
2025-08-25,5950,0.3742935721730391,0.3776470588235294,0.45332600673282286,0.2885521526509831,3008.0,2897.0,0.36384758562092206,0.216528268642254,0.20131822925374038,0.4054349230334726,0.4106306228029202,-0.036337050629881074,-0.8548805116113387,-0.0517202801563692,-0.04369031966139353
2025-09-01,6719,0.4106306228029202,0.41762166989135285,0.5050462868891921,0.31596471659283626,3303.0,3363.0,0.39049486426476065,0.1869556589039537,0.15759954802081497,0.39501437647415105,0.4106306228029202,0.0,0.0,0.0,-0.016277755719540377
2025-09-08,8539,0.39464053046143693,0.39817308818362807,0.47525697750894796,0.33224247231237664,3680.0,4819.0,0.38116880972532785,0.24732721262925125,0.24222549490193487,0.3341255591195932,0.4106306228029202,-0.015990092341483242,-0.37710576093073894,-0.0297893093802441,0.0
2025-09-15,8905,0.40411318555575726,0.4104435710275126,0.5009516600881385,0.31846047415568157,4109.0,4747.0,0.3870119634791916,0.1836336830931578,0.17215412547299402,0.3859619084069247,0.4106306228029202,-0.006517437247162916,-0.15427615309195675,-0.004094626801053547,-0.013781998156695063
2025-09-22,7419,0.44344201247849413,0.4543739048389271,0.5058917631197547,0.3793954487252851,3676.0,3701.0,0.42565760116094997,0.2041374601392734,0.1873896585032118,0.3625874687784906,0.44344201247849413,0.0,0.0,0.0,0.0
2025-09-29,9700,0.5851537091996925,0.6097938144329897,0.6032947839807778,0.5660632479343753,4841.0,4805.0,0.5710628873069492,0.18715989599498853,0.23870836973161505,0.20212156821719188,0.44344201247849413,0.14171169672119832,3.3581988369130764,0.09740302086102315,0.18666779920909027
2025-10-06,9549,0.5499326703900853,0.5711592836946278,0.5626775732982587,0.5370464362045584,4559.0,4936.0,0.5335465116961403,0.2191752733969264,0.23191869000092122,0.24002888027332034,0.4508864691489858,0.09904620124109953,2.3222414245758447,0.05320813949466707,0.1540968492025903
2025-10-13,8367,0.481068655699516,0.4936058324369547,0.5179981826356033,0.44666314594553175,3945.0,4376.0,0.4611121446041837,0.17218742831760966,0.19192319432662197,0.3196386916134264,0.4508864691489858,0.030182186550530232,0.7075309941641189,0.008528748832011601,0.06371355894356368
2025-10-20,8807,0.5272504472527689,0.546610650618826,0.5417242641639939,0.513311764583541,4233.0,4523.0,0.5128278899671912,0.18765985028592688,0.21322083096970068,0.26812722367631403,0.4508864691489858,0.07636397810378315,1.7917652974739922,0.03225483036040222,0.13036217758157292
2025-10-27,9176,0.5086954301782907,0.5298605056669573,0.5406581847723089,0.47767073742533095,4376.0,4749.0,0.49862696803982814,0.18638228947964477,0.23412207020226414,0.2751074221419879,0.4508864691489858,0.057808961029304884,1.3670849231996889,0.031188750968717205,0.09472115042336288
2025-11-03,9293,0.4914988116205362,0.5043581190143118,0.5094694338035917,0.47162342442672656,4646.0,4591.0,0.47647035646486946,0.16689501256248238,0.2254495551406493,0.30352459972888474,0.4508864691489858,0.04061234247155043,0.9595498236085886,0.0,0.08867383742475848
2025-11-10,8063,0.4161703447006462,0.4229195088676671,0.4847593061508075,0.3507472399989025,3887.0,4146.0,0.39717773952973356,0.1372822674444278,0.17151285455056606,0.39760187725578916,0.4508864691489858,-0.0347161244483396,-0.8191002956784191,-0.024710127652784186,-0.03220234700306557
2025-11-17,8984,0.4508864691489858,0.4580365093499555,0.5183432594364128,0.3829495870019681,4428.0,4512.0,0.4262869528412155,0.1944491641340893,0.16468187825852143,0.3284375221844396,0.418025220067242,0.03286124908174376,0.7747259813847062,0.01281318761105199,0.015543924851830926
2025-11-24,5849,0.3569383815635976,0.3586937938109078,0.40272637742540446,0.3129923191001338,2756.0,3058.0,0.3490181212391654,0.1936939426955421,0.20450575207435723,0.413835041144865,0.418025220067242,-0.061086838503644436,-1.4450806886674274,-0.10280369439995635,-0.04619115995121886
2025-12-01,8608,0.418025220067242,0.4225139405204461,0.49645787666063274,0.3414169962332717,4181.0,4375.0,0.40346893150131974,0.19998657417741234,0.1795836513303523,0.34684412869531533,0.418025220067242,0.0,0.0,-0.00907219516472807,-0.017766482818080964
2025-12-08,9652,0.4021905335993593,0.4018856195607128,0.48311458556438264,0.3241176704371345,4649.0,4952.0,0.3869910106888169,0.19842370929444167,0.18547890105602588,0.3711615608722088,0.418025220067242,-0.01583468646788272,-0.3840299179091323,-0.022415486260978168,-0.026629569561767985
2025-12-15,9550,0.4159591883015746,0.41518324607329843,0.5055300718253608,0.3321017607348746,4574.0,4945.0,0.39688055412458617,0.17799582453461665,0.17234058990235884,0.3602429446411753,0.418025220067242,-0.002066031765667442,-0.05019999941425357,0.0,-0.01864547926402793
2025-12-22,4520,0.31977900077894833,0.3238938053097345,0.36871984474528413,0.2741885756905118,2091.0,2394.0,0.30687282493974666,0.13760269440981493,0.1439434868876979,0.4963755455152935,0.4161703447006462,-0.09639134392169785,-2.3276062166876894,-0.1277380319153486,-0.0672284205427599
2025-12-29,5283,0.40893039902366846,0.41661934506908954,0.46560385608687255,0.36740566215013715,2131.0,3126.0,0.38793944032473543,0.17901148978012932,0.1413498469564049,0.395272912611704,0.4159591883015746,-0.007028789277906122,-0.1698419412735645,-0.03469760092729807,0.03530390141526257
2026-01-05,9891,0.4466434070824612,0.45718329794762913,0.5345226303539107,0.35918347905135267,4878.0,4973.0,0.4273404610325293,0.24091673704056676,0.18849595157474208,0.3277336182605461,0.40893039902366846,0.03771300805879274,0.9012627802413334,0.03806475369327794,0.029929333025328853
2026-01-12,9637,0.4514051084590774,0.4605167583272803,0.5471352440082661,0.3622503857838122,4573.0,5024.0,0.42771912362851544,0.1999292944103417,0.15047950495334622,0.34125324125635836,0.4159591883015746,0.03544592015750281,0.8466445706726455,0.04683378699409546,0.030148625048937616
2026-01-19,10385,0.4295284320814665,0.4354357246027925,0.5434266259857459,0.3197455155382775,5052.0,5294.0,0.4110401583914401,0.21871744852468683,0.1567337979983178,0.3495288201654173,0.4096850892543033,0.019843342827163213,0.47198744559191413,0.043125168971575256,-0.01235624519659706
2026-01-26,9168,0.44459735534274664,0.45429755671902267,0.5370874328962661,0.353972734995839,4481.0,4652.0,0.4263243239526767,0.24258257571282657,0.17806280768335428,0.33188837835320695,0.4159591883015746,0.028638167041172058,0.6783536082846358,0.036785975882095534,0.019927472439431382
2026-02-02,10007,0.4059630385944844,0.4082142500249825,0.4950260547859951,0.3290849588250256,4572.0,5394.0,0.3865149318217037,0.1803407176149298,0.1418008233677509,0.383241747230205,0.4161194310584521,-0.010156392463967712,-0.2408419706235777,0.0,-0.008594084839704641
2026-02-09,10831,0.4059768848298901,0.4073492752285108,0.5003014570141706,0.3292541460260238,4820.0,5980.0,0.38893056523118297,0.17148946203957297,0.14357342384974878,0.3803782623778252,0.421880119792174,-0.015903234962283908,-0.38017335633797794,0.0,-0.02471858896981516
2026-02-16,9361,0.33175776190258366,0.3291315030445465,0.3991239788356809,0.26914955970027327,4467.0,4860.0,0.3159220825703973,0.1490884098424714,0.13768408867111573,0.4649360815500177,0.421880119792174,-0.09012235788959033,-2.1541989222257825,-0.10117747817848971,-0.06852948396445696
2026-02-23,13932,0.42505505825958767,0.43267298306057994,0.5484018508602936,0.3340452625564076,5863.0,8031.0,0.4040797424944935,0.19467065550393323,0.1611817809545892,0.34941425582038643,0.4171258224935791,0.007929235766008569,0.19112830166790204,0.049388453408031996,-0.000976971727132292
2026-03-02,11525,0.4096850892543033,0.4135357917570499,0.4946580294025125,0.3376790436647302,5241.0,6255.0,0.3956572124454518,0.20935671971306818,0.1611517631391835,0.3374972936094874,0.4161194310584521,-0.006434341804148813,-0.15492371184236303,-0.0003680253834825731,0.0026568093811903393
2026-03-09,9925,0.421880119792174,0.4284130982367758,0.49131472162581574,0.3580031108416278,4683.0,5207.0,0.4074927762383009,0.21798386509610007,0.17275059254553818,0.3430376134718761,0.4096850892543033,0.012195030537870688,0.29069361376135316,-0.00334330777669678,0.020774280496703434
2026-03-16,11032,0.4161194310584521,0.42095721537345904,0.47355009540981075,0.36462725035040267,5112.0,5884.0,0.39932618322932484,0.17554467735567925,0.16027647682130128,0.363308962644272,0.4096850892543033,0.006434341804148813,0.15213558873072872,-0.021037061694943737,0.02739842000547832
2026-03-23,11321,0.44252480963987806,0.45172687925094956,0.5168195004559345,0.3798165121550457,5131.0,6154.0,0.42552443139246654,0.17696453199713483,0.16185225257325894,0.3495026825162215,0.4096850892543033,0.032839720385574755,0.7688120728782367,0.025504778830118757,0.04258768181012135
2026-03-30,9644,0.36062909147478306,0.36395686437163005,0.4482475463103958,0.26746205684775537,4917.0,4695.0,0.346946429747523,0.15004856023935628,0.14193409018143965,0.4508371923989844,0.4096850892543033,-0.049055997779520244,-1.1362683364592645,-0.03524721502866002,-0.06976677349716898
2026-04-06,9044,0.4171258224935791,0.4252543122512163,0.4990133974522616,0.3350222342835399,4491.0,4528.0,0.39985385350821223,0.18811757917256328,0.15493928262728485,0.37657822223053977,0.4096850892543033,0.0074407332392757985,0.1937921171178898,0.007698675826445844,-0.002206596061384458
2026-04-13,11436,0.40193126011988306,0.40136411332633787,0.48349476133905583,0.33722883034492435,4965.0,6434.0,0.3852344231027149,0.17102371426536198,0.16056877828041732,0.37389774600796544,0.40868354976313936,-0.006752289643256304,-0.18843608503713835,0.0,0.0
2026-04-20,11253,0.40868354976313936,0.4131342753043633,0.4833983836201177,0.35278931638934996,4768.0,6441.0,0.39010683328267837,0.17682727366571407,0.15781481885439383,0.36725281113589847,0.40193126011988306,0.006752289643256304,0.18797184810158374,0.0,0.017767082105810073
2026-04-27,11656,0.41358776412934706,0.4178105696636925,0.4945871571047545,0.35115276633112635,5050.0,6559.0,0.39541416406714885,0.16532572103184395,0.1492320560620009,0.35601699606490456,0.39772044960097613,0.015867314528370924,0.46357006637785225,0.021037061694943737,0.02825079304725331
2026-05-04,10245,0.3276678060771413,0.32679355783308933,0.3752651693658588,0.29058541938811794,4338.0,5865.0,0.3131620072100626,0.13560068109849982,0.13186053548143653,0.4724121004623475,0.3830502242238397,-0.05538241814669842,-1.6657577376227959,-0.09701330086348331,-0.024748910352512754
2026-05-11,11932,0.3730345062465128,0.3729466979550788,0.4722784702293421,0.3033676767323428,4843.0,7042.0,0.35786999363545546,0.1621883364559076,0.14760367078250797,0.3969911258648233,0.3826053888550514,-0.009570882608538611,-0.29134820577359577,0.0036856423809468186,-0.01196665300828792
2026-05-18,11500,0.39772044960097613,0.39669565217391306,0.49180203884163054,0.32290197328387304,5038.0,6417.0,0.38283040228886933,0.16837671078632221,0.15791925398045745,0.3646536212327242,0.3826053888550514,0.015115060745924724,0.45872526148643966,0.023209210993235252,0.007567643543242353
2026-05-25,8477,0.3276056428053192,0.32653061224489793,0.3964402885938115,0.27572616468865074,3600.0,4844.0,0.31712965804930143,0.14307186593297969,0.15433180995431192,0.4530712588722851,0.3730345062465128,-0.04542886344119362,-1.3860784034819966,-0.06725504347554695,-0.03960816505197995
2026-06-01,11641,0.3830502242238397,0.3870801477536294,0.4685928278483953,0.3153343297406307,5080.0,6510.0,0.3632249712546253,0.16189365045191667,0.13246406967128532,0.3944385431434853,0.3730345062465128,0.010015717977326921,0.3134397630798114,0.0048974957790368645,0.0
2026-06-08,11311,0.3677410882599695,0.36451242153655733,0.4578217992690342,0.2989874996932347,4860.0,6404.0,0.35469112436541284,0.15885300043282086,0.14458591837757737,0.4125475078492984,0.3730345062465128,-0.005293417986543314,-0.16346318508133179,-0.0058735328003242104,-0.01634683004739601
2026-06-15,9796,0.330372514725087,0.3261535320538996,0.3890054138163649,0.2837380619284238,4263.0,5491.0,0.3176417647746953,0.14441723688143368,0.1392935285786423,0.4413893263352173,0.3730345062465128,-0.0426619915214258,-1.3009367156958236,-0.06881638545266933,-0.03159626781220687
2026-06-22,11328,0.3826053888550514,0.3828566384180791,0.4636953320693584,0.3209555700273729,4852.0,6420.0,0.36553176206133414,0.15601735513976406,0.14798979148602326,0.3817042538177733,0.37378715312753646,0.008818235727514945,0.26506722494576035,0.0058735328003242104,0.0
2026-06-29,11013,0.3229253108403132,0.31871424679923727,0.3992240049550683,0.26930657063079594,4488.0,6481.0,0.3080543415971617,0.1245297831762675,0.13223676673496648,0.46096042080335087,0.37378715312753646,-0.05086184228722329,-1.7138888175795584,-0.0532190802627005,-0.05359540265307711
2026-07-06,8128,0.36412819629483745,0.3625738188976378,0.41369955230151506,0.32512938286414,3506.0,4582.0,0.350214713652571,0.15147439276148275,0.17360354965241254,0.4047394471597541,0.373377533470638,-0.009249337175800565,-0.3070283366952171,-0.024900961869023464,0.001953888853101049
2026-07-13,10823,0.4080405559856832,0.40765037420308603,0.5127092835180934,0.32317549401103896,4787.0,5984.0,0.39364124501725,0.19276010362268084,0.16888094436286763,0.337030912761796,0.37358234329908724,0.034458212686595935,1.159324543793737,0.06718748382393974,-0.0009769444265504967
2026-07-20,10982,0.4016570165941885,0.40165725733017665,0.49718244207218026,0.33194293194428903,4561.0,6357.0,0.38545966927725206,0.16752060688824308,0.15373337841929402,0.34259363336092485,0.373377533470638,0.028279483123550497,0.9640762186322807,0.05858192790164174,0.006813549080149028
2026-07-27,9435,0.39488303719259205,0.39777424483306834,0.4524430852177688,0.35354717235059974,3860.0,5519.0,0.3809600358353617,0.16329729177509833,0.15662728904040207,0.3670643714626498,0.37358234329908724,0.021300693893504807,0.7228366640014204,0.015664024597028203,0.027660511434161483
2026-08-03,8855,0.37378715312753646,0.37255787690570297,0.4386005141705385,0.3274245745992322,3631.0,5185.0,0.3561661212832863,0.14828079325693355,0.14377025248159936,0.4006205690024975,0.37378715312753646,0.0,0.0,0.0,0.0007806356304957407
2026-08-10,7465,0.36445178212544943,0.3634293369055593,0.41232289374267445,0.32681372287599025,3201.0,4227.0,0.3544087571699524,0.15999503005642196,0.15374815300068326,0.3979114456048918,0.37358234329908724,-0.009130561173637808,-0.3065458429659817,-0.024456166878066177,8.489195362687552e-05
2026-08-17,6541,0.373377533470638,0.37501911022779394,0.4349576070709427,0.32664393896873645,2761.0,3745.0,0.3632217822267528,0.16963763484719072,0.15293640794077007,0.39317697155457504,0.37378715312753646,-0.00040961965689845226,-0.013519909473518093,-0.0036429070995958046,-0.00016978390725380654
